processed_feature_name,clean_train_nonzero_count,clean_test_nonzero_count,clean_train_nonzero_percent,clean_test_nonzero_percent,all_zero_train,near_zero_train,core_rapid_trial_keep,clinically_relevant_extra_candidate,explicit_aftercare_addback_candidate,rapid_trial_mean_abs_shap,high_recent_shap_signal,extra_keep_after_sparsity_check,keep_in_primary_reduced_matrix,primary_reduced_selection_reason
num__anchor_age,191320,47171,100.0,100.0,False,False,True,False,False,0.03222986958238407,True,False,True,kept_rapid_trial_core; kept_high_recent_shap_signal
num__hospital_los_days,191320,47171,100.0,100.0,False,False,True,False,False,0.01253886038251763,True,False,True,kept_rapid_trial_core; kept_high_recent_shap_signal
num__discharged_against_advice,191320,47171,100.0,100.0,False,False,True,False,False,0.004634051389753353,True,False,True,kept_rapid_trial_core; kept_high_recent_shap_signal
num__not_married_flag,191320,47171,100.0,100.0,False,False,True,False,False,0.008710554984089715,True,False,True,kept_rapid_trial_core; kept_high_recent_shap_signal
num__single_or_divorced_or_widowed,191320,47171,100.0,100.0,False,False,True,False,False,0.002220642094408444,False,False,True,kept_rapid_trial_core
num__non_english_language_flag,191320,47171,100.0,100.0,False,False,False,False,False,9.054628664904036e-05,False,False,False,removed_not_selected_by_signal_or_family_rule
num__public_insurance_flag,191320,47171,100.0,100.0,False,False,True,False,False,0.01780504062367784,True,False,True,kept_rapid_trial_core; kept_high_recent_shap_signal
num__medicaid_flag,191320,47171,100.0,100.0,False,False,True,False,False,0.005046576821675225,True,False,True,kept_rapid_trial_core; kept_high_recent_shap_signal
num__medicare_flag,191320,47171,100.0,100.0,False,False,False,False,False,0.0007556243547043312,False,False,False,removed_not_selected_by_signal_or_family_rule
num__insurance_missing_flag,191320,47171,100.0,100.0,False,False,False,False,False,0.0,False,False,False,removed_not_selected_by_signal_or_family_rule
num__admitted_from_facility_flag,191320,47171,100.0,100.0,False,False,False,False,False,0.0001913115622989863,False,False,False,removed_not_selected_by_signal_or_family_rule
num__admitted_from_hospital_transfer_flag,191320,47171,100.0,100.0,False,False,True,False,False,0.002170268280732015,False,False,True,kept_rapid_trial_core
num__emergency_room_admission_flag,191320,47171,100.0,100.0,False,False,True,False,False,0.007678563510615296,True,False,True,kept_rapid_trial_core; kept_high_recent_shap_signal
num__transfer_from_hospital_flag,191320,47171,100.0,100.0,False,False,False,False,False,0.000719596429773654,False,False,False,removed_not_selected_by_signal_or_family_rule
num__transfer_from_snf_flag,191320,47171,100.0,100.0,False,False,False,False,False,2.630943720976667e-05,False,False,False,removed_not_selected_by_signal_or_family_rule
num__internal_transfer_from_psych_flag,191320,47171,100.0,100.0,False,False,True,False,False,8.025592822841379e-05,False,False,True,kept_rapid_trial_core
num__discharged_home_flag,191320,47171,100.0,100.0,False,False,True,False,False,0.00322949955425406,True,False,True,kept_rapid_trial_core; kept_high_recent_shap_signal
num__discharged_to_facility_flag,191320,47171,100.0,100.0,False,False,True,False,False,0.0009409218088940163,False,False,True,kept_rapid_trial_core
num__discharged_to_psych_facility_flag,191320,47171,100.0,100.0,False,False,True,False,False,0.03936752912295333,True,False,True,kept_rapid_trial_core; kept_high_recent_shap_signal
num__los_under_2_days,191320,47171,100.0,100.0,False,False,False,False,False,1.07396008388605e-05,False,False,False,removed_not_selected_by_signal_or_family_rule
num__los_under_7_days,191320,47171,100.0,100.0,False,False,False,False,False,0.0,False,False,False,removed_not_selected_by_signal_or_family_rule
num__los_7_to_30_days,191320,47171,100.0,100.0,False,False,False,False,False,0.0002565246195923198,False,False,False,removed_not_selected_by_signal_or_family_rule
num__los_30plus_days,191320,47171,100.0,100.0,False,False,False,False,False,0.0,False,False,False,removed_not_selected_by_signal_or_family_rule
num__los_60plus_days,191320,47171,100.0,100.0,False,False,False,False,False,0.0,False,False,False,removed_not_selected_by_signal_or_family_rule
num__previous_total_admissions,191320,47171,100.0,100.0,False,False,True,False,False,0.004693301677663441,True,False,True,kept_rapid_trial_core; kept_high_recent_shap_signal
num__previous_psych_admissions_from_all_hosp,191320,47171,100.0,100.0,False,False,True,True,False,0.03033407041891007,True,True,True,kept_rapid_trial_core; kept_high_recent_shap_signal; kept_clinically_relevant_non_sparse_extra
num__previous_nonpsych_admissions,191320,47171,100.0,100.0,False,False,True,False,False,0.003683887960044849,True,False,True,kept_rapid_trial_core; kept_high_recent_shap_signal
num__icu_stay_count,191320,47171,100.0,100.0,False,False,False,False,False,0.0001307924885428232,False,False,False,removed_not_selected_by_signal_or_family_rule
num__total_icu_los_days,191320,47171,100.0,100.0,False,False,False,False,False,0.0004786575393341479,False,False,False,removed_not_selected_by_signal_or_family_rule
num__had_icu_stay,191320,47171,100.0,100.0,False,False,False,False,False,1.528327004026707e-05,False,False,False,removed_not_selected_by_signal_or_family_rule
num__num_service_records,191320,47171,100.0,100.0,False,False,False,False,False,0.0004613887219121651,False,False,False,removed_not_selected_by_signal_or_family_rule
num__num_unique_services,191320,47171,100.0,100.0,False,False,False,False,False,6.391314141657708e-05,False,False,False,removed_not_selected_by_signal_or_family_rule
num__num_service_transfers,191320,47171,100.0,100.0,False,False,False,False,False,0.0001415492926316992,False,False,False,removed_not_selected_by_signal_or_family_rule
num__had_service_transfer,191320,47171,100.0,100.0,False,False,False,False,False,2.334628674692341e-05,False,False,False,removed_not_selected_by_signal_or_family_rule
num__num_transfer_events,191320,47171,100.0,100.0,False,False,True,False,False,0.001868262145339861,False,False,True,kept_rapid_trial_core
num__num_careunit_transfers,191320,47171,100.0,100.0,False,False,True,False,False,0.001065072648523653,False,False,True,kept_rapid_trial_core
num__had_ed_transfer_record,191320,47171,100.0,100.0,False,False,False,False,False,0.0003873188141544721,False,False,False,removed_not_selected_by_signal_or_family_rule
num__had_unknown_transfer_careunit,191320,47171,100.0,100.0,False,False,False,False,False,0.0,False,False,False,removed_not_selected_by_signal_or_family_rule
num__num_unique_careunits,191320,47171,100.0,100.0,False,False,True,False,False,0.02063073385965989,True,False,True,kept_rapid_trial_core; kept_high_recent_shap_signal
num__num_procedures,191320,47171,100.0,100.0,False,False,True,False,False,0.004088909611654555,True,False,True,kept_rapid_trial_core; kept_high_recent_shap_signal
num__num_unique_procedure_codes,191320,47171,100.0,100.0,False,False,True,False,False,0.002109747783749071,False,False,True,kept_rapid_trial_core
num__had_procedure,191320,47171,100.0,100.0,False,False,False,False,False,0.0003460506780456882,False,False,False,removed_not_selected_by_signal_or_family_rule
num__drg_severity,191320,47171,100.0,100.0,False,False,True,False,False,0.004550633074380817,True,False,True,kept_rapid_trial_core; kept_high_recent_shap_signal
num__drg_mortality,191320,47171,100.0,100.0,False,False,True,False,False,0.001991617435164848,False,False,True,kept_rapid_trial_core
num__drg_code_count,191320,47171,100.0,100.0,False,False,False,False,False,8.506845915690064e-06,False,False,False,removed_not_selected_by_signal_or_family_rule
num__num_total_diagnoses,191320,47171,100.0,100.0,False,False,True,False,False,0.003463321090788423,True,False,True,kept_rapid_trial_core; kept_high_recent_shap_signal
num__num_psych_diagnoses,191320,47171,100.0,100.0,False,False,True,False,False,0.02168085715954769,True,False,True,kept_rapid_trial_core; kept_high_recent_shap_signal
num__num_nonpsych_diagnoses,191320,47171,100.0,100.0,False,False,True,False,False,0.003522017982965774,True,False,True,kept_rapid_trial_core; kept_high_recent_shap_signal
num__has_anxiety_ptsd,191320,47171,100.0,100.0,False,False,False,False,False,0.0004961483700474874,False,False,False,removed_not_selected_by_signal_or_family_rule
num__has_bipolar_disorder,191320,47171,100.0,100.0,False,False,False,False,False,0.0006937430783227644,False,False,False,removed_not_selected_by_signal_or_family_rule
num__has_cognitive_delirium,191320,47171,100.0,100.0,False,False,True,False,False,0.001137534598866507,False,False,True,kept_rapid_trial_core
num__has_depression,191320,47171,100.0,100.0,False,False,True,False,False,0.03033532007827935,True,False,True,kept_rapid_trial_core; kept_high_recent_shap_signal
num__has_eating_disorder,191320,47171,100.0,100.0,False,False,False,False,False,0.0,False,False,False,removed_not_selected_by_signal_or_family_rule
num__has_neurodevelopmental_disorder,191320,47171,100.0,100.0,False,False,False,False,False,0.0,False,False,False,removed_not_selected_by_signal_or_family_rule
num__has_other_psych_diagnosis,191320,47171,100.0,100.0,False,False,True,False,False,0.001148566030094067,False,False,True,kept_rapid_trial_core
num__has_personality_disorder,191320,47171,100.0,100.0,False,False,False,False,False,0.000338438617506823,False,False,False,removed_not_selected_by_signal_or_family_rule
num__has_psychotic_disorder,191320,47171,100.0,100.0,False,False,True,False,False,0.0004335812670829105,False,False,True,kept_rapid_trial_core
num__has_substance_use,191320,47171,100.0,100.0,False,False,True,False,False,0.002000774949670098,False,False,True,kept_rapid_trial_core
num__num_prescription_rows,191320,47171,100.0,100.0,False,False,True,False,False,0.00358298622951268,True,False,True,kept_rapid_trial_core; kept_high_recent_shap_signal
num__num_unique_drugs,191320,47171,100.0,100.0,False,False,True,False,False,0.001697367377626978,False,False,True,kept_rapid_trial_core
num__had_antidepressant,191320,47171,100.0,100.0,False,False,True,False,False,0.002676110500039693,False,False,True,kept_rapid_trial_core
num__had_antipsychotic,191320,47171,100.0,100.0,False,False,True,True,False,0.0006314162261453312,False,True,True,kept_rapid_trial_core; kept_clinically_relevant_non_sparse_extra
num__had_mood_stabiliser,191320,47171,100.0,100.0,False,False,False,True,False,8.475615800737284e-05,False,True,True,kept_clinically_relevant_non_sparse_extra
num__had_benzodiazepine,191320,47171,100.0,100.0,False,False,True,True,False,0.001499274054743349,False,True,True,kept_rapid_trial_core; kept_clinically_relevant_non_sparse_extra
num__had_stimulant,191320,47171,100.0,100.0,False,False,False,False,False,0.0,False,False,False,removed_not_selected_by_signal_or_family_rule
num__had_sedative_hypnotic,191320,47171,100.0,100.0,False,False,False,False,False,0.0001471972956376564,False,False,False,removed_not_selected_by_signal_or_family_rule
num__num_psych_med_classes,191320,47171,100.0,100.0,False,False,True,False,False,0.002731396048607559,False,False,True,kept_rapid_trial_core
num__creatinine_lab_abnormal,191320,47171,100.0,100.0,False,False,False,False,False,0.0005212040453612665,False,False,False,removed_not_selected_by_signal_or_family_rule
num__glucose_lab_abnormal,191320,47171,100.0,100.0,False,False,False,False,False,0.0001541410427412736,False,False,False,removed_not_selected_by_signal_or_family_rule
num__hemoglobin_lab_abnormal,191320,47171,100.0,100.0,False,False,True,False,False,0.004358354537685131,True,False,True,kept_rapid_trial_core; kept_high_recent_shap_signal
num__platelet_lab_abnormal,191320,47171,100.0,100.0,False,False,False,False,False,0.0003043421443913031,False,False,False,removed_not_selected_by_signal_or_family_rule
num__potassium_lab_abnormal,191320,47171,100.0,100.0,False,False,False,False,False,7.281208672793582e-05,False,False,False,removed_not_selected_by_signal_or_family_rule
num__sodium_lab_abnormal,191320,47171,100.0,100.0,False,False,True,False,False,0.003626963453316121,True,False,True,kept_rapid_trial_core; kept_high_recent_shap_signal
num__urea_nitrogen_lab_abnormal,191320,47171,100.0,100.0,False,False,False,False,False,9.551352559356019e-05,False,False,False,removed_not_selected_by_signal_or_family_rule
num__wbc_lab_abnormal,191320,47171,100.0,100.0,False,False,False,False,False,0.0003088347236317144,False,False,False,removed_not_selected_by_signal_or_family_rule
num__creatinine_lab_count,191320,47171,100.0,100.0,False,False,False,False,False,0.0004480086075327457,False,False,False,removed_not_selected_by_signal_or_family_rule
num__glucose_lab_count,191320,47171,100.0,100.0,False,False,False,False,False,0.0009132176950180586,False,False,False,removed_not_selected_by_signal_or_family_rule
num__hemoglobin_lab_count,191320,47171,100.0,100.0,False,False,False,False,False,0.0008138250225422836,False,False,False,removed_not_selected_by_signal_or_family_rule
num__platelet_lab_count,191320,47171,100.0,100.0,False,False,False,False,False,0.0003401125906180697,False,False,False,removed_not_selected_by_signal_or_family_rule
num__potassium_lab_count,191320,47171,100.0,100.0,False,False,False,False,False,0.000419564723960312,False,False,False,removed_not_selected_by_signal_or_family_rule
num__sodium_lab_count,191320,47171,100.0,100.0,False,False,True,False,False,0.001276679762039327,False,False,True,kept_rapid_trial_core
num__urea_nitrogen_lab_count,191320,47171,100.0,100.0,False,False,False,False,False,0.000857549825336775,False,False,False,removed_not_selected_by_signal_or_family_rule
num__wbc_lab_count,191320,47171,100.0,100.0,False,False,False,False,False,0.00070512024903579,False,False,False,removed_not_selected_by_signal_or_family_rule
num__creatinine_lab_first_24h_count,191320,47171,100.0,100.0,False,False,False,False,False,0.0001731121864459169,False,False,False,removed_not_selected_by_signal_or_family_rule
num__glucose_lab_first_24h_count,191320,47171,100.0,100.0,False,False,True,False,False,0.001329540883006831,False,False,True,kept_rapid_trial_core
num__hemoglobin_lab_first_24h_count,191320,47171,100.0,100.0,False,False,False,False,False,0.000487734367516305,False,False,False,removed_not_selected_by_signal_or_family_rule
num__platelet_lab_first_24h_count,191320,47171,100.0,100.0,False,False,False,False,False,0.0002048710829154203,False,False,False,removed_not_selected_by_signal_or_family_rule
num__potassium_lab_first_24h_count,191320,47171,100.0,100.0,False,False,False,False,False,0.0007709461727191083,False,False,False,removed_not_selected_by_signal_or_family_rule
num__sodium_lab_first_24h_count,191320,47171,100.0,100.0,False,False,False,False,False,0.0006929384519704292,False,False,False,removed_not_selected_by_signal_or_family_rule
num__urea_nitrogen_lab_first_24h_count,191320,47171,100.0,100.0,False,False,False,False,False,0.0001393120518745653,False,False,False,removed_not_selected_by_signal_or_family_rule
num__wbc_lab_first_24h_count,191320,47171,100.0,100.0,False,False,False,False,False,0.0002415872844467527,False,False,False,removed_not_selected_by_signal_or_family_rule
num__creatinine_lab_first_24h_max,191320,47171,100.0,100.0,False,False,True,False,False,0.001272703036524268,False,False,True,kept_rapid_trial_core
num__glucose_lab_first_24h_max,191320,47171,100.0,100.0,False,False,True,False,False,0.00209980957305817,False,False,True,kept_rapid_trial_core
num__hemoglobin_lab_first_24h_max,191320,47171,100.0,100.0,False,False,True,False,False,0.002553892829626632,False,False,True,kept_rapid_trial_core
num__platelet_lab_first_24h_max,191320,47171,100.0,100.0,False,False,True,False,False,0.00384438896179853,True,False,True,kept_rapid_trial_core; kept_high_recent_shap_signal
num__potassium_lab_first_24h_max,191320,47171,100.0,100.0,False,False,True,False,False,0.001956452407875955,False,False,True,kept_rapid_trial_core
num__sodium_lab_first_24h_max,191320,47171,100.0,100.0,False,False,True,False,False,0.00189845180521055,False,False,True,kept_rapid_trial_core
num__urea_nitrogen_lab_first_24h_max,191320,47171,100.0,100.0,False,False,True,False,False,0.001375460217835263,False,False,True,kept_rapid_trial_core
num__wbc_lab_first_24h_max,191320,47171,100.0,100.0,False,False,True,False,False,0.002753228067640241,False,False,True,kept_rapid_trial_core
num__creatinine_lab_first_24h_mean,191320,47171,100.0,100.0,False,False,True,False,False,0.001383026765997,False,False,True,kept_rapid_trial_core
num__glucose_lab_first_24h_mean,191320,47171,100.0,100.0,False,False,True,False,False,0.001892464381392988,False,False,True,kept_rapid_trial_core
num__hemoglobin_lab_first_24h_mean,191320,47171,100.0,100.0,False,False,True,False,False,0.003851319741002294,True,False,True,kept_rapid_trial_core; kept_high_recent_shap_signal
num__platelet_lab_first_24h_mean,191320,47171,100.0,100.0,False,False,True,False,False,0.00131663580252398,False,False,True,kept_rapid_trial_core
num__potassium_lab_first_24h_mean,191320,47171,100.0,100.0,False,False,True,False,False,0.003730621314611437,True,False,True,kept_rapid_trial_core; kept_high_recent_shap_signal
num__sodium_lab_first_24h_mean,191320,47171,100.0,100.0,False,False,True,False,False,0.00295879874782036,True,False,True,kept_rapid_trial_core; kept_high_recent_shap_signal
num__urea_nitrogen_lab_first_24h_mean,191320,47171,100.0,100.0,False,False,True,False,False,0.003091709743647895,True,False,True,kept_rapid_trial_core; kept_high_recent_shap_signal
num__wbc_lab_first_24h_mean,191320,47171,100.0,100.0,False,False,True,False,False,0.001652647628547578,False,False,True,kept_rapid_trial_core
num__creatinine_lab_first_24h_min,191320,47171,100.0,100.0,False,False,False,False,False,0.0009645292275878588,False,False,False,removed_not_selected_by_signal_or_family_rule
num__glucose_lab_first_24h_min,191320,47171,100.0,100.0,False,False,True,False,False,0.002240594661066899,False,False,True,kept_rapid_trial_core
num__hemoglobin_lab_first_24h_min,191320,47171,100.0,100.0,False,False,True,False,False,0.003132234034393769,True,False,True,kept_rapid_trial_core; kept_high_recent_shap_signal
num__platelet_lab_first_24h_min,191320,47171,100.0,100.0,False,False,True,False,False,0.002332932086634445,False,False,True,kept_rapid_trial_core
num__potassium_lab_first_24h_min,191320,47171,100.0,100.0,False,False,True,False,False,0.002464163176726018,False,False,True,kept_rapid_trial_core
num__sodium_lab_first_24h_min,191320,47171,100.0,100.0,False,False,False,False,False,0.001198423131810455,False,False,False,removed_not_selected_by_signal_or_family_rule
num__urea_nitrogen_lab_first_24h_min,191320,47171,100.0,100.0,False,False,True,False,False,0.001536844312747529,False,False,True,kept_rapid_trial_core
num__wbc_lab_first_24h_min,191320,47171,100.0,100.0,False,False,True,False,False,0.00151109865228418,False,False,True,kept_rapid_trial_core
num__creatinine_lab_first_72h_count,191320,47171,100.0,100.0,False,False,False,False,False,0.0002962179072014608,False,False,False,removed_not_selected_by_signal_or_family_rule
num__glucose_lab_first_72h_count,191320,47171,100.0,100.0,False,False,False,False,False,0.00113521070952938,False,False,False,removed_not_selected_by_signal_or_family_rule
num__hemoglobin_lab_first_72h_count,191320,47171,100.0,100.0,False,False,False,False,False,0.0005410930511421929,False,False,False,removed_not_selected_by_signal_or_family_rule
num__platelet_lab_first_72h_count,191320,47171,100.0,100.0,False,False,False,False,False,0.0004398150705548646,False,False,False,removed_not_selected_by_signal_or_family_rule
num__potassium_lab_first_72h_count,191320,47171,100.0,100.0,False,False,False,False,False,0.000985523469739067,False,False,False,removed_not_selected_by_signal_or_family_rule
num__sodium_lab_first_72h_count,191320,47171,100.0,100.0,False,False,False,False,False,0.001009158921302205,False,False,False,removed_not_selected_by_signal_or_family_rule
num__urea_nitrogen_lab_first_72h_count,191320,47171,100.0,100.0,False,False,False,False,False,0.0001614676294042072,False,False,False,removed_not_selected_by_signal_or_family_rule
num__wbc_lab_first_72h_count,191320,47171,100.0,100.0,False,False,False,False,False,0.0003148623239260216,False,False,False,removed_not_selected_by_signal_or_family_rule
num__creatinine_lab_first_72h_max,191320,47171,100.0,100.0,False,False,False,False,False,0.001169432948186188,False,False,False,removed_not_selected_by_signal_or_family_rule
num__glucose_lab_first_72h_max,191320,47171,100.0,100.0,False,False,True,False,False,0.002411394260262108,False,False,True,kept_rapid_trial_core
num__hemoglobin_lab_first_72h_max,191320,47171,100.0,100.0,False,False,True,False,False,0.002320024122527754,False,False,True,kept_rapid_trial_core
num__platelet_lab_first_72h_max,191320,47171,100.0,100.0,False,False,True,False,False,0.002382060587706721,False,False,True,kept_rapid_trial_core
num__potassium_lab_first_72h_max,191320,47171,100.0,100.0,False,False,True,False,False,0.002814794808583796,True,False,True,kept_rapid_trial_core; kept_high_recent_shap_signal
num__sodium_lab_first_72h_max,191320,47171,100.0,100.0,False,False,True,False,False,0.001347152044344486,False,False,True,kept_rapid_trial_core
num__urea_nitrogen_lab_first_72h_max,191320,47171,100.0,100.0,False,False,True,False,False,0.001448668043344212,False,False,True,kept_rapid_trial_core
num__wbc_lab_first_72h_max,191320,47171,100.0,100.0,False,False,True,False,False,0.002708613423746646,False,False,True,kept_rapid_trial_core
num__creatinine_lab_first_72h_mean,191320,47171,100.0,100.0,False,False,True,False,False,0.001868349895583683,False,False,True,kept_rapid_trial_core
num__glucose_lab_first_72h_mean,191320,47171,100.0,100.0,False,False,True,False,False,0.003505263586548881,True,False,True,kept_rapid_trial_core; kept_high_recent_shap_signal
num__hemoglobin_lab_first_72h_mean,191320,47171,100.0,100.0,False,False,True,False,False,0.003182758417640492,True,False,True,kept_rapid_trial_core; kept_high_recent_shap_signal
num__platelet_lab_first_72h_mean,191320,47171,100.0,100.0,False,False,True,False,False,0.002336826819507579,False,False,True,kept_rapid_trial_core
num__potassium_lab_first_72h_mean,191320,47171,100.0,100.0,False,False,True,False,False,0.001728403755712166,False,False,True,kept_rapid_trial_core
num__sodium_lab_first_72h_mean,191320,47171,100.0,100.0,False,False,True,False,False,0.003816823831285056,True,False,True,kept_rapid_trial_core; kept_high_recent_shap_signal
num__urea_nitrogen_lab_first_72h_mean,191320,47171,100.0,100.0,False,False,True,False,False,0.002204180335225638,False,False,True,kept_rapid_trial_core
num__wbc_lab_first_72h_mean,191320,47171,100.0,100.0,False,False,True,False,False,0.00167194339929613,False,False,True,kept_rapid_trial_core
num__creatinine_lab_first_72h_min,191320,47171,100.0,100.0,False,False,False,False,False,0.0006499117889040512,False,False,False,removed_not_selected_by_signal_or_family_rule
num__glucose_lab_first_72h_min,191320,47171,100.0,100.0,False,False,True,False,False,0.006617276385529291,True,False,True,kept_rapid_trial_core; kept_high_recent_shap_signal
num__hemoglobin_lab_first_72h_min,191320,47171,100.0,100.0,False,False,True,False,False,0.002149931576884634,False,False,True,kept_rapid_trial_core
num__platelet_lab_first_72h_min,191320,47171,100.0,100.0,False,False,True,False,False,0.00148476418124374,False,False,True,kept_rapid_trial_core
num__potassium_lab_first_72h_min,191320,47171,100.0,100.0,False,False,True,False,False,0.001577607842965457,False,False,True,kept_rapid_trial_core
num__sodium_lab_first_72h_min,191320,47171,100.0,100.0,False,False,True,False,False,0.002426093318154668,False,False,True,kept_rapid_trial_core
num__urea_nitrogen_lab_first_72h_min,191320,47171,100.0,100.0,False,False,False,False,False,0.001124959004981453,False,False,False,removed_not_selected_by_signal_or_family_rule
num__wbc_lab_first_72h_min,191320,47171,100.0,100.0,False,False,True,False,False,0.00235213078577139,False,False,True,kept_rapid_trial_core
num__creatinine_lab_first_value,191320,47171,100.0,100.0,False,False,False,False,False,0.001111575063368686,False,False,False,removed_not_selected_by_signal_or_family_rule
num__glucose_lab_first_value,191320,47171,100.0,100.0,False,False,True,False,False,0.002665822969150446,False,False,True,kept_rapid_trial_core
num__hemoglobin_lab_first_value,191320,47171,100.0,100.0,False,False,True,False,False,0.002433471447769376,False,False,True,kept_rapid_trial_core
num__platelet_lab_first_value,191320,47171,100.0,100.0,False,False,True,False,False,0.001498545029264314,False,False,True,kept_rapid_trial_core
num__potassium_lab_first_value,191320,47171,100.0,100.0,False,False,True,False,False,0.001539169515469572,False,False,True,kept_rapid_trial_core
num__sodium_lab_first_value,191320,47171,100.0,100.0,False,False,True,False,False,0.004095099477313163,True,False,True,kept_rapid_trial_core; kept_high_recent_shap_signal
num__urea_nitrogen_lab_first_value,191320,47171,100.0,100.0,False,False,False,False,False,0.001221908994805512,False,False,False,removed_not_selected_by_signal_or_family_rule
num__wbc_lab_first_value,191320,47171,100.0,100.0,False,False,True,False,False,0.002965900823715496,True,False,True,kept_rapid_trial_core; kept_high_recent_shap_signal
num__creatinine_lab_last_value,191320,47171,100.0,100.0,False,False,False,False,False,0.0009085580595785247,False,False,False,removed_not_selected_by_signal_or_family_rule
num__glucose_lab_last_value,191320,47171,100.0,100.0,False,False,True,False,False,0.003738310366470117,True,False,True,kept_rapid_trial_core; kept_high_recent_shap_signal
num__hemoglobin_lab_last_value,191320,47171,100.0,100.0,False,False,True,False,False,0.01917507790107756,True,False,True,kept_rapid_trial_core; kept_high_recent_shap_signal
num__platelet_lab_last_value,191320,47171,100.0,100.0,False,False,True,False,False,0.00476651234777058,True,False,True,kept_rapid_trial_core; kept_high_recent_shap_signal
num__potassium_lab_last_value,191320,47171,100.0,100.0,False,False,True,False,False,0.001882083423566437,False,False,True,kept_rapid_trial_core
num__sodium_lab_last_value,191320,47171,100.0,100.0,False,False,True,False,False,0.01245725710050315,True,False,True,kept_rapid_trial_core; kept_high_recent_shap_signal
num__urea_nitrogen_lab_last_value,191320,47171,100.0,100.0,False,False,True,False,False,0.001880953892535471,False,False,True,kept_rapid_trial_core
num__wbc_lab_last_value,191320,47171,100.0,100.0,False,False,True,False,False,0.01315729407863585,True,False,True,kept_rapid_trial_core; kept_high_recent_shap_signal
num__creatinine_lab_max_value,191320,47171,100.0,100.0,False,False,False,False,False,0.0008564708485361686,False,False,False,removed_not_selected_by_signal_or_family_rule
num__glucose_lab_max_value,191320,47171,100.0,100.0,False,False,True,False,False,0.002990356519117379,True,False,True,kept_rapid_trial_core; kept_high_recent_shap_signal
num__hemoglobin_lab_max_value,191320,47171,100.0,100.0,False,False,True,False,False,0.001803085607640062,False,False,True,kept_rapid_trial_core
num__platelet_lab_max_value,191320,47171,100.0,100.0,False,False,True,False,False,0.002627210686613132,False,False,True,kept_rapid_trial_core
num__potassium_lab_max_value,191320,47171,100.0,100.0,False,False,True,False,False,0.002420534514305556,False,False,True,kept_rapid_trial_core
num__sodium_lab_max_value,191320,47171,100.0,100.0,False,False,True,False,False,0.002464800140612697,False,False,True,kept_rapid_trial_core
num__urea_nitrogen_lab_max_value,191320,47171,100.0,100.0,False,False,True,False,False,0.002156857502379201,False,False,True,kept_rapid_trial_core
num__wbc_lab_max_value,191320,47171,100.0,100.0,False,False,True,False,False,0.002746830948467062,False,False,True,kept_rapid_trial_core
num__creatinine_lab_mean_value,191320,47171,100.0,100.0,False,False,True,False,False,0.005498690026966675,True,False,True,kept_rapid_trial_core; kept_high_recent_shap_signal
num__glucose_lab_mean_value,191320,47171,100.0,100.0,False,False,True,False,False,0.003083444584272827,True,False,True,kept_rapid_trial_core; kept_high_recent_shap_signal
num__hemoglobin_lab_mean_value,191320,47171,100.0,100.0,False,False,True,False,False,0.003482728794451031,True,False,True,kept_rapid_trial_core; kept_high_recent_shap_signal
num__platelet_lab_mean_value,191320,47171,100.0,100.0,False,False,True,False,False,0.002878702295318653,True,False,True,kept_rapid_trial_core; kept_high_recent_shap_signal
num__potassium_lab_mean_value,191320,47171,100.0,100.0,False,False,True,False,False,0.003622702347611128,True,False,True,kept_rapid_trial_core; kept_high_recent_shap_signal
num__sodium_lab_mean_value,191320,47171,100.0,100.0,False,False,True,False,False,0.002930469711715399,True,False,True,kept_rapid_trial_core; kept_high_recent_shap_signal
num__urea_nitrogen_lab_mean_value,191320,47171,100.0,100.0,False,False,True,False,False,0.002992549632710517,True,False,True,kept_rapid_trial_core; kept_high_recent_shap_signal
num__wbc_lab_mean_value,191320,47171,100.0,100.0,False,False,True,False,False,0.002549981105429444,False,False,True,kept_rapid_trial_core
num__creatinine_lab_measured,191320,47171,100.0,100.0,False,False,False,False,False,0.0,False,False,False,removed_not_selected_by_signal_or_family_rule
num__glucose_lab_measured,191320,47171,100.0,100.0,False,False,False,False,False,0.0,False,False,False,removed_not_selected_by_signal_or_family_rule
num__hemoglobin_lab_measured,191320,47171,100.0,100.0,False,False,False,False,False,0.0,False,False,False,removed_not_selected_by_signal_or_family_rule
num__platelet_lab_measured,191320,47171,100.0,100.0,False,False,False,False,False,0.0,False,False,False,removed_not_selected_by_signal_or_family_rule
num__potassium_lab_measured,191320,47171,100.0,100.0,False,False,False,False,False,0.0,False,False,False,removed_not_selected_by_signal_or_family_rule
num__sodium_lab_measured,191320,47171,100.0,100.0,False,False,False,False,False,0.0,False,False,False,removed_not_selected_by_signal_or_family_rule
num__urea_nitrogen_lab_measured,191320,47171,100.0,100.0,False,False,False,False,False,0.0,False,False,False,removed_not_selected_by_signal_or_family_rule
num__wbc_lab_measured,191320,47171,100.0,100.0,False,False,False,False,False,0.0,False,False,False,removed_not_selected_by_signal_or_family_rule
num__creatinine_lab_min_value,191320,47171,100.0,100.0,False,False,False,False,False,0.0008978286298172689,False,False,False,removed_not_selected_by_signal_or_family_rule
num__glucose_lab_min_value,191320,47171,100.0,100.0,False,False,True,False,False,0.003620517161029108,True,False,True,kept_rapid_trial_core; kept_high_recent_shap_signal
num__hemoglobin_lab_min_value,191320,47171,100.0,100.0,False,False,True,False,False,0.01102686453917415,True,False,True,kept_rapid_trial_core; kept_high_recent_shap_signal
num__platelet_lab_min_value,191320,47171,100.0,100.0,False,False,True,False,False,0.002235155134557847,False,False,True,kept_rapid_trial_core
num__potassium_lab_min_value,191320,47171,100.0,100.0,False,False,True,False,False,0.001392714949705234,False,False,True,kept_rapid_trial_core
num__sodium_lab_min_value,191320,47171,100.0,100.0,False,False,True,False,False,0.007327570445959523,True,False,True,kept_rapid_trial_core; kept_high_recent_shap_signal
num__urea_nitrogen_lab_min_value,191320,47171,100.0,100.0,False,False,True,False,False,0.001951989883983086,False,False,True,kept_rapid_trial_core
num__wbc_lab_min_value,191320,47171,100.0,100.0,False,False,True,False,False,0.003181295648511413,True,False,True,kept_rapid_trial_core; kept_high_recent_shap_signal
num__creatinine_lab_severe_abnormal,191320,47171,100.0,100.0,False,False,False,False,False,0.0,False,False,False,removed_not_selected_by_signal_or_family_rule
num__glucose_lab_severe_abnormal,191320,47171,100.0,100.0,False,False,False,False,False,2.911063291053051e-05,False,False,False,removed_not_selected_by_signal_or_family_rule
num__hemoglobin_lab_severe_abnormal,191320,47171,100.0,100.0,False,False,False,False,False,1.864821036095849e-05,False,False,False,removed_not_selected_by_signal_or_family_rule
num__platelet_lab_severe_abnormal,191320,47171,100.0,100.0,False,False,False,False,False,1.530766712676268e-05,False,False,False,removed_not_selected_by_signal_or_family_rule
num__potassium_lab_severe_abnormal,191320,47171,100.0,100.0,False,False,False,False,False,0.0,False,False,False,removed_not_selected_by_signal_or_family_rule
num__urea_nitrogen_lab_severe_abnormal,191320,47171,100.0,100.0,False,False,False,False,False,0.0001284784666495398,False,False,False,removed_not_selected_by_signal_or_family_rule
num__wbc_lab_severe_abnormal,191320,47171,100.0,100.0,False,False,False,False,False,3.78018983025718e-05,False,False,False,removed_not_selected_by_signal_or_family_rule
num__creatinine_lab_std_value,191320,47171,100.0,100.0,False,False,True,False,False,0.001603405894863285,False,False,True,kept_rapid_trial_core
num__glucose_lab_std_value,191320,47171,100.0,100.0,False,False,True,False,False,0.001728510821034818,False,False,True,kept_rapid_trial_core
num__hemoglobin_lab_std_value,191320,47171,100.0,100.0,False,False,True,False,False,0.002880244701883617,True,False,True,kept_rapid_trial_core; kept_high_recent_shap_signal
num__platelet_lab_std_value,191320,47171,100.0,100.0,False,False,True,False,False,0.007702293606220402,True,False,True,kept_rapid_trial_core; kept_high_recent_shap_signal
num__potassium_lab_std_value,191320,47171,100.0,100.0,False,False,True,False,False,0.002762348917339621,False,False,True,kept_rapid_trial_core
num__sodium_lab_std_value,191320,47171,100.0,100.0,False,False,True,False,False,0.002799942475050314,False,False,True,kept_rapid_trial_core
num__urea_nitrogen_lab_std_value,191320,47171,100.0,100.0,False,False,True,False,False,0.009635077017210291,True,False,True,kept_rapid_trial_core; kept_high_recent_shap_signal
num__wbc_lab_std_value,191320,47171,100.0,100.0,False,False,True,False,False,0.002271621662589783,False,False,True,kept_rapid_trial_core
num__creatinine_lab_value_change,191320,47171,100.0,100.0,False,False,False,False,False,0.0005531346428781901,False,False,False,removed_not_selected_by_signal_or_family_rule
num__glucose_lab_value_change,191320,47171,100.0,100.0,False,False,True,False,False,0.001842057894769705,False,False,True,kept_rapid_trial_core
num__hemoglobin_lab_value_change,191320,47171,100.0,100.0,False,False,True,False,False,0.001622154691800616,False,False,True,kept_rapid_trial_core
num__platelet_lab_value_change,191320,47171,100.0,100.0,False,False,True,False,False,0.002217857435935098,False,False,True,kept_rapid_trial_core
num__potassium_lab_value_change,191320,47171,100.0,100.0,False,False,True,False,False,0.002881679168771054,True,False,True,kept_rapid_trial_core; kept_high_recent_shap_signal
num__sodium_lab_value_change,191320,47171,100.0,100.0,False,False,False,False,False,0.0008590595541008552,False,False,False,removed_not_selected_by_signal_or_family_rule
num__urea_nitrogen_lab_value_change,191320,47171,100.0,100.0,False,False,False,False,False,0.001065494438895768,False,False,False,removed_not_selected_by_signal_or_family_rule
num__wbc_lab_value_change,191320,47171,100.0,100.0,False,False,True,False,False,0.002581332725323746,False,False,True,kept_rapid_trial_core
num__creatinine_lab_value_range,191320,47171,100.0,100.0,False,False,False,False,False,0.0008217687278780585,False,False,False,removed_not_selected_by_signal_or_family_rule
num__glucose_lab_value_range,191320,47171,100.0,100.0,False,False,True,False,False,0.003421383448846971,True,False,True,kept_rapid_trial_core; kept_high_recent_shap_signal
num__hemoglobin_lab_value_range,191320,47171,100.0,100.0,False,False,True,False,False,0.002185241625416194,False,False,True,kept_rapid_trial_core
num__platelet_lab_value_range,191320,47171,100.0,100.0,False,False,True,False,False,0.002986682313350002,True,False,True,kept_rapid_trial_core; kept_high_recent_shap_signal
num__potassium_lab_value_range,191320,47171,100.0,100.0,False,False,True,False,False,0.001816938669674085,False,False,True,kept_rapid_trial_core
num__sodium_lab_value_range,191320,47171,100.0,100.0,False,False,True,False,False,0.004856285273032713,True,False,True,kept_rapid_trial_core; kept_high_recent_shap_signal
num__urea_nitrogen_lab_value_range,191320,47171,100.0,100.0,False,False,True,False,False,0.004220295783574843,True,False,True,kept_rapid_trial_core; kept_high_recent_shap_signal
num__wbc_lab_value_range,191320,47171,100.0,100.0,False,False,True,False,False,0.00136970112156767,False,False,True,kept_rapid_trial_core
num__num_lab_events_first_24h,191320,47171,100.0,100.0,False,False,True,False,False,0.002463411693505543,False,False,True,kept_rapid_trial_core
num__num_lab_events_first_72h,191320,47171,100.0,100.0,False,False,True,False,False,0.001766788003828361,False,False,True,kept_rapid_trial_core
num__num_lab_events_last_24h_before_discharge,191320,47171,100.0,100.0,False,False,True,True,False,0.003498989745097132,True,True,True,kept_rapid_trial_core; kept_high_recent_shap_signal; kept_clinically_relevant_non_sparse_extra
num__num_lab_events_last_48h_before_discharge,191320,47171,100.0,100.0,False,False,True,True,False,0.004334566430894518,True,True,True,kept_rapid_trial_core; kept_high_recent_shap_signal; kept_clinically_relevant_non_sparse_extra
num__num_abnormal_lab_flags,191320,47171,100.0,100.0,False,False,True,False,False,0.006364812159559429,True,False,True,kept_rapid_trial_core; kept_high_recent_shap_signal
num__num_abnormal_lab_flags_last_48h,191320,47171,100.0,100.0,False,False,True,False,False,0.008987830307759622,True,False,True,kept_rapid_trial_core; kept_high_recent_shap_signal
num__num_critical_or_priority_labs,191320,47171,100.0,100.0,False,False,True,False,False,0.004710277697599134,True,False,True,kept_rapid_trial_core; kept_high_recent_shap_signal
num__lab_activity_last_24h_flag,191320,47171,100.0,100.0,False,False,False,False,False,0.0006080136779193585,False,False,False,removed_not_selected_by_signal_or_family_rule
num__lab_activity_near_discharge_flag,191320,47171,100.0,100.0,False,False,True,True,False,0.0002330851602469992,False,True,True,kept_rapid_trial_core; kept_clinically_relevant_non_sparse_extra
num__abnormal_lab_burden_score,191320,47171,100.0,100.0,False,False,True,False,False,0.005392770141370976,True,False,True,kept_rapid_trial_core; kept_high_recent_shap_signal
num__num_oxygen_support_chart_events,191320,47171,100.0,100.0,False,False,True,False,False,0.0006362647429068011,False,False,True,kept_rapid_trial_core
num__max_oxygen_flow_rate,191320,47171,100.0,100.0,False,False,True,False,False,0.001023004144641968,False,False,True,kept_rapid_trial_core
num__mean_oxygen_flow_rate,191320,47171,100.0,100.0,False,False,True,False,False,0.003964682831739877,True,False,True,kept_rapid_trial_core; kept_high_recent_shap_signal
num__high_oxygen_flow_flag,191320,47171,100.0,100.0,False,False,False,False,False,0.0,False,False,False,removed_not_selected_by_signal_or_family_rule
num__num_gcs_chart_events,191320,47171,100.0,100.0,False,False,True,False,False,0.0006257325082011783,False,False,True,kept_rapid_trial_core
num__gcs_min_score,191320,47171,100.0,100.0,False,False,True,False,False,0.0008636961145986617,False,False,True,kept_rapid_trial_core
num__low_gcs_flag,191320,47171,100.0,100.0,False,False,False,False,False,0.0,False,False,False,removed_not_selected_by_signal_or_family_rule
num__num_orientation_chart_events,191320,47171,100.0,100.0,False,False,False,False,False,0.0006887610406016882,False,False,False,removed_not_selected_by_signal_or_family_rule
num__impaired_orientation_flag,191320,47171,100.0,100.0,False,False,False,False,False,3.668024805029761e-05,False,False,False,removed_not_selected_by_signal_or_family_rule
num__num_pain_chart_events,191320,47171,100.0,100.0,False,False,True,False,False,0.001519031070841204,False,False,True,kept_rapid_trial_core
num__pain_max_score,191320,47171,100.0,100.0,False,False,True,False,False,0.003350567722318856,True,False,True,kept_rapid_trial_core; kept_high_recent_shap_signal
num__high_pain_flag,191320,47171,100.0,100.0,False,False,False,False,False,0.0006056966790321832,False,False,False,removed_not_selected_by_signal_or_family_rule
num__num_rass_sedation_chart_events,191320,47171,100.0,100.0,False,False,True,False,False,0.0005430515225636919,False,False,True,kept_rapid_trial_core
num__rass_extreme_flag,191320,47171,100.0,100.0,False,False,True,False,False,0.002660020681291078,False,False,True,kept_rapid_trial_core
num__num_cam_delirium_chart_events,191320,47171,100.0,100.0,False,False,True,False,False,0.0008781283387887602,False,False,True,kept_rapid_trial_core
num__delirium_or_cam_positive_flag,191320,47171,100.0,100.0,False,False,False,False,False,0.0,False,False,False,removed_not_selected_by_signal_or_family_rule
num__agitation_chart_event_flag,191320,47171,100.0,100.0,False,False,False,False,False,0.0001895825898343852,False,False,False,removed_not_selected_by_signal_or_family_rule
num__num_restraint_chart_events,191320,47171,100.0,100.0,False,False,False,False,False,0.0002726087662798006,False,False,False,removed_not_selected_by_signal_or_family_rule
num__had_restraint_chart_event,191320,47171,100.0,100.0,False,False,False,False,False,0.0,False,False,False,removed_not_selected_by_signal_or_family_rule
num__num_fall_mobility_chart_events,191320,47171,100.0,100.0,False,False,False,False,False,0.001126099114354377,False,False,False,removed_not_selected_by_signal_or_family_rule
num__fall_or_mobility_risk_flag,191320,47171,100.0,100.0,False,False,False,False,False,0.0,False,False,False,removed_not_selected_by_signal_or_family_rule
num__num_selected_neuro_behavioral_chart_events,191320,47171,100.0,100.0,False,False,False,False,False,0.0002814169248497158,False,False,False,removed_not_selected_by_signal_or_family_rule
num__num_selected_resp_support_chart_events,191320,47171,100.0,100.0,False,False,False,False,False,0.0002008654175020468,False,False,False,removed_not_selected_by_signal_or_family_rule
num__chart_acuity_event_density_per_day,191320,47171,100.0,100.0,False,False,True,False,False,0.002508888490885425,False,False,True,kept_rapid_trial_core
num__heart_rate_vital_first_value,191320,47171,100.0,100.0,False,False,True,False,False,0.001434871949757493,False,False,True,kept_rapid_trial_core
num__mean_bp_arterial_vital_first_value,191320,47171,100.0,100.0,False,False,True,False,False,0.0002300673768741876,False,False,True,kept_rapid_trial_core
num__mean_bp_noninvasive_vital_first_value,191320,47171,100.0,100.0,False,False,True,False,False,0.001239876799407678,False,False,True,kept_rapid_trial_core
num__respiratory_rate_vital_first_value,191320,47171,100.0,100.0,False,False,True,False,False,0.003147835933235435,True,False,True,kept_rapid_trial_core; kept_high_recent_shap_signal
num__spo2_vital_first_value,191320,47171,100.0,100.0,False,False,True,False,False,0.0009985862570104332,False,False,True,kept_rapid_trial_core
num__systolic_bp_arterial_vital_first_value,191320,47171,100.0,100.0,False,False,True,False,False,0.0007273025387155971,False,False,True,kept_rapid_trial_core
num__systolic_bp_noninvasive_vital_first_value,191320,47171,100.0,100.0,False,False,True,False,False,0.003148934953918191,True,False,True,kept_rapid_trial_core; kept_high_recent_shap_signal
num__heart_rate_vital_last_value,191320,47171,100.0,100.0,False,False,True,False,False,0.002120528549427615,False,False,True,kept_rapid_trial_core
num__mean_bp_arterial_vital_last_value,191320,47171,100.0,100.0,False,False,True,False,False,0.001049445217256027,False,False,True,kept_rapid_trial_core
num__mean_bp_noninvasive_vital_last_value,191320,47171,100.0,100.0,False,False,True,False,False,0.0004324536395130473,False,False,True,kept_rapid_trial_core
num__respiratory_rate_vital_last_value,191320,47171,100.0,100.0,False,False,True,False,False,0.001704378353725861,False,False,True,kept_rapid_trial_core
num__spo2_vital_last_value,191320,47171,100.0,100.0,False,False,True,False,False,0.001425563007405425,False,False,True,kept_rapid_trial_core
num__systolic_bp_arterial_vital_last_value,191320,47171,100.0,100.0,False,False,True,False,False,0.0003917191533764495,False,False,True,kept_rapid_trial_core
num__systolic_bp_noninvasive_vital_last_value,191320,47171,100.0,100.0,False,False,True,False,False,0.001995308387225247,False,False,True,kept_rapid_trial_core
num__heart_rate_vital_max_value,191320,47171,100.0,100.0,False,False,True,False,False,0.001199623456707585,False,False,True,kept_rapid_trial_core
num__mean_bp_arterial_vital_max_value,191320,47171,100.0,100.0,False,False,True,False,False,0.0009793398224035152,False,False,True,kept_rapid_trial_core
num__mean_bp_noninvasive_vital_max_value,191320,47171,100.0,100.0,False,False,True,False,False,0.0005096141030804264,False,False,True,kept_rapid_trial_core
num__respiratory_rate_vital_max_value,191320,47171,100.0,100.0,False,False,True,False,False,0.000296646355890351,False,False,True,kept_rapid_trial_core
num__spo2_vital_max_value,191320,47171,100.0,100.0,False,False,True,False,False,6.780306773029373e-05,False,False,True,kept_rapid_trial_core
num__systolic_bp_arterial_vital_max_value,191320,47171,100.0,100.0,False,False,True,False,False,0.0001755816256575202,False,False,True,kept_rapid_trial_core
num__systolic_bp_noninvasive_vital_max_value,191320,47171,100.0,100.0,False,False,True,False,False,0.001095837378394233,False,False,True,kept_rapid_trial_core
num__heart_rate_vital_mean_value,191320,47171,100.0,100.0,False,False,True,False,False,0.0005871032676149541,False,False,True,kept_rapid_trial_core
num__mean_bp_arterial_vital_mean_value,191320,47171,100.0,100.0,False,False,True,False,False,7.341974262584382e-05,False,False,True,kept_rapid_trial_core
num__mean_bp_noninvasive_vital_mean_value,191320,47171,100.0,100.0,False,False,True,False,False,0.001460711336826204,False,False,True,kept_rapid_trial_core
num__respiratory_rate_vital_mean_value,191320,47171,100.0,100.0,False,False,True,False,False,0.001165527713564667,False,False,True,kept_rapid_trial_core
num__spo2_vital_mean_value,191320,47171,100.0,100.0,False,False,True,False,False,0.002900468551175789,True,False,True,kept_rapid_trial_core; kept_high_recent_shap_signal
num__systolic_bp_arterial_vital_mean_value,191320,47171,100.0,100.0,False,False,True,False,False,0.0002793168576636473,False,False,True,kept_rapid_trial_core
num__systolic_bp_noninvasive_vital_mean_value,191320,47171,100.0,100.0,False,False,True,False,False,0.000582677272099614,False,False,True,kept_rapid_trial_core
num__heart_rate_vital_measured,191320,47171,100.0,100.0,False,False,False,False,False,0.0,False,False,False,removed_not_selected_by_signal_or_family_rule
num__mean_bp_arterial_vital_measured,191320,47171,100.0,100.0,False,False,False,False,False,0.0,False,False,False,removed_not_selected_by_signal_or_family_rule
num__mean_bp_noninvasive_vital_measured,191320,47171,100.0,100.0,False,False,False,False,False,0.0,False,False,False,removed_not_selected_by_signal_or_family_rule
num__respiratory_rate_vital_measured,191320,47171,100.0,100.0,False,False,False,False,False,0.0,False,False,False,removed_not_selected_by_signal_or_family_rule
num__spo2_vital_measured,191320,47171,100.0,100.0,False,False,False,False,False,0.0,False,False,False,removed_not_selected_by_signal_or_family_rule
num__systolic_bp_arterial_vital_measured,191320,47171,100.0,100.0,False,False,False,False,False,0.0,False,False,False,removed_not_selected_by_signal_or_family_rule
num__systolic_bp_noninvasive_vital_measured,191320,47171,100.0,100.0,False,False,False,False,False,0.0,False,False,False,removed_not_selected_by_signal_or_family_rule
num__heart_rate_vital_min_value,191320,47171,100.0,100.0,False,False,True,False,False,0.001495704512754513,False,False,True,kept_rapid_trial_core
num__mean_bp_arterial_vital_min_value,191320,47171,100.0,100.0,False,False,True,False,False,0.0001486607086965983,False,False,True,kept_rapid_trial_core
num__mean_bp_noninvasive_vital_min_value,191320,47171,100.0,100.0,False,False,True,False,False,0.0013756341596205,False,False,True,kept_rapid_trial_core
num__respiratory_rate_vital_min_value,191320,47171,100.0,100.0,False,False,True,False,False,0.000558914204275423,False,False,True,kept_rapid_trial_core
num__spo2_vital_min_value,191320,47171,100.0,100.0,False,False,True,False,False,0.0001874200774754365,False,False,True,kept_rapid_trial_core
num__systolic_bp_arterial_vital_min_value,191320,47171,100.0,100.0,False,False,True,False,False,6.13800141257042e-05,False,False,True,kept_rapid_trial_core
num__systolic_bp_noninvasive_vital_min_value,191320,47171,100.0,100.0,False,False,True,False,False,0.0006704271653544605,False,False,True,kept_rapid_trial_core
num__heart_rate_vital_value_change,191320,47171,100.0,100.0,False,False,True,False,False,0.0009396151418431744,False,False,True,kept_rapid_trial_core
num__mean_bp_arterial_vital_value_change,191320,47171,100.0,100.0,False,False,True,False,False,0.0005428750924474749,False,False,True,kept_rapid_trial_core
num__mean_bp_noninvasive_vital_value_change,191320,47171,100.0,100.0,False,False,True,False,False,0.0004876571031937319,False,False,True,kept_rapid_trial_core
num__respiratory_rate_vital_value_change,191320,47171,100.0,100.0,False,False,True,False,False,0.0007727654222479755,False,False,True,kept_rapid_trial_core
num__spo2_vital_value_change,191320,47171,100.0,100.0,False,False,True,False,False,0.0007607545582584909,False,False,True,kept_rapid_trial_core
num__systolic_bp_arterial_vital_value_change,191320,47171,100.0,100.0,False,False,True,False,False,0.000131231948570917,False,False,True,kept_rapid_trial_core
num__systolic_bp_noninvasive_vital_value_change,191320,47171,100.0,100.0,False,False,True,False,False,0.0007862651095391392,False,False,True,kept_rapid_trial_core
num__previous_total_admissions_7d,191320,47171,100.0,100.0,False,False,True,True,False,0.0001366215088992862,False,True,True,kept_rapid_trial_core; kept_clinically_relevant_non_sparse_extra
num__previous_psych_admissions_7d,191320,47171,100.0,100.0,False,False,True,True,False,0.0001765932679410775,False,True,True,kept_rapid_trial_core; kept_clinically_relevant_non_sparse_extra
num__previous_nonpsych_admissions_7d,191320,47171,100.0,100.0,False,False,False,True,False,0.0,False,True,True,kept_clinically_relevant_non_sparse_extra
num__previous_ed_visits_7d,191320,47171,100.0,100.0,False,False,True,True,False,5.047380998590322e-05,False,True,True,kept_rapid_trial_core; kept_clinically_relevant_non_sparse_extra
num__previous_total_admissions_14d,191320,47171,100.0,100.0,False,False,True,True,False,0.0003013321719975571,False,True,True,kept_rapid_trial_core; kept_clinically_relevant_non_sparse_extra
num__previous_psych_admissions_14d,191320,47171,100.0,100.0,False,False,True,True,False,0.0005032749581992754,False,True,True,kept_rapid_trial_core; kept_clinically_relevant_non_sparse_extra
num__previous_nonpsych_admissions_14d,191320,47171,100.0,100.0,False,False,False,True,False,0.0,False,True,True,kept_clinically_relevant_non_sparse_extra
num__previous_ed_visits_14d,191320,47171,100.0,100.0,False,False,True,True,False,0.0002765911682537549,False,True,True,kept_rapid_trial_core; kept_clinically_relevant_non_sparse_extra
num__previous_total_admissions_30d,191320,47171,100.0,100.0,False,False,True,True,False,0.0006726053347797022,False,True,True,kept_rapid_trial_core; kept_clinically_relevant_non_sparse_extra
num__previous_psych_admissions_30d,191320,47171,100.0,100.0,False,False,True,True,False,0.0008851808565852548,False,True,True,kept_rapid_trial_core; kept_clinically_relevant_non_sparse_extra
num__previous_nonpsych_admissions_30d,191320,47171,100.0,100.0,False,False,True,True,False,0.0001326699022716005,False,True,True,kept_rapid_trial_core; kept_clinically_relevant_non_sparse_extra
num__previous_ed_visits_30d,191320,47171,100.0,100.0,False,False,True,True,False,0.00142494222748234,False,True,True,kept_rapid_trial_core; kept_clinically_relevant_non_sparse_extra
num__previous_total_admissions_60d,191320,47171,100.0,100.0,False,False,True,True,False,0.003857511121134304,True,True,True,kept_rapid_trial_core; kept_high_recent_shap_signal; kept_clinically_relevant_non_sparse_extra
num__previous_psych_admissions_60d,191320,47171,100.0,100.0,False,False,True,True,False,0.01325473430822851,True,True,True,kept_rapid_trial_core; kept_high_recent_shap_signal; kept_clinically_relevant_non_sparse_extra
num__previous_nonpsych_admissions_60d,191320,47171,100.0,100.0,False,False,True,True,False,0.0001710181213201696,False,True,True,kept_rapid_trial_core; kept_clinically_relevant_non_sparse_extra
num__previous_ed_visits_60d,191320,47171,100.0,100.0,False,False,True,True,False,0.002193424518142242,False,True,True,kept_rapid_trial_core; kept_clinically_relevant_non_sparse_extra
num__previous_total_admissions_90d,191320,47171,100.0,100.0,False,False,True,True,False,0.007604913010095258,True,True,True,kept_rapid_trial_core; kept_high_recent_shap_signal; kept_clinically_relevant_non_sparse_extra
num__previous_psych_admissions_90d,191320,47171,100.0,100.0,False,False,True,True,False,0.01946769058751839,True,True,True,kept_rapid_trial_core; kept_high_recent_shap_signal; kept_clinically_relevant_non_sparse_extra
num__previous_nonpsych_admissions_90d,191320,47171,100.0,100.0,False,False,True,True,False,0.0005220669887884047,False,True,True,kept_rapid_trial_core; kept_clinically_relevant_non_sparse_extra
num__previous_ed_visits_90d,191320,47171,100.0,100.0,False,False,True,True,False,0.001501486168268461,False,True,True,kept_rapid_trial_core; kept_clinically_relevant_non_sparse_extra
num__previous_total_admissions_180d,191320,47171,100.0,100.0,False,False,True,True,False,0.008768001759950059,True,True,True,kept_rapid_trial_core; kept_high_recent_shap_signal; kept_clinically_relevant_non_sparse_extra
num__previous_psych_admissions_180d,191320,47171,100.0,100.0,False,False,True,True,False,0.07436651316134218,True,True,True,kept_rapid_trial_core; kept_high_recent_shap_signal; kept_clinically_relevant_non_sparse_extra
num__previous_nonpsych_admissions_180d,191320,47171,100.0,100.0,False,False,True,True,False,0.0005107488420687012,False,True,True,kept_rapid_trial_core; kept_clinically_relevant_non_sparse_extra
num__previous_ed_visits_180d,191320,47171,100.0,100.0,False,False,True,True,False,0.002713734964715899,False,True,True,kept_rapid_trial_core; kept_clinically_relevant_non_sparse_extra
num__previous_total_admissions_365d,191320,47171,100.0,100.0,False,False,True,True,False,0.00333423411411284,True,True,True,kept_rapid_trial_core; kept_high_recent_shap_signal; kept_clinically_relevant_non_sparse_extra
num__previous_psych_admissions_365d,191320,47171,100.0,100.0,False,False,True,True,False,0.07519075705762387,True,True,True,kept_rapid_trial_core; kept_high_recent_shap_signal; kept_clinically_relevant_non_sparse_extra
num__previous_nonpsych_admissions_365d,191320,47171,100.0,100.0,False,False,True,True,False,0.0008778730905253411,False,True,True,kept_rapid_trial_core; kept_clinically_relevant_non_sparse_extra
num__previous_ed_visits_365d,191320,47171,100.0,100.0,False,False,True,True,False,0.007260356195546601,True,True,True,kept_rapid_trial_core; kept_high_recent_shap_signal; kept_clinically_relevant_non_sparse_extra
num__days_since_previous_hospital_admission,191320,47171,100.0,100.0,False,False,True,False,False,0.03212578549210597,True,False,True,kept_rapid_trial_core; kept_high_recent_shap_signal
num__prior_near_30d_readmission_flag,191320,47171,100.0,100.0,False,False,True,False,False,0.0001529380209642761,False,False,True,kept_rapid_trial_core
num__previous_admission_within_27_33d_flag,191320,47171,100.0,100.0,False,False,True,True,False,3.225399367918646e-05,False,True,True,kept_rapid_trial_core; kept_clinically_relevant_non_sparse_extra
num__days_since_previous_admission_near_30d_flag,191320,47171,100.0,100.0,False,False,False,True,False,0.0,False,True,True,kept_clinically_relevant_non_sparse_extra
num__previous_discharge_against_advice_flag,191320,47171,100.0,100.0,False,False,False,False,False,0.0,False,False,False,removed_not_selected_by_signal_or_family_rule
num__previous_discharge_to_psych_facility_flag,191320,47171,100.0,100.0,False,False,False,False,False,0.0,False,False,False,removed_not_selected_by_signal_or_family_rule
num__previous_discharge_to_facility_flag,191320,47171,100.0,100.0,False,False,True,False,False,0.0008933327687473452,False,False,True,kept_rapid_trial_core
num__previous_short_los_flag,191320,47171,100.0,100.0,False,False,True,False,False,0.0002655493189370563,False,False,True,kept_rapid_trial_core
num__previous_long_los_flag,191320,47171,100.0,100.0,False,False,True,False,False,6.321556965239662e-05,False,False,True,kept_rapid_trial_core
num__previous_admission_los_days,191320,47171,100.0,100.0,False,False,True,True,False,0.004382569762018704,True,True,True,kept_rapid_trial_core; kept_high_recent_shap_signal; kept_clinically_relevant_non_sparse_extra
num__mean_previous_los_days,191320,47171,100.0,100.0,False,False,True,False,False,0.00584572168695373,True,False,True,kept_rapid_trial_core; kept_high_recent_shap_signal
num__max_previous_los_days,191320,47171,100.0,100.0,False,False,True,False,False,0.003530312013687073,True,False,True,kept_rapid_trial_core; kept_high_recent_shap_signal
num__time_between_last_two_admissions_days,191320,47171,100.0,100.0,False,False,True,False,False,0.008374422729604172,True,False,True,kept_rapid_trial_core; kept_high_recent_shap_signal
num__mean_previous_admission_gap_days,191320,47171,100.0,100.0,False,False,True,True,False,0.00795871004964151,True,True,True,kept_rapid_trial_core; kept_high_recent_shap_signal; kept_clinically_relevant_non_sparse_extra
num__min_previous_admission_gap_days,191320,47171,100.0,100.0,False,False,True,True,False,0.01125730427454185,True,True,True,kept_rapid_trial_core; kept_high_recent_shap_signal; kept_clinically_relevant_non_sparse_extra
num__std_previous_admission_gap_days,191320,47171,100.0,100.0,False,False,True,True,False,0.00212231060111106,False,True,True,kept_rapid_trial_core; kept_clinically_relevant_non_sparse_extra
num__admissions_per_30d,191320,47171,100.0,100.0,False,False,False,False,False,6.483330029625762e-05,False,False,False,removed_not_selected_by_signal_or_family_rule
num__admissions_per_90d,191320,47171,100.0,100.0,False,False,True,False,False,0.003037315393929523,True,False,True,kept_rapid_trial_core; kept_high_recent_shap_signal
num__admissions_per_365d,191320,47171,100.0,100.0,False,False,True,False,False,0.004733511017202583,True,False,True,kept_rapid_trial_core; kept_high_recent_shap_signal
num__admission_frequency_acceleration,191320,47171,100.0,100.0,False,False,True,False,False,0.002898510690596393,True,False,True,kept_rapid_trial_core; kept_high_recent_shap_signal
num__increasing_admission_frequency_flag,191320,47171,100.0,100.0,False,False,False,False,False,4.4546645030196e-05,False,False,False,removed_not_selected_by_signal_or_family_rule
num__decreasing_admission_frequency_flag,191320,47171,100.0,100.0,False,False,False,False,False,0.0001290411031694242,False,False,False,removed_not_selected_by_signal_or_family_rule
num__frequent_ed_user_flag,191320,47171,100.0,100.0,False,False,False,False,False,0.000252200926291625,False,False,False,removed_not_selected_by_signal_or_family_rule
num__previous_admission_los_days_filled,191320,47171,100.0,100.0,False,False,True,True,False,0.004584121216076732,True,True,True,kept_rapid_trial_core; kept_high_recent_shap_signal; kept_clinically_relevant_non_sparse_extra
num__mean_previous_los_days_filled,191320,47171,100.0,100.0,False,False,True,False,False,0.007154334726576388,True,False,True,kept_rapid_trial_core; kept_high_recent_shap_signal
num__max_previous_los_days_filled,191320,47171,100.0,100.0,False,False,True,False,False,0.002914503394671306,True,False,True,kept_rapid_trial_core; kept_high_recent_shap_signal
num__time_between_last_two_admissions_days_filled,191320,47171,100.0,100.0,False,False,True,False,False,0.003810133771422533,True,False,True,kept_rapid_trial_core; kept_high_recent_shap_signal
num__mean_previous_admission_gap_days_filled,191320,47171,100.0,100.0,False,False,True,True,False,0.01082773357488111,True,True,True,kept_rapid_trial_core; kept_high_recent_shap_signal; kept_clinically_relevant_non_sparse_extra
num__min_previous_admission_gap_days_filled,191320,47171,100.0,100.0,False,False,True,True,False,0.01261170698500859,True,True,True,kept_rapid_trial_core; kept_high_recent_shap_signal; kept_clinically_relevant_non_sparse_extra
num__std_previous_admission_gap_days_filled,191320,47171,100.0,100.0,False,False,True,True,False,0.001957793581315717,False,True,True,kept_rapid_trial_core; kept_clinically_relevant_non_sparse_extra
num__days_since_previous_hospital_admission_filled,191320,47171,100.0,100.0,False,False,True,False,False,0.02074792807034222,True,False,True,kept_rapid_trial_core; kept_high_recent_shap_signal
num__high_utiliser_previous_year,191320,47171,100.0,100.0,False,False,True,False,False,0.0001408833343425643,False,False,True,kept_rapid_trial_core
num__previous_psych_to_total_admission_ratio,191320,47171,100.0,100.0,False,False,True,False,False,0.01632505807799499,True,False,True,kept_rapid_trial_core; kept_high_recent_shap_signal
num__previous_2plus_psych_admissions,191320,47171,100.0,100.0,False,False,True,False,False,0.003414632994419412,True,False,True,kept_rapid_trial_core; kept_high_recent_shap_signal
num__previous_3plus_psych_admissions,191320,47171,100.0,100.0,False,False,True,False,False,6.622924542840497e-05,False,False,True,kept_rapid_trial_core
num__previous_2plus_total_admissions_365d,191320,47171,100.0,100.0,False,False,True,False,False,6.55201802146621e-06,False,False,True,kept_rapid_trial_core
num__previous_3plus_total_admissions_365d,191320,47171,100.0,100.0,False,False,True,False,False,4.451571184047852e-05,False,False,True,kept_rapid_trial_core
num__frequent_psych_admitter_flag,191320,47171,100.0,100.0,False,False,True,False,False,0.002297763313301361,False,False,True,kept_rapid_trial_core
num__has_ed_timing,191320,47171,100.0,100.0,False,False,False,False,False,0.0001707279222259594,False,False,False,removed_not_selected_by_signal_or_family_rule
num__ed_length_of_stay_hours,191320,47171,100.0,100.0,False,False,True,False,False,0.01939330129566295,True,False,True,kept_rapid_trial_core; kept_high_recent_shap_signal
num__ed_to_admission_hours,191320,47171,100.0,100.0,False,False,True,False,False,0.01673246163806827,True,False,True,kept_rapid_trial_core; kept_high_recent_shap_signal
num__ed_to_ward_delay_hours,191320,47171,100.0,100.0,False,False,False,False,False,0.0,False,False,False,removed_not_selected_by_signal_or_family_rule
num__previous_icu_admissions,191320,47171,100.0,100.0,False,False,True,False,False,0.003209158102145253,True,False,True,kept_rapid_trial_core; kept_high_recent_shap_signal
num__has_previous_icu_admission,191320,47171,100.0,100.0,False,False,True,False,False,8.171487823288519e-05,False,False,True,kept_rapid_trial_core
num__days_since_previous_icu_admission,191320,47171,100.0,100.0,False,False,True,False,False,0.002830892613999964,True,False,True,kept_rapid_trial_core; kept_high_recent_shap_signal
num__previous_icu_admissions_7d,191320,47171,100.0,100.0,False,False,True,True,False,7.637646451517062e-05,False,True,True,kept_rapid_trial_core; kept_clinically_relevant_non_sparse_extra
num__recent_icu_admission_7d_flag,191320,47171,100.0,100.0,False,False,False,True,False,0.0,False,True,True,kept_clinically_relevant_non_sparse_extra
num__previous_icu_admissions_14d,191320,47171,100.0,100.0,False,False,True,True,False,2.828167453117203e-05,False,True,True,kept_rapid_trial_core; kept_clinically_relevant_non_sparse_extra
num__recent_icu_admission_14d_flag,191320,47171,100.0,100.0,False,False,False,True,False,0.0,False,True,True,kept_clinically_relevant_non_sparse_extra
num__previous_icu_admissions_30d,191320,47171,100.0,100.0,False,False,True,True,False,3.117845471817177e-05,False,True,True,kept_rapid_trial_core; kept_clinically_relevant_non_sparse_extra
num__recent_icu_admission_30d_flag,191320,47171,100.0,100.0,False,False,True,True,False,5.032639112219025e-06,False,True,True,kept_rapid_trial_core; kept_clinically_relevant_non_sparse_extra
num__previous_icu_admissions_60d,191320,47171,100.0,100.0,False,False,True,True,False,6.110483829851489e-05,False,True,True,kept_rapid_trial_core; kept_clinically_relevant_non_sparse_extra
num__recent_icu_admission_60d_flag,191320,47171,100.0,100.0,False,False,True,True,False,1.266407252842328e-05,False,True,True,kept_rapid_trial_core; kept_clinically_relevant_non_sparse_extra
num__previous_icu_admissions_90d,191320,47171,100.0,100.0,False,False,True,True,False,0.0002709801757719163,False,True,True,kept_rapid_trial_core; kept_clinically_relevant_non_sparse_extra
num__recent_icu_admission_90d_flag,191320,47171,100.0,100.0,False,False,True,True,False,6.454146372571953e-05,False,True,True,kept_rapid_trial_core; kept_clinically_relevant_non_sparse_extra
num__previous_icu_admissions_180d,191320,47171,100.0,100.0,False,False,True,True,False,1.557151153974701e-05,False,True,True,kept_rapid_trial_core; kept_clinically_relevant_non_sparse_extra
num__recent_icu_admission_180d_flag,191320,47171,100.0,100.0,False,False,False,True,False,0.0,False,True,True,kept_clinically_relevant_non_sparse_extra
num__previous_icu_admissions_365d,191320,47171,100.0,100.0,False,False,True,True,False,0.0003475392507205977,False,True,True,kept_rapid_trial_core; kept_clinically_relevant_non_sparse_extra
num__recent_icu_admission_365d_flag,191320,47171,100.0,100.0,False,False,True,True,False,2.293961006216705e-05,False,True,True,kept_rapid_trial_core; kept_clinically_relevant_non_sparse_extra
num__days_since_previous_icu_admission_filled,191320,47171,100.0,100.0,False,False,True,False,False,0.002240081610504988,False,False,True,kept_rapid_trial_core
num__has_self_harm_or_suicidal_ideation,191320,47171,100.0,100.0,False,False,True,False,False,0.006979445509477122,True,False,True,kept_rapid_trial_core; kept_high_recent_shap_signal
num__has_alcohol_related_disorder,191320,47171,100.0,100.0,False,False,True,False,False,0.006222897836037324,True,False,True,kept_rapid_trial_core; kept_high_recent_shap_signal
num__has_opioid_related_disorder,191320,47171,100.0,100.0,False,False,True,False,False,0.001889537209441747,False,False,True,kept_rapid_trial_core
num__has_stimulant_related_disorder,191320,47171,100.0,100.0,False,False,False,False,False,5.484149369294755e-05,False,False,False,removed_not_selected_by_signal_or_family_rule
num__has_diabetes,191320,47171,100.0,100.0,False,False,False,False,False,0.0001247818654612953,False,False,False,removed_not_selected_by_signal_or_family_rule
num__has_chronic_kidney_disease,191320,47171,100.0,100.0,False,False,False,False,False,0.0001106849698767235,False,False,False,removed_not_selected_by_signal_or_family_rule
num__has_copd,191320,47171,100.0,100.0,False,False,False,False,False,0.0005032432764397206,False,False,False,removed_not_selected_by_signal_or_family_rule
num__has_heart_failure,191320,47171,100.0,100.0,False,False,False,False,False,0.001086152129307911,False,False,False,removed_not_selected_by_signal_or_family_rule
num__has_liver_disease,191320,47171,100.0,100.0,False,False,True,False,False,0.00126867400170153,False,False,True,kept_rapid_trial_core
num__has_cancer,191320,47171,100.0,100.0,False,False,True,False,False,0.0205151080649869,True,False,True,kept_rapid_trial_core; kept_high_recent_shap_signal
num__has_dementia,191320,47171,100.0,100.0,False,False,True,False,False,0.007279845673711103,True,False,True,kept_rapid_trial_core; kept_high_recent_shap_signal
num__physical_comorbidity_count,191320,47171,100.0,100.0,False,False,True,False,False,0.002097434942256783,False,False,True,kept_rapid_trial_core
num__charlson_comorbidity_index_simplified,191320,47171,100.0,100.0,False,False,True,False,False,0.02436373982410854,True,False,True,kept_rapid_trial_core; kept_high_recent_shap_signal
num__elixhauser_comorbidity_group_count_simplified,191320,47171,100.0,100.0,False,False,True,False,False,0.0004051591427679566,False,False,True,kept_rapid_trial_core
num__psychosis_on_current_and_previous_admission_flag,191320,47171,100.0,100.0,False,False,True,True,False,2.353448002517057e-05,False,True,True,kept_rapid_trial_core; kept_clinically_relevant_non_sparse_extra
num__depression_on_current_and_previous_admission_flag,191320,47171,100.0,100.0,False,False,True,True,False,0.0001296724028944283,False,True,True,kept_rapid_trial_core; kept_clinically_relevant_non_sparse_extra
num__substance_use_on_current_and_previous_admission_flag,191320,47171,100.0,100.0,False,False,True,True,False,0.002503962006034017,False,True,True,kept_rapid_trial_core; kept_clinically_relevant_non_sparse_extra
num__self_harm_recurrent_flag,191320,47171,100.0,100.0,False,False,True,False,False,0.002646109713891348,False,False,True,kept_rapid_trial_core
num__num_recurrent_psych_diagnosis_groups,191320,47171,100.0,100.0,False,False,True,False,False,0.001441281995080626,False,False,True,kept_rapid_trial_core
num__num_antibiotic_prescriptions,191320,47171,100.0,100.0,False,False,True,False,False,0.001491144538092412,False,False,True,kept_rapid_trial_core
num__had_antibiotic_exposure,191320,47171,100.0,100.0,False,False,False,False,False,0.0006894270627577105,False,False,False,removed_not_selected_by_signal_or_family_rule
num__num_opioid_prescriptions,191320,47171,100.0,100.0,False,False,True,False,False,0.01766701217344989,True,False,True,kept_rapid_trial_core; kept_high_recent_shap_signal
num__had_opioid_exposure,191320,47171,100.0,100.0,False,False,False,False,False,0.0005004802591554548,False,False,False,removed_not_selected_by_signal_or_family_rule
num__num_steroid_prescriptions,191320,47171,100.0,100.0,False,False,True,False,False,0.01943864382605855,True,False,True,kept_rapid_trial_core; kept_high_recent_shap_signal
num__had_steroid_exposure,191320,47171,100.0,100.0,False,False,True,False,False,0.005928346002655926,True,False,True,kept_rapid_trial_core; kept_high_recent_shap_signal
num__antipsychotic_prescription_count,191320,47171,100.0,100.0,False,False,True,True,False,0.001699653637486801,False,True,True,kept_rapid_trial_core; kept_clinically_relevant_non_sparse_extra
num__had_long_acting_injectable_antipsychotic,191320,47171,100.0,100.0,False,False,True,True,False,4.230324950563345e-06,False,True,True,kept_rapid_trial_core; kept_clinically_relevant_non_sparse_extra
num__new_antipsychotic_started_flag,191320,47171,100.0,100.0,False,False,True,True,False,0.0005545799735777225,False,True,True,kept_rapid_trial_core; kept_clinically_relevant_non_sparse_extra
num__new_antidepressant_started_flag,191320,47171,100.0,100.0,False,False,True,False,False,0.009250445752073545,True,False,True,kept_rapid_trial_core; kept_high_recent_shap_signal
num__had_benzodiazepine_order,191320,47171,100.0,100.0,False,False,True,True,False,0.004832289975307545,True,True,True,kept_rapid_trial_core; kept_high_recent_shap_signal; kept_clinically_relevant_non_sparse_extra
num__new_benzodiazepine_started_flag,191320,47171,100.0,100.0,False,False,False,True,False,0.0006807794033516523,False,True,True,kept_clinically_relevant_non_sparse_extra
num__had_mood_stabiliser_order,191320,47171,100.0,100.0,False,False,False,True,False,5.847599379843964e-05,False,True,True,kept_clinically_relevant_non_sparse_extra
num__new_mood_stabiliser_started_flag,191320,47171,100.0,100.0,False,False,False,True,False,1.433856323274085e-05,False,True,True,kept_clinically_relevant_non_sparse_extra
num__psychotropic_medication_change_count,191320,47171,100.0,100.0,False,False,True,True,False,0.00181588729959869,False,True,True,kept_rapid_trial_core; kept_clinically_relevant_non_sparse_extra
num__psychotropic_started_after_72h_flag,191320,47171,100.0,100.0,False,False,True,True,False,0.0004188824192976103,False,True,True,kept_rapid_trial_core; kept_clinically_relevant_non_sparse_extra
num__late_psychotropic_change_flag,191320,47171,100.0,100.0,False,False,True,True,False,4.636954797199442e-05,False,True,True,kept_rapid_trial_core; kept_clinically_relevant_non_sparse_extra
num__num_iv_prescription_rows,191320,47171,100.0,100.0,False,False,True,False,False,0.01133938121850958,True,False,True,kept_rapid_trial_core; kept_high_recent_shap_signal
num__had_iv_prescription,191320,47171,100.0,100.0,False,False,True,False,False,0.00177241922500092,False,False,True,kept_rapid_trial_core
num__medication_order_count_first_24h,191320,47171,100.0,100.0,False,False,True,False,False,0.006493530060679516,True,False,True,kept_rapid_trial_core; kept_high_recent_shap_signal
num__medication_order_count_first_72h,191320,47171,100.0,100.0,False,False,True,False,False,0.003760980691386477,True,False,True,kept_rapid_trial_core; kept_high_recent_shap_signal
num__num_unique_antipsychotics,191320,47171,100.0,100.0,False,False,True,True,False,0.000553648307400254,False,True,True,kept_rapid_trial_core; kept_clinically_relevant_non_sparse_extra
num__antipsychotic_polypharmacy_2plus,191320,47171,100.0,100.0,False,False,True,True,False,8.548018377041444e-05,False,True,True,kept_rapid_trial_core; kept_clinically_relevant_non_sparse_extra
num__antipsychotic_polypharmacy_3plus,191320,47171,100.0,100.0,False,False,True,True,False,1.133788282459136e-05,False,True,True,kept_rapid_trial_core; kept_clinically_relevant_non_sparse_extra
num__antipsychotic_plus_benzodiazepine,191320,47171,100.0,100.0,False,False,True,True,False,0.00722982392954096,True,True,True,kept_rapid_trial_core; kept_high_recent_shap_signal; kept_clinically_relevant_non_sparse_extra
num__antipsychotic_plus_mood_stabiliser,191320,47171,100.0,100.0,False,False,True,True,False,8.979234214825206e-05,False,True,True,kept_rapid_trial_core; kept_clinically_relevant_non_sparse_extra
num__num_orders_first_6h,191320,47171,100.0,100.0,False,False,True,False,False,0.002735471728110459,False,False,True,kept_rapid_trial_core
num__num_orders_first_12h,191320,47171,100.0,100.0,False,False,True,False,False,0.002927668415074309,True,False,True,kept_rapid_trial_core; kept_high_recent_shap_signal
num__num_orders_first_24h,191320,47171,100.0,100.0,False,False,True,False,False,0.00468805665912989,True,False,True,kept_rapid_trial_core; kept_high_recent_shap_signal
num__num_orders_first_72h,191320,47171,100.0,100.0,False,False,True,False,False,0.005429605001138245,True,False,True,kept_rapid_trial_core; kept_high_recent_shap_signal
num__orders_24_to_72h,191320,47171,100.0,100.0,False,False,True,False,False,0.002487047007362969,False,False,True,kept_rapid_trial_core
num__orders_after_72h_count,191320,47171,100.0,100.0,False,False,True,False,False,0.003351400762843227,True,False,True,kept_rapid_trial_core; kept_high_recent_shap_signal
num__order_activity_slope_24_to_72h,191320,47171,100.0,100.0,False,False,True,False,False,0.006898459614092717,True,False,True,kept_rapid_trial_core; kept_high_recent_shap_signal
num__first_order_hours_from_admission,191320,47171,100.0,100.0,False,False,True,False,False,0.007526279830596846,True,False,True,kept_rapid_trial_core; kept_high_recent_shap_signal
num__last_order_hours_from_admission,191320,47171,100.0,100.0,False,False,True,False,False,0.003255301235142124,True,False,True,kept_rapid_trial_core; kept_high_recent_shap_signal
num__num_total_poe_orders,191320,47171,100.0,100.0,False,False,True,False,False,0.003366272314152658,True,False,True,kept_rapid_trial_core; kept_high_recent_shap_signal
num__num_unique_order_types,191320,47171,100.0,100.0,False,False,True,False,False,0.00186345768567235,False,False,True,kept_rapid_trial_core
num__num_unique_order_subtypes,191320,47171,100.0,100.0,False,False,True,False,False,0.001965729039129662,False,False,True,kept_rapid_trial_core
num__num_unique_poe_order_categories,191320,47171,100.0,100.0,False,False,True,False,False,0.001661739747885096,False,False,True,kept_rapid_trial_core
num__num_unique_order_providers_first_24h,191320,47171,100.0,100.0,False,False,True,False,False,0.001656963026895213,False,False,True,kept_rapid_trial_core
num__num_unique_order_providers_first_72h,191320,47171,100.0,100.0,False,False,True,False,False,0.001284274607585749,False,False,True,kept_rapid_trial_core
num__num_discontinued_orders,191320,47171,100.0,100.0,False,False,True,False,False,0.002520446314848645,False,False,True,kept_rapid_trial_core
num__num_psych_related_poe_orders,191320,47171,100.0,100.0,False,False,True,False,False,0.0001418151451778068,False,False,True,kept_rapid_trial_core
num__num_consult_orders,191320,47171,100.0,100.0,False,False,False,False,False,0.0009770650856697526,False,False,False,removed_not_selected_by_signal_or_family_rule
num__num_social_work_case_management_orders,191320,47171,100.0,100.0,False,False,True,False,False,0.002721563244823724,False,False,True,kept_rapid_trial_core
num__num_observation_safety_orders,191320,47171,100.0,100.0,False,False,True,True,False,0.003654395271833688,True,True,True,kept_rapid_trial_core; kept_high_recent_shap_signal; kept_clinically_relevant_non_sparse_extra
num__num_followup_referral_orders,191320,47171,100.0,100.0,False,False,True,True,False,0.0003499449089354175,False,True,True,kept_rapid_trial_core; kept_clinically_relevant_non_sparse_extra
num__had_sitter_or_constant_observation_order,191320,47171,100.0,100.0,False,False,False,False,False,0.0001653527826034424,False,False,False,removed_not_selected_by_signal_or_family_rule
num__had_psych_consult_order,191320,47171,100.0,100.0,False,False,True,False,False,8.150608130456135e-05,False,False,True,kept_rapid_trial_core
num__had_social_work_case_management_order,191320,47171,100.0,100.0,False,False,True,False,False,0.001358500740546375,False,False,True,kept_rapid_trial_core
num__had_followup_or_outpatient_referral_order,191320,47171,100.0,100.0,False,False,True,True,False,8.670449575495678e-05,False,True,True,kept_rapid_trial_core; kept_clinically_relevant_non_sparse_extra
num__had_discharge_planning_order,191320,47171,100.0,100.0,False,False,True,True,False,0.009815461996936647,True,True,True,kept_rapid_trial_core; kept_high_recent_shap_signal; kept_clinically_relevant_non_sparse_extra
num__late_discharge_planning_after_72h_flag,0,0,0.0,0.0,True,True,False,True,False,0.0,False,False,False,removed_all_zero_train; removed_near_zero_unless_core
num__had_outpatient_followup_order,191320,47171,100.0,100.0,False,False,True,True,False,0.0007442627165263019,False,True,True,kept_rapid_trial_core; kept_clinically_relevant_non_sparse_extra
num__had_clinic_referral_order,191320,47171,100.0,100.0,False,False,False,False,False,0.0001916175000516164,False,False,False,removed_not_selected_by_signal_or_family_rule
num__had_case_management_order,191320,47171,100.0,100.0,False,False,False,False,False,0.0006190549716433663,False,False,False,removed_not_selected_by_signal_or_family_rule
num__num_followup_related_orders,191320,47171,100.0,100.0,False,False,True,True,False,0.0001381428195486916,False,True,True,kept_rapid_trial_core; kept_clinically_relevant_non_sparse_extra
num__followup_order_first_72h_flag,191320,47171,100.0,100.0,False,False,True,True,False,0.0006348313995622281,False,True,True,kept_rapid_trial_core; kept_clinically_relevant_non_sparse_extra
num__late_followup_order_flag,191320,47171,100.0,100.0,False,False,True,True,False,0.0002437063953230087,False,True,True,kept_rapid_trial_core; kept_clinically_relevant_non_sparse_extra
num__had_constant_observation_order,191320,47171,100.0,100.0,False,False,False,False,False,0.0002227783519400511,False,False,False,removed_not_selected_by_signal_or_family_rule
num__orders_last_24h_before_discharge,191320,47171,100.0,100.0,False,False,True,True,False,0.002080799074556009,False,True,True,kept_rapid_trial_core; kept_clinically_relevant_non_sparse_extra
num__orders_last_48h_before_discharge,191320,47171,100.0,100.0,False,False,True,True,False,0.007658385667408647,True,True,True,kept_rapid_trial_core; kept_high_recent_shap_signal; kept_clinically_relevant_non_sparse_extra
num__orders_last_12h_before_discharge,191320,47171,100.0,100.0,False,False,True,True,False,0.09607127731986889,True,True,True,kept_rapid_trial_core; kept_high_recent_shap_signal; kept_clinically_relevant_non_sparse_extra
num__orders_last_6h_before_discharge,191320,47171,100.0,100.0,False,False,True,True,False,0.005342966049592575,True,True,True,kept_rapid_trial_core; kept_high_recent_shap_signal; kept_clinically_relevant_non_sparse_extra
num__new_orders_last_24h_before_discharge_flag,191320,47171,100.0,100.0,False,False,False,True,False,0.0,False,True,True,kept_clinically_relevant_non_sparse_extra
num__new_orders_last_12h_before_discharge_flag,191320,47171,100.0,100.0,False,False,True,True,False,0.0127491765469077,True,True,True,kept_rapid_trial_core; kept_high_recent_shap_signal; kept_clinically_relevant_non_sparse_extra
num__order_activity_last_24h_to_total_ratio,191320,47171,100.0,100.0,False,False,True,False,False,0.003624565660233484,True,False,True,kept_rapid_trial_core; kept_high_recent_shap_signal
num__order_activity_last_48h_to_total_ratio,191320,47171,100.0,100.0,False,False,True,False,False,0.008597522894982886,True,False,True,kept_rapid_trial_core; kept_high_recent_shap_signal
num__order_activity_last_12h_to_total_ratio,191320,47171,100.0,100.0,False,False,True,True,False,0.005984760124681047,True,True,True,kept_rapid_trial_core; kept_high_recent_shap_signal; kept_clinically_relevant_non_sparse_extra
num__order_activity_last_6h_to_total_ratio,191320,47171,100.0,100.0,False,False,True,True,False,0.02114450031728178,True,True,True,kept_rapid_trial_core; kept_high_recent_shap_signal; kept_clinically_relevant_non_sparse_extra
num__last_order_within_6h_of_discharge_flag,191320,47171,100.0,100.0,False,False,False,False,False,0.0,False,False,False,removed_not_selected_by_signal_or_family_rule
num__last_order_within_12h_of_discharge_flag,191320,47171,100.0,100.0,False,False,True,False,False,0.02320836099761137,True,False,True,kept_rapid_trial_core; kept_high_recent_shap_signal
num__last_order_within_24h_of_discharge_flag,191320,47171,100.0,100.0,False,False,False,False,False,0.0,False,False,False,removed_not_selected_by_signal_or_family_rule
num__last_order_close_to_discharge_hours,191320,47171,100.0,100.0,False,False,True,False,False,0.1301947827902128,True,False,True,kept_rapid_trial_core; kept_high_recent_shap_signal
num__order_activity_duration_hours,191320,47171,100.0,100.0,False,False,True,False,False,0.003704323287311334,True,False,True,kept_rapid_trial_core; kept_high_recent_shap_signal
num__safety_orders_first_24h,191320,47171,100.0,100.0,False,False,True,True,False,0.007673471339552736,True,True,True,kept_rapid_trial_core; kept_high_recent_shap_signal; kept_clinically_relevant_non_sparse_extra
num__safety_orders_first_72h,191320,47171,100.0,100.0,False,False,True,True,False,0.001691116151057455,False,True,True,kept_rapid_trial_core; kept_clinically_relevant_non_sparse_extra
num__safety_orders_after_72h,191320,47171,100.0,100.0,False,False,False,True,False,0.0,False,True,True,kept_clinically_relevant_non_sparse_extra
num__safety_orders_last_24h_before_discharge,191320,47171,100.0,100.0,False,False,True,True,False,0.01051622557020452,True,True,True,kept_rapid_trial_core; kept_high_recent_shap_signal; kept_clinically_relevant_non_sparse_extra
num__safety_order_density_per_day,191320,47171,100.0,100.0,False,False,True,True,False,0.009575392877984576,True,True,True,kept_rapid_trial_core; kept_high_recent_shap_signal; kept_clinically_relevant_non_sparse_extra
num__late_safety_order_flag,191320,47171,100.0,100.0,False,False,False,True,False,0.0,False,True,True,kept_clinically_relevant_non_sparse_extra
num__safety_order_near_discharge_flag,191320,47171,100.0,100.0,False,False,True,True,False,0.004392587209785432,True,True,True,kept_rapid_trial_core; kept_high_recent_shap_signal; kept_clinically_relevant_non_sparse_extra
num__self_harm_and_late_safety_order_flag,191320,47171,100.0,100.0,False,False,False,True,False,0.0,False,True,True,kept_clinically_relevant_non_sparse_extra
num__care_team_touchpoints_after_72h,191320,47171,100.0,100.0,False,False,True,False,False,0.003530607827132397,True,False,True,kept_rapid_trial_core; kept_high_recent_shap_signal
num__care_team_touchpoints_last_24h_before_discharge,191320,47171,100.0,100.0,False,False,True,True,False,0.002269708105543806,False,True,True,kept_rapid_trial_core; kept_clinically_relevant_non_sparse_extra
num__care_team_touchpoint_density_per_day,191320,47171,100.0,100.0,False,False,True,False,False,0.004144695480375882,True,False,True,kept_rapid_trial_core; kept_high_recent_shap_signal
num__late_care_team_activity_flag,191320,47171,100.0,100.0,False,False,False,True,False,0.0,False,True,True,kept_clinically_relevant_non_sparse_extra
num__high_care_team_touchpoints_near_discharge_flag,191320,47171,100.0,100.0,False,False,True,True,False,4.843612070607482e-05,False,True,True,kept_rapid_trial_core; kept_clinically_relevant_non_sparse_extra
num__late_medication_orders_last_12h,191320,47171,100.0,100.0,False,False,True,True,False,0.001229207360702629,False,True,True,kept_rapid_trial_core; kept_clinically_relevant_non_sparse_extra
num__late_lab_orders_last_12h,191320,47171,100.0,100.0,False,False,True,True,False,0.0002337997283060766,False,True,True,kept_rapid_trial_core; kept_clinically_relevant_non_sparse_extra
num__late_imaging_orders_last_12h,191320,47171,100.0,100.0,False,False,True,True,False,9.584078182570692e-05,False,True,True,kept_rapid_trial_core; kept_clinically_relevant_non_sparse_extra
num__late_consult_orders_last_12h,191320,47171,100.0,100.0,False,False,True,True,False,0.0001385462957986404,False,True,True,kept_rapid_trial_core; kept_clinically_relevant_non_sparse_extra
num__late_discharge_admin_orders_last_12h,191320,47171,100.0,100.0,False,False,True,True,False,0.0008770988869861699,False,True,True,kept_rapid_trial_core; kept_clinically_relevant_non_sparse_extra
num__late_routine_care_orders_last_12h,191320,47171,100.0,100.0,False,False,True,True,False,0.0008184146086156613,False,True,True,kept_rapid_trial_core; kept_clinically_relevant_non_sparse_extra
num__late_psych_safety_orders_last_12h,191320,47171,100.0,100.0,False,False,True,True,False,0.001164083365786784,False,True,True,kept_rapid_trial_core; kept_clinically_relevant_non_sparse_extra
num__late_social_work_or_case_management_orders_last_12h,191320,47171,100.0,100.0,False,False,False,True,False,0.0,False,True,True,kept_clinically_relevant_non_sparse_extra
num__late_followup_or_aftercare_orders_last_12h,191320,47171,100.0,100.0,False,False,True,True,False,0.0001506331486895194,False,True,True,kept_rapid_trial_core; kept_clinically_relevant_non_sparse_extra
num__late_medication_orders_last_6h,191320,47171,100.0,100.0,False,False,True,True,False,0.001257604273925265,False,True,True,kept_rapid_trial_core; kept_clinically_relevant_non_sparse_extra
num__late_lab_orders_last_6h,191320,47171,100.0,100.0,False,False,True,True,False,0.0001938989563204809,False,True,True,kept_rapid_trial_core; kept_clinically_relevant_non_sparse_extra
num__late_imaging_orders_last_6h,191320,47171,100.0,100.0,False,False,True,True,False,4.131184323341586e-05,False,True,True,kept_rapid_trial_core; kept_clinically_relevant_non_sparse_extra
num__late_consult_orders_last_6h,191320,47171,100.0,100.0,False,False,True,True,False,7.136403705662433e-05,False,True,True,kept_rapid_trial_core; kept_clinically_relevant_non_sparse_extra
num__late_discharge_admin_orders_last_6h,191320,47171,100.0,100.0,False,False,True,True,False,0.000748727124465299,False,True,True,kept_rapid_trial_core; kept_clinically_relevant_non_sparse_extra
num__late_routine_care_orders_last_6h,191320,47171,100.0,100.0,False,False,True,True,False,0.000628782108098412,False,True,True,kept_rapid_trial_core; kept_clinically_relevant_non_sparse_extra
num__late_psych_safety_orders_last_6h,191320,47171,100.0,100.0,False,False,True,True,False,0.000208587449407502,False,True,True,kept_rapid_trial_core; kept_clinically_relevant_non_sparse_extra
num__late_social_work_or_case_management_orders_last_6h,191320,47171,100.0,100.0,False,False,False,True,False,0.0,False,True,True,kept_clinically_relevant_non_sparse_extra
num__late_followup_or_aftercare_orders_last_6h,191320,47171,100.0,100.0,False,False,True,True,False,0.0008375436719451795,False,True,True,kept_rapid_trial_core; kept_clinically_relevant_non_sparse_extra
num__discontinued_orders_last_24h_before_discharge,191320,47171,100.0,100.0,False,False,True,True,False,0.0008199776999451578,False,True,True,kept_rapid_trial_core; kept_clinically_relevant_non_sparse_extra
num__discontinued_orders_last_12h_before_discharge,191320,47171,100.0,100.0,False,False,True,True,False,0.01577324012534332,True,True,True,kept_rapid_trial_core; kept_high_recent_shap_signal; kept_clinically_relevant_non_sparse_extra
num__cancelled_orders_last_24h_before_discharge,0,0,0.0,0.0,True,True,False,True,False,0.0,False,False,False,removed_all_zero_train; removed_near_zero_unless_core
num__late_discontinued_medication_orders,191320,47171,100.0,100.0,False,False,True,True,False,0.003213693158762222,True,True,True,kept_rapid_trial_core; kept_high_recent_shap_signal; kept_clinically_relevant_non_sparse_extra
num__late_discontinued_lab_orders,191320,47171,100.0,100.0,False,False,True,True,False,0.002516830493913451,False,True,True,kept_rapid_trial_core; kept_clinically_relevant_non_sparse_extra
num__late_discontinued_safety_orders,191320,47171,100.0,100.0,False,False,True,True,False,0.002046463766268477,False,True,True,kept_rapid_trial_core; kept_clinically_relevant_non_sparse_extra
num__had_therapy_or_counselling_followup_order,191320,47171,100.0,100.0,False,False,True,True,False,8.77859661938452e-05,False,True,True,kept_rapid_trial_core; kept_clinically_relevant_non_sparse_extra
num__had_substance_use_followup_order,191320,47171,100.0,100.0,False,False,False,True,False,0.0,False,True,True,kept_clinically_relevant_non_sparse_extra
num__followup_order_last_48h_before_discharge,191320,47171,100.0,100.0,False,False,True,True,False,0.0003908338815363783,False,True,True,kept_rapid_trial_core; kept_clinically_relevant_non_sparse_extra
num__followup_order_last_24h_before_discharge,191320,47171,100.0,100.0,False,False,True,True,False,0.000381699175613406,False,True,True,kept_rapid_trial_core; kept_clinically_relevant_non_sparse_extra
num__safety_orders_last_12h_before_discharge,191320,47171,100.0,100.0,False,False,True,True,False,0.0001393819982433378,False,True,True,kept_rapid_trial_core; kept_clinically_relevant_non_sparse_extra
num__safety_orders_last_6h_before_discharge,191320,47171,100.0,100.0,False,False,True,True,False,0.0001043615796715758,False,True,True,kept_rapid_trial_core; kept_clinically_relevant_non_sparse_extra
num__new_safety_order_last_24h_before_discharge_flag,191320,47171,100.0,100.0,False,False,True,True,False,0.0008293117321564446,False,True,True,kept_rapid_trial_core; kept_clinically_relevant_non_sparse_extra
num__new_safety_order_last_12h_before_discharge_flag,191320,47171,100.0,100.0,False,False,False,True,False,0.0,False,True,True,kept_clinically_relevant_non_sparse_extra
num__first_safety_order_hours_from_admission,191320,47171,100.0,100.0,False,False,True,True,False,0.006354091876365823,True,True,True,kept_rapid_trial_core; kept_high_recent_shap_signal; kept_clinically_relevant_non_sparse_extra
num__last_safety_order_hours_from_admission,191320,47171,100.0,100.0,False,False,True,True,False,0.00563949334463959,True,True,True,kept_rapid_trial_core; kept_high_recent_shap_signal; kept_clinically_relevant_non_sparse_extra
num__safety_order_activity_duration_hours,191320,47171,100.0,100.0,False,False,False,True,False,0.001102990526619468,False,True,True,kept_clinically_relevant_non_sparse_extra
num__previous_admission_had_late_orders,191320,47171,100.0,100.0,False,False,True,True,False,1.943613642652053e-05,False,True,True,kept_rapid_trial_core; kept_clinically_relevant_non_sparse_extra
num__previous_admission_had_safety_order,191320,47171,100.0,100.0,False,False,True,True,False,0.0009417523034634383,False,True,True,kept_rapid_trial_core; kept_clinically_relevant_non_sparse_extra
num__previous_admission_had_discharge_planning_order,191320,47171,100.0,100.0,False,False,True,True,False,0.001074192925196426,False,True,True,kept_rapid_trial_core; kept_clinically_relevant_non_sparse_extra
num__previous_admission_order_activity_count,191320,47171,100.0,100.0,False,False,True,True,False,0.007842974753081197,True,True,True,kept_rapid_trial_core; kept_high_recent_shap_signal; kept_clinically_relevant_non_sparse_extra
num__previous_admission_had_late_safety_orders,191320,47171,100.0,100.0,False,False,True,True,False,0.0005260696125802167,False,True,True,kept_rapid_trial_core; kept_clinically_relevant_non_sparse_extra
num__previous_admission_had_late_lab_orders,191320,47171,100.0,100.0,False,False,True,True,False,0.0002332420380433387,False,True,True,kept_rapid_trial_core; kept_clinically_relevant_non_sparse_extra
num__previous_admission_had_late_medication_orders,191320,47171,100.0,100.0,False,False,False,True,False,0.0,False,True,True,kept_clinically_relevant_non_sparse_extra
num__previous_admission_had_followup_order,191320,47171,100.0,100.0,False,False,True,True,False,0.0002960351465425688,False,True,True,kept_rapid_trial_core; kept_clinically_relevant_non_sparse_extra
num__previous_admission_had_home_discharge_no_followup,191320,47171,100.0,100.0,False,False,True,True,False,0.0004580048967029745,False,True,True,kept_rapid_trial_core; kept_clinically_relevant_non_sparse_extra
num__previous_admission_had_psych_facility_discharge,191320,47171,100.0,100.0,False,False,False,True,False,0.0,False,True,True,kept_clinically_relevant_non_sparse_extra
num__previous_admission_had_facility_discharge,191320,47171,100.0,100.0,False,False,True,True,False,0.0002041898376860429,False,True,True,kept_rapid_trial_core; kept_clinically_relevant_non_sparse_extra
num__previous_admission_late_order_count,191320,47171,100.0,100.0,False,False,True,True,False,0.003800217857294146,True,True,True,kept_rapid_trial_core; kept_high_recent_shap_signal; kept_clinically_relevant_non_sparse_extra
num__previous_admission_late_order_share,191320,47171,100.0,100.0,False,False,True,True,False,0.003610307624661039,True,True,True,kept_rapid_trial_core; kept_high_recent_shap_signal; kept_clinically_relevant_non_sparse_extra
num__prior_discharge_instability_score,191320,47171,100.0,100.0,False,False,True,False,False,0.0009682928298800591,False,False,True,kept_rapid_trial_core
num__prior_instability_score,191320,47171,100.0,100.0,False,False,True,False,False,0.0006609184274832649,False,False,True,kept_rapid_trial_core
num__num_pharmacy_records,191320,47171,100.0,100.0,False,False,False,True,False,0.0009572316079008497,False,True,True,kept_clinically_relevant_non_sparse_extra
num__num_unique_pharmacy_medications,191320,47171,100.0,100.0,False,False,True,True,False,0.001836354908625154,False,True,True,kept_rapid_trial_core; kept_clinically_relevant_non_sparse_extra
num__num_iv_pharmacy_orders,191320,47171,100.0,100.0,False,False,True,True,False,0.004297032250531312,True,True,True,kept_rapid_trial_core; kept_high_recent_shap_signal; kept_clinically_relevant_non_sparse_extra
num__num_infusion_pharmacy_orders,191320,47171,100.0,100.0,False,False,True,True,False,0.002239934072000212,False,True,True,kept_rapid_trial_core; kept_clinically_relevant_non_sparse_extra
num__num_prn_pharmacy_orders,191320,47171,100.0,100.0,False,False,True,True,False,0.008283562302395363,True,True,True,kept_rapid_trial_core; kept_high_recent_shap_signal; kept_clinically_relevant_non_sparse_extra
num__num_scheduled_pharmacy_orders,191320,47171,100.0,100.0,False,False,True,True,False,0.01235105015228456,True,True,True,kept_rapid_trial_core; kept_high_recent_shap_signal; kept_clinically_relevant_non_sparse_extra
num__num_high_frequency_med_orders,191320,47171,100.0,100.0,False,False,True,False,False,0.002362111986911442,False,False,True,kept_rapid_trial_core
num__num_med_orders_with_duration,191320,47171,100.0,100.0,False,False,True,False,False,0.001403889654601283,False,False,True,kept_rapid_trial_core
num__num_discontinued_pharmacy_orders,191320,47171,100.0,100.0,False,False,True,True,False,0.002736438174923481,False,True,True,kept_rapid_trial_core; kept_clinically_relevant_non_sparse_extra
num__num_verified_pharmacy_orders,191320,47171,100.0,100.0,False,False,False,True,False,0.001087704502139925,False,True,True,kept_clinically_relevant_non_sparse_extra
num__num_oral_pharmacy_orders,191320,47171,100.0,100.0,False,False,True,True,False,0.001283513973385004,False,True,True,kept_rapid_trial_core; kept_clinically_relevant_non_sparse_extra
num__num_iv_route_pharmacy_orders,191320,47171,100.0,100.0,False,False,True,True,False,0.001544805312153777,False,True,True,kept_rapid_trial_core; kept_clinically_relevant_non_sparse_extra
num__num_prn_psychotropic_orders,191320,47171,100.0,100.0,False,False,True,True,False,0.001128452539128579,False,True,True,kept_rapid_trial_core; kept_clinically_relevant_non_sparse_extra
num__num_scheduled_psychotropic_orders,191320,47171,100.0,100.0,False,False,True,True,False,0.002645222414416061,False,True,True,kept_rapid_trial_core; kept_clinically_relevant_non_sparse_extra
num__num_medication_route_types,191320,47171,100.0,100.0,False,False,True,False,False,0.008047926446055802,True,False,True,kept_rapid_trial_core; kept_high_recent_shap_signal
num__num_medication_frequency_types,191320,47171,100.0,100.0,False,False,True,False,False,0.003019485527935133,True,False,True,kept_rapid_trial_core; kept_high_recent_shap_signal
num__psychotropic_order_density_per_day,191320,47171,100.0,100.0,False,False,True,True,False,0.01811281344404385,True,True,True,kept_rapid_trial_core; kept_high_recent_shap_signal; kept_clinically_relevant_non_sparse_extra
num__had_prn_antipsychotic,191320,47171,100.0,100.0,False,False,True,True,False,0.0001365516347452856,False,True,True,kept_rapid_trial_core; kept_clinically_relevant_non_sparse_extra
num__had_prn_benzodiazepine,191320,47171,100.0,100.0,False,False,False,True,False,0.0004243944319387529,False,True,True,kept_clinically_relevant_non_sparse_extra
num__num_prn_benzodiazepine_orders,191320,47171,100.0,100.0,False,False,True,True,False,0.004331287555453735,True,True,True,kept_rapid_trial_core; kept_high_recent_shap_signal; kept_clinically_relevant_non_sparse_extra
num__num_prn_antipsychotic_orders,191320,47171,100.0,100.0,False,False,True,True,False,0.0002149593958433181,False,True,True,kept_rapid_trial_core; kept_clinically_relevant_non_sparse_extra
num__had_naloxone_order,191320,47171,100.0,100.0,False,False,False,False,False,0.0003462653725375233,False,False,False,removed_not_selected_by_signal_or_family_rule
num__had_withdrawal_treatment_order,191320,47171,100.0,100.0,False,False,False,False,False,0.0003865970394544209,False,False,False,removed_not_selected_by_signal_or_family_rule
num__had_lockout_interval_order,191320,47171,100.0,100.0,False,False,True,False,False,0.001398833083789705,False,False,True,kept_rapid_trial_core
num__had_basal_rate_order,191320,47171,100.0,100.0,False,False,True,False,False,0.001915920016817648,False,False,True,kept_rapid_trial_core
num__had_sliding_scale_order,191320,47171,100.0,100.0,False,False,False,False,False,5.366735776264634e-05,False,False,False,removed_not_selected_by_signal_or_family_rule
num__had_one_hr_max_order,191320,47171,100.0,100.0,False,False,True,False,False,0.005411838397481021,True,False,True,kept_rapid_trial_core; kept_high_recent_shap_signal
num__num_unverified_pharmacy_orders,191320,47171,100.0,100.0,False,False,False,True,False,0.0,False,True,True,kept_clinically_relevant_non_sparse_extra
num__num_floor_stock_pharmacy_orders,191320,47171,100.0,100.0,False,False,True,True,True,0.002481621788862961,False,True,True,kept_rapid_trial_core; kept_clinically_relevant_non_sparse_extra
num__num_patient_may_take_own_med_orders,191320,47171,100.0,100.0,False,False,False,False,True,2.029613824561238e-05,False,True,True,kept_clinically_relevant_non_sparse_extra
num__num_dosing_by_pharmacy_orders,191320,47171,100.0,100.0,False,False,False,True,True,0.0002589529145557094,False,True,True,kept_clinically_relevant_non_sparse_extra
num__num_discharge_med_proc_type_orders,191320,47171,100.0,100.0,False,False,False,False,True,0.0,False,True,True,kept_clinically_relevant_non_sparse_extra
num__pharmacy_logistics_complexity_score,191320,47171,100.0,100.0,False,False,True,True,True,0.001754684495953823,False,True,True,kept_rapid_trial_core; kept_clinically_relevant_non_sparse_extra
num__pharmacy_infusion_complexity_score,191320,47171,100.0,100.0,False,False,True,True,False,0.001514598964452252,False,True,True,kept_rapid_trial_core; kept_clinically_relevant_non_sparse_extra
num__psychotropic_orders_last_24h_before_discharge,191320,47171,100.0,100.0,False,False,True,True,False,0.0007871324039617516,False,True,True,kept_rapid_trial_core; kept_clinically_relevant_non_sparse_extra
num__psychotropic_orders_last_48h_before_discharge,191320,47171,100.0,100.0,False,False,True,True,False,0.0007993862657903336,False,True,True,kept_rapid_trial_core; kept_clinically_relevant_non_sparse_extra
num__prn_psychotropic_orders_last_24h_before_discharge,191320,47171,100.0,100.0,False,False,True,True,False,0.001614155901829777,False,True,True,kept_rapid_trial_core; kept_clinically_relevant_non_sparse_extra
num__microbiology_test_count,191320,47171,100.0,100.0,False,False,True,False,False,0.002602757538278589,False,False,True,kept_rapid_trial_core
num__blood_culture_positive,191320,47171,100.0,100.0,False,False,False,False,False,0.0011317332685302,False,False,False,removed_not_selected_by_signal_or_family_rule
num__urine_culture_positive,191320,47171,100.0,100.0,False,False,False,False,False,8.18688077734034e-05,False,False,False,removed_not_selected_by_signal_or_family_rule
num__respiratory_culture_positive,191320,47171,100.0,100.0,False,False,True,False,False,0.003026628341441762,True,False,True,kept_rapid_trial_core; kept_high_recent_shap_signal
num__num_positive_blood_culture,191320,47171,100.0,100.0,False,False,True,False,False,0.002838856063986032,True,False,True,kept_rapid_trial_core; kept_high_recent_shap_signal
num__num_positive_urine_culture,191320,47171,100.0,100.0,False,False,False,False,False,0.0006489786469403907,False,False,False,removed_not_selected_by_signal_or_family_rule
num__num_positive_respiratory_culture,191320,47171,100.0,100.0,False,False,False,False,False,0.0009192808812032557,False,False,False,removed_not_selected_by_signal_or_family_rule
num__culture_positive_first_72h,191320,47171,100.0,100.0,False,False,False,False,False,0.0001239817055522367,False,False,False,removed_not_selected_by_signal_or_family_rule
num__distinct_organism_count,191320,47171,100.0,100.0,False,False,False,False,False,0.0002237496857603952,False,False,False,removed_not_selected_by_signal_or_family_rule
num__num_distinct_specimen_types,191320,47171,100.0,100.0,False,False,True,False,False,0.001728520189199723,False,False,True,kept_rapid_trial_core
num__num_distinct_organisms,191320,47171,100.0,100.0,False,False,False,False,False,4.661546666909649e-05,False,False,False,removed_not_selected_by_signal_or_family_rule
num__has_microbiology_test,191320,47171,100.0,100.0,False,False,False,False,False,1.783456900739111e-05,False,False,False,removed_not_selected_by_signal_or_family_rule
num__suspected_infection_flag,191320,47171,100.0,100.0,False,False,False,False,False,0.001064250786623486,False,False,False,removed_not_selected_by_signal_or_family_rule
num__latest_bmi_before_admission,191320,47171,100.0,100.0,False,False,True,False,False,0.005966371162507304,True,False,True,kept_rapid_trial_core; kept_high_recent_shap_signal
num__previous_bmi_before_admission,191320,47171,100.0,100.0,False,False,True,False,False,0.003435863288569469,True,False,True,kept_rapid_trial_core; kept_high_recent_shap_signal
num__latest_weight_kg_before_admission,191320,47171,100.0,100.0,False,False,True,False,False,0.003805051592707827,True,False,True,kept_rapid_trial_core; kept_high_recent_shap_signal
num__previous_weight_kg_before_admission,191320,47171,100.0,100.0,False,False,True,False,False,0.002862160469751227,True,False,True,kept_rapid_trial_core; kept_high_recent_shap_signal
num__latest_height_cm_before_admission,191320,47171,100.0,100.0,False,False,True,False,False,0.005409804469105599,True,False,True,kept_rapid_trial_core; kept_high_recent_shap_signal
num__previous_height_cm_before_admission,191320,47171,100.0,100.0,False,False,True,False,False,0.001639860088264149,False,False,True,kept_rapid_trial_core
num__days_since_latest_body_measure,191320,47171,100.0,100.0,False,False,True,False,False,0.03708677546803477,True,False,True,kept_rapid_trial_core; kept_high_recent_shap_signal
num__bmi_change_recent,191320,47171,100.0,100.0,False,False,True,False,False,0.001789093137798493,False,False,True,kept_rapid_trial_core
num__weight_change_recent,191320,47171,100.0,100.0,False,False,True,False,False,0.003664182538879951,True,False,True,kept_rapid_trial_core; kept_high_recent_shap_signal
num__height_change_recent,191320,47171,100.0,100.0,False,False,True,False,False,0.001892754746333113,False,False,True,kept_rapid_trial_core
num__missing_bmi_flag,191320,47171,100.0,100.0,False,False,False,False,False,0.0006394267547875643,False,False,False,removed_not_selected_by_signal_or_family_rule
num__obesity_flag,191320,47171,100.0,100.0,False,False,False,False,False,2.793857773330109e-05,False,False,False,removed_not_selected_by_signal_or_family_rule
num__medical_to_psych_service_transfer,191320,47171,100.0,100.0,False,False,True,False,False,0.0006754045375869946,False,False,True,kept_rapid_trial_core
num__psych_to_medical_service_transfer,191320,47171,100.0,100.0,False,False,False,False,False,0.0,False,False,False,removed_not_selected_by_signal_or_family_rule
num__psych_service_involved_anytime,191320,47171,100.0,100.0,False,False,True,False,False,0.000332177027651972,False,False,True,kept_rapid_trial_core
num__medicine_service_involved_anytime,191320,47171,100.0,100.0,False,False,True,False,False,0.01153303986701779,True,False,True,kept_rapid_trial_core; kept_high_recent_shap_signal
num__medicine_and_psych_services_both_flag,191320,47171,100.0,100.0,False,False,False,False,False,0.0,False,False,False,removed_not_selected_by_signal_or_family_rule
num__same_first_last_service,191320,47171,100.0,100.0,False,False,False,False,False,9.919067360852399e-05,False,False,False,removed_not_selected_by_signal_or_family_rule
num__time_to_first_transfer_hours,191320,47171,100.0,100.0,False,False,True,False,False,0.006931278070005382,True,False,True,kept_rapid_trial_core; kept_high_recent_shap_signal
num__has_cannabis_related_disorder,191320,47171,100.0,100.0,False,False,False,False,False,0.0,False,False,False,removed_not_selected_by_signal_or_family_rule
num__has_tobacco_or_nicotine_related_disorder,191320,47171,100.0,100.0,False,False,False,False,False,0.0004377269593691092,False,False,False,removed_not_selected_by_signal_or_family_rule
num__has_sedative_hypnotic_related_disorder,191320,47171,100.0,100.0,False,False,False,False,False,0.0009259212153323261,False,False,False,removed_not_selected_by_signal_or_family_rule
num__has_polysubstance_related_disorder,191320,47171,100.0,100.0,False,False,True,False,False,0.0002061113140347802,False,False,True,kept_rapid_trial_core
num__elixhauser_congestive_heart_failure,191320,47171,100.0,100.0,False,False,True,False,False,0.0002978709921145658,False,False,True,kept_rapid_trial_core
num__elixhauser_valvular_disease,191320,47171,100.0,100.0,False,False,True,False,False,0.001141346256296925,False,False,True,kept_rapid_trial_core
num__elixhauser_pulmonary_circulation,191320,47171,100.0,100.0,False,False,True,False,False,0.0001316005541688287,False,False,True,kept_rapid_trial_core
num__elixhauser_peripheral_vascular,191320,47171,100.0,100.0,False,False,True,False,False,0.003803872761874406,True,False,True,kept_rapid_trial_core; kept_high_recent_shap_signal
num__elixhauser_hypertension,191320,47171,100.0,100.0,False,False,True,False,False,0.0004979097883087746,False,False,True,kept_rapid_trial_core
num__elixhauser_paralysis,191320,47171,100.0,100.0,False,False,False,False,False,0.0,False,False,False,removed_not_selected_by_signal_or_family_rule
num__elixhauser_other_neurological,191320,47171,100.0,100.0,False,False,True,False,False,0.0003823294536623161,False,False,True,kept_rapid_trial_core
num__elixhauser_chronic_pulmonary,191320,47171,100.0,100.0,False,False,True,False,False,0.001403548351699191,False,False,True,kept_rapid_trial_core
num__elixhauser_diabetes_uncomplicated,191320,47171,100.0,100.0,False,False,True,False,False,0.0001889123860581549,False,False,True,kept_rapid_trial_core
num__elixhauser_diabetes_complicated,191320,47171,100.0,100.0,False,False,True,False,False,3.509756788844243e-05,False,False,True,kept_rapid_trial_core
num__elixhauser_hypothyroidism,191320,47171,100.0,100.0,False,False,True,False,False,0.0004776278661343672,False,False,True,kept_rapid_trial_core
num__elixhauser_renal_failure,191320,47171,100.0,100.0,False,False,True,False,False,2.819643850671127e-05,False,False,True,kept_rapid_trial_core
num__elixhauser_liver_disease,191320,47171,100.0,100.0,False,False,True,False,False,0.001167451475652266,False,False,True,kept_rapid_trial_core
num__elixhauser_peptic_ulcer,191320,47171,100.0,100.0,False,False,False,False,False,0.0,False,False,False,removed_not_selected_by_signal_or_family_rule
num__elixhauser_aids_hiv,191320,47171,100.0,100.0,False,False,False,False,False,0.0,False,False,False,removed_not_selected_by_signal_or_family_rule
num__elixhauser_lymphoma,191320,47171,100.0,100.0,False,False,True,False,False,0.003779208922675119,True,False,True,kept_rapid_trial_core; kept_high_recent_shap_signal
num__elixhauser_metastatic_cancer,191320,47171,100.0,100.0,False,False,True,False,False,0.0001099817888848283,False,False,True,kept_rapid_trial_core
num__elixhauser_solid_tumour,191320,47171,100.0,100.0,False,False,True,False,False,0.01138879268713079,True,False,True,kept_rapid_trial_core; kept_high_recent_shap_signal
num__elixhauser_rheumatoid_collagen,191320,47171,100.0,100.0,False,False,True,False,False,0.0007658713225762165,False,False,True,kept_rapid_trial_core
num__elixhauser_coagulopathy,191320,47171,100.0,100.0,False,False,True,False,False,0.0001036782527296101,False,False,True,kept_rapid_trial_core
num__elixhauser_obesity,191320,47171,100.0,100.0,False,False,True,False,False,0.0004041287079902249,False,False,True,kept_rapid_trial_core
num__elixhauser_weight_loss,191320,47171,100.0,100.0,False,False,True,False,False,0.0006520026772467555,False,False,True,kept_rapid_trial_core
num__elixhauser_fluid_electrolyte,191320,47171,100.0,100.0,False,False,True,False,False,0.001039146437252567,False,False,True,kept_rapid_trial_core
num__elixhauser_blood_loss_anaemia,191320,47171,100.0,100.0,False,False,False,False,False,0.0,False,False,False,removed_not_selected_by_signal_or_family_rule
num__elixhauser_deficiency_anaemia,191320,47171,100.0,100.0,False,False,True,False,False,0.0003725738694466846,False,False,True,kept_rapid_trial_core
num__elixhauser_alcohol_abuse,191320,47171,100.0,100.0,False,False,True,False,False,0.001805578426599911,False,False,True,kept_rapid_trial_core
num__elixhauser_drug_abuse,191320,47171,100.0,100.0,False,False,True,False,False,0.001150104284783858,False,False,True,kept_rapid_trial_core
num__elixhauser_psychoses,191320,47171,100.0,100.0,False,False,True,False,False,0.03333525537243549,True,False,True,kept_rapid_trial_core; kept_high_recent_shap_signal
num__elixhauser_depression,191320,47171,100.0,100.0,False,False,True,False,False,0.003416130955080402,True,False,True,kept_rapid_trial_core; kept_high_recent_shap_signal
num__finer_substance_use_category_count,191320,47171,100.0,100.0,False,False,True,False,False,0.0006496325977795132,False,False,True,kept_rapid_trial_core
num__elixhauser_individual_group_count,191320,47171,100.0,100.0,False,False,True,False,False,0.006215345159569791,True,False,True,kept_rapid_trial_core; kept_high_recent_shap_signal
num__had_mechanical_ventilation_procedure,191320,47171,100.0,100.0,False,False,False,False,False,0.0001214797011925839,False,False,False,removed_not_selected_by_signal_or_family_rule
num__had_dialysis_procedure,191320,47171,100.0,100.0,False,False,False,False,False,0.0,False,False,False,removed_not_selected_by_signal_or_family_rule
num__had_central_line_procedure,191320,47171,100.0,100.0,False,False,True,False,False,0.003071282061602832,True,False,True,kept_rapid_trial_core; kept_high_recent_shap_signal
num__had_ect_procedure,191320,47171,100.0,100.0,False,False,False,False,False,0.0,False,False,False,removed_not_selected_by_signal_or_family_rule
num__ect_procedure_count,191320,47171,100.0,100.0,False,False,False,False,False,0.0,False,False,False,removed_not_selected_by_signal_or_family_rule
num__ect_within_first_72h,191320,47171,100.0,100.0,False,False,False,False,False,0.0,False,False,False,removed_not_selected_by_signal_or_family_rule
num__ect_during_admission_flag,191320,47171,100.0,100.0,False,False,False,False,False,0.0,False,False,False,removed_not_selected_by_signal_or_family_rule
num__emar_administration_record_count,191320,47171,100.0,100.0,False,False,True,True,False,0.005934027855540426,True,True,True,kept_rapid_trial_core; kept_high_recent_shap_signal; kept_clinically_relevant_non_sparse_extra
num__emar_administered_event_count,191320,47171,100.0,100.0,False,False,True,True,False,0.002831298518893794,True,True,True,kept_rapid_trial_core; kept_high_recent_shap_signal; kept_clinically_relevant_non_sparse_extra
num__emar_not_given_event_count,191320,47171,100.0,100.0,False,False,True,True,False,0.001399887605187506,False,True,True,kept_rapid_trial_core; kept_clinically_relevant_non_sparse_extra
num__emar_administration_count_first_24h,191320,47171,100.0,100.0,False,False,True,True,False,0.00900593482702582,True,True,True,kept_rapid_trial_core; kept_high_recent_shap_signal; kept_clinically_relevant_non_sparse_extra
num__emar_administration_count_first_72h,191320,47171,100.0,100.0,False,False,True,True,False,0.005796289803378192,True,True,True,kept_rapid_trial_core; kept_high_recent_shap_signal; kept_clinically_relevant_non_sparse_extra
num__emar_missed_or_not_given_count_first_24h,191320,47171,100.0,100.0,False,False,True,True,False,0.002962548762124885,True,True,True,kept_rapid_trial_core; kept_high_recent_shap_signal; kept_clinically_relevant_non_sparse_extra
num__emar_missed_or_not_given_count_first_72h,191320,47171,100.0,100.0,False,False,True,True,False,0.004547494142560819,True,True,True,kept_rapid_trial_core; kept_high_recent_shap_signal; kept_clinically_relevant_non_sparse_extra
num__emar_psychotropic_not_given_count,191320,47171,100.0,100.0,False,False,True,True,False,0.004284699734242342,True,True,True,kept_rapid_trial_core; kept_high_recent_shap_signal; kept_clinically_relevant_non_sparse_extra
num__emar_nonpsychotropic_not_given_count,191320,47171,100.0,100.0,False,False,True,True,False,0.001225328521424393,False,True,True,kept_rapid_trial_core; kept_clinically_relevant_non_sparse_extra
num__emar_delayed_administration_count,191320,47171,100.0,100.0,False,False,False,True,False,0.0005954415110955545,False,True,True,kept_clinically_relevant_non_sparse_extra
num__num_delayed_administered_events,191320,47171,100.0,100.0,False,False,False,True,True,0.0002912169227324636,False,True,True,kept_clinically_relevant_non_sparse_extra
num__num_started_emar_events,191320,47171,100.0,100.0,False,False,True,True,True,0.008569077954145726,True,True,True,kept_rapid_trial_core; kept_high_recent_shap_signal; kept_clinically_relevant_non_sparse_extra
num__num_stopped_emar_events,191320,47171,100.0,100.0,False,False,True,True,True,0.001586238576795019,False,True,True,kept_rapid_trial_core; kept_clinically_relevant_non_sparse_extra
num__emar_started_stopped_activity_last_24h,191320,47171,100.0,100.0,False,False,False,True,True,0.00063472285320603,False,True,True,kept_clinically_relevant_non_sparse_extra
num__emar_delayed_or_not_given_last_24h,191320,47171,100.0,100.0,False,False,True,True,True,0.003998320133368574,True,True,True,kept_rapid_trial_core; kept_high_recent_shap_signal; kept_clinically_relevant_non_sparse_extra
num__emar_total_delay_hours,191320,47171,100.0,100.0,False,False,True,True,False,0.001369521501291607,False,True,True,kept_rapid_trial_core; kept_clinically_relevant_non_sparse_extra
num__emar_unique_medication_count,191320,47171,100.0,100.0,False,False,True,True,False,0.002061101900011911,False,True,True,kept_rapid_trial_core; kept_clinically_relevant_non_sparse_extra
num__emar_infusion_administration_count,191320,47171,100.0,100.0,False,False,True,True,False,0.001331478962142856,False,True,True,kept_rapid_trial_core; kept_clinically_relevant_non_sparse_extra
num__emar_complete_dose_not_given_count,191320,47171,100.0,100.0,False,False,False,True,False,2.713829599088058e-05,False,True,True,kept_clinically_relevant_non_sparse_extra
num__emar_dose_given_record_count,191320,47171,100.0,100.0,False,False,True,True,False,0.005209082132669598,True,True,True,kept_rapid_trial_core; kept_high_recent_shap_signal; kept_clinically_relevant_non_sparse_extra
num__emar_new_iv_bag_count,191320,47171,100.0,100.0,False,False,False,True,False,0.0004992616623652974,False,True,True,kept_clinically_relevant_non_sparse_extra
num__num_no_barcode_med_admins,191320,47171,100.0,100.0,False,False,False,False,False,0.001168565066504765,False,False,False,removed_not_selected_by_signal_or_family_rule
num__num_nonformulary_visual_verification,191320,47171,100.0,100.0,False,False,False,False,False,0.0001537961568791757,False,False,False,removed_not_selected_by_signal_or_family_rule
num__num_dose_due_records,191320,47171,100.0,100.0,False,False,True,False,False,0.002456890181617054,False,False,True,kept_rapid_trial_core
num__num_admins_with_remaining_dose,191320,47171,100.0,100.0,False,False,False,False,False,0.000881438046161903,False,False,False,removed_not_selected_by_signal_or_family_rule
num__emar_had_iv_administration,191320,47171,100.0,100.0,False,False,False,True,False,0.0,False,True,True,kept_clinically_relevant_non_sparse_extra
num__emar_had_infusion_administration,191320,47171,100.0,100.0,False,False,False,True,False,5.356557801325405e-05,False,True,True,kept_clinically_relevant_non_sparse_extra
num__emar_complete_dose_not_given_flag,191320,47171,100.0,100.0,False,False,False,True,False,0.0,False,True,True,kept_clinically_relevant_non_sparse_extra
num__emar_not_given_rate,191320,47171,100.0,100.0,False,False,True,True,False,0.02555968868790667,True,True,True,kept_rapid_trial_core; kept_high_recent_shap_signal; kept_clinically_relevant_non_sparse_extra
num__emar_complete_dose_not_given_rate,191320,47171,100.0,100.0,False,False,False,True,False,0.0002664055705186029,False,True,True,kept_clinically_relevant_non_sparse_extra
num__no_barcode_med_admin_rate,191320,47171,100.0,100.0,False,False,True,False,False,0.003413320612356165,True,False,True,kept_rapid_trial_core; kept_high_recent_shap_signal
num__delayed_administered_rate,191320,47171,100.0,100.0,False,False,True,True,True,0.002560407136829829,False,True,True,kept_rapid_trial_core; kept_clinically_relevant_non_sparse_extra
num__emar_mean_delay_hours,191320,47171,100.0,100.0,False,False,True,True,False,0.001952346194979479,False,True,True,kept_rapid_trial_core; kept_clinically_relevant_non_sparse_extra
num__emar_administered_to_order_ratio,191320,47171,100.0,100.0,False,False,True,True,False,0.006087350947138854,True,True,True,kept_rapid_trial_core; kept_high_recent_shap_signal; kept_clinically_relevant_non_sparse_extra
num__num_hcpcs_events,191320,47171,100.0,100.0,False,False,False,True,False,0.0003710207445212067,False,True,True,kept_clinically_relevant_non_sparse_extra
num__num_unique_hcpcs_codes,191320,47171,100.0,100.0,False,False,False,True,False,0.0003649226661603505,False,True,True,kept_clinically_relevant_non_sparse_extra
num__num_hospital_observation_hcpcs_events,191320,47171,100.0,100.0,False,False,False,True,True,2.790696095225619e-05,False,True,True,kept_clinically_relevant_non_sparse_extra
num__hcpcs_observation_to_total_ratio,191320,47171,100.0,100.0,False,False,False,True,True,0.0009115327242625982,False,True,True,kept_clinically_relevant_non_sparse_extra
num__num_unique_order_providers,191320,47171,100.0,100.0,False,False,True,False,False,0.002152828458860054,False,False,True,kept_rapid_trial_core
num__num_unique_enter_providers,191320,47171,100.0,100.0,False,False,True,False,False,0.001761877066075998,False,False,True,kept_rapid_trial_core
num__num_unique_caregivers_icu,191320,47171,100.0,100.0,False,False,False,False,False,0.0003369182212595201,False,False,False,removed_not_selected_by_signal_or_family_rule
num__num_provider_order_changes,191320,47171,100.0,100.0,False,False,True,False,False,0.001954880727338253,False,False,True,kept_rapid_trial_core
num__num_care_team_touchpoints,191320,47171,100.0,100.0,False,False,True,False,False,0.005871146069152651,True,False,True,kept_rapid_trial_core; kept_high_recent_shap_signal
num__num_inputevents,191320,47171,100.0,100.0,False,False,False,False,False,0.0004046381712783813,False,False,False,removed_not_selected_by_signal_or_family_rule
num__num_outputevents,191320,47171,100.0,100.0,False,False,True,False,False,0.00144624905932757,False,False,True,kept_rapid_trial_core
num__num_procedureevents,191320,47171,100.0,100.0,False,False,False,False,False,0.0003731520933562911,False,False,False,removed_not_selected_by_signal_or_family_rule
num__num_datetimeevents,191320,47171,100.0,100.0,False,False,True,False,False,0.0009209385995821575,False,False,True,kept_rapid_trial_core
num__num_icu_input_events,191320,47171,100.0,100.0,False,False,False,False,False,0.0003206125036694814,False,False,False,removed_not_selected_by_signal_or_family_rule
num__num_icu_output_events,191320,47171,100.0,100.0,False,False,False,False,False,0.0004447457030384515,False,False,False,removed_not_selected_by_signal_or_family_rule
num__num_icu_datetime_events,191320,47171,100.0,100.0,False,False,False,False,False,0.0004675415034681137,False,False,False,removed_not_selected_by_signal_or_family_rule
num__num_icu_procedure_events,191320,47171,100.0,100.0,False,False,False,False,True,9.392157224124157e-05,False,True,True,kept_clinically_relevant_non_sparse_extra
num__num_icu_event_warnings,191320,47171,100.0,100.0,False,False,False,False,False,0.0,False,False,False,removed_not_selected_by_signal_or_family_rule
num__num_continuous_infusion_events,191320,47171,100.0,100.0,False,False,False,False,False,5.977521576795753e-05,False,False,False,removed_not_selected_by_signal_or_family_rule
num__num_inputevent_rate_changes,191320,47171,100.0,100.0,False,False,True,False,False,0.0008007756050913007,False,False,True,kept_rapid_trial_core
num__num_paused_inputevents,191320,47171,100.0,100.0,False,False,False,True,True,0.0003427810365187008,False,True,True,kept_clinically_relevant_non_sparse_extra
num__num_stopped_inputevents,191320,47171,100.0,100.0,False,False,False,True,True,0.0002311993185084583,False,True,True,kept_clinically_relevant_non_sparse_extra
num__num_change_dose_rate_inputevents,191320,47171,100.0,100.0,False,False,True,True,True,0.001236448671250249,False,True,True,kept_rapid_trial_core; kept_clinically_relevant_non_sparse_extra
num__num_paused_procedureevents,191320,47171,100.0,100.0,False,False,False,True,True,0.0,False,True,True,kept_clinically_relevant_non_sparse_extra
num__num_stopped_procedureevents,191320,47171,100.0,100.0,False,False,False,True,True,2.194890410736752e-05,False,True,True,kept_clinically_relevant_non_sparse_extra
num__num_active_icu_interventions,191320,47171,100.0,100.0,False,False,False,False,False,0.0005474824594428524,False,False,False,removed_not_selected_by_signal_or_family_rule
num__icu_event_interruption_score,191320,47171,100.0,100.0,False,False,True,False,True,0.0009231951688657981,False,True,True,kept_rapid_trial_core; kept_clinically_relevant_non_sparse_extra
num__icu_event_density_per_day,191320,47171,100.0,100.0,False,False,True,False,False,0.003512748292100072,True,False,True,kept_rapid_trial_core; kept_high_recent_shap_signal
num__num_chart_warnings,191320,47171,100.0,100.0,False,False,False,False,False,0.0,False,False,False,removed_not_selected_by_signal_or_family_rule
num__had_chart_warning,191320,47171,100.0,100.0,False,False,False,False,False,0.0,False,False,False,removed_not_selected_by_signal_or_family_rule
num__num_outputevents_last_24h_before_discharge,191320,47171,100.0,100.0,False,False,True,True,False,0.001235442616063205,False,True,True,kept_rapid_trial_core; kept_clinically_relevant_non_sparse_extra
num__urine_output_total,191320,47171,100.0,100.0,False,False,False,False,False,0.0009744093577972637,False,False,False,removed_not_selected_by_signal_or_family_rule
num__urine_output_per_icu_day,191320,47171,100.0,100.0,False,False,False,False,False,0.0007049014621894017,False,False,False,removed_not_selected_by_signal_or_family_rule
num__low_urine_output_flag,191320,47171,100.0,100.0,False,False,False,False,False,0.0,False,False,False,removed_not_selected_by_signal_or_family_rule
num__late_icu_intervention_activity,191320,47171,100.0,100.0,False,False,True,True,False,0.0002118263877722413,False,True,True,kept_rapid_trial_core; kept_clinically_relevant_non_sparse_extra
num__has_drg_record,191320,47171,100.0,100.0,False,False,False,False,False,8.270341641036794e-05,False,False,False,removed_not_selected_by_signal_or_family_rule
num__creatinine_lab_first_24h_max_missing,191320,47171,100.0,100.0,False,False,False,False,False,0.0,False,False,False,removed_not_selected_by_signal_or_family_rule
num__glucose_lab_first_24h_max_missing,191320,47171,100.0,100.0,False,False,False,False,False,1.702711428947189e-05,False,False,False,removed_not_selected_by_signal_or_family_rule
num__hemoglobin_lab_first_24h_max_missing,191320,47171,100.0,100.0,False,False,False,False,False,0.0,False,False,False,removed_not_selected_by_signal_or_family_rule
num__platelet_lab_first_24h_max_missing,191320,47171,100.0,100.0,False,False,False,False,False,0.0,False,False,False,removed_not_selected_by_signal_or_family_rule
num__potassium_lab_first_24h_max_missing,191320,47171,100.0,100.0,False,False,False,False,False,0.0002108027676078403,False,False,False,removed_not_selected_by_signal_or_family_rule
num__sodium_lab_first_24h_max_missing,191320,47171,100.0,100.0,False,False,False,False,False,5.752099185014002e-05,False,False,False,removed_not_selected_by_signal_or_family_rule
num__urea_nitrogen_lab_first_24h_max_missing,191320,47171,100.0,100.0,False,False,False,False,False,0.0,False,False,False,removed_not_selected_by_signal_or_family_rule
num__wbc_lab_first_24h_max_missing,191320,47171,100.0,100.0,False,False,False,False,False,0.0,False,False,False,removed_not_selected_by_signal_or_family_rule
num__creatinine_lab_first_24h_mean_missing,191320,47171,100.0,100.0,False,False,False,False,False,0.0,False,False,False,removed_not_selected_by_signal_or_family_rule
num__glucose_lab_first_24h_mean_missing,191320,47171,100.0,100.0,False,False,False,False,False,0.0,False,False,False,removed_not_selected_by_signal_or_family_rule
num__hemoglobin_lab_first_24h_mean_missing,191320,47171,100.0,100.0,False,False,False,False,False,0.0,False,False,False,removed_not_selected_by_signal_or_family_rule
num__platelet_lab_first_24h_mean_missing,191320,47171,100.0,100.0,False,False,False,False,False,0.0,False,False,False,removed_not_selected_by_signal_or_family_rule
num__potassium_lab_first_24h_mean_missing,191320,47171,100.0,100.0,False,False,False,False,False,0.0,False,False,False,removed_not_selected_by_signal_or_family_rule
num__sodium_lab_first_24h_mean_missing,191320,47171,100.0,100.0,False,False,False,False,False,0.0,False,False,False,removed_not_selected_by_signal_or_family_rule
num__urea_nitrogen_lab_first_24h_mean_missing,191320,47171,100.0,100.0,False,False,False,False,False,0.0,False,False,False,removed_not_selected_by_signal_or_family_rule
num__wbc_lab_first_24h_mean_missing,191320,47171,100.0,100.0,False,False,False,False,False,0.0,False,False,False,removed_not_selected_by_signal_or_family_rule
num__creatinine_lab_first_24h_min_missing,191320,47171,100.0,100.0,False,False,False,False,False,0.0,False,False,False,removed_not_selected_by_signal_or_family_rule
num__glucose_lab_first_24h_min_missing,191320,47171,100.0,100.0,False,False,False,False,False,0.0,False,False,False,removed_not_selected_by_signal_or_family_rule
num__hemoglobin_lab_first_24h_min_missing,191320,47171,100.0,100.0,False,False,False,False,False,0.0,False,False,False,removed_not_selected_by_signal_or_family_rule
num__platelet_lab_first_24h_min_missing,191320,47171,100.0,100.0,False,False,False,False,False,0.0,False,False,False,removed_not_selected_by_signal_or_family_rule
num__potassium_lab_first_24h_min_missing,191320,47171,100.0,100.0,False,False,False,False,False,0.0,False,False,False,removed_not_selected_by_signal_or_family_rule
num__sodium_lab_first_24h_min_missing,191320,47171,100.0,100.0,False,False,False,False,False,0.0,False,False,False,removed_not_selected_by_signal_or_family_rule
num__urea_nitrogen_lab_first_24h_min_missing,191320,47171,100.0,100.0,False,False,False,False,False,0.0,False,False,False,removed_not_selected_by_signal_or_family_rule
num__wbc_lab_first_24h_min_missing,191320,47171,100.0,100.0,False,False,False,False,False,0.0,False,False,False,removed_not_selected_by_signal_or_family_rule
num__creatinine_lab_first_72h_max_missing,191320,47171,100.0,100.0,False,False,False,False,False,0.0,False,False,False,removed_not_selected_by_signal_or_family_rule
num__glucose_lab_first_72h_max_missing,191320,47171,100.0,100.0,False,False,False,False,False,0.0,False,False,False,removed_not_selected_by_signal_or_family_rule
num__hemoglobin_lab_first_72h_max_missing,191320,47171,100.0,100.0,False,False,False,False,False,0.0,False,False,False,removed_not_selected_by_signal_or_family_rule
num__platelet_lab_first_72h_max_missing,191320,47171,100.0,100.0,False,False,False,False,False,0.0,False,False,False,removed_not_selected_by_signal_or_family_rule
num__potassium_lab_first_72h_max_missing,191320,47171,100.0,100.0,False,False,False,False,False,0.0,False,False,False,removed_not_selected_by_signal_or_family_rule
num__sodium_lab_first_72h_max_missing,191320,47171,100.0,100.0,False,False,False,False,False,0.0,False,False,False,removed_not_selected_by_signal_or_family_rule
num__urea_nitrogen_lab_first_72h_max_missing,191320,47171,100.0,100.0,False,False,False,False,False,0.0,False,False,False,removed_not_selected_by_signal_or_family_rule
num__wbc_lab_first_72h_max_missing,191320,47171,100.0,100.0,False,False,False,False,False,0.0,False,False,False,removed_not_selected_by_signal_or_family_rule
num__creatinine_lab_first_72h_mean_missing,191320,47171,100.0,100.0,False,False,False,False,False,0.0,False,False,False,removed_not_selected_by_signal_or_family_rule
num__glucose_lab_first_72h_mean_missing,191320,47171,100.0,100.0,False,False,False,False,False,4.21126181271682e-05,False,False,False,removed_not_selected_by_signal_or_family_rule
num__hemoglobin_lab_first_72h_mean_missing,191320,47171,100.0,100.0,False,False,False,False,False,0.0,False,False,False,removed_not_selected_by_signal_or_family_rule
num__platelet_lab_first_72h_mean_missing,191320,47171,100.0,100.0,False,False,False,False,False,0.0,False,False,False,removed_not_selected_by_signal_or_family_rule
num__potassium_lab_first_72h_mean_missing,191320,47171,100.0,100.0,False,False,False,False,False,0.0,False,False,False,removed_not_selected_by_signal_or_family_rule
num__sodium_lab_first_72h_mean_missing,191320,47171,100.0,100.0,False,False,False,False,False,0.0,False,False,False,removed_not_selected_by_signal_or_family_rule
num__urea_nitrogen_lab_first_72h_mean_missing,191320,47171,100.0,100.0,False,False,False,False,False,0.0,False,False,False,removed_not_selected_by_signal_or_family_rule
num__wbc_lab_first_72h_mean_missing,191320,47171,100.0,100.0,False,False,False,False,False,0.0,False,False,False,removed_not_selected_by_signal_or_family_rule
num__creatinine_lab_first_72h_min_missing,191320,47171,100.0,100.0,False,False,False,False,False,0.0,False,False,False,removed_not_selected_by_signal_or_family_rule
num__glucose_lab_first_72h_min_missing,191320,47171,100.0,100.0,False,False,False,False,False,0.0,False,False,False,removed_not_selected_by_signal_or_family_rule
num__hemoglobin_lab_first_72h_min_missing,191320,47171,100.0,100.0,False,False,False,False,False,0.0,False,False,False,removed_not_selected_by_signal_or_family_rule
num__platelet_lab_first_72h_min_missing,191320,47171,100.0,100.0,False,False,False,False,False,0.0,False,False,False,removed_not_selected_by_signal_or_family_rule
num__potassium_lab_first_72h_min_missing,191320,47171,100.0,100.0,False,False,False,False,False,0.0,False,False,False,removed_not_selected_by_signal_or_family_rule
num__sodium_lab_first_72h_min_missing,191320,47171,100.0,100.0,False,False,False,False,False,0.0,False,False,False,removed_not_selected_by_signal_or_family_rule
num__urea_nitrogen_lab_first_72h_min_missing,191320,47171,100.0,100.0,False,False,False,False,False,0.0,False,False,False,removed_not_selected_by_signal_or_family_rule
num__wbc_lab_first_72h_min_missing,191320,47171,100.0,100.0,False,False,False,False,False,0.0,False,False,False,removed_not_selected_by_signal_or_family_rule
num__creatinine_lab_first_value_missing,191320,47171,100.0,100.0,False,False,False,False,False,0.0,False,False,False,removed_not_selected_by_signal_or_family_rule
num__glucose_lab_first_value_missing,191320,47171,100.0,100.0,False,False,False,False,False,0.0,False,False,False,removed_not_selected_by_signal_or_family_rule
num__hemoglobin_lab_first_value_missing,191320,47171,100.0,100.0,False,False,False,False,False,0.0,False,False,False,removed_not_selected_by_signal_or_family_rule
num__platelet_lab_first_value_missing,191320,47171,100.0,100.0,False,False,False,False,False,0.0,False,False,False,removed_not_selected_by_signal_or_family_rule
num__potassium_lab_first_value_missing,191320,47171,100.0,100.0,False,False,False,False,False,0.0,False,False,False,removed_not_selected_by_signal_or_family_rule
num__sodium_lab_first_value_missing,191320,47171,100.0,100.0,False,False,False,False,False,0.0,False,False,False,removed_not_selected_by_signal_or_family_rule
num__urea_nitrogen_lab_first_value_missing,191320,47171,100.0,100.0,False,False,False,False,False,0.0,False,False,False,removed_not_selected_by_signal_or_family_rule
num__wbc_lab_first_value_missing,191320,47171,100.0,100.0,False,False,False,False,False,0.0,False,False,False,removed_not_selected_by_signal_or_family_rule
num__creatinine_lab_last_value_missing,191320,47171,100.0,100.0,False,False,False,False,False,0.0,False,False,False,removed_not_selected_by_signal_or_family_rule
num__glucose_lab_last_value_missing,191320,47171,100.0,100.0,False,False,False,False,False,0.0,False,False,False,removed_not_selected_by_signal_or_family_rule
num__hemoglobin_lab_last_value_missing,191320,47171,100.0,100.0,False,False,False,False,False,0.0,False,False,False,removed_not_selected_by_signal_or_family_rule
num__platelet_lab_last_value_missing,191320,47171,100.0,100.0,False,False,False,False,False,0.0,False,False,False,removed_not_selected_by_signal_or_family_rule
num__potassium_lab_last_value_missing,191320,47171,100.0,100.0,False,False,False,False,False,0.0,False,False,False,removed_not_selected_by_signal_or_family_rule
num__sodium_lab_last_value_missing,191320,47171,100.0,100.0,False,False,False,False,False,0.0,False,False,False,removed_not_selected_by_signal_or_family_rule
num__urea_nitrogen_lab_last_value_missing,191320,47171,100.0,100.0,False,False,False,False,False,0.0,False,False,False,removed_not_selected_by_signal_or_family_rule
num__wbc_lab_last_value_missing,191320,47171,100.0,100.0,False,False,False,False,False,0.0,False,False,False,removed_not_selected_by_signal_or_family_rule
num__creatinine_lab_max_value_missing,191320,47171,100.0,100.0,False,False,False,False,False,0.0,False,False,False,removed_not_selected_by_signal_or_family_rule
num__glucose_lab_max_value_missing,191320,47171,100.0,100.0,False,False,False,False,False,0.0,False,False,False,removed_not_selected_by_signal_or_family_rule
num__hemoglobin_lab_max_value_missing,191320,47171,100.0,100.0,False,False,False,False,False,0.0,False,False,False,removed_not_selected_by_signal_or_family_rule
num__platelet_lab_max_value_missing,191320,47171,100.0,100.0,False,False,False,False,False,0.0,False,False,False,removed_not_selected_by_signal_or_family_rule
num__potassium_lab_max_value_missing,191320,47171,100.0,100.0,False,False,False,False,False,0.0,False,False,False,removed_not_selected_by_signal_or_family_rule
num__sodium_lab_max_value_missing,191320,47171,100.0,100.0,False,False,False,False,False,0.0,False,False,False,removed_not_selected_by_signal_or_family_rule
num__urea_nitrogen_lab_max_value_missing,191320,47171,100.0,100.0,False,False,False,False,False,0.0,False,False,False,removed_not_selected_by_signal_or_family_rule
num__wbc_lab_max_value_missing,191320,47171,100.0,100.0,False,False,False,False,False,0.0,False,False,False,removed_not_selected_by_signal_or_family_rule
num__creatinine_lab_mean_value_missing,191320,47171,100.0,100.0,False,False,False,False,False,0.0,False,False,False,removed_not_selected_by_signal_or_family_rule
num__glucose_lab_mean_value_missing,191320,47171,100.0,100.0,False,False,False,False,False,0.0,False,False,False,removed_not_selected_by_signal_or_family_rule
num__hemoglobin_lab_mean_value_missing,191320,47171,100.0,100.0,False,False,False,False,False,0.0,False,False,False,removed_not_selected_by_signal_or_family_rule
num__platelet_lab_mean_value_missing,191320,47171,100.0,100.0,False,False,False,False,False,0.0,False,False,False,removed_not_selected_by_signal_or_family_rule
num__potassium_lab_mean_value_missing,191320,47171,100.0,100.0,False,False,False,False,False,0.0,False,False,False,removed_not_selected_by_signal_or_family_rule
num__sodium_lab_mean_value_missing,191320,47171,100.0,100.0,False,False,False,False,False,0.0,False,False,False,removed_not_selected_by_signal_or_family_rule
num__urea_nitrogen_lab_mean_value_missing,191320,47171,100.0,100.0,False,False,False,False,False,0.0,False,False,False,removed_not_selected_by_signal_or_family_rule
num__wbc_lab_mean_value_missing,191320,47171,100.0,100.0,False,False,False,False,False,0.0,False,False,False,removed_not_selected_by_signal_or_family_rule
num__creatinine_lab_min_value_missing,191320,47171,100.0,100.0,False,False,False,False,False,0.0,False,False,False,removed_not_selected_by_signal_or_family_rule
num__glucose_lab_min_value_missing,191320,47171,100.0,100.0,False,False,False,False,False,0.0,False,False,False,removed_not_selected_by_signal_or_family_rule
num__hemoglobin_lab_min_value_missing,191320,47171,100.0,100.0,False,False,False,False,False,0.0,False,False,False,removed_not_selected_by_signal_or_family_rule
num__platelet_lab_min_value_missing,191320,47171,100.0,100.0,False,False,False,False,False,0.0,False,False,False,removed_not_selected_by_signal_or_family_rule
num__potassium_lab_min_value_missing,191320,47171,100.0,100.0,False,False,False,False,False,0.0,False,False,False,removed_not_selected_by_signal_or_family_rule
num__sodium_lab_min_value_missing,191320,47171,100.0,100.0,False,False,False,False,False,0.0,False,False,False,removed_not_selected_by_signal_or_family_rule
num__urea_nitrogen_lab_min_value_missing,191320,47171,100.0,100.0,False,False,False,False,False,0.0,False,False,False,removed_not_selected_by_signal_or_family_rule
num__wbc_lab_min_value_missing,191320,47171,100.0,100.0,False,False,False,False,False,0.0,False,False,False,removed_not_selected_by_signal_or_family_rule
num__creatinine_lab_std_value_missing,191320,47171,100.0,100.0,False,False,False,False,False,0.0,False,False,False,removed_not_selected_by_signal_or_family_rule
num__glucose_lab_std_value_missing,191320,47171,100.0,100.0,False,False,False,False,False,0.0,False,False,False,removed_not_selected_by_signal_or_family_rule
num__hemoglobin_lab_std_value_missing,191320,47171,100.0,100.0,False,False,False,False,False,0.0,False,False,False,removed_not_selected_by_signal_or_family_rule
num__platelet_lab_std_value_missing,191320,47171,100.0,100.0,False,False,False,False,False,0.0,False,False,False,removed_not_selected_by_signal_or_family_rule
num__potassium_lab_std_value_missing,191320,47171,100.0,100.0,False,False,False,False,False,0.0,False,False,False,removed_not_selected_by_signal_or_family_rule
num__sodium_lab_std_value_missing,191320,47171,100.0,100.0,False,False,False,False,False,0.0,False,False,False,removed_not_selected_by_signal_or_family_rule
num__urea_nitrogen_lab_std_value_missing,191320,47171,100.0,100.0,False,False,False,False,False,0.0,False,False,False,removed_not_selected_by_signal_or_family_rule
num__wbc_lab_std_value_missing,191320,47171,100.0,100.0,False,False,False,False,False,0.0,False,False,False,removed_not_selected_by_signal_or_family_rule
num__creatinine_lab_value_change_missing,191320,47171,100.0,100.0,False,False,False,False,False,0.0,False,False,False,removed_not_selected_by_signal_or_family_rule
num__glucose_lab_value_change_missing,191320,47171,100.0,100.0,False,False,False,False,False,0.0,False,False,False,removed_not_selected_by_signal_or_family_rule
num__hemoglobin_lab_value_change_missing,191320,47171,100.0,100.0,False,False,False,False,False,0.0,False,False,False,removed_not_selected_by_signal_or_family_rule
num__platelet_lab_value_change_missing,191320,47171,100.0,100.0,False,False,False,False,False,0.0,False,False,False,removed_not_selected_by_signal_or_family_rule
num__potassium_lab_value_change_missing,191320,47171,100.0,100.0,False,False,False,False,False,0.0,False,False,False,removed_not_selected_by_signal_or_family_rule
num__sodium_lab_value_change_missing,191320,47171,100.0,100.0,False,False,False,False,False,0.0,False,False,False,removed_not_selected_by_signal_or_family_rule
num__urea_nitrogen_lab_value_change_missing,191320,47171,100.0,100.0,False,False,False,False,False,0.0,False,False,False,removed_not_selected_by_signal_or_family_rule
num__wbc_lab_value_change_missing,191320,47171,100.0,100.0,False,False,False,False,False,0.0,False,False,False,removed_not_selected_by_signal_or_family_rule
num__creatinine_lab_value_range_missing,191320,47171,100.0,100.0,False,False,False,False,False,0.0,False,False,False,removed_not_selected_by_signal_or_family_rule
num__glucose_lab_value_range_missing,191320,47171,100.0,100.0,False,False,False,False,False,0.0,False,False,False,removed_not_selected_by_signal_or_family_rule
num__hemoglobin_lab_value_range_missing,191320,47171,100.0,100.0,False,False,False,False,False,0.0,False,False,False,removed_not_selected_by_signal_or_family_rule
num__platelet_lab_value_range_missing,191320,47171,100.0,100.0,False,False,False,False,False,0.0,False,False,False,removed_not_selected_by_signal_or_family_rule
num__potassium_lab_value_range_missing,191320,47171,100.0,100.0,False,False,False,False,False,0.0,False,False,False,removed_not_selected_by_signal_or_family_rule
num__sodium_lab_value_range_missing,191320,47171,100.0,100.0,False,False,False,False,False,0.0,False,False,False,removed_not_selected_by_signal_or_family_rule
num__urea_nitrogen_lab_value_range_missing,191320,47171,100.0,100.0,False,False,False,False,False,0.0,False,False,False,removed_not_selected_by_signal_or_family_rule
num__wbc_lab_value_range_missing,191320,47171,100.0,100.0,False,False,False,False,False,7.023842488528345e-05,False,False,False,removed_not_selected_by_signal_or_family_rule
num__heart_rate_vital_first_value_missing,191320,47171,100.0,100.0,False,False,False,False,False,0.0,False,False,False,removed_not_selected_by_signal_or_family_rule
num__mean_bp_arterial_vital_first_value_missing,191320,47171,100.0,100.0,False,False,False,False,False,0.0,False,False,False,removed_not_selected_by_signal_or_family_rule
num__mean_bp_noninvasive_vital_first_value_missing,191320,47171,100.0,100.0,False,False,False,False,False,0.0,False,False,False,removed_not_selected_by_signal_or_family_rule
num__respiratory_rate_vital_first_value_missing,191320,47171,100.0,100.0,False,False,False,False,False,0.0,False,False,False,removed_not_selected_by_signal_or_family_rule
num__spo2_vital_first_value_missing,191320,47171,100.0,100.0,False,False,False,False,False,0.0,False,False,False,removed_not_selected_by_signal_or_family_rule
num__systolic_bp_arterial_vital_first_value_missing,191320,47171,100.0,100.0,False,False,False,False,False,0.0,False,False,False,removed_not_selected_by_signal_or_family_rule
num__systolic_bp_noninvasive_vital_first_value_missing,191320,47171,100.0,100.0,False,False,False,False,False,0.0,False,False,False,removed_not_selected_by_signal_or_family_rule
num__heart_rate_vital_last_value_missing,191320,47171,100.0,100.0,False,False,False,False,False,0.0,False,False,False,removed_not_selected_by_signal_or_family_rule
num__mean_bp_arterial_vital_last_value_missing,191320,47171,100.0,100.0,False,False,False,False,False,0.0,False,False,False,removed_not_selected_by_signal_or_family_rule
num__mean_bp_noninvasive_vital_last_value_missing,191320,47171,100.0,100.0,False,False,False,False,False,0.0,False,False,False,removed_not_selected_by_signal_or_family_rule
num__respiratory_rate_vital_last_value_missing,191320,47171,100.0,100.0,False,False,False,False,False,0.0,False,False,False,removed_not_selected_by_signal_or_family_rule
num__spo2_vital_last_value_missing,191320,47171,100.0,100.0,False,False,False,False,False,0.0,False,False,False,removed_not_selected_by_signal_or_family_rule
num__systolic_bp_arterial_vital_last_value_missing,191320,47171,100.0,100.0,False,False,False,False,False,0.0,False,False,False,removed_not_selected_by_signal_or_family_rule
num__systolic_bp_noninvasive_vital_last_value_missing,191320,47171,100.0,100.0,False,False,False,False,False,0.0,False,False,False,removed_not_selected_by_signal_or_family_rule
num__heart_rate_vital_max_value_missing,191320,47171,100.0,100.0,False,False,False,False,False,0.0,False,False,False,removed_not_selected_by_signal_or_family_rule
num__mean_bp_arterial_vital_max_value_missing,191320,47171,100.0,100.0,False,False,False,False,False,0.0,False,False,False,removed_not_selected_by_signal_or_family_rule
num__mean_bp_noninvasive_vital_max_value_missing,191320,47171,100.0,100.0,False,False,False,False,False,0.0,False,False,False,removed_not_selected_by_signal_or_family_rule
num__respiratory_rate_vital_max_value_missing,191320,47171,100.0,100.0,False,False,False,False,False,0.0,False,False,False,removed_not_selected_by_signal_or_family_rule
num__spo2_vital_max_value_missing,191320,47171,100.0,100.0,False,False,False,False,False,0.0,False,False,False,removed_not_selected_by_signal_or_family_rule
num__systolic_bp_arterial_vital_max_value_missing,191320,47171,100.0,100.0,False,False,False,False,False,0.0,False,False,False,removed_not_selected_by_signal_or_family_rule
num__systolic_bp_noninvasive_vital_max_value_missing,191320,47171,100.0,100.0,False,False,False,False,False,0.0,False,False,False,removed_not_selected_by_signal_or_family_rule
num__heart_rate_vital_mean_value_missing,191320,47171,100.0,100.0,False,False,False,False,False,0.0,False,False,False,removed_not_selected_by_signal_or_family_rule
num__mean_bp_arterial_vital_mean_value_missing,191320,47171,100.0,100.0,False,False,False,False,False,0.0,False,False,False,removed_not_selected_by_signal_or_family_rule
num__mean_bp_noninvasive_vital_mean_value_missing,191320,47171,100.0,100.0,False,False,False,False,False,0.0,False,False,False,removed_not_selected_by_signal_or_family_rule
num__respiratory_rate_vital_mean_value_missing,191320,47171,100.0,100.0,False,False,False,False,False,0.0,False,False,False,removed_not_selected_by_signal_or_family_rule
num__spo2_vital_mean_value_missing,191320,47171,100.0,100.0,False,False,False,False,False,0.0,False,False,False,removed_not_selected_by_signal_or_family_rule
num__systolic_bp_arterial_vital_mean_value_missing,191320,47171,100.0,100.0,False,False,False,False,False,0.0,False,False,False,removed_not_selected_by_signal_or_family_rule
num__systolic_bp_noninvasive_vital_mean_value_missing,191320,47171,100.0,100.0,False,False,False,False,False,0.0,False,False,False,removed_not_selected_by_signal_or_family_rule
num__heart_rate_vital_min_value_missing,191320,47171,100.0,100.0,False,False,False,False,False,0.0,False,False,False,removed_not_selected_by_signal_or_family_rule
num__mean_bp_arterial_vital_min_value_missing,191320,47171,100.0,100.0,False,False,False,False,False,0.0,False,False,False,removed_not_selected_by_signal_or_family_rule
num__mean_bp_noninvasive_vital_min_value_missing,191320,47171,100.0,100.0,False,False,False,False,False,0.0,False,False,False,removed_not_selected_by_signal_or_family_rule
num__respiratory_rate_vital_min_value_missing,191320,47171,100.0,100.0,False,False,False,False,False,0.0,False,False,False,removed_not_selected_by_signal_or_family_rule
num__spo2_vital_min_value_missing,191320,47171,100.0,100.0,False,False,False,False,False,0.0,False,False,False,removed_not_selected_by_signal_or_family_rule
num__systolic_bp_arterial_vital_min_value_missing,191320,47171,100.0,100.0,False,False,False,False,False,0.0,False,False,False,removed_not_selected_by_signal_or_family_rule
num__systolic_bp_noninvasive_vital_min_value_missing,191320,47171,100.0,100.0,False,False,False,False,False,0.0,False,False,False,removed_not_selected_by_signal_or_family_rule
num__heart_rate_vital_value_change_missing,191320,47171,100.0,100.0,False,False,False,False,False,0.0,False,False,False,removed_not_selected_by_signal_or_family_rule
num__mean_bp_arterial_vital_value_change_missing,191320,47171,100.0,100.0,False,False,False,False,False,0.0,False,False,False,removed_not_selected_by_signal_or_family_rule
num__mean_bp_noninvasive_vital_value_change_missing,191320,47171,100.0,100.0,False,False,False,False,False,0.0,False,False,False,removed_not_selected_by_signal_or_family_rule
num__respiratory_rate_vital_value_change_missing,191320,47171,100.0,100.0,False,False,False,False,False,0.0,False,False,False,removed_not_selected_by_signal_or_family_rule
num__spo2_vital_value_change_missing,191320,47171,100.0,100.0,False,False,False,False,False,0.0,False,False,False,removed_not_selected_by_signal_or_family_rule
num__systolic_bp_arterial_vital_value_change_missing,191320,47171,100.0,100.0,False,False,False,False,False,0.0,False,False,False,removed_not_selected_by_signal_or_family_rule
num__systolic_bp_noninvasive_vital_value_change_missing,191320,47171,100.0,100.0,False,False,False,False,False,0.0,False,False,False,removed_not_selected_by_signal_or_family_rule
num__previous_psych_admissions,191320,47171,100.0,100.0,False,False,True,False,False,0.02234314744882279,True,False,True,kept_rapid_trial_core; kept_high_recent_shap_signal
num__has_previous_psych_admission,191320,47171,100.0,100.0,False,False,True,False,False,6.492067041108385e-05,False,False,True,kept_rapid_trial_core
num__days_since_previous_psych_admission_filled,191320,47171,100.0,100.0,False,False,True,False,False,0.02605459697249044,True,False,True,kept_rapid_trial_core; kept_high_recent_shap_signal
num__recent_psych_admission_30d,191320,47171,100.0,100.0,False,False,True,False,False,0.000678494986694863,False,False,True,kept_rapid_trial_core
num__recent_psych_admission_90d,191320,47171,100.0,100.0,False,False,True,False,False,0.0001858352539674756,False,False,True,kept_rapid_trial_core
num__recent_psych_admission_365d,191320,47171,100.0,100.0,False,False,True,False,False,0.001578720791086302,False,False,True,kept_rapid_trial_core
num__has_previous_hospital_admission,191320,47171,100.0,100.0,False,False,True,False,False,0.001219321045304226,False,False,True,kept_rapid_trial_core
num__has_previous_nonpsych_admission,191320,47171,100.0,100.0,False,False,True,False,False,0.0005838759629383368,False,False,True,kept_rapid_trial_core
num__has_multiple_previous_hospital_admissions,191320,47171,100.0,100.0,False,False,False,False,False,0.0,False,False,False,removed_not_selected_by_signal_or_family_rule
num__admission_year,191320,47171,100.0,100.0,False,False,True,False,False,0.009351115158767237,True,False,True,kept_rapid_trial_core; kept_high_recent_shap_signal
num__admission_month,191320,47171,100.0,100.0,False,False,True,False,False,0.002043418576461269,False,False,True,kept_rapid_trial_core
num__admission_dayofweek,191320,47171,100.0,100.0,False,False,True,False,False,0.002287546276248668,False,False,True,kept_rapid_trial_core
num__weekend_admission,191320,47171,100.0,100.0,False,False,False,False,False,0.000200014731177116,False,False,False,removed_not_selected_by_signal_or_family_rule
num__admission_hour,191320,47171,100.0,100.0,False,False,True,False,False,0.007672721887984328,True,False,True,kept_rapid_trial_core; kept_high_recent_shap_signal
num__night_admission,191320,47171,100.0,100.0,False,False,True,False,False,0.001600356008556353,False,False,True,kept_rapid_trial_core
num__discharge_hour,191320,47171,100.0,100.0,False,False,True,False,False,0.04502572065624608,True,False,True,kept_rapid_trial_core; kept_high_recent_shap_signal
num__discharge_month,191320,47171,100.0,100.0,False,False,True,False,False,0.007245551447871085,True,False,True,kept_rapid_trial_core; kept_high_recent_shap_signal
num__discharge_dayofweek,191320,47171,100.0,100.0,False,False,True,False,False,0.008180390148889043,True,False,True,kept_rapid_trial_core; kept_high_recent_shap_signal
num__weekend_discharge,191320,47171,100.0,100.0,False,False,True,False,False,0.0001873486306085862,False,False,True,kept_rapid_trial_core
num__friday_discharge,191320,47171,100.0,100.0,False,False,True,False,False,0.0002157060074764424,False,False,True,kept_rapid_trial_core
num__night_discharge,191320,47171,100.0,100.0,False,False,True,False,False,0.002869902327338321,True,False,True,kept_rapid_trial_core; kept_high_recent_shap_signal
num__discharged_home_with_services_flag,191320,47171,100.0,100.0,False,False,True,False,False,0.006799371732150873,True,False,True,kept_rapid_trial_core; kept_high_recent_shap_signal
num__discharged_home_without_services_flag,191320,47171,100.0,100.0,False,False,True,False,False,0.0007547382727490057,False,False,True,kept_rapid_trial_core
num__discharged_to_rehab_flag,191320,47171,100.0,100.0,False,False,True,False,False,0.0002747690573649114,False,False,True,kept_rapid_trial_core
num__discharged_to_snf_flag,191320,47171,100.0,100.0,False,False,True,False,False,0.0007649990267445468,False,False,True,kept_rapid_trial_core
num__discharged_to_acute_hospital_flag,191320,47171,100.0,100.0,False,False,True,False,False,0.002403116678185837,False,False,True,kept_rapid_trial_core
num__discharged_to_residential_care_flag,191320,47171,100.0,100.0,False,False,True,False,False,5.542826693272218e-05,False,False,True,kept_rapid_trial_core
num__discharged_to_psych_facility_or_transfer_flag,191320,47171,100.0,100.0,False,False,True,False,False,0.01404777776700664,True,False,True,kept_rapid_trial_core; kept_high_recent_shap_signal
num__admitted_from_ed_flag,191320,47171,100.0,100.0,False,False,True,False,False,0.003100193855141133,True,False,True,kept_rapid_trial_core; kept_high_recent_shap_signal
num__admitted_from_clinic_referral_flag,191320,47171,100.0,100.0,False,False,False,False,False,0.0007631227140391298,False,False,False,removed_not_selected_by_signal_or_family_rule
num__admitted_from_emergency_transfer_flag,191320,47171,100.0,100.0,False,False,True,False,False,0.001565892377940511,False,False,True,kept_rapid_trial_core
num__admission_source_high_acuity_flag,191320,47171,100.0,100.0,False,False,True,False,False,0.002426837722856769,False,False,True,kept_rapid_trial_core
num__psych_diagnosis_group_count,191320,47171,100.0,100.0,False,False,True,False,False,0.02913362425065493,True,False,True,kept_rapid_trial_core; kept_high_recent_shap_signal
num__has_multiple_psych_diagnosis_groups,191320,47171,100.0,100.0,False,False,True,False,False,0.01077677613847041,True,False,True,kept_rapid_trial_core; kept_high_recent_shap_signal
num__has_severe_mental_illness,191320,47171,100.0,100.0,False,False,True,False,False,0.001410877683414741,False,False,True,kept_rapid_trial_core
num__high_drg_severity,191320,47171,100.0,100.0,False,False,True,False,False,0.001304637212737437,False,False,True,kept_rapid_trial_core
num__high_drg_mortality,191320,47171,100.0,100.0,False,False,False,False,False,2.43392805714393e-05,False,False,False,removed_not_selected_by_signal_or_family_rule
num__high_service_transfer_burden,191320,47171,100.0,100.0,False,False,False,False,False,0.0,False,False,False,removed_not_selected_by_signal_or_family_rule
num__multiple_services,191320,47171,100.0,100.0,False,False,False,False,False,1.449170946763065e-05,False,False,False,removed_not_selected_by_signal_or_family_rule
num__high_physical_transfer_burden,191320,47171,100.0,100.0,False,False,False,False,False,4.734978210763074e-05,False,False,False,removed_not_selected_by_signal_or_family_rule
num__multiple_careunits,191320,47171,100.0,100.0,False,False,False,False,False,0.0001990079696099884,False,False,False,removed_not_selected_by_signal_or_family_rule
num__had_careunit_transfer,191320,47171,100.0,100.0,False,False,False,False,False,0.0002016329090110958,False,False,False,removed_not_selected_by_signal_or_family_rule
num__high_procedure_burden,191320,47171,100.0,100.0,False,False,False,False,False,0.0001798210489114474,False,False,False,removed_not_selected_by_signal_or_family_rule
num__multiple_procedure_codes,191320,47171,100.0,100.0,False,False,False,False,False,0.0002358383382964783,False,False,False,removed_not_selected_by_signal_or_family_rule
num__has_any_psych_medication,191320,47171,100.0,100.0,False,False,True,False,False,3.665678377728909e-05,False,False,True,kept_rapid_trial_core
num__has_any_prescription,191320,47171,100.0,100.0,False,False,False,False,False,0.0,False,False,False,removed_not_selected_by_signal_or_family_rule
num__polypharmacy_5plus,191320,47171,100.0,100.0,False,False,False,True,False,0.0,False,True,True,kept_clinically_relevant_non_sparse_extra
num__polypharmacy_10plus,191320,47171,100.0,100.0,False,False,False,True,False,0.0,False,True,True,kept_clinically_relevant_non_sparse_extra
num__antidepressant_antipsychotic_combination,191320,47171,100.0,100.0,False,False,True,True,False,0.0002915746469530031,False,True,True,kept_rapid_trial_core; kept_clinically_relevant_non_sparse_extra
num__mood_stabiliser_antipsychotic_combination,191320,47171,100.0,100.0,False,False,True,True,False,5.070397968456483e-05,False,True,True,kept_rapid_trial_core; kept_clinically_relevant_non_sparse_extra
num__num_labs_measured,191320,47171,100.0,100.0,False,False,False,False,False,0.0003440660544265257,False,False,False,removed_not_selected_by_signal_or_family_rule
num__num_abnormal_labs,191320,47171,100.0,100.0,False,False,True,False,False,0.00239321535749229,False,False,True,kept_rapid_trial_core
num__any_abnormal_lab,191320,47171,100.0,100.0,False,False,False,False,False,0.0,False,False,False,removed_not_selected_by_signal_or_family_rule
num__num_lab_value_missing_indicators,191320,47171,100.0,100.0,False,False,False,False,False,0.0008496164715780673,False,False,False,removed_not_selected_by_signal_or_family_rule
num__electrolyte_abnormality_count,191320,47171,100.0,100.0,False,False,False,False,False,0.0008422929145059312,False,False,False,removed_not_selected_by_signal_or_family_rule
num__any_electrolyte_abnormality,191320,47171,100.0,100.0,False,False,False,False,False,0.0001463108492316678,False,False,False,removed_not_selected_by_signal_or_family_rule
num__renal_lab_abnormality,191320,47171,100.0,100.0,False,False,False,False,False,0.0001001534576017893,False,False,False,removed_not_selected_by_signal_or_family_rule
num__hematology_lab_abnormality,191320,47171,100.0,100.0,False,False,False,False,False,0.0001810795321852253,False,False,False,removed_not_selected_by_signal_or_family_rule
num__prolonged_icu_stay_3plus_days,191320,47171,100.0,100.0,False,False,False,False,False,1.081355912901927e-05,False,False,False,removed_not_selected_by_signal_or_family_rule
num__prolonged_icu_stay_7plus_days,191320,47171,100.0,100.0,False,False,False,False,False,2.913998942012627e-05,False,False,False,removed_not_selected_by_signal_or_family_rule
num__num_vital_types_measured,191320,47171,100.0,100.0,False,False,True,False,False,4.969310975866392e-05,False,False,True,kept_rapid_trial_core
num__num_vital_value_missing_indicators,191320,47171,100.0,100.0,False,False,False,False,False,0.0,False,False,False,removed_not_selected_by_signal_or_family_rule
num__tachycardia_indicator,191320,47171,100.0,100.0,False,False,False,False,False,9.851110239667597e-06,False,False,False,removed_not_selected_by_signal_or_family_rule
num__severe_tachycardia_indicator,191320,47171,100.0,100.0,False,False,False,False,False,0.0,False,False,False,removed_not_selected_by_signal_or_family_rule
num__tachypnoea_indicator,191320,47171,100.0,100.0,False,False,False,False,False,1.195178538182518e-05,False,False,False,removed_not_selected_by_signal_or_family_rule
num__hypoxia_indicator,191320,47171,100.0,100.0,False,False,False,False,False,0.0,False,False,False,removed_not_selected_by_signal_or_family_rule
num__minimum_systolic_bp,191320,47171,100.0,100.0,False,False,False,False,False,0.0002010692411205261,False,False,False,removed_not_selected_by_signal_or_family_rule
num__minimum_mean_bp,191320,47171,100.0,100.0,False,False,False,False,False,0.0006196312628114585,False,False,False,removed_not_selected_by_signal_or_family_rule
num__hypotension_indicator,191320,47171,100.0,100.0,False,False,False,False,False,0.0,False,False,False,removed_not_selected_by_signal_or_family_rule
num__physiological_instability_score,191320,47171,100.0,100.0,False,False,False,False,False,0.0001586021680309924,False,False,False,removed_not_selected_by_signal_or_family_rule
num__heart_rate_72h_mean,191320,47171,100.0,100.0,False,False,False,False,False,0.0006457915803640866,False,False,False,removed_not_selected_by_signal_or_family_rule
num__heart_rate_72h_min,191320,47171,100.0,100.0,False,False,False,False,False,0.000658364928909298,False,False,False,removed_not_selected_by_signal_or_family_rule
num__heart_rate_72h_max,191320,47171,100.0,100.0,False,False,False,False,False,0.0007876616753725754,False,False,False,removed_not_selected_by_signal_or_family_rule
num__heart_rate_72h_std,191320,47171,100.0,100.0,False,False,True,False,False,0.001287177814428857,False,False,True,kept_rapid_trial_core
num__heart_rate_72h_observed_hours,191320,47171,100.0,100.0,False,False,False,False,False,0.000543014362787667,False,False,False,removed_not_selected_by_signal_or_family_rule
num__mean_bp_arterial_72h_mean,191320,47171,100.0,100.0,False,False,False,False,False,0.0001632123276195533,False,False,False,removed_not_selected_by_signal_or_family_rule
num__mean_bp_arterial_72h_min,191320,47171,100.0,100.0,False,False,False,False,False,0.0002594460676051061,False,False,False,removed_not_selected_by_signal_or_family_rule
num__mean_bp_arterial_72h_max,191320,47171,100.0,100.0,False,False,False,False,False,0.0001166450956401716,False,False,False,removed_not_selected_by_signal_or_family_rule
num__mean_bp_arterial_72h_std,191320,47171,100.0,100.0,False,False,False,False,False,8.338060163884216e-05,False,False,False,removed_not_selected_by_signal_or_family_rule
num__mean_bp_arterial_72h_observed_hours,191320,47171,100.0,100.0,False,False,False,False,False,0.0002038741615838469,False,False,False,removed_not_selected_by_signal_or_family_rule
num__mean_bp_noninvasive_72h_mean,191320,47171,100.0,100.0,False,False,False,False,False,0.0004358037862072018,False,False,False,removed_not_selected_by_signal_or_family_rule
num__mean_bp_noninvasive_72h_min,191320,47171,100.0,100.0,False,False,True,False,False,0.003047239004746021,True,False,True,kept_rapid_trial_core; kept_high_recent_shap_signal
num__mean_bp_noninvasive_72h_max,191320,47171,100.0,100.0,False,False,False,False,False,0.0002702830537298826,False,False,False,removed_not_selected_by_signal_or_family_rule
num__mean_bp_noninvasive_72h_std,191320,47171,100.0,100.0,False,False,True,False,False,0.001231881534695357,False,False,True,kept_rapid_trial_core
num__mean_bp_noninvasive_72h_observed_hours,191320,47171,100.0,100.0,False,False,False,False,False,0.000991638756607427,False,False,False,removed_not_selected_by_signal_or_family_rule
num__respiratory_rate_72h_mean,191320,47171,100.0,100.0,False,False,False,False,False,0.0006750413715112067,False,False,False,removed_not_selected_by_signal_or_family_rule
num__respiratory_rate_72h_min,191320,47171,100.0,100.0,False,False,False,False,False,0.0005592096630614518,False,False,False,removed_not_selected_by_signal_or_family_rule
num__respiratory_rate_72h_max,191320,47171,100.0,100.0,False,False,False,False,False,0.0006086477829671307,False,False,False,removed_not_selected_by_signal_or_family_rule
num__respiratory_rate_72h_std,191320,47171,100.0,100.0,False,False,False,False,False,0.0006903554640583402,False,False,False,removed_not_selected_by_signal_or_family_rule
num__respiratory_rate_72h_observed_hours,191320,47171,100.0,100.0,False,False,False,False,False,0.0002314247609748174,False,False,False,removed_not_selected_by_signal_or_family_rule
num__spo2_72h_mean,191320,47171,100.0,100.0,False,False,True,False,False,0.0006590795255940975,False,False,True,kept_rapid_trial_core
num__spo2_72h_min,191320,47171,100.0,100.0,False,False,True,False,False,0.0003672301638560307,False,False,True,kept_rapid_trial_core
num__spo2_72h_max,191320,47171,100.0,100.0,False,False,True,False,False,0.0001152454993076271,False,False,True,kept_rapid_trial_core
num__spo2_72h_std,191320,47171,100.0,100.0,False,False,True,False,False,0.001179211476023604,False,False,True,kept_rapid_trial_core
num__spo2_72h_observed_hours,191320,47171,100.0,100.0,False,False,True,False,False,0.0003326647495810727,False,False,True,kept_rapid_trial_core
num__systolic_bp_arterial_72h_mean,191320,47171,100.0,100.0,False,False,False,False,False,0.0001618673006004168,False,False,False,removed_not_selected_by_signal_or_family_rule
num__systolic_bp_arterial_72h_min,191320,47171,100.0,100.0,False,False,False,False,False,0.0003558224423406663,False,False,False,removed_not_selected_by_signal_or_family_rule
num__systolic_bp_arterial_72h_max,191320,47171,100.0,100.0,False,False,False,False,False,0.0008523511061702626,False,False,False,removed_not_selected_by_signal_or_family_rule
num__systolic_bp_arterial_72h_std,191320,47171,100.0,100.0,False,False,False,False,False,6.057784490498982e-05,False,False,False,removed_not_selected_by_signal_or_family_rule
num__systolic_bp_arterial_72h_observed_hours,191320,47171,100.0,100.0,False,False,False,False,False,0.0003348503243572656,False,False,False,removed_not_selected_by_signal_or_family_rule
num__systolic_bp_noninvasive_72h_mean,191320,47171,100.0,100.0,False,False,False,False,False,0.0007600097565666811,False,False,False,removed_not_selected_by_signal_or_family_rule
num__systolic_bp_noninvasive_72h_min,191320,47171,100.0,100.0,False,False,False,False,False,0.0009359450340701474,False,False,False,removed_not_selected_by_signal_or_family_rule
num__systolic_bp_noninvasive_72h_max,191320,47171,100.0,100.0,False,False,False,False,False,0.0007406350478387103,False,False,False,removed_not_selected_by_signal_or_family_rule
num__systolic_bp_noninvasive_72h_std,191320,47171,100.0,100.0,False,False,False,False,False,0.0006548102970361586,False,False,False,removed_not_selected_by_signal_or_family_rule
num__systolic_bp_noninvasive_72h_observed_hours,191320,47171,100.0,100.0,False,False,False,False,False,0.0005010165851790689,False,False,False,removed_not_selected_by_signal_or_family_rule
num__ed_length_of_stay_hours_missing,191320,47171,100.0,100.0,False,False,False,False,False,0.000188306046766229,False,False,False,removed_not_selected_by_signal_or_family_rule
num__ed_length_of_stay_hours_filled,191320,47171,100.0,100.0,False,False,True,False,False,0.009779514386843935,True,False,True,kept_rapid_trial_core; kept_high_recent_shap_signal
num__ed_to_admission_hours_missing,191320,47171,100.0,100.0,False,False,False,False,False,0.0,False,False,False,removed_not_selected_by_signal_or_family_rule
num__ed_to_admission_hours_filled,191320,47171,100.0,100.0,False,False,True,False,False,0.01028011984641945,True,False,True,kept_rapid_trial_core; kept_high_recent_shap_signal
num__ed_to_ward_delay_hours_missing,191320,47171,100.0,100.0,False,False,False,False,False,0.0,False,False,False,removed_not_selected_by_signal_or_family_rule
num__ed_to_ward_delay_hours_filled,191320,47171,100.0,100.0,False,False,False,False,False,7.153102827557671e-06,False,False,False,removed_not_selected_by_signal_or_family_rule
num__days_since_previous_hospital_admission_missing,191320,47171,100.0,100.0,False,False,False,False,False,0.0,False,False,False,removed_not_selected_by_signal_or_family_rule
num__days_since_previous_icu_admission_missing,191320,47171,100.0,100.0,False,False,True,False,False,1.736404790479092e-05,False,False,True,kept_rapid_trial_core
num__time_to_first_transfer_hours_missing,191320,47171,100.0,100.0,False,False,False,False,False,0.0006112397918449255,False,False,False,removed_not_selected_by_signal_or_family_rule
num__time_to_first_transfer_hours_filled,191320,47171,100.0,100.0,False,False,True,False,False,0.004262152487620552,True,False,True,kept_rapid_trial_core; kept_high_recent_shap_signal
num__first_order_hours_from_admission_missing,191320,47171,100.0,100.0,False,False,False,False,False,0.0,False,False,False,removed_not_selected_by_signal_or_family_rule
num__first_order_hours_from_admission_filled,191320,47171,100.0,100.0,False,False,True,False,False,0.004336043490161253,True,False,True,kept_rapid_trial_core; kept_high_recent_shap_signal
num__last_order_hours_from_admission_missing,191320,47171,100.0,100.0,False,False,False,False,False,0.0,False,False,False,removed_not_selected_by_signal_or_family_rule
num__last_order_hours_from_admission_filled,191320,47171,100.0,100.0,False,False,True,False,False,0.009462866077124594,True,False,True,kept_rapid_trial_core; kept_high_recent_shap_signal
num__days_since_latest_body_measure_missing,191320,47171,100.0,100.0,False,False,True,False,False,0.001297791384997085,False,False,True,kept_rapid_trial_core
num__days_since_latest_body_measure_filled,191320,47171,100.0,100.0,False,False,True,False,False,0.01479937276588385,True,False,True,kept_rapid_trial_core; kept_high_recent_shap_signal
num__latest_bmi_before_admission_missing,191320,47171,100.0,100.0,False,False,False,False,False,9.226977050512655e-05,False,False,False,removed_not_selected_by_signal_or_family_rule
num__latest_bmi_before_admission_filled,191320,47171,100.0,100.0,False,False,True,False,False,0.002116046356675581,False,False,True,kept_rapid_trial_core
num__previous_bmi_before_admission_missing,191320,47171,100.0,100.0,False,False,True,False,False,0.0002808048157021403,False,False,True,kept_rapid_trial_core
num__previous_bmi_before_admission_filled,191320,47171,100.0,100.0,False,False,True,False,False,0.001136580540403558,False,False,True,kept_rapid_trial_core
num__bmi_change_recent_missing,191320,47171,100.0,100.0,False,False,True,False,False,8.855973365307974e-05,False,False,True,kept_rapid_trial_core
num__bmi_change_recent_filled,191320,47171,100.0,100.0,False,False,True,False,False,0.0006255916217149369,False,False,True,kept_rapid_trial_core
num__latest_weight_kg_before_admission_missing,191320,47171,100.0,100.0,False,False,False,False,False,0.0007429482427442132,False,False,False,removed_not_selected_by_signal_or_family_rule
num__latest_weight_kg_before_admission_filled,191320,47171,100.0,100.0,False,False,True,False,False,0.002315824355217206,False,False,True,kept_rapid_trial_core
num__previous_weight_kg_before_admission_missing,191320,47171,100.0,100.0,False,False,True,False,False,0.0003425379012362281,False,False,True,kept_rapid_trial_core
num__previous_weight_kg_before_admission_filled,191320,47171,100.0,100.0,False,False,True,False,False,0.001137603939318227,False,False,True,kept_rapid_trial_core
num__weight_change_recent_missing,191320,47171,100.0,100.0,False,False,True,False,False,0.0001504268263816063,False,False,True,kept_rapid_trial_core
num__weight_change_recent_filled,191320,47171,100.0,100.0,False,False,True,False,False,0.001503988243206758,False,False,True,kept_rapid_trial_core
num__latest_height_cm_before_admission_missing,191320,47171,100.0,100.0,False,False,False,False,False,0.0006468268016384165,False,False,False,removed_not_selected_by_signal_or_family_rule
num__latest_height_cm_before_admission_filled,191320,47171,100.0,100.0,False,False,True,False,False,0.002060629022089679,False,False,True,kept_rapid_trial_core
num__previous_height_cm_before_admission_missing,191320,47171,100.0,100.0,False,False,True,False,False,0.0002971954895659778,False,False,True,kept_rapid_trial_core
num__previous_height_cm_before_admission_filled,191320,47171,100.0,100.0,False,False,True,False,False,0.000980280249367919,False,False,True,kept_rapid_trial_core
num__height_change_recent_missing,191320,47171,100.0,100.0,False,False,True,False,False,0.0001219437083289175,False,False,True,kept_rapid_trial_core
num__height_change_recent_filled,191320,47171,100.0,100.0,False,False,True,False,False,0.00106841024499322,False,False,True,kept_rapid_trial_core
num__orders_per_hospital_day,191320,47171,100.0,100.0,False,False,True,False,False,0.003678973001873014,True,False,True,kept_rapid_trial_core; kept_high_recent_shap_signal
num__new_orders_last_24h_per_hospital_day,191320,47171,100.0,100.0,False,False,True,False,False,0.00286135291139206,True,False,True,kept_rapid_trial_core; kept_high_recent_shap_signal
num__medications_per_hospital_day,191320,47171,100.0,100.0,False,False,True,False,False,0.004111105445753834,True,False,True,kept_rapid_trial_core; kept_high_recent_shap_signal
num__prescriptions_per_hospital_day,191320,47171,100.0,100.0,False,False,True,False,False,0.006488144273673545,True,False,True,kept_rapid_trial_core; kept_high_recent_shap_signal
num__procedures_per_hospital_day,191320,47171,100.0,100.0,False,False,True,False,False,0.01444261996408645,True,False,True,kept_rapid_trial_core; kept_high_recent_shap_signal
num__care_team_touchpoints_per_hospital_day,191320,47171,100.0,100.0,False,False,True,False,False,0.01582645798082128,True,False,True,kept_rapid_trial_core; kept_high_recent_shap_signal
num__discontinued_orders_per_hospital_day,191320,47171,100.0,100.0,False,False,True,False,False,0.003021434164216874,True,False,True,kept_rapid_trial_core; kept_high_recent_shap_signal
num__discontinued_pharmacy_orders_per_hospital_day,191320,47171,100.0,100.0,False,False,True,True,False,0.003604154894341681,True,True,True,kept_rapid_trial_core; kept_high_recent_shap_signal; kept_clinically_relevant_non_sparse_extra
num__total_selected_lab_event_count,191320,47171,100.0,100.0,False,False,False,False,False,0.0009693803076367889,False,False,False,removed_not_selected_by_signal_or_family_rule
num__lab_tests_per_hospital_day,191320,47171,100.0,100.0,False,False,True,False,False,0.005756558791173306,True,False,True,kept_rapid_trial_core; kept_high_recent_shap_signal
num__discontinued_order_proportion,191320,47171,100.0,100.0,False,False,False,False,False,0.0002388399072258476,False,False,False,removed_not_selected_by_signal_or_family_rule
num__psych_related_order_proportion,191320,47171,100.0,100.0,False,False,True,False,False,0.003280868473423125,True,False,True,kept_rapid_trial_core; kept_high_recent_shap_signal
num__consult_order_proportion,191320,47171,100.0,100.0,False,False,True,False,False,0.006598121414171341,True,False,True,kept_rapid_trial_core; kept_high_recent_shap_signal
num__safety_order_proportion,191320,47171,100.0,100.0,False,False,True,True,False,0.01540162549091336,True,True,True,kept_rapid_trial_core; kept_high_recent_shap_signal; kept_clinically_relevant_non_sparse_extra
num__followup_order_proportion,191320,47171,100.0,100.0,False,False,True,True,False,0.006587413805847531,True,True,True,kept_rapid_trial_core; kept_high_recent_shap_signal; kept_clinically_relevant_non_sparse_extra
num__orders_first_72h_to_total_ratio,191320,47171,100.0,100.0,False,False,True,False,False,0.005262288821260685,True,False,True,kept_rapid_trial_core; kept_high_recent_shap_signal
num__orders_after_72h_to_total_ratio,191320,47171,100.0,100.0,False,False,True,False,False,0.00263311764575387,False,False,True,kept_rapid_trial_core
num__creatinine_lab_coefficient_of_variation,191320,47171,100.0,100.0,False,False,True,False,False,0.008088019661831364,True,False,True,kept_rapid_trial_core; kept_high_recent_shap_signal
num__creatinine_lab_rate_of_change_per_day,191320,47171,100.0,100.0,False,False,True,False,False,0.003174722219878287,True,False,True,kept_rapid_trial_core; kept_high_recent_shap_signal
num__creatinine_lab_last_to_first_ratio,191320,47171,100.0,100.0,False,False,True,False,False,0.003063346263107431,True,False,True,kept_rapid_trial_core; kept_high_recent_shap_signal
num__glucose_lab_coefficient_of_variation,191320,47171,100.0,100.0,False,False,True,False,False,0.005782582148998168,True,False,True,kept_rapid_trial_core; kept_high_recent_shap_signal
num__glucose_lab_rate_of_change_per_day,191320,47171,100.0,100.0,False,False,True,False,False,0.002745105093654999,False,False,True,kept_rapid_trial_core
num__glucose_lab_last_to_first_ratio,191320,47171,100.0,100.0,False,False,True,False,False,0.003389308861476739,True,False,True,kept_rapid_trial_core; kept_high_recent_shap_signal
num__hemoglobin_lab_coefficient_of_variation,191320,47171,100.0,100.0,False,False,True,False,False,0.005292953118789296,True,False,True,kept_rapid_trial_core; kept_high_recent_shap_signal
num__hemoglobin_lab_rate_of_change_per_day,191320,47171,100.0,100.0,False,False,True,False,False,0.003117659770506882,True,False,True,kept_rapid_trial_core; kept_high_recent_shap_signal
num__hemoglobin_lab_last_to_first_ratio,191320,47171,100.0,100.0,False,False,True,False,False,0.002327630283573519,False,False,True,kept_rapid_trial_core
num__platelet_lab_coefficient_of_variation,191320,47171,100.0,100.0,False,False,True,False,False,0.003220293779350708,True,False,True,kept_rapid_trial_core; kept_high_recent_shap_signal
num__platelet_lab_rate_of_change_per_day,191320,47171,100.0,100.0,False,False,True,False,False,0.00833172168304036,True,False,True,kept_rapid_trial_core; kept_high_recent_shap_signal
num__platelet_lab_last_to_first_ratio,191320,47171,100.0,100.0,False,False,True,False,False,0.004520212660300456,True,False,True,kept_rapid_trial_core; kept_high_recent_shap_signal
num__potassium_lab_coefficient_of_variation,191320,47171,100.0,100.0,False,False,True,False,False,0.002800555233221588,True,False,True,kept_rapid_trial_core; kept_high_recent_shap_signal
num__potassium_lab_rate_of_change_per_day,191320,47171,100.0,100.0,False,False,True,False,False,0.003327390456499153,True,False,True,kept_rapid_trial_core; kept_high_recent_shap_signal
num__potassium_lab_last_to_first_ratio,191320,47171,100.0,100.0,False,False,True,False,False,0.003454220929189864,True,False,True,kept_rapid_trial_core; kept_high_recent_shap_signal
num__sodium_lab_coefficient_of_variation,191320,47171,100.0,100.0,False,False,True,False,False,0.004370129269161627,True,False,True,kept_rapid_trial_core; kept_high_recent_shap_signal
num__sodium_lab_rate_of_change_per_day,191320,47171,100.0,100.0,False,False,True,False,False,0.008038847955958429,True,False,True,kept_rapid_trial_core; kept_high_recent_shap_signal
num__sodium_lab_last_to_first_ratio,191320,47171,100.0,100.0,False,False,True,False,False,0.006130483004619759,True,False,True,kept_rapid_trial_core; kept_high_recent_shap_signal
num__urea_nitrogen_lab_coefficient_of_variation,191320,47171,100.0,100.0,False,False,True,False,False,0.007092201055215932,True,False,True,kept_rapid_trial_core; kept_high_recent_shap_signal
num__urea_nitrogen_lab_rate_of_change_per_day,191320,47171,100.0,100.0,False,False,True,False,False,0.003507602775444285,True,False,True,kept_rapid_trial_core; kept_high_recent_shap_signal
num__urea_nitrogen_lab_last_to_first_ratio,191320,47171,100.0,100.0,False,False,True,False,False,0.002898414357610284,True,False,True,kept_rapid_trial_core; kept_high_recent_shap_signal
num__wbc_lab_coefficient_of_variation,191320,47171,100.0,100.0,False,False,True,False,False,0.007354257557391565,True,False,True,kept_rapid_trial_core; kept_high_recent_shap_signal
num__wbc_lab_rate_of_change_per_day,191320,47171,100.0,100.0,False,False,True,False,False,0.003291715684579635,True,False,True,kept_rapid_trial_core; kept_high_recent_shap_signal
num__wbc_lab_last_to_first_ratio,191320,47171,100.0,100.0,False,False,True,False,False,0.004662585397929504,True,False,True,kept_rapid_trial_core; kept_high_recent_shap_signal
num__heart_rate_vital_value_range,191320,47171,100.0,100.0,False,False,True,False,False,0.0006499415027623695,False,False,True,kept_rapid_trial_core
num__heart_rate_vital_relative_range,191320,47171,100.0,100.0,False,False,True,False,False,0.0003704036080278406,False,False,True,kept_rapid_trial_core
num__heart_rate_vital_rate_of_change_per_day,191320,47171,100.0,100.0,False,False,True,False,False,0.00486784163223801,True,False,True,kept_rapid_trial_core; kept_high_recent_shap_signal
num__mean_bp_arterial_vital_value_range,191320,47171,100.0,100.0,False,False,True,False,False,0.0007311590854899069,False,False,True,kept_rapid_trial_core
num__mean_bp_arterial_vital_relative_range,191320,47171,100.0,100.0,False,False,True,False,False,0.0006015103807436254,False,False,True,kept_rapid_trial_core
num__mean_bp_arterial_vital_rate_of_change_per_day,191320,47171,100.0,100.0,False,False,True,False,False,0.0003439880753452108,False,False,True,kept_rapid_trial_core
num__mean_bp_noninvasive_vital_value_range,191320,47171,100.0,100.0,False,False,True,False,False,0.0009754519279822624,False,False,True,kept_rapid_trial_core
num__mean_bp_noninvasive_vital_relative_range,191320,47171,100.0,100.0,False,False,True,False,False,0.003184409243534655,True,False,True,kept_rapid_trial_core; kept_high_recent_shap_signal
num__mean_bp_noninvasive_vital_rate_of_change_per_day,191320,47171,100.0,100.0,False,False,True,False,False,0.002398338331685832,False,False,True,kept_rapid_trial_core
num__respiratory_rate_vital_value_range,191320,47171,100.0,100.0,False,False,True,False,False,0.0004882803795988557,False,False,True,kept_rapid_trial_core
num__respiratory_rate_vital_relative_range,191320,47171,100.0,100.0,False,False,True,False,False,0.0007250057638816663,False,False,True,kept_rapid_trial_core
num__respiratory_rate_vital_rate_of_change_per_day,191320,47171,100.0,100.0,False,False,True,False,False,0.001954238264702102,False,False,True,kept_rapid_trial_core
num__spo2_vital_value_range,191320,47171,100.0,100.0,False,False,True,False,False,0.000164105544568642,False,False,True,kept_rapid_trial_core
num__spo2_vital_relative_range,191320,47171,100.0,100.0,False,False,True,False,False,0.001355622430796396,False,False,True,kept_rapid_trial_core
num__spo2_vital_rate_of_change_per_day,191320,47171,100.0,100.0,False,False,True,False,False,0.003463307027173838,True,False,True,kept_rapid_trial_core; kept_high_recent_shap_signal
num__systolic_bp_arterial_vital_value_range,191320,47171,100.0,100.0,False,False,True,False,False,0.0003089286263461531,False,False,True,kept_rapid_trial_core
num__systolic_bp_arterial_vital_relative_range,191320,47171,100.0,100.0,False,False,True,False,False,4.356902116578841e-05,False,False,True,kept_rapid_trial_core
num__systolic_bp_arterial_vital_rate_of_change_per_day,191320,47171,100.0,100.0,False,False,True,False,False,0.003851643267408771,True,False,True,kept_rapid_trial_core; kept_high_recent_shap_signal
num__systolic_bp_noninvasive_vital_value_range,191320,47171,100.0,100.0,False,False,True,False,False,0.0008799766440217315,False,False,True,kept_rapid_trial_core
num__systolic_bp_noninvasive_vital_relative_range,191320,47171,100.0,100.0,False,False,True,False,False,0.000408861913452889,False,False,True,kept_rapid_trial_core
num__systolic_bp_noninvasive_vital_rate_of_change_per_day,191320,47171,100.0,100.0,False,False,True,False,False,0.002647349778801765,False,False,True,kept_rapid_trial_core
num__heart_rate_abnormal_anytime_flag,191320,47171,100.0,100.0,False,False,False,False,False,0.0,False,False,False,removed_not_selected_by_signal_or_family_rule
num__respiratory_rate_abnormal_anytime_flag,191320,47171,100.0,100.0,False,False,False,False,False,0.0001255284456640054,False,False,False,removed_not_selected_by_signal_or_family_rule
num__spo2_low_anytime_flag,191320,47171,100.0,100.0,False,False,False,False,False,0.0,False,False,False,removed_not_selected_by_signal_or_family_rule
num__systolic_bp_arterial_abnormal_anytime_flag,191320,47171,100.0,100.0,False,False,False,False,False,2.479058733997759e-05,False,False,False,removed_not_selected_by_signal_or_family_rule
num__systolic_bp_noninvasive_abnormal_anytime_flag,191320,47171,100.0,100.0,False,False,False,False,False,2.963579047328657e-05,False,False,False,removed_not_selected_by_signal_or_family_rule
num__mean_bp_arterial_abnormal_anytime_flag,191320,47171,100.0,100.0,False,False,False,False,False,1.260533917957218e-05,False,False,False,removed_not_selected_by_signal_or_family_rule
num__mean_bp_noninvasive_abnormal_anytime_flag,191320,47171,100.0,100.0,False,False,False,False,False,9.158159809885547e-05,False,False,False,removed_not_selected_by_signal_or_family_rule
num__vital_abnormality_burden_score,191320,47171,100.0,100.0,False,False,True,False,False,0.0005070521073293579,False,False,True,kept_rapid_trial_core
num__vital_72h_hourly_rows,191320,47171,100.0,100.0,False,False,True,False,False,0.0002410021801440168,False,False,True,kept_rapid_trial_core
num__vital_72h_abnormal_window_count,191320,47171,100.0,100.0,False,False,True,False,False,0.0004573769294483082,False,False,True,kept_rapid_trial_core
num__vital_72h_abnormal_window_percentage,191320,47171,100.0,100.0,False,False,True,False,False,0.0004351112791540177,False,False,True,kept_rapid_trial_core
num__vital_72h_max_instability_score,191320,47171,100.0,100.0,False,False,True,False,False,0.0001052892280085173,False,False,True,kept_rapid_trial_core
num__vital_72h_mean_instability_score,191320,47171,100.0,100.0,False,False,True,False,False,0.00541418799998609,True,False,True,kept_rapid_trial_core; kept_high_recent_shap_signal
num__vital_72h_hours_with_2plus_instability_indicators,191320,47171,100.0,100.0,False,False,True,False,False,0.001767879747711518,False,False,True,kept_rapid_trial_core
num__vital_72h_hours_with_3plus_instability_indicators,191320,47171,100.0,100.0,False,False,True,False,False,0.0001740326125911877,False,False,True,kept_rapid_trial_core
num__tachycardia_72h_hour_percentage,191320,47171,100.0,100.0,False,False,True,False,False,0.002939539643780713,True,False,True,kept_rapid_trial_core; kept_high_recent_shap_signal
num__severe_tachycardia_72h_hour_percentage,191320,47171,100.0,100.0,False,False,False,False,False,0.0002253728980296764,False,False,False,removed_not_selected_by_signal_or_family_rule
num__tachypnoea_72h_hour_percentage,191320,47171,100.0,100.0,False,False,False,False,False,0.000791274095868789,False,False,False,removed_not_selected_by_signal_or_family_rule
num__hypoxia_72h_hour_percentage,191320,47171,100.0,100.0,False,False,False,False,False,0.0003746304219631839,False,False,False,removed_not_selected_by_signal_or_family_rule
num__hypotension_72h_hour_percentage,191320,47171,100.0,100.0,False,False,True,False,False,0.002338575422304041,False,False,True,kept_rapid_trial_core
num__vital_72h_longest_abnormal_run_hours,191320,47171,100.0,100.0,False,False,True,False,False,0.0004959722375337078,False,False,True,kept_rapid_trial_core
num__has_first_72h_vital_burden_data,191320,47171,100.0,100.0,False,False,False,False,False,0.0,False,False,False,removed_not_selected_by_signal_or_family_rule
num__age_65plus,191320,47171,100.0,100.0,False,False,True,False,False,0.001873522721673866,False,False,True,kept_rapid_trial_core
num__recent_psych_admission_90d_x_severe_mental_illness,191320,47171,100.0,100.0,False,False,True,False,False,0.0001595180372356195,False,False,True,kept_rapid_trial_core
num__recent_psych_admission_90d_x_substance_use,191320,47171,100.0,100.0,False,False,True,False,False,0.0003641067066456808,False,False,True,kept_rapid_trial_core
num__prior_psych_365d_x_self_harm,191320,47171,100.0,100.0,False,False,True,False,False,0.0009358474047508442,False,False,True,kept_rapid_trial_core
num__prior_psych_90d_x_self_harm,191320,47171,100.0,100.0,False,False,True,False,False,0.0001977091450041083,False,False,True,kept_rapid_trial_core
num__prior_psych_365d_x_smi,191320,47171,100.0,100.0,False,False,True,False,False,0.000320719823837516,False,False,True,kept_rapid_trial_core
num__prior_psych_90d_x_substance_use,191320,47171,100.0,100.0,False,False,True,False,False,0.0006639808907963038,False,False,True,kept_rapid_trial_core
num__self_harm_x_discharged_to_psych_facility,191320,47171,100.0,100.0,False,False,False,False,False,0.0,False,False,False,removed_not_selected_by_signal_or_family_rule
num__smi_x_antipsychotic_polypharmacy,191320,47171,100.0,100.0,False,False,True,True,False,0.0002422789795062749,False,True,True,kept_rapid_trial_core; kept_clinically_relevant_non_sparse_extra
num__severe_mental_illness_x_antipsychotic,191320,47171,100.0,100.0,False,False,True,True,False,0.000131240700210392,False,True,True,kept_rapid_trial_core; kept_clinically_relevant_non_sparse_extra
num__substance_use_x_benzodiazepine,191320,47171,100.0,100.0,False,False,True,True,False,0.000515838146572092,False,True,True,kept_rapid_trial_core; kept_clinically_relevant_non_sparse_extra
num__frequent_psych_admitter_x_discharged_against_advice,191320,47171,100.0,100.0,False,False,False,False,False,0.0,False,False,False,removed_not_selected_by_signal_or_family_rule
num__polypharmacy_10plus_x_age_65plus,191320,47171,100.0,100.0,False,False,True,True,False,0.001815602122942291,False,True,True,kept_rapid_trial_core; kept_clinically_relevant_non_sparse_extra
num__icu_utilisation_x_physiological_instability,191320,47171,100.0,100.0,False,False,False,False,False,0.0002012388680311675,False,False,False,removed_not_selected_by_signal_or_family_rule
num__lab_abnormality_burden_x_icu_use,191320,47171,100.0,100.0,False,False,False,False,False,0.0003814272228130753,False,False,False,removed_not_selected_by_signal_or_family_rule
num__safety_order_and_self_harm_flag,191320,47171,100.0,100.0,False,False,True,True,False,0.0001659952686168253,False,True,True,kept_rapid_trial_core; kept_clinically_relevant_non_sparse_extra
num__prn_psychotropic_and_self_harm_flag,191320,47171,100.0,100.0,False,False,True,True,False,0.0001191979251446603,False,True,True,kept_rapid_trial_core; kept_clinically_relevant_non_sparse_extra
num__substance_use_and_withdrawal_treatment_flag,191320,47171,100.0,100.0,False,False,True,False,False,0.0003997740347381011,False,False,True,kept_rapid_trial_core
num__psychosis_and_previous_psych_365d,191320,47171,100.0,100.0,False,False,True,False,False,5.207611693916596e-05,False,False,True,kept_rapid_trial_core
num__depression_and_previous_psych_365d,191320,47171,100.0,100.0,False,False,True,False,False,0.0008151912467078012,False,False,True,kept_rapid_trial_core
num__frequent_psych_admitter_and_discharge_planning,191320,47171,100.0,100.0,False,False,True,True,False,0.001450760829015214,False,True,True,kept_rapid_trial_core; kept_clinically_relevant_non_sparse_extra
num__order_activity_ratio_24_to_72h,191320,47171,100.0,100.0,False,False,True,False,False,0.008492836864567643,True,False,True,kept_rapid_trial_core; kept_high_recent_shap_signal
num__last_order_after_72h_flag,191320,47171,100.0,100.0,False,False,False,False,False,0.0,False,False,False,removed_not_selected_by_signal_or_family_rule
num__late_order_activity_flag,191320,47171,100.0,100.0,False,False,False,True,False,0.0,False,True,True,kept_clinically_relevant_non_sparse_extra
num__last_order_close_to_discharge_hours_filled,191320,47171,100.0,100.0,False,False,True,False,False,0.03465474605321445,True,False,True,kept_rapid_trial_core; kept_high_recent_shap_signal
num__high_poe_order_activity,191320,47171,100.0,100.0,False,False,False,False,False,0.0,False,False,False,removed_not_selected_by_signal_or_family_rule
num__poe_order_density_first_72h,191320,47171,100.0,100.0,False,False,True,False,False,0.001978324485157223,False,False,True,kept_rapid_trial_core
num__orders_after_72h_per_hospital_day,191320,47171,100.0,100.0,False,False,True,False,False,0.01695079159736791,True,False,True,kept_rapid_trial_core; kept_high_recent_shap_signal
num__late_order_activity_x_high_poe_orders,191320,47171,100.0,100.0,False,False,True,True,False,8.235407221945934e-06,False,True,True,kept_rapid_trial_core; kept_clinically_relevant_non_sparse_extra
num__high_order_activity_and_late_last_order,191320,47171,100.0,100.0,False,False,False,True,False,0.0,False,True,True,kept_clinically_relevant_non_sparse_extra
num__high_ed_los_flag,191320,47171,100.0,100.0,False,False,False,False,False,0.0004924892010361866,False,False,False,removed_not_selected_by_signal_or_family_rule
num__ed_los_high_x_high_order_activity,191320,47171,100.0,100.0,False,False,False,False,False,8.793115577152189e-06,False,False,False,removed_not_selected_by_signal_or_family_rule
num__late_orders_without_self_harm_flag,191320,47171,100.0,100.0,False,False,True,True,False,0.001197415169414188,False,True,True,kept_rapid_trial_core; kept_clinically_relevant_non_sparse_extra
num__late_orders_and_self_harm_flag,191320,47171,100.0,100.0,False,False,True,True,False,0.0001120962262367832,False,True,True,kept_rapid_trial_core; kept_clinically_relevant_non_sparse_extra
num__late_orders_without_prior_psych_history_flag,191320,47171,100.0,100.0,False,False,True,True,False,0.3455783634299856,True,True,True,kept_rapid_trial_core; kept_high_recent_shap_signal; kept_clinically_relevant_non_sparse_extra
num__late_orders_and_psych_facility_discharge_flag,191320,47171,100.0,100.0,False,False,True,True,False,0.002971709011242374,True,True,True,kept_rapid_trial_core; kept_high_recent_shap_signal; kept_clinically_relevant_non_sparse_extra
num__late_safety_orders_and_self_harm_flag,191320,47171,100.0,100.0,False,False,False,True,False,0.0,False,True,True,kept_clinically_relevant_non_sparse_extra
num__safety_orders_without_self_harm_flag,191320,47171,100.0,100.0,False,False,True,True,False,0.0001610769021260688,False,True,True,kept_rapid_trial_core; kept_clinically_relevant_non_sparse_extra
num__safety_orders_without_prior_readmission_history_flag,191320,47171,100.0,100.0,False,False,True,True,False,3.050157067642412e-05,False,True,True,kept_rapid_trial_core; kept_clinically_relevant_non_sparse_extra
num__late_lab_orders_without_psych_safety_orders_flag,191320,47171,100.0,100.0,False,False,True,True,False,0.0004965096599295859,False,True,True,kept_rapid_trial_core; kept_clinically_relevant_non_sparse_extra
num__late_medication_orders_and_psychotropic_change_flag,191320,47171,100.0,100.0,False,False,True,True,False,0.000505876700400118,False,True,True,kept_rapid_trial_core; kept_clinically_relevant_non_sparse_extra
num__late_medication_order_share_last_12h,191320,47171,100.0,100.0,False,False,True,True,False,0.002852217179668913,True,True,True,kept_rapid_trial_core; kept_high_recent_shap_signal; kept_clinically_relevant_non_sparse_extra
num__late_lab_order_share_last_12h,191320,47171,100.0,100.0,False,False,True,True,False,0.00425578879261572,True,True,True,kept_rapid_trial_core; kept_high_recent_shap_signal; kept_clinically_relevant_non_sparse_extra
num__late_imaging_order_share_last_12h,191320,47171,100.0,100.0,False,False,True,True,False,0.001684879088184485,False,True,True,kept_rapid_trial_core; kept_clinically_relevant_non_sparse_extra
num__late_consult_order_share_last_12h,191320,47171,100.0,100.0,False,False,True,True,False,0.0007382399036646239,False,True,True,kept_rapid_trial_core; kept_clinically_relevant_non_sparse_extra
num__late_discharge_admin_order_share_last_12h,191320,47171,100.0,100.0,False,False,True,True,False,0.01343453110697112,True,True,True,kept_rapid_trial_core; kept_high_recent_shap_signal; kept_clinically_relevant_non_sparse_extra
num__late_routine_care_order_share_last_12h,191320,47171,100.0,100.0,False,False,True,True,False,0.001385313978872454,False,True,True,kept_rapid_trial_core; kept_clinically_relevant_non_sparse_extra
num__late_psych_safety_order_share_last_12h,191320,47171,100.0,100.0,False,False,True,True,False,0.0004308137987868332,False,True,True,kept_rapid_trial_core; kept_clinically_relevant_non_sparse_extra
num__late_followup_aftercare_order_share_last_12h,191320,47171,100.0,100.0,False,False,True,True,False,0.00255575400863991,False,True,True,kept_rapid_trial_core; kept_clinically_relevant_non_sparse_extra
num__late_medical_to_psych_order_ratio_last_12h,191320,47171,100.0,100.0,False,False,True,True,False,0.001815935977141662,False,True,True,kept_rapid_trial_core; kept_clinically_relevant_non_sparse_extra
num__late_admin_to_total_late_order_ratio,191320,47171,100.0,100.0,False,False,True,True,False,0.006008656736821815,True,True,True,kept_rapid_trial_core; kept_high_recent_shap_signal; kept_clinically_relevant_non_sparse_extra
num__late_safety_to_total_late_order_ratio,191320,47171,100.0,100.0,False,False,True,True,False,9.760689026174681e-05,False,True,True,kept_rapid_trial_core; kept_clinically_relevant_non_sparse_extra
num__late_followup_to_total_late_order_ratio,191320,47171,100.0,100.0,False,False,True,True,False,0.0003096193823540931,False,True,True,kept_rapid_trial_core; kept_clinically_relevant_non_sparse_extra
num__late_nonroutine_order_share_last_12h,191320,47171,100.0,100.0,False,False,True,True,False,0.008812727731752382,True,True,True,kept_rapid_trial_core; kept_high_recent_shap_signal; kept_clinically_relevant_non_sparse_extra
num__late_lab_order_share_last_6h,191320,47171,100.0,100.0,False,False,True,True,False,0.0006987677395115131,False,True,True,kept_rapid_trial_core; kept_clinically_relevant_non_sparse_extra
num__abnormal_labs_last_24h_before_discharge,191320,47171,100.0,100.0,False,False,True,True,False,0.003026793244470148,True,True,True,kept_rapid_trial_core; kept_high_recent_shap_signal; kept_clinically_relevant_non_sparse_extra
num__new_abnormal_lab_last_24h_flag,191320,47171,100.0,100.0,False,False,False,False,False,0.0001055978320235414,False,False,False,removed_not_selected_by_signal_or_family_rule
num__abnormal_labs_last_12h_before_discharge,191320,47171,100.0,100.0,False,False,True,True,False,0.0001094515117781882,False,True,True,kept_rapid_trial_core; kept_clinically_relevant_non_sparse_extra
num__had_followup_or_discharge_planning_order,191320,47171,100.0,100.0,False,False,True,True,False,0.0002395333285676315,False,True,True,kept_rapid_trial_core; kept_clinically_relevant_non_sparse_extra
num__discharge_planning_and_social_work_flag,191320,47171,100.0,100.0,False,False,True,True,False,0.0003378887956854388,False,True,True,kept_rapid_trial_core; kept_clinically_relevant_non_sparse_extra
num__home_discharge_without_followup_order_flag,191320,47171,100.0,100.0,False,False,True,True,True,0.0009820595221122761,False,True,True,kept_rapid_trial_core; kept_clinically_relevant_non_sparse_extra
num__home_discharge_without_discharge_planning_order_flag,191320,47171,100.0,100.0,False,False,True,True,True,8.809690916677937e-05,False,True,True,kept_rapid_trial_core; kept_clinically_relevant_non_sparse_extra
num__home_discharge_and_late_orders_flag,191320,47171,100.0,100.0,False,False,True,True,False,3.809541158261709e-05,False,True,True,kept_rapid_trial_core; kept_clinically_relevant_non_sparse_extra
num__facility_discharge_and_late_orders_flag,191320,47171,100.0,100.0,False,False,True,True,False,0.0005348888527204078,False,True,True,kept_rapid_trial_core; kept_clinically_relevant_non_sparse_extra
num__psych_facility_discharge_and_self_harm_flag,191320,47171,100.0,100.0,False,False,False,False,False,0.0,False,False,False,removed_not_selected_by_signal_or_family_rule
num__psych_facility_discharge_and_safety_orders_flag,191320,47171,100.0,100.0,False,False,False,True,False,0.0,False,True,True,kept_clinically_relevant_non_sparse_extra
num__late_orders_but_followup_present_flag,191320,47171,100.0,100.0,False,False,True,True,False,9.131081607749436e-05,False,True,True,kept_rapid_trial_core; kept_clinically_relevant_non_sparse_extra
num__late_orders_but_discharge_planning_present_flag,191320,47171,100.0,100.0,False,False,True,True,False,0.000145372257909101,False,True,True,kept_rapid_trial_core; kept_clinically_relevant_non_sparse_extra
num__late_orders_but_supervised_discharge_flag,191320,47171,100.0,100.0,False,False,True,True,False,0.000242474742715632,False,True,True,kept_rapid_trial_core; kept_clinically_relevant_non_sparse_extra
num__late_orders_but_psych_facility_discharge_flag,191320,47171,100.0,100.0,False,False,True,True,False,0.0008135356909740105,False,True,True,kept_rapid_trial_core; kept_clinically_relevant_non_sparse_extra
num__late_orders_but_facility_discharge_flag,191320,47171,100.0,100.0,False,False,True,True,False,0.0001172684590800161,False,True,True,kept_rapid_trial_core; kept_clinically_relevant_non_sparse_extra
num__home_discharge_with_followup_order_flag,191320,47171,100.0,100.0,False,False,True,True,False,0.0003123260375143205,False,True,True,kept_rapid_trial_core; kept_clinically_relevant_non_sparse_extra
num__home_discharge_with_discharge_planning_order_flag,191320,47171,100.0,100.0,False,False,True,True,False,0.0002907717494629275,False,True,True,kept_rapid_trial_core; kept_clinically_relevant_non_sparse_extra
num__psych_facility_discharge_with_followup_order_flag,191320,47171,100.0,100.0,False,False,False,True,False,0.0,False,True,True,kept_clinically_relevant_non_sparse_extra
num__facility_discharge_with_discharge_planning_flag,191320,47171,100.0,100.0,False,False,True,True,False,0.001250053406321129,False,True,True,kept_rapid_trial_core; kept_clinically_relevant_non_sparse_extra
num__low_late_order_activity_flag,191320,47171,100.0,100.0,False,False,False,True,False,0.0,False,True,True,kept_clinically_relevant_non_sparse_extra
num__low_order_activity_with_self_harm_flag,191320,47171,100.0,100.0,False,False,True,True,False,0.09392710169683928,True,True,True,kept_rapid_trial_core; kept_high_recent_shap_signal; kept_clinically_relevant_non_sparse_extra
num__low_order_activity_with_smi_flag,191320,47171,100.0,100.0,False,False,True,True,False,0.03012287943379792,True,True,True,kept_rapid_trial_core; kept_high_recent_shap_signal; kept_clinically_relevant_non_sparse_extra
num__low_order_activity_with_psychosis_flag,191320,47171,100.0,100.0,False,False,True,True,False,0.008227180889813494,True,True,True,kept_rapid_trial_core; kept_high_recent_shap_signal; kept_clinically_relevant_non_sparse_extra
num__low_order_activity_with_recent_psych_admission_flag,191320,47171,100.0,100.0,False,False,True,True,False,6.786279399516109e-05,False,True,True,kept_rapid_trial_core; kept_clinically_relevant_non_sparse_extra
num__low_order_activity_with_prior_psych_365d_flag,191320,47171,100.0,100.0,False,False,True,True,False,2.368523564655334e-05,False,True,True,kept_rapid_trial_core; kept_clinically_relevant_non_sparse_extra
num__no_late_orders_but_self_harm_flag,191320,47171,100.0,100.0,False,False,True,True,False,0.02949863860989673,True,True,True,kept_rapid_trial_core; kept_high_recent_shap_signal; kept_clinically_relevant_non_sparse_extra
num__no_late_orders_but_recent_psych_admission_flag,191320,47171,100.0,100.0,False,False,True,True,False,4.335608889688767e-06,False,True,True,kept_rapid_trial_core; kept_clinically_relevant_non_sparse_extra
num__no_late_orders_but_psychosis_flag,191320,47171,100.0,100.0,False,False,True,True,False,0.002034405528207496,False,True,True,kept_rapid_trial_core; kept_clinically_relevant_non_sparse_extra
num__home_discharge_low_activity_prior_psych_flag,191320,47171,100.0,100.0,False,False,False,False,False,0.0,False,False,False,removed_not_selected_by_signal_or_family_rule
num__self_harm_without_safety_order_flag,191320,47171,100.0,100.0,False,False,True,True,False,0.000717107223953172,False,True,True,kept_rapid_trial_core; kept_clinically_relevant_non_sparse_extra
num__self_harm_with_late_safety_order_flag,191320,47171,100.0,100.0,False,False,False,True,False,0.0,False,True,True,kept_clinically_relevant_non_sparse_extra
num__self_harm_without_followup_order_flag,191320,47171,100.0,100.0,False,False,True,True,False,0.0002625913047461528,False,True,True,kept_rapid_trial_core; kept_clinically_relevant_non_sparse_extra
num__smi_without_followup_order_flag,191320,47171,100.0,100.0,False,False,True,True,False,0.0004950764302713097,False,True,True,kept_rapid_trial_core; kept_clinically_relevant_non_sparse_extra
num__psychosis_without_followup_order_flag,191320,47171,100.0,100.0,False,False,True,True,False,0.000357370274336145,False,True,True,kept_rapid_trial_core; kept_clinically_relevant_non_sparse_extra
num__psychosis_with_late_safety_order_flag,191320,47171,100.0,100.0,False,False,True,True,False,4.08620978368462e-05,False,True,True,kept_rapid_trial_core; kept_clinically_relevant_non_sparse_extra
num__smi_with_psych_facility_discharge_flag,191320,47171,100.0,100.0,False,False,False,False,False,0.0,False,False,False,removed_not_selected_by_signal_or_family_rule
num__late_lab_activity_without_followup_flag,191320,47171,100.0,100.0,False,False,True,True,False,0.0004298624378364244,False,True,True,kept_rapid_trial_core; kept_clinically_relevant_non_sparse_extra
num__late_lab_activity_without_facility_discharge_flag,191320,47171,100.0,100.0,False,False,True,True,False,9.416460730952842e-05,False,True,True,kept_rapid_trial_core; kept_clinically_relevant_non_sparse_extra
num__medical_workup_near_discharge_score,191320,47171,100.0,100.0,False,False,True,True,False,0.01348559958051926,True,True,True,kept_rapid_trial_core; kept_high_recent_shap_signal; kept_clinically_relevant_non_sparse_extra
num__provider_changes_last_24h_before_discharge,191320,47171,100.0,100.0,False,False,True,True,False,0.01140244003658713,True,True,True,kept_rapid_trial_core; kept_high_recent_shap_signal; kept_clinically_relevant_non_sparse_extra
num__care_team_touchpoints_last_12h_before_discharge,191320,47171,100.0,100.0,False,False,True,True,False,0.01845825596566466,True,True,True,kept_rapid_trial_core; kept_high_recent_shap_signal; kept_clinically_relevant_non_sparse_extra
num__care_team_touchpoints_last_6h_before_discharge,191320,47171,100.0,100.0,False,False,True,True,False,0.02859344460374271,True,True,True,kept_rapid_trial_core; kept_high_recent_shap_signal; kept_clinically_relevant_non_sparse_extra
num__late_care_team_touchpoint_share,191320,47171,100.0,100.0,False,False,True,True,False,0.005850369441581084,True,True,True,kept_rapid_trial_core; kept_high_recent_shap_signal; kept_clinically_relevant_non_sparse_extra
num__service_change_last_24h_before_discharge_flag,191320,47171,100.0,100.0,False,False,True,True,False,0.001192233993630068,False,True,True,kept_rapid_trial_core; kept_clinically_relevant_non_sparse_extra
num__careunit_change_last_24h_before_discharge_flag,191320,47171,100.0,100.0,False,False,True,True,False,0.0003397733321712186,False,True,True,kept_rapid_trial_core; kept_clinically_relevant_non_sparse_extra
num__late_care_fragmentation_score,191320,47171,100.0,100.0,False,False,True,True,False,0.006925982628892269,True,True,True,kept_rapid_trial_core; kept_high_recent_shap_signal; kept_clinically_relevant_non_sparse_extra
num__num_psychotropic_pharmacy_orders,191320,47171,100.0,100.0,False,False,True,True,False,0.00924342456465482,True,True,True,kept_rapid_trial_core; kept_high_recent_shap_signal; kept_clinically_relevant_non_sparse_extra
num__psychotropic_pharmacy_orders_per_day,191320,47171,100.0,100.0,False,False,True,True,False,0.005725557583857279,True,True,True,kept_rapid_trial_core; kept_high_recent_shap_signal; kept_clinically_relevant_non_sparse_extra
num__medical_complexity_score,191320,47171,100.0,100.0,False,False,True,False,False,0.005745776351641561,True,False,True,kept_rapid_trial_core; kept_high_recent_shap_signal
num__older_medical_complexity_score,191320,47171,100.0,100.0,False,False,True,False,False,0.003008372826621962,True,False,True,kept_rapid_trial_core; kept_high_recent_shap_signal
num__age_65plus_x_charlson,191320,47171,100.0,100.0,False,False,True,False,False,0.0006750635093962488,False,False,True,kept_rapid_trial_core
num__age_65plus_x_elixhauser_group_count,191320,47171,100.0,100.0,False,False,True,False,False,0.001113127120453602,False,False,True,kept_rapid_trial_core
num__age_65plus_x_discharge_to_facility,191320,47171,100.0,100.0,False,False,True,False,False,0.0002347991438902468,False,False,True,kept_rapid_trial_core
num__age_65plus_x_hospital_los_7plus,191320,47171,100.0,100.0,False,False,False,False,False,0.0003124751390812411,False,False,False,removed_not_selected_by_signal_or_family_rule
num__transfer_from_hospital_x_high_comorbidity,191320,47171,100.0,100.0,False,False,False,False,False,0.001112858575449811,False,False,False,removed_not_selected_by_signal_or_family_rule
num__infection_or_positive_culture_x_older_age,191320,47171,100.0,100.0,False,False,False,False,False,0.0001228623883900434,False,False,False,removed_not_selected_by_signal_or_family_rule
num__num_unique_services_during_admission,191320,47171,100.0,100.0,False,False,False,False,False,0.0001177949943426606,False,False,False,removed_not_selected_by_signal_or_family_rule
num__service_change_count,191320,47171,100.0,100.0,False,False,False,False,False,0.0,False,False,False,removed_not_selected_by_signal_or_family_rule
num__careunit_change_count,191320,47171,100.0,100.0,False,False,False,False,False,0.0002610473119092813,False,False,False,removed_not_selected_by_signal_or_family_rule
num__service_or_careunit_change_flag,191320,47171,100.0,100.0,False,False,False,False,False,0.0001386575674064274,False,False,False,removed_not_selected_by_signal_or_family_rule
num__high_care_team_touchpoints,191320,47171,100.0,100.0,False,False,False,False,False,0.0,False,False,False,removed_not_selected_by_signal_or_family_rule
num__icu_or_procedure_complexity_flag,191320,47171,100.0,100.0,False,False,False,False,False,0.0001217622374679794,False,False,False,removed_not_selected_by_signal_or_family_rule
num__older_age_x_no_recent_psych_history,191320,47171,100.0,100.0,False,False,True,False,False,0.0002847891254113657,False,False,True,kept_rapid_trial_core
num__medical_complexity_without_prior_psych_flag,191320,47171,100.0,100.0,False,False,True,False,False,0.0001791097310102037,False,False,True,kept_rapid_trial_core
num__medical_complexity_without_psych_history_flag,191320,47171,100.0,100.0,False,False,True,False,False,1.283468282053946e-05,False,False,True,kept_rapid_trial_core
num__icu_complexity_without_psych_history_flag,191320,47171,100.0,100.0,False,False,True,False,False,0.0001596470128492305,False,False,True,kept_rapid_trial_core
num__abnormal_labs_without_psych_history_flag,191320,47171,100.0,100.0,False,False,True,False,False,0.002148959982820116,False,False,True,kept_rapid_trial_core
num__high_medical_activity_low_psych_activity_flag,191320,47171,100.0,100.0,False,False,True,False,False,0.0003302401412748409,False,False,True,kept_rapid_trial_core
num__no_recent_psych_history_and_high_charlson,191320,47171,100.0,100.0,False,False,True,False,False,0.005359112552675504,True,False,True,kept_rapid_trial_core; kept_high_recent_shap_signal
num__no_recent_psych_history_and_long_ed_los,191320,47171,100.0,100.0,False,False,True,False,False,0.01151034968072862,True,False,True,kept_rapid_trial_core; kept_high_recent_shap_signal
num__no_recent_psych_history_and_discharge_to_facility,191320,47171,100.0,100.0,False,False,True,False,False,0.00877302760954261,True,False,True,kept_rapid_trial_core; kept_high_recent_shap_signal
num__num_safety_observation_orders,191320,47171,100.0,100.0,False,False,False,True,False,0.0001295319670400793,False,True,True,kept_clinically_relevant_non_sparse_extra
num__num_order_provider_changes,191320,47171,100.0,100.0,False,False,False,False,False,0.0009793080939712014,False,False,False,removed_not_selected_by_signal_or_family_rule
num__late_order_activity_and_high_poe_orders,191320,47171,100.0,100.0,False,False,False,True,False,0.0,False,True,True,kept_clinically_relevant_non_sparse_extra
num__self_harm_and_previous_psych_365d,191320,47171,100.0,100.0,False,False,True,False,False,0.0005472431579901897,False,False,True,kept_rapid_trial_core
num__self_harm_and_previous_psych_90d,191320,47171,100.0,100.0,False,False,True,False,False,4.302025748273442e-05,False,False,True,kept_rapid_trial_core
num__self_harm_and_psych_facility_discharge,191320,47171,100.0,100.0,False,False,False,False,False,0.0,False,False,False,removed_not_selected_by_signal_or_family_rule
num__smi_and_previous_psych_365d,191320,47171,100.0,100.0,False,False,True,False,False,0.0002643370477895523,False,False,True,kept_rapid_trial_core
num__older_age_and_no_recent_psych_history,191320,47171,100.0,100.0,False,False,True,False,False,0.0003577642041294375,False,False,True,kept_rapid_trial_core
num__underweight_or_weight_loss_flag,191320,47171,100.0,100.0,False,False,False,False,False,0.0003714135490441675,False,False,False,removed_not_selected_by_signal_or_family_rule
num__ed_visit_to_admission_ratio_365d,191320,47171,100.0,100.0,False,False,True,False,False,0.01350132372337169,True,False,True,kept_rapid_trial_core; kept_high_recent_shap_signal
num__ed_admission_with_self_harm_flag,191320,47171,100.0,100.0,False,False,True,False,False,0.0007668282848429952,False,False,True,kept_rapid_trial_core
num__ed_admission_with_psychosis_flag,191320,47171,100.0,100.0,False,False,True,False,False,6.69225692480415e-05,False,False,True,kept_rapid_trial_core
num__ed_admission_with_smi_flag,191320,47171,100.0,100.0,False,False,True,False,False,0.002354579087650354,False,False,True,kept_rapid_trial_core
num__emergency_admission_with_recent_psych_history_flag,191320,47171,100.0,100.0,False,False,True,False,False,0.0008639989826166928,False,False,True,kept_rapid_trial_core
num__transfer_admission_with_psych_history_flag,191320,47171,100.0,100.0,False,False,True,False,False,0.0008384165090571563,False,False,True,kept_rapid_trial_core
num__psych_and_medical_comorbidity_flag,191320,47171,100.0,100.0,False,False,True,False,False,5.010331369703636e-05,False,False,True,kept_rapid_trial_core
num__psychosis_and_substance_use_flag,191320,47171,100.0,100.0,False,False,True,False,False,9.777186812431634e-05,False,False,True,kept_rapid_trial_core
num__depression_and_substance_use_flag,191320,47171,100.0,100.0,False,False,True,False,False,0.0003974528595969091,False,False,True,kept_rapid_trial_core
num__self_harm_and_substance_use_flag,191320,47171,100.0,100.0,False,False,True,False,False,0.0001100629627052486,False,False,True,kept_rapid_trial_core
num__smi_and_high_charlson_flag,191320,47171,100.0,100.0,False,False,True,False,False,1.079395625524076e-05,False,False,True,kept_rapid_trial_core
num__psych_diagnosis_without_psych_discharge_flag,191320,47171,100.0,100.0,False,False,True,False,False,0.004097066932124558,True,False,True,kept_rapid_trial_core; kept_high_recent_shap_signal
num__new_self_harm_this_admission_flag,191320,47171,100.0,100.0,False,False,True,False,False,0.0001855517976812326,False,False,True,kept_rapid_trial_core
num__new_psychosis_this_admission_flag,191320,47171,100.0,100.0,False,False,True,False,False,6.736907380400226e-05,False,False,True,kept_rapid_trial_core
num__new_substance_use_this_admission_flag,191320,47171,100.0,100.0,False,False,True,False,False,0.01460778223780398,True,False,True,kept_rapid_trial_core; kept_high_recent_shap_signal
num__new_smi_this_admission_flag,191320,47171,100.0,100.0,False,False,True,False,False,0.001696373379739837,False,False,True,kept_rapid_trial_core
num__psych_diagnosis_group_count_increased_from_previous_flag,191320,47171,100.0,100.0,False,False,True,False,False,0.0003902465321730357,False,False,True,kept_rapid_trial_core
num__current_psych_group_not_seen_previous_flag,191320,47171,100.0,100.0,False,False,True,False,False,0.0005822831870650851,False,False,True,kept_rapid_trial_core
num__late_order_discontinuation_share,191320,47171,100.0,100.0,False,False,False,True,False,0.0,False,True,True,kept_clinically_relevant_non_sparse_extra
num__self_harm_no_psych_followup_flag,191320,47171,100.0,100.0,False,False,True,True,False,0.0006386698783181679,False,True,True,kept_rapid_trial_core; kept_clinically_relevant_non_sparse_extra
num__psychosis_home_discharge_no_followup_flag,191320,47171,100.0,100.0,False,False,True,True,True,2.047225003990486e-05,False,True,True,kept_rapid_trial_core; kept_clinically_relevant_non_sparse_extra
num__smi_home_discharge_no_followup_flag,191320,47171,100.0,100.0,False,False,True,True,True,6.045118994843325e-05,False,True,True,kept_rapid_trial_core; kept_clinically_relevant_non_sparse_extra
num__substance_use_home_discharge_no_followup_flag,191320,47171,100.0,100.0,False,False,True,True,True,0.0006344245899583859,False,True,True,kept_rapid_trial_core; kept_clinically_relevant_non_sparse_extra
num__prior_psych_admission_no_followup_flag,191320,47171,100.0,100.0,False,False,False,True,False,0.0,False,True,True,kept_clinically_relevant_non_sparse_extra
num__no_psychotropic_discharge_med_in_psychosis_flag,191320,47171,100.0,100.0,False,False,True,True,False,5.192312528379261e-05,False,True,True,kept_rapid_trial_core; kept_clinically_relevant_non_sparse_extra
num__mostly_psych_readmission_pattern_flag,191320,47171,100.0,100.0,False,False,True,False,False,0.00991153617016997,True,False,True,kept_rapid_trial_core; kept_high_recent_shap_signal
num__mostly_medical_readmission_pattern_flag,191320,47171,100.0,100.0,False,False,False,False,False,0.0004108222851991453,False,False,False,removed_not_selected_by_signal_or_family_rule
num__mixed_psych_medical_readmission_pattern_flag,191320,47171,100.0,100.0,False,False,True,False,False,0.0001281048150435142,False,False,True,kept_rapid_trial_core
num__rapid_recurrent_readmission_pattern_flag,191320,47171,100.0,100.0,False,False,False,False,False,6.36686731132371e-05,False,False,False,removed_not_selected_by_signal_or_family_rule
num__long_gap_recurrent_readmission_pattern_flag,191320,47171,100.0,100.0,False,False,False,False,False,0.0002126719622904485,False,False,False,removed_not_selected_by_signal_or_family_rule
num__holiday_period_discharge_flag,191320,47171,100.0,100.0,False,False,True,False,False,0.0001471559079466311,False,False,True,kept_rapid_trial_core
num__month_end_discharge_flag,191320,47171,100.0,100.0,False,False,True,False,False,0.0002042914605524551,False,False,True,kept_rapid_trial_core
num__weekend_or_friday_discharge_with_no_followup_flag,191320,47171,100.0,100.0,False,False,True,True,False,0.0008815969361350825,False,True,True,kept_rapid_trial_core; kept_clinically_relevant_non_sparse_extra
num__night_discharge_flag,191320,47171,100.0,100.0,False,False,True,False,False,0.004017221751135762,True,False,True,kept_rapid_trial_core; kept_high_recent_shap_signal
num__friday_evening_discharge_flag,191320,47171,100.0,100.0,False,False,True,False,False,0.0002946049200552142,False,False,True,kept_rapid_trial_core
num__late_discharge_hour_with_late_orders_flag,191320,47171,100.0,100.0,False,False,True,True,False,0.0009947646434942665,False,True,True,kept_rapid_trial_core; kept_clinically_relevant_non_sparse_extra
num__late_discharge_hour_with_no_followup_flag,191320,47171,100.0,100.0,False,False,True,True,False,0.002019006611288063,False,True,True,kept_rapid_trial_core; kept_clinically_relevant_non_sparse_extra
num__spo2_low_last_24h_before_discharge_flag,191320,47171,100.0,100.0,False,False,False,True,False,0.0,False,True,True,kept_clinically_relevant_non_sparse_extra
num__tachycardia_last_24h_before_discharge_flag,191320,47171,100.0,100.0,False,False,False,True,False,0.0,False,True,True,kept_clinically_relevant_non_sparse_extra
num__hypotension_last_24h_before_discharge_flag,191320,47171,100.0,100.0,False,False,True,True,False,7.19931922503747e-05,False,True,True,kept_rapid_trial_core; kept_clinically_relevant_non_sparse_extra
num__vital_instability_near_discharge_score,191320,47171,100.0,100.0,False,False,True,True,False,0.000109036814203687,False,True,True,kept_rapid_trial_core; kept_clinically_relevant_non_sparse_extra
num__vital_instability_home_discharge_flag,191320,47171,100.0,100.0,False,False,False,False,False,0.0,False,False,False,removed_not_selected_by_signal_or_family_rule
num__late_order_type_diversity_last_12h,191320,47171,100.0,100.0,False,False,True,True,False,0.001160179662050061,False,True,True,kept_rapid_trial_core; kept_clinically_relevant_non_sparse_extra
num__late_clinical_order_count_last_12h,191320,47171,100.0,100.0,False,False,True,True,False,0.001075948008228661,False,True,True,kept_rapid_trial_core; kept_clinically_relevant_non_sparse_extra
num__late_admin_aftercare_order_count_last_12h,191320,47171,100.0,100.0,False,False,True,True,False,0.00103019240979974,False,True,True,kept_rapid_trial_core; kept_clinically_relevant_non_sparse_extra
num__late_nonroutine_order_count_last_12h,191320,47171,100.0,100.0,False,False,True,True,False,0.02321637963966559,True,True,True,kept_rapid_trial_core; kept_high_recent_shap_signal; kept_clinically_relevant_non_sparse_extra
num__late_order_severity_score_last_12h,191320,47171,100.0,100.0,False,False,True,True,False,0.001770015011358352,False,True,True,kept_rapid_trial_core; kept_clinically_relevant_non_sparse_extra
num__late_order_severity_per_late_order_last_12h,191320,47171,100.0,100.0,False,False,True,True,False,0.1314189403129129,True,True,True,kept_rapid_trial_core; kept_high_recent_shap_signal; kept_clinically_relevant_non_sparse_extra
num__late_order_intensity_score_last_12h,191320,47171,100.0,100.0,False,False,True,True,False,0.03514465020139464,True,True,True,kept_rapid_trial_core; kept_high_recent_shap_signal; kept_clinically_relevant_non_sparse_extra
num__late_order_type_diversity_last_6h,191320,47171,100.0,100.0,False,False,True,True,False,0.001559576446989739,False,True,True,kept_rapid_trial_core; kept_clinically_relevant_non_sparse_extra
num__late_clinical_order_count_last_6h,191320,47171,100.0,100.0,False,False,True,True,False,0.001150060523230116,False,True,True,kept_rapid_trial_core; kept_clinically_relevant_non_sparse_extra
num__aftercare_quality_score,191320,47171,100.0,100.0,False,False,True,True,False,0.00109541783743682,False,True,True,kept_rapid_trial_core; kept_clinically_relevant_non_sparse_extra
num__protective_aftercare_present_flag,191320,47171,100.0,100.0,False,False,True,True,True,0.0004447958791934581,False,True,True,kept_rapid_trial_core; kept_clinically_relevant_non_sparse_extra
num__low_aftercare_quality_flag,191320,47171,100.0,100.0,False,False,False,True,True,0.0,False,True,True,kept_clinically_relevant_non_sparse_extra
num__late_activity_with_low_aftercare_quality_flag,191320,47171,100.0,100.0,False,False,False,True,False,0.0,False,True,True,kept_clinically_relevant_non_sparse_extra
num__home_discharge_low_aftercare_quality_flag,191320,47171,100.0,100.0,False,False,True,True,False,0.00212730311463318,False,True,True,kept_rapid_trial_core; kept_clinically_relevant_non_sparse_extra
num__psychosis_or_self_harm_low_aftercare_quality_flag,191320,47171,100.0,100.0,False,False,True,True,False,0.01694769256167237,True,True,True,kept_rapid_trial_core; kept_high_recent_shap_signal; kept_clinically_relevant_non_sparse_extra
num__late_order_type_diversity_x_low_aftercare_flag,191320,47171,100.0,100.0,False,False,True,True,False,5.76665885433316e-05,False,True,True,kept_rapid_trial_core; kept_clinically_relevant_non_sparse_extra
num__late_order_severity_x_low_aftercare_score,191320,47171,100.0,100.0,False,False,True,True,False,0.0003054701078573567,False,True,True,kept_rapid_trial_core; kept_clinically_relevant_non_sparse_extra
num__late_psych_safety_activity_score_near_discharge,191320,47171,100.0,100.0,False,False,True,True,False,0.03065046355579765,True,True,True,kept_rapid_trial_core; kept_high_recent_shap_signal; kept_clinically_relevant_non_sparse_extra
num__late_psych_safety_without_followup_flag,191320,47171,100.0,100.0,False,False,True,True,False,4.600223110173829e-05,False,True,True,kept_rapid_trial_core; kept_clinically_relevant_non_sparse_extra
num__late_psych_safety_home_discharge_flag,191320,47171,100.0,100.0,False,False,False,True,False,0.0,False,True,True,kept_clinically_relevant_non_sparse_extra
num__late_psych_safety_without_psych_facility_discharge_flag,191320,47171,100.0,100.0,False,False,True,True,False,0.00403975329120841,True,True,True,kept_rapid_trial_core; kept_high_recent_shap_signal; kept_clinically_relevant_non_sparse_extra
num__late_medication_change_intensity_score,191320,47171,100.0,100.0,False,False,True,True,False,0.003114080652074412,True,True,True,kept_rapid_trial_core; kept_high_recent_shap_signal; kept_clinically_relevant_non_sparse_extra
num__late_medication_change_without_followup_flag,191320,47171,100.0,100.0,False,False,True,True,False,2.241160473204218e-05,False,True,True,kept_rapid_trial_core; kept_clinically_relevant_non_sparse_extra
num__late_medication_change_home_discharge_flag,191320,47171,100.0,100.0,False,False,True,True,False,0.001832067619315447,False,True,True,kept_rapid_trial_core; kept_clinically_relevant_non_sparse_extra
num__quiet_self_harm_low_activity_score,191320,47171,100.0,100.0,False,False,True,False,False,0.0006770991451965281,False,False,True,kept_rapid_trial_core
num__quiet_smi_psychosis_low_activity_score,191320,47171,100.0,100.0,False,False,True,False,False,0.01451479092564451,True,False,True,kept_rapid_trial_core; kept_high_recent_shap_signal
num__quiet_prior_psych_low_activity_score,191320,47171,100.0,100.0,False,False,True,False,False,0.0007555627886219637,False,False,True,kept_rapid_trial_core
num__quiet_medical_frailty_low_psych_history_score,191320,47171,100.0,100.0,False,False,True,False,False,0.0009274738876683328,False,False,True,kept_rapid_trial_core
num__quiet_risk_summary_score,191320,47171,100.0,100.0,False,False,True,True,False,0.01298517583258629,True,True,True,kept_rapid_trial_core; kept_high_recent_shap_signal; kept_clinically_relevant_non_sparse_extra
num__quiet_risk_flag,191320,47171,100.0,100.0,False,False,False,True,False,4.74426073295683e-05,False,True,True,kept_clinically_relevant_non_sparse_extra
num__quiet_home_discharge_psych_risk_flag,191320,47171,100.0,100.0,False,False,True,False,False,7.055846636042971e-05,False,False,True,kept_rapid_trial_core
num__discharge_medication_continuity_score,191320,47171,100.0,100.0,False,False,True,True,False,0.01029366714077898,True,True,True,kept_rapid_trial_core; kept_high_recent_shap_signal; kept_clinically_relevant_non_sparse_extra
num__psychiatric_aftercare_planning_score,191320,47171,100.0,100.0,False,False,True,True,False,0.01891013271603065,True,True,True,kept_rapid_trial_core; kept_high_recent_shap_signal; kept_clinically_relevant_non_sparse_extra
num__unmanaged_psychiatric_discharge_risk_score,191320,47171,100.0,100.0,False,False,True,True,False,0.05009063342170832,True,True,True,kept_rapid_trial_core; kept_high_recent_shap_signal; kept_clinically_relevant_non_sparse_extra
num__psychosis_without_antipsychotic_continuity_flag,191320,47171,100.0,100.0,False,False,False,True,False,0.0,False,True,True,kept_clinically_relevant_non_sparse_extra
num__bipolar_without_mood_stabiliser_continuity_flag,191320,47171,100.0,100.0,False,False,False,True,False,0.000219720047524845,False,True,True,kept_clinically_relevant_non_sparse_extra
num__depression_without_antidepressant_continuity_flag,191320,47171,100.0,100.0,False,False,True,True,False,0.004610317796715826,True,True,True,kept_rapid_trial_core; kept_high_recent_shap_signal; kept_clinically_relevant_non_sparse_extra
num__smi_without_psychotropic_continuity_flag,191320,47171,100.0,100.0,False,False,True,True,False,0.000157390039167052,False,True,True,kept_rapid_trial_core; kept_clinically_relevant_non_sparse_extra
num__self_harm_without_aftercare_or_safety_plan_flag,191320,47171,100.0,100.0,False,False,True,True,False,0.001658130676548185,False,True,True,kept_rapid_trial_core; kept_clinically_relevant_non_sparse_extra
num__substance_use_without_followup_or_withdrawal_plan_flag,191320,47171,100.0,100.0,False,False,True,True,False,0.00363856263883995,True,True,True,kept_rapid_trial_core; kept_high_recent_shap_signal; kept_clinically_relevant_non_sparse_extra
num__late_medication_change_without_discharge_med_plan_flag,191320,47171,100.0,100.0,False,False,True,True,False,0.0003332953289834632,False,True,True,kept_rapid_trial_core; kept_clinically_relevant_non_sparse_extra
num__home_discharge_without_medication_or_followup_plan_flag,191320,47171,100.0,100.0,False,False,True,True,False,0.00106053367408376,False,True,True,kept_rapid_trial_core; kept_clinically_relevant_non_sparse_extra
num__psychotropic_change_with_aftercare_plan_flag,191320,47171,100.0,100.0,False,False,True,True,False,0.0005544448146213888,False,True,True,kept_rapid_trial_core; kept_clinically_relevant_non_sparse_extra
num__psychotropic_change_without_aftercare_plan_flag,191320,47171,100.0,100.0,False,False,True,True,False,0.0001357309741795828,False,True,True,kept_rapid_trial_core; kept_clinically_relevant_non_sparse_extra
num__ed_only_crisis_pattern_score,191320,47171,100.0,100.0,False,False,True,True,False,0.006815021626761914,True,True,True,kept_rapid_trial_core; kept_high_recent_shap_signal; kept_clinically_relevant_non_sparse_extra
num__older_medical_complexity_home_discharge_flag,191320,47171,100.0,100.0,False,False,True,False,False,4.011330518820551e-05,False,False,True,kept_rapid_trial_core
num__medical_complexity_no_aftercare_flag,191320,47171,100.0,100.0,False,False,True,True,False,0.0001949084100804893,False,True,True,kept_rapid_trial_core; kept_clinically_relevant_non_sparse_extra
num__medical_complexity_late_workup_home_discharge_flag,191320,47171,100.0,100.0,False,False,True,True,False,0.0002791977021843195,False,True,True,kept_rapid_trial_core; kept_clinically_relevant_non_sparse_extra
num__low_psych_marker_medical_instability_flag,191320,47171,100.0,100.0,False,False,True,False,False,0.00139260275440886,False,False,True,kept_rapid_trial_core
num__icu_or_procedure_without_psych_marker_flag,191320,47171,100.0,100.0,False,False,True,False,False,0.0001440820112541724,False,False,True,kept_rapid_trial_core
cat__gender_F,97356,23700,50.8864729249425,50.24273388310615,False,False,True,False,False,0.01327573462992057,True,False,True,kept_rapid_trial_core; kept_high_recent_shap_signal
cat__gender_M,93964,23471,49.1135270750575,49.75726611689385,False,False,True,False,False,0.004555896719910742,True,False,True,kept_rapid_trial_core; kept_high_recent_shap_signal
cat__anchor_year_group_2008 - 2010,77334,18830,40.42128371315074,39.918594051429906,False,False,True,False,False,0.00824235877379206,True,False,True,kept_rapid_trial_core; kept_high_recent_shap_signal
cat__anchor_year_group_2011 - 2013,39123,9805,20.448985992055196,20.78607619087999,False,False,True,False,False,0.002495972989201925,False,False,True,kept_rapid_trial_core
cat__anchor_year_group_2014 - 2016,33840,8303,17.687643738239597,17.60191643170592,False,False,False,False,False,0.0009472101702253557,False,False,False,removed_not_selected_by_signal_or_family_rule
cat__anchor_year_group_2017 - 2019,25494,6204,13.325318837549656,13.152148565856141,False,False,False,False,False,0.000209861026258501,False,False,False,removed_not_selected_by_signal_or_family_rule
cat__anchor_year_group_2020 - 2022,15529,4029,8.116767719004809,8.541264760128044,False,False,True,False,False,0.002893662580359749,True,False,True,kept_rapid_trial_core; kept_high_recent_shap_signal
cat__admission_type_AMBULATORY OBSERVATION,1442,375,0.7537110600041814,0.794979966504844,False,False,False,False,False,0.0,False,False,False,removed_not_selected_by_signal_or_family_rule
cat__admission_type_DIRECT EMER.,7137,1638,3.7303993309638304,3.472472493693159,False,False,False,False,False,0.0001243915903614834,False,False,False,removed_not_selected_by_signal_or_family_rule
cat__admission_type_DIRECT OBSERVATION,6815,1569,3.5620949195065856,3.3261961798562676,False,False,False,False,False,7.936581363355713e-05,False,False,False,removed_not_selected_by_signal_or_family_rule
cat__admission_type_ELECTIVE,3455,775,1.8058749738657747,1.6429585974433445,False,False,False,False,False,0.0001045112148858607,False,False,False,removed_not_selected_by_signal_or_family_rule
cat__admission_type_EU OBSERVATION,48319,11830,25.255592724231654,25.078968010006147,False,False,False,False,False,0.0002861595472897833,False,False,False,removed_not_selected_by_signal_or_family_rule
cat__admission_type_EW EMER.,64855,16364,33.89870374242108,34.690805791694046,False,False,False,False,False,0.0007557274019476153,False,False,False,removed_not_selected_by_signal_or_family_rule
cat__admission_type_OBSERVATION ADMIT,32523,8074,16.999268241689315,17.11644866549363,False,False,False,False,False,0.0006685920551117483,False,False,False,removed_not_selected_by_signal_or_family_rule
cat__admission_type_SURGICAL SAME DAY ADMISSION,10427,2530,5.450031361070458,5.363464840686015,False,False,True,False,False,0.001423904172997642,False,False,True,kept_rapid_trial_core
cat__admission_type_URGENT,16347,4016,8.544323646247125,8.513705454622544,False,False,False,False,False,0.0002438590479877115,False,False,False,removed_not_selected_by_signal_or_family_rule
cat__admission_location_AMBULATORY SURGERY TRANSFER,107,28,0.055927242316537736,0.05935850416569503,False,False,False,False,False,0.0,False,False,False,removed_not_selected_by_signal_or_family_rule
cat__admission_location_CLINIC REFERRAL,3834,842,2.003972402257997,1.7849950181255432,False,False,True,False,False,0.002424800407099097,False,False,True,kept_rapid_trial_core
cat__admission_location_EMERGENCY ROOM,90978,22833,47.55279113527075,48.40474020054695,False,False,True,False,False,0.001545028567391041,False,False,True,kept_rapid_trial_core
cat__admission_location_INFORMATION NOT AVAILABLE,171,42,0.08937905080493415,0.08903775624854254,False,False,False,False,False,0.0,False,False,False,removed_not_selected_by_signal_or_family_rule
cat__admission_location_INTERNAL TRANSFER TO OR FROM PSYCH,4644,1181,2.427346853439264,2.5036569078459223,False,False,False,False,False,0.0,False,False,False,removed_not_selected_by_signal_or_family_rule
cat__admission_location_PACU,1261,338,0.6591051641229354,0.7165419431430328,False,False,False,False,False,0.0,False,False,False,removed_not_selected_by_signal_or_family_rule
cat__admission_location_PHYSICIAN REFERRAL,47632,11264,24.896508467489024,23.87907824722817,False,False,False,False,False,0.0008993543811899666,False,False,False,removed_not_selected_by_signal_or_family_rule
cat__admission_location_PROCEDURE SITE,1881,464,0.9831695588542756,0.9836552118886605,False,False,False,False,False,9.582808766385639e-05,False,False,False,removed_not_selected_by_signal_or_family_rule
cat__admission_location_TRANSFER FROM HOSPITAL,21278,5443,11.121680953376542,11.538869220495643,False,False,False,False,False,0.0001176458176399243,False,False,False,removed_not_selected_by_signal_or_family_rule
cat__admission_location_TRANSFER FROM SKILLED NURSING FACILITY,3094,736,1.6171858666109136,1.5602806809268406,False,False,False,False,False,6.741055460828273e-05,False,False,False,removed_not_selected_by_signal_or_family_rule
cat__admission_location_WALK-IN/SELF REFERRAL,16440,4000,8.592933305456826,8.479786309385004,False,False,False,False,False,0.0003227762512916729,False,False,False,removed_not_selected_by_signal_or_family_rule
cat__discharge_location_ACUTE HOSPITAL,1080,279,0.5644992682416893,0.591465095079604,False,False,True,False,False,0.000695665280425231,False,False,True,kept_rapid_trial_core
cat__discharge_location_AGAINST ADVICE,2048,527,1.070457871628685,1.1172118462614742,False,False,True,False,False,0.001183649883178378,False,False,True,kept_rapid_trial_core
cat__discharge_location_ASSISTED LIVING,388,99,0.2028015889609032,0.20987471115727885,False,False,False,False,False,0.0,False,False,False,removed_not_selected_by_signal_or_family_rule
cat__discharge_location_CHRONIC/LONG TERM ACUTE CARE,3474,795,1.8158059795107673,1.6853575289902694,False,False,True,False,False,7.530610309913754e-05,False,False,True,kept_rapid_trial_core
cat__discharge_location_HEALTHCARE FACILITY,19,7,0.009931005644992682,0.014839626041423757,False,True,False,False,False,0.0,False,False,False,removed_near_zero_unless_core
cat__discharge_location_HOME,58034,14459,30.3334727158687,30.65230756184944,False,False,True,False,False,0.0002007968117768051,False,False,True,kept_rapid_trial_core
cat__discharge_location_HOME HEALTH CARE,33080,8114,17.29040351243989,17.20124652858748,False,False,True,False,False,0.001753630651063411,False,False,True,kept_rapid_trial_core
cat__discharge_location_OTHER FACILITY,897,224,0.46884800334518084,0.4748680333255602,False,False,True,False,False,0.0005638080814878606,False,False,True,kept_rapid_trial_core
cat__discharge_location_PSYCH FACILITY,2362,571,1.2345808070248798,1.2104894956647092,False,False,True,False,False,0.0008597970189836161,False,False,True,kept_rapid_trial_core
cat__discharge_location_REHAB,4882,1244,2.5517457662554883,2.637213542218736,False,False,True,False,False,0.0002278344825314333,False,False,True,kept_rapid_trial_core
cat__discharge_location_SKILLED NURSING FACILITY,22542,5597,11.782354171022371,11.865340993406965,False,False,True,False,False,0.0001599988842831029,False,False,True,kept_rapid_trial_core
cat__discharge_location_Unknown,56081,13650,29.31266987246498,28.937270780776323,False,False,True,False,False,0.00131266574043136,False,False,True,kept_rapid_trial_core
cat__discharge_location_Unknown / not modelled,6433,1605,3.36242943759147,3.4025142566407327,False,False,True,False,False,0.08920741679506357,True,False,True,kept_rapid_trial_core; kept_high_recent_shap_signal
cat__insurance_Medicaid,48790,11809,25.501777127325948,25.03444913188188,False,False,True,False,False,0.003051175405838415,True,False,True,kept_rapid_trial_core; kept_high_recent_shap_signal
cat__insurance_Medicare,84938,21195,44.39577670917834,44.932267706853786,False,False,False,False,False,0.0001316646422404494,False,False,False,removed_not_selected_by_signal_or_family_rule
cat__insurance_No charge,34,7,0.01777127325946059,0.014839626041423757,False,True,False,False,False,0.0,False,False,False,removed_near_zero_unless_core
cat__insurance_Other,4900,1115,2.5611540873928496,2.3637404337410697,False,False,False,False,False,0.0,False,False,False,removed_not_selected_by_signal_or_family_rule
cat__insurance_Private,48063,11924,25.121785490278068,25.278242988276695,False,False,True,False,False,0.002539891839083406,False,False,True,kept_rapid_trial_core
cat__insurance_Unknown,4595,1121,2.4017353125653353,2.3764601132051473,False,False,False,False,False,0.0,False,False,False,removed_not_selected_by_signal_or_family_rule
cat__language_American Sign Language,220,46,0.11499059167886264,0.09751754255792754,False,False,False,False,False,0.0,False,False,False,removed_not_selected_by_signal_or_family_rule
cat__language_Amharic,49,5,0.025611540873928498,0.010599732886731255,False,True,False,False,False,0.0,False,False,False,removed_near_zero_unless_core
cat__language_Arabic,162,51,0.0846748902362534,0.1081172754446588,False,False,False,False,False,0.0,False,False,False,removed_not_selected_by_signal_or_family_rule
cat__language_Armenian,27,15,0.014112481706042233,0.03179919866019376,False,True,False,False,False,0.0,False,False,False,removed_near_zero_unless_core
cat__language_Bengali,14,7,0.007317583106836713,0.014839626041423757,False,True,False,False,False,0.0,False,False,False,removed_near_zero_unless_core
cat__language_Chinese,1099,308,0.574430273886682,0.6529435458226452,False,False,False,False,False,0.0,False,False,False,removed_not_selected_by_signal_or_family_rule
cat__language_English,177160,43738,92.5987873719423,92.72222339997032,False,False,False,False,False,2.860103507875109e-05,False,False,False,removed_not_selected_by_signal_or_family_rule
cat__language_French,57,12,0.02979301693497805,0.02543935892815501,False,True,False,False,False,0.0,False,False,False,removed_near_zero_unless_core
cat__language_Haitian,624,159,0.3261551327618649,0.3370715057980539,False,False,False,False,False,0.0,False,False,False,removed_not_selected_by_signal_or_family_rule
cat__language_Hindi,38,17,0.019862011289985364,0.036039091814886265,False,True,False,False,False,0.0,False,False,False,removed_near_zero_unless_core
cat__language_Italian,290,60,0.1515785072130462,0.12719679464077505,False,False,False,False,False,0.0,False,False,False,removed_not_selected_by_signal_or_family_rule
cat__language_Japanese,37,9,0.01933932678235417,0.01907951919611626,False,True,False,False,False,0.0,False,False,False,removed_near_zero_unless_core
cat__language_Kabuverdianu,1042,294,0.544637256951704,0.6232642937397977,False,False,False,False,False,0.0,False,False,False,removed_not_selected_by_signal_or_family_rule
cat__language_Khmer,78,7,0.040769391595233115,0.014839626041423757,False,True,False,False,False,0.0,False,False,False,removed_near_zero_unless_core
cat__language_Korean,86,19,0.044950867656282666,0.04027898496957877,False,True,False,False,False,0.0,False,False,False,removed_near_zero_unless_core
cat__language_Modern Greek (1453-),253,69,0.13223918043069202,0.1462763138368913,False,False,False,False,False,0.0,False,False,False,removed_not_selected_by_signal_or_family_rule
cat__language_Other,300,81,0.15680535228935813,0.17171567276504632,False,False,False,False,False,0.0,False,False,False,removed_not_selected_by_signal_or_family_rule
cat__language_Persian,158,19,0.08258415220572862,0.04027898496957877,False,False,False,False,False,0.0,False,False,False,removed_not_selected_by_signal_or_family_rule
cat__language_Polish,164,11,0.08572025925151579,0.023319412350808758,False,False,False,False,False,0.0,False,False,False,removed_not_selected_by_signal_or_family_rule
cat__language_Portuguese,740,186,0.38678653564708343,0.3943100633864027,False,False,False,False,False,0.0,False,False,False,removed_not_selected_by_signal_or_family_rule
cat__language_Russian,2395,569,1.2518293957767093,1.2062496025100167,False,False,False,False,False,2.563405001721046e-05,False,False,False,removed_not_selected_by_signal_or_family_rule
cat__language_Somali,40,17,0.020907380305247754,0.036039091814886265,False,True,False,False,False,0.0,False,False,False,removed_near_zero_unless_core
cat__language_Spanish,5730,1361,2.9949822287267405,2.8852472917682475,False,False,False,False,False,3.890717925969511e-05,False,False,False,removed_not_selected_by_signal_or_family_rule
cat__language_Thai,60,5,0.03136107045787163,0.010599732886731255,False,True,False,False,False,0.0,False,False,False,removed_near_zero_unless_core
cat__language_Unknown,284,64,0.14844240016725904,0.13567658095016005,False,False,False,False,False,0.0,False,False,False,removed_not_selected_by_signal_or_family_rule
cat__language_Vietnamese,213,42,0.11133180012544429,0.08903775624854254,False,False,False,False,False,0.0,False,False,False,removed_not_selected_by_signal_or_family_rule
cat__marital_status_DIVORCED,17442,4289,9.116663182103283,9.09245087023807,False,False,False,False,False,0.0009219362227486415,False,False,False,removed_not_selected_by_signal_or_family_rule
cat__marital_status_MARRIED,58566,14808,30.611540873928497,31.392168917343284,False,False,False,False,False,0.0007923542344529119,False,False,False,removed_not_selected_by_signal_or_family_rule
cat__marital_status_SINGLE,91140,22190,47.637466025507,47.04161455131331,False,False,True,False,False,0.00156313940439278,False,False,True,kept_rapid_trial_core
cat__marital_status_Unknown,5537,1389,2.89410411875392,2.9446057959339424,False,False,True,False,False,0.01319171587867982,True,False,True,kept_rapid_trial_core; kept_high_recent_shap_signal
cat__marital_status_WIDOWED,18635,4495,9.740225799707297,9.529159865171398,False,False,False,False,False,0.0001406270192427601,False,False,False,removed_not_selected_by_signal_or_family_rule
cat__race_AMERICAN INDIAN/ALASKA NATIVE,439,101,0.2294584988500941,0.21411460431197135,False,False,False,False,False,0.0,False,False,False,removed_not_selected_by_signal_or_family_rule
cat__race_ASIAN,1769,456,0.9246288939995818,0.9666956392698904,False,False,False,False,False,0.000212220610356534,False,False,False,removed_not_selected_by_signal_or_family_rule
cat__race_ASIAN - ASIAN INDIAN,365,105,0.19077984528538575,0.22259439062135633,False,False,False,False,False,0.0,False,False,False,removed_not_selected_by_signal_or_family_rule
cat__race_ASIAN - CHINESE,1262,374,0.6596278486305666,0.7928600199274978,False,False,False,False,False,0.0,False,False,False,removed_not_selected_by_signal_or_family_rule
cat__race_ASIAN - KOREAN,209,44,0.1092410620949195,0.09327764940323503,False,False,False,False,False,0.0,False,False,False,removed_not_selected_by_signal_or_family_rule
cat__race_ASIAN - SOUTH EAST ASIAN,373,68,0.1949613213464353,0.14415636725954506,False,False,False,False,False,0.0,False,False,False,removed_not_selected_by_signal_or_family_rule
cat__race_BLACK/AFRICAN,1011,324,0.5284340372151369,0.6868626910601853,False,False,False,False,False,0.0,False,False,False,removed_not_selected_by_signal_or_family_rule
cat__race_BLACK/AFRICAN AMERICAN,26792,6481,14.003763328454944,13.739373767781052,False,False,False,False,False,0.001064541257227451,False,False,False,removed_not_selected_by_signal_or_family_rule
cat__race_BLACK/CAPE VERDEAN,1540,368,0.8049341417520385,0.7801403404634203,False,False,False,False,False,0.0,False,False,False,removed_not_selected_by_signal_or_family_rule
cat__race_BLACK/CARIBBEAN ISLAND,882,226,0.46100773573071296,0.4791079264802527,False,False,False,False,False,0.0,False,False,False,removed_not_selected_by_signal_or_family_rule
cat__race_HISPANIC OR LATINO,2676,550,1.3987037424210746,1.165970617540438,False,False,False,False,False,0.0,False,False,False,removed_not_selected_by_signal_or_family_rule
cat__race_HISPANIC/LATINO - CENTRAL AMERICAN,154,49,0.08049341417520385,0.10387738228996629,False,False,False,False,False,0.0,False,False,False,removed_not_selected_by_signal_or_family_rule
cat__race_HISPANIC/LATINO - COLUMBIAN,269,83,0.14060213255279114,0.17595556591973882,False,False,False,False,False,0.0,False,False,False,removed_not_selected_by_signal_or_family_rule
cat__race_HISPANIC/LATINO - CUBAN,257,78,0.1343299184612168,0.16535583303300758,False,False,False,False,False,0.0,False,False,False,removed_not_selected_by_signal_or_family_rule
cat__race_HISPANIC/LATINO - DOMINICAN,1744,440,0.911561781308802,0.9327764940323504,False,False,False,False,False,0.0,False,False,False,removed_not_selected_by_signal_or_family_rule
cat__race_HISPANIC/LATINO - GUATEMALAN,445,117,0.23259460589588124,0.24803374954951135,False,False,False,False,False,0.0,False,False,False,removed_not_selected_by_signal_or_family_rule
cat__race_HISPANIC/LATINO - HONDURAN,252,50,0.13171649592306084,0.10599732886731254,False,False,False,False,False,0.0,False,False,False,removed_not_selected_by_signal_or_family_rule
cat__race_HISPANIC/LATINO - MEXICAN,284,108,0.14844240016725904,0.2289542303533951,False,False,False,False,False,0.0,False,False,False,removed_not_selected_by_signal_or_family_rule
cat__race_HISPANIC/LATINO - PUERTO RICAN,4588,1226,2.3980765210119173,2.5990545038265034,False,False,False,False,False,5.774346857174227e-05,False,False,False,removed_not_selected_by_signal_or_family_rule
cat__race_HISPANIC/LATINO - SALVADORAN,376,90,0.19652937486932887,0.19079519196116257,False,False,False,False,False,0.0,False,False,False,removed_not_selected_by_signal_or_family_rule
cat__race_MULTIPLE RACE/ETHNICITY,165,90,0.08624294375914698,0.19079519196116257,False,False,False,False,False,0.0,False,False,False,removed_not_selected_by_signal_or_family_rule
cat__race_NATIVE HAWAIIAN OR OTHER PACIFIC ISLANDER,230,35,0.12021743675517457,0.07419813020711878,False,False,False,False,False,0.0,False,False,False,removed_not_selected_by_signal_or_family_rule
cat__race_OTHER,5981,1419,3.12617604014217,3.00820419325433,False,False,True,False,False,0.00248455200677202,False,False,True,kept_rapid_trial_core
cat__race_PATIENT DECLINED TO ANSWER,545,122,0.28486305665900064,0.2586334824362426,False,False,False,False,False,0.0004541198942886621,False,False,False,removed_not_selected_by_signal_or_family_rule
cat__race_PORTUGUESE,784,248,0.40978465398285596,0.5257467511818702,False,False,False,False,False,0.0001303792232647538,False,False,False,removed_not_selected_by_signal_or_family_rule
cat__race_SOUTH AMERICAN,203,30,0.10610495504913234,0.06359839732038752,False,False,False,False,False,0.0,False,False,False,removed_not_selected_by_signal_or_family_rule
cat__race_UNABLE TO OBTAIN,1189,279,0.6214718795734895,0.591465095079604,False,False,True,False,False,0.001599419397469469,False,False,True,kept_rapid_trial_core
cat__race_UNKNOWN,5013,1278,2.6202174367551745,2.7092917258485087,False,False,True,False,False,0.01879249475429134,True,False,True,kept_rapid_trial_core; kept_high_recent_shap_signal
cat__race_WHITE,123548,30368,64.57662554881874,64.37853766085095,False,False,True,False,False,0.001529050023182489,False,False,True,kept_rapid_trial_core
cat__race_WHITE - BRAZILIAN,378,80,0.19757474388459126,0.16959572618770008,False,False,False,False,False,0.0,False,False,False,removed_not_selected_by_signal_or_family_rule
cat__race_WHITE - EASTERN EUROPEAN,704,122,0.36796989337236047,0.2586334824362426,False,False,False,False,False,0.0,False,False,False,removed_not_selected_by_signal_or_family_rule
cat__race_WHITE - OTHER EUROPEAN,4865,1262,2.542860129625758,2.6753725806109685,False,False,False,False,False,0.0,False,False,False,removed_not_selected_by_signal_or_family_rule
cat__race_WHITE - RUSSIAN,2028,500,1.060004181476061,1.0599732886731255,False,False,False,False,False,0.0,False,False,False,removed_not_selected_by_signal_or_family_rule
cat__first_icu_careunit_Cardiac Vascular Intensive Care Unit (CVICU),3820,946,1.9966548191511604,2.0054694621695535,False,False,False,False,False,0.0,False,False,False,removed_not_selected_by_signal_or_family_rule
cat__first_icu_careunit_Coronary Care Unit (CCU),3399,781,1.7766046414384278,1.6556782769074219,False,False,False,False,False,0.0001862451225643402,False,False,False,removed_not_selected_by_signal_or_family_rule
cat__first_icu_careunit_Intensive Care Unit (ICU),7,6,0.0036587915534183565,0.012719679464077505,False,True,False,False,False,0.0,False,False,False,removed_near_zero_unless_core
cat__first_icu_careunit_Med/Surg,1,0,0.0005226845076311938,0.0,False,True,False,False,False,0.0,False,False,False,removed_near_zero_unless_core
cat__first_icu_careunit_Medical Intensive Care Unit (MICU),8515,2161,4.450658582479615,4.581204553645248,False,False,False,False,False,3.636230758274905e-05,False,False,False,removed_not_selected_by_signal_or_family_rule
cat__first_icu_careunit_Medical/Surgical Intensive Care Unit (MICU/SICU),5747,1444,3.003867865356471,3.061202857687986,False,False,False,False,False,0.0002155648499872485,False,False,False,removed_not_selected_by_signal_or_family_rule
cat__first_icu_careunit_Medicine,3,5,0.0015680535228935815,0.010599732886731255,False,True,False,False,False,0.0,False,False,False,removed_near_zero_unless_core
cat__first_icu_careunit_Neuro Intermediate,1792,466,0.9366506376750993,0.9878951050433529,False,False,False,False,False,0.0,False,False,False,removed_not_selected_by_signal_or_family_rule
cat__first_icu_careunit_Neuro Stepdown,464,116,0.24252561154087393,0.2459138029721651,False,False,False,False,False,0.0,False,False,False,removed_not_selected_by_signal_or_family_rule
cat__first_icu_careunit_Neuro Surgical Intensive Care Unit (Neuro SICU),633,157,0.3308592933305457,0.33283161264336136,False,False,False,False,False,0.0,False,False,False,removed_not_selected_by_signal_or_family_rule
cat__first_icu_careunit_No ICU,158904,39101,83.05665900062722,82.89203112081576,False,False,False,False,False,0.0,False,False,False,removed_not_selected_by_signal_or_family_rule
cat__first_icu_careunit_PACU,35,10,0.018293957767091782,0.02119946577346251,False,True,False,False,False,0.0,False,False,False,removed_near_zero_unless_core
cat__first_icu_careunit_Surgery/Trauma,7,0,0.0036587915534183565,0.0,False,True,False,False,False,0.0,False,False,False,removed_near_zero_unless_core
cat__first_icu_careunit_Surgery/Vascular/Intermediate,52,14,0.027179594396822077,0.029679252082847513,False,True,False,False,False,0.0,False,False,False,removed_near_zero_unless_core
cat__first_icu_careunit_Surgical Intensive Care Unit (SICU),4239,1044,2.2156596278486305,2.2132242267494857,False,False,False,False,False,3.486770947347395e-05,False,False,False,removed_not_selected_by_signal_or_family_rule
cat__first_icu_careunit_Trauma SICU (TSICU),3702,920,1.9349780472506795,1.9503508511585508,False,False,False,False,False,0.0,False,False,False,removed_not_selected_by_signal_or_family_rule
cat__last_icu_careunit_Cardiac Vascular Intensive Care Unit (CVICU),3834,939,2.003972402257997,1.9906298361281296,False,False,False,False,False,2.39405984042289e-05,False,False,False,removed_not_selected_by_signal_or_family_rule
cat__last_icu_careunit_Coronary Care Unit (CCU),3340,794,1.7457662554881874,1.683237582412923,False,False,False,False,False,0.0005318935294222622,False,False,False,removed_not_selected_by_signal_or_family_rule
cat__last_icu_careunit_Intensive Care Unit (ICU),6,4,0.003136107045787163,0.008479786309385003,False,True,False,False,False,0.0,False,False,False,removed_near_zero_unless_core
cat__last_icu_careunit_Med/Surg,1,0,0.0005226845076311938,0.0,False,True,False,False,False,0.0,False,False,False,removed_near_zero_unless_core
cat__last_icu_careunit_Medical Intensive Care Unit (MICU),8567,2174,4.477838176876437,4.608763859150749,False,False,False,False,False,5.363309537642635e-05,False,False,False,removed_not_selected_by_signal_or_family_rule
cat__last_icu_careunit_Medical/Surgical Intensive Care Unit (MICU/SICU),5738,1436,2.99916370478779,3.044243285069216,False,False,True,False,False,0.0006281811303828081,False,False,True,kept_rapid_trial_core
cat__last_icu_careunit_Medicine,3,5,0.0015680535228935815,0.010599732886731255,False,True,False,False,False,0.0,False,False,False,removed_near_zero_unless_core
cat__last_icu_careunit_Neuro Intermediate,1799,465,0.9403094292285177,0.9857751584660066,False,False,False,False,False,0.0,False,False,False,removed_not_selected_by_signal_or_family_rule
cat__last_icu_careunit_Neuro Stepdown,467,117,0.2440936650637675,0.24803374954951135,False,False,False,False,False,0.0,False,False,False,removed_not_selected_by_signal_or_family_rule
cat__last_icu_careunit_Neuro Surgical Intensive Care Unit (Neuro SICU),641,150,0.3350407693915952,0.3179919866019376,False,False,False,False,False,0.0,False,False,False,removed_not_selected_by_signal_or_family_rule
cat__last_icu_careunit_No ICU,158904,39101,83.05665900062722,82.89203112081576,False,False,False,False,False,0.0,False,False,False,removed_not_selected_by_signal_or_family_rule
cat__last_icu_careunit_PACU,35,8,0.018293957767091782,0.016959572618770007,False,True,False,False,False,0.0,False,False,False,removed_near_zero_unless_core
cat__last_icu_careunit_Surgery/Trauma,5,1,0.0026134225381559692,0.002119946577346251,False,True,False,False,False,0.0,False,False,False,removed_near_zero_unless_core
cat__last_icu_careunit_Surgery/Vascular/Intermediate,52,14,0.027179594396822077,0.029679252082847513,False,True,False,False,False,0.0,False,False,False,removed_near_zero_unless_core
cat__last_icu_careunit_Surgical Intensive Care Unit (SICU),4225,1053,2.208342044741794,2.232303745945602,False,False,False,False,False,0.0001538625694440004,False,False,False,removed_not_selected_by_signal_or_family_rule
cat__last_icu_careunit_Trauma SICU (TSICU),3703,910,1.9355007317583106,1.9291513853850883,False,False,False,False,False,0.0,False,False,False,removed_not_selected_by_signal_or_family_rule
cat__icu_type_Cardiac ICU,7219,1727,3.773259460589588,3.6611477390769753,False,False,False,False,False,0.000301666026618377,False,False,False,removed_not_selected_by_signal_or_family_rule
cat__icu_type_Medical ICU,8515,2161,4.450658582479615,4.581204553645248,False,False,False,False,False,0.0,False,False,False,removed_not_selected_by_signal_or_family_rule
cat__icu_type_Neuro ICU,2889,739,1.5100355425465188,1.5666405206588794,False,False,False,False,False,0.0,False,False,False,removed_not_selected_by_signal_or_family_rule
cat__icu_type_No ICU,158904,39101,83.05665900062722,82.89203112081576,False,False,False,False,False,0.0,False,False,False,removed_not_selected_by_signal_or_family_rule
cat__icu_type_Other ICU,98,35,0.051223081747856995,0.07419813020711878,False,False,False,False,False,0.0,False,False,False,removed_not_selected_by_signal_or_family_rule
cat__icu_type_Surgical/Trauma ICU,13695,3408,7.158164332009199,7.224777935596023,False,False,False,False,False,5.178158308004693e-05,False,False,False,removed_not_selected_by_signal_or_family_rule
cat__first_service_CMED,13091,3298,6.842462889399958,6.991583812087935,False,False,False,False,False,0.0002207410457834518,False,False,False,removed_not_selected_by_signal_or_family_rule
cat__first_service_CSURG,2295,534,1.1995609450135898,1.132051472302898,False,False,False,False,False,0.0,False,False,False,removed_not_selected_by_signal_or_family_rule
cat__first_service_DENT,12,4,0.006272214091574326,0.008479786309385003,False,True,False,False,False,0.0,False,False,False,removed_near_zero_unless_core
cat__first_service_ENT,395,110,0.20646038051432156,0.2331941235080876,False,False,False,False,False,0.0,False,False,False,removed_not_selected_by_signal_or_family_rule
cat__first_service_EYE,13,4,0.006794898599205519,0.008479786309385003,False,True,False,False,False,0.0,False,False,False,removed_near_zero_unless_core
cat__first_service_GU,1299,279,0.6789671754129207,0.591465095079604,False,False,False,False,False,0.0,False,False,False,removed_not_selected_by_signal_or_family_rule
cat__first_service_GYN,1526,392,0.7976165586452018,0.8310190583197303,False,False,False,False,False,0.0,False,False,False,removed_not_selected_by_signal_or_family_rule
cat__first_service_MED,114654,28316,59.9278695379469,60.02840728413644,False,False,True,False,False,0.00656539612843346,True,False,True,kept_rapid_trial_core; kept_high_recent_shap_signal
cat__first_service_NMED,7998,1984,4.180430692034288,4.205974009454962,False,False,True,False,False,0.008626642398740236,True,False,True,kept_rapid_trial_core; kept_high_recent_shap_signal
cat__first_service_NSURG,4612,1158,2.410620949195066,2.4548981365669587,False,False,True,False,False,0.001359472984979185,False,False,True,kept_rapid_trial_core
cat__first_service_OBS,2573,556,1.3448672381350617,1.1786902970045154,False,False,True,False,False,0.002160670594250238,False,False,True,kept_rapid_trial_core
cat__first_service_OMED,8297,1963,4.336713359816015,4.1614551313306904,False,False,True,False,False,0.0031921282706264,True,False,True,kept_rapid_trial_core; kept_high_recent_shap_signal
cat__first_service_ORTHO,7276,1837,3.803052477524566,3.8943418625850628,False,False,True,False,False,0.002680621513236795,False,False,True,kept_rapid_trial_core
cat__first_service_PSURG,971,245,0.5075266569098892,0.5193869114498315,False,False,False,False,False,0.0,False,False,False,removed_not_selected_by_signal_or_family_rule
cat__first_service_PSYCH,7668,1880,4.007944804515994,3.9854995654109517,False,False,True,False,False,0.0006246608508883358,False,False,True,kept_rapid_trial_core
cat__first_service_SURG,11048,2743,5.774618440309429,5.815013461660766,False,False,True,False,False,0.002362562890192753,False,False,True,kept_rapid_trial_core
cat__first_service_TRAUM,3032,751,1.5847794271377795,1.5920798795870343,False,False,False,False,False,0.001108678953371145,False,False,False,removed_not_selected_by_signal_or_family_rule
cat__first_service_TSURG,1491,360,0.77932260087811,0.7631807678446503,False,False,False,False,False,0.0,False,False,False,removed_not_selected_by_signal_or_family_rule
cat__first_service_Unknown,7,3,0.0036587915534183565,0.0063598397320387525,False,True,False,False,False,0.0,False,False,False,removed_near_zero_unless_core
cat__first_service_VSURG,3062,754,1.6004599623667155,1.5984397193190731,False,False,True,False,False,0.001762631489879041,False,False,True,kept_rapid_trial_core
cat__last_service_CMED,13119,3281,6.857098055613632,6.955544720273049,False,False,False,False,False,0.0004021594313477747,False,False,False,removed_not_selected_by_signal_or_family_rule
cat__last_service_CSURG,3303,782,1.7264269287058331,1.6577982234847681,False,False,False,False,False,0.0001895382457901966,False,False,False,removed_not_selected_by_signal_or_family_rule
cat__last_service_DENT,10,2,0.0052268450763119385,0.004239893154692502,False,True,False,False,False,0.0,False,False,False,removed_near_zero_unless_core
cat__last_service_ENT,379,106,0.19809742839222244,0.2247143371987026,False,False,False,False,False,0.0,False,False,False,removed_not_selected_by_signal_or_family_rule
cat__last_service_EYE,3,0,0.0015680535228935815,0.0,False,True,False,False,False,0.0,False,False,False,removed_near_zero_unless_core
cat__last_service_GU,1294,278,0.6763537528747648,0.5893451485022577,False,False,False,False,False,0.0,False,False,False,removed_not_selected_by_signal_or_family_rule
cat__last_service_GYN,1535,387,0.8023207192138825,0.8204193254329991,False,False,False,False,False,0.0,False,False,False,removed_not_selected_by_signal_or_family_rule
cat__last_service_MED,114280,28269,59.73238553209283,59.928769795001166,False,False,True,False,False,0.004572348330789501,True,False,True,kept_rapid_trial_core; kept_high_recent_shap_signal
cat__last_service_NMED,8058,2035,4.21179176249216,4.314091284899621,False,False,True,False,False,0.002274628960144786,False,False,True,kept_rapid_trial_core
cat__last_service_NSURG,4271,1064,2.2323855320928288,2.255623158296411,False,False,False,False,False,0.0005328066298467583,False,False,False,removed_not_selected_by_signal_or_family_rule
cat__last_service_OBS,2612,568,1.3652519339326783,1.2041296559326704,False,False,False,False,False,0.001197315038746583,False,False,False,removed_not_selected_by_signal_or_family_rule
cat__last_service_OMED,8522,2028,4.4543173740330335,4.299251658858196,False,False,True,False,False,0.01913305743977461,True,False,True,kept_rapid_trial_core; kept_high_recent_shap_signal
cat__last_service_ORTHO,7000,1800,3.658791553418357,3.8159038392232514,False,False,False,False,False,0.0008308685355407994,False,False,False,removed_not_selected_by_signal_or_family_rule
cat__last_service_PSURG,1012,260,0.5289567217227681,0.5511861101100253,False,False,False,False,False,0.0001060963232976896,False,False,False,removed_not_selected_by_signal_or_family_rule
cat__last_service_PSYCH,7672,1880,4.010035542546519,3.9854995654109517,False,False,True,False,False,0.000444783118354566,False,False,True,kept_rapid_trial_core
cat__last_service_SURG,11376,2762,5.94605895881246,5.855292446630345,False,False,False,False,False,0.0002108651736140208,False,False,False,removed_not_selected_by_signal_or_family_rule
cat__last_service_TRAUM,2417,570,1.2633284549445953,1.208369549087363,False,False,True,False,False,0.00418649449163711,True,False,True,kept_rapid_trial_core; kept_high_recent_shap_signal
cat__last_service_TSURG,1368,330,0.7150324064394732,0.6995823705242628,False,False,False,False,False,0.0,False,False,False,removed_not_selected_by_signal_or_family_rule
cat__last_service_Unknown,7,3,0.0036587915534183565,0.0063598397320387525,False,True,False,False,False,0.0,False,False,False,removed_near_zero_unless_core
cat__last_service_VSURG,3082,766,1.6109136525193393,1.623879078247228,False,False,True,False,False,0.003595972596431848,True,False,True,kept_rapid_trial_core; kept_high_recent_shap_signal
cat__infection_burden_category_0 tests,116774,28789,61.03596069412502,61.031142015221214,False,False,False,False,False,0.0,False,False,False,removed_not_selected_by_signal_or_family_rule
cat__infection_burden_category_1-2 tests,28718,7045,15.010453690152623,14.935023637404337,False,False,False,False,False,0.0004119579908577502,False,False,False,removed_not_selected_by_signal_or_family_rule
cat__infection_burden_category_3-5 tests,16242,4110,8.48944177294585,8.71298043289309,False,False,False,False,False,0.0001371679124232291,False,False,False,removed_not_selected_by_signal_or_family_rule
cat__infection_burden_category_6+ tests,29586,7227,15.4641438427765,15.320853914481354,False,False,False,False,False,8.756353640340653e-05,False,False,False,removed_not_selected_by_signal_or_family_rule
cat__last_careunit_before_discharge_No transfer record,3,1,0.0015680535228935815,0.002119946577346251,False,True,False,True,False,0.0,False,False,False,removed_near_zero_unless_core
cat__last_careunit_before_discharge_UNKNOWN,191317,47170,99.99843194647711,99.99788005342265,False,False,False,True,False,0.0,False,True,True,kept_clinically_relevant_non_sparse_extra
cat__time_since_previous_psych_category_0-30 days,38294,9380,20.015680535228935,19.885098895507834,False,False,True,False,False,0.000359698623759194,False,False,True,kept_rapid_trial_core
cat__time_since_previous_psych_category_181-365 days,11881,2934,6.210014635166214,6.2199232579339,False,False,True,False,False,0.00299882716126109,True,False,True,kept_rapid_trial_core; kept_high_recent_shap_signal
cat__time_since_previous_psych_category_31-90 days,18698,4437,9.773154923688061,9.406202963685315,False,False,True,False,False,0.0001157011631492913,False,False,True,kept_rapid_trial_core
cat__time_since_previous_psych_category_365+ days,24142,5897,12.618649383232281,12.501324966610841,False,False,True,False,False,0.002369536924294763,False,False,True,kept_rapid_trial_core
cat__time_since_previous_psych_category_91-180 days,11965,2937,6.253920133807234,6.226283097665939,False,False,True,False,False,0.0001688750604518783,False,False,True,kept_rapid_trial_core
cat__time_since_previous_psych_category_No previous psychiatric admission,86340,21586,45.128580388877275,45.76116681859617,False,False,False,False,False,0.0,False,False,False,removed_not_selected_by_signal_or_family_rule
cat__age_group_18-29,24615,6085,12.865879155341835,12.899874923151936,False,False,False,False,False,0.0004282849905718075,False,False,False,removed_not_selected_by_signal_or_family_rule
cat__age_group_30-39,20965,4942,10.958080702487978,10.476775985245173,False,False,False,False,False,0.000901360753113247,False,False,False,removed_not_selected_by_signal_or_family_rule
cat__age_group_40-49,29045,7211,15.181371524148025,15.286934769243816,False,False,False,False,False,0.0003447060892249383,False,False,False,removed_not_selected_by_signal_or_family_rule
cat__age_group_50-59,38874,9637,20.31883754965503,20.42992516588582,False,False,False,False,False,0.0009004043359468508,False,False,False,removed_not_selected_by_signal_or_family_rule
cat__age_group_60-69,34330,8206,17.943759146978884,17.396281613703334,False,False,False,False,False,0.0006951780463450351,False,False,False,removed_not_selected_by_signal_or_family_rule
cat__age_group_70-79,22767,5614,11.89995818523939,11.901380085221852,False,False,False,False,False,0.0002513232368377631,False,False,False,removed_not_selected_by_signal_or_family_rule
cat__age_group_80+,20724,5476,10.83211373614886,11.60882745754807,False,False,False,False,False,0.0007831180161388908,False,False,False,removed_not_selected_by_signal_or_family_rule
cat__hospital_los_category_0-1 days,43350,10612,22.658373405812252,22.496873078798416,False,False,False,False,False,3.429249026409551e-05,False,False,False,removed_not_selected_by_signal_or_family_rule
cat__hospital_los_category_1-3 days,52019,12824,27.18952540246707,27.18619490788832,False,False,False,False,False,0.0003748440171360608,False,False,False,removed_not_selected_by_signal_or_family_rule
cat__hospital_los_category_3-7 days,55179,13552,28.841208446581643,28.729516016196392,False,False,False,False,False,0.0009908398904008755,False,False,False,removed_not_selected_by_signal_or_family_rule
cat__hospital_los_category_7+ days,40772,10183,21.310892745139036,21.587415997116874,False,False,False,False,False,0.0,False,False,False,removed_not_selected_by_signal_or_family_rule
cat__admission_season_autumn,47838,11886,25.00418147606105,25.197685018337538,False,False,False,False,False,0.0001893104876643951,False,False,False,removed_not_selected_by_signal_or_family_rule
cat__admission_season_spring,48080,11817,25.1306711269078,25.051408704500645,False,False,False,False,False,0.0003678831046753709,False,False,False,removed_not_selected_by_signal_or_family_rule
cat__admission_season_summer,48271,11917,25.230503867865355,25.263403362235273,False,False,False,False,False,0.00037798673259452,False,False,False,removed_not_selected_by_signal_or_family_rule
cat__admission_season_winter,47131,11551,24.634643529165796,24.487502914926544,False,False,False,False,False,0.0005738429735229293,False,False,False,removed_not_selected_by_signal_or_family_rule
cat__discharge_season_autumn,47704,11905,24.93414175203847,25.237964003307116,False,False,True,False,False,0.003428246074788062,True,False,True,kept_rapid_trial_core; kept_high_recent_shap_signal
cat__discharge_season_spring,47994,11836,25.085720259251516,25.091687689470227,False,False,True,False,False,0.0002411433740657445,False,False,True,kept_rapid_trial_core
cat__discharge_season_summer,48442,11930,25.31988291867029,25.29096266774077,False,False,True,False,False,0.0004032325307790767,False,False,True,kept_rapid_trial_core
cat__discharge_season_winter,47180,11500,24.660255070039725,24.379385639481885,False,False,True,False,False,0.001180624744090884,False,False,True,kept_rapid_trial_core
cat__discharge_location_grouped_Facility / rehab / long-term care,30898,7636,16.149905916788626,16.187912064615972,False,False,True,False,False,0.007408977012783856,True,False,True,kept_rapid_trial_core; kept_high_recent_shap_signal
cat__discharge_location_grouped_Home,58034,14459,30.3334727158687,30.65230756184944,False,False,False,False,False,0.0,False,False,False,removed_not_selected_by_signal_or_family_rule
cat__discharge_location_grouped_Home health care,33080,8114,17.29040351243989,17.20124652858748,False,False,True,False,False,0.000930718827184773,False,False,True,kept_rapid_trial_core
cat__discharge_location_grouped_Other,4432,1136,2.316537737821451,2.408259311865341,False,False,True,False,False,0.003658434288886007,True,False,True,kept_rapid_trial_core; kept_high_recent_shap_signal
cat__discharge_location_grouped_Psych facility,2362,571,1.2345808070248798,1.2104894956647092,False,False,True,False,False,0.001488901532224413,False,False,True,kept_rapid_trial_core
cat__discharge_location_grouped_Unknown / not modelled,62514,15255,32.67509931005645,32.33978503741706,False,False,True,False,False,0.009887934558103877,True,False,True,kept_rapid_trial_core; kept_high_recent_shap_signal
cat__admission_location_grouped_Emergency room,90978,22833,47.55279113527075,48.40474020054695,False,False,False,False,False,0.0002485078457663418,False,False,False,removed_not_selected_by_signal_or_family_rule
cat__admission_location_grouped_Internal transfer involving psych,4644,1181,2.427346853439264,2.5036569078459223,False,False,True,False,False,3.654448018943983e-05,False,False,True,kept_rapid_trial_core
cat__admission_location_grouped_Other,19689,4830,10.291135270750575,10.239341968582393,False,False,False,False,False,0.0004802992017222662,False,False,False,removed_not_selected_by_signal_or_family_rule
cat__admission_location_grouped_Physician / clinic referral,51466,12106,26.90048086974702,25.664073265353714,False,False,False,False,False,0.0005651984050619146,False,False,False,removed_not_selected_by_signal_or_family_rule
cat__admission_location_grouped_Transfer from hospital,21278,5443,11.121680953376542,11.538869220495643,False,False,False,False,False,0.0001707524637222585,False,False,False,removed_not_selected_by_signal_or_family_rule
cat__admission_location_grouped_Transfer from skilled nursing facility,3094,736,1.6171858666109136,1.5602806809268406,False,False,False,False,False,0.0,False,False,False,removed_not_selected_by_signal_or_family_rule
cat__admission_location_grouped_Unknown,171,42,0.08937905080493415,0.08903775624854254,False,False,False,False,False,0.0,False,False,False,removed_not_selected_by_signal_or_family_rule
cat__insurance_grouped_Medicaid,48790,11809,25.501777127325948,25.03444913188188,False,False,False,False,False,0.001185558263839824,False,False,False,removed_not_selected_by_signal_or_family_rule
cat__insurance_grouped_Medicare,84938,21195,44.39577670917834,44.932267706853786,False,False,False,False,False,4.237758342816861e-05,False,False,False,removed_not_selected_by_signal_or_family_rule
cat__insurance_grouped_Other / unknown,9529,2243,4.9806606732176455,4.75504017298764,False,False,False,False,False,0.0,False,False,False,removed_not_selected_by_signal_or_family_rule
cat__insurance_grouped_Private,48063,11924,25.121785490278068,25.278242988276695,False,False,True,False,False,0.001320093879484099,False,False,True,kept_rapid_trial_core
cat__psych_diagnosis_burden_category_1 diagnosis,106295,25837,55.558749738657745,54.773059718895084,False,False,True,False,False,0.00599742294918279,True,False,True,kept_rapid_trial_core; kept_high_recent_shap_signal
cat__psych_diagnosis_burden_category_2 diagnoses,48973,12420,25.597428392222454,26.329736490640435,False,False,True,False,False,0.0007202970699031318,False,False,True,kept_rapid_trial_core
cat__psych_diagnosis_burden_category_3-4 diagnoses,29342,7248,15.336608822914489,15.365372792605626,False,False,True,False,False,0.0005045261151036161,False,False,True,kept_rapid_trial_core
cat__psych_diagnosis_burden_category_5+ diagnoses,6710,1666,3.5072130462053104,3.531830997858854,False,False,True,False,False,1.178605998575222e-05,False,False,True,kept_rapid_trial_core
cat__nonpsych_diagnosis_burden_category_0,5956,1525,3.1131089274513903,3.232918530453033,False,False,False,False,False,0.0,False,False,False,removed_not_selected_by_signal_or_family_rule
cat__nonpsych_diagnosis_burden_category_1-5,44320,10884,23.165377378214508,23.073498547836593,False,False,True,False,False,0.0001016794118564571,False,False,True,kept_rapid_trial_core
cat__nonpsych_diagnosis_burden_category_11+,91620,22653,47.88835458916998,48.023149816624624,False,False,True,False,False,0.0001722241235605601,False,False,True,kept_rapid_trial_core
cat__nonpsych_diagnosis_burden_category_6-10,49424,12109,25.83315910516412,25.670433105085753,False,False,True,False,False,0.000413451415047347,False,False,True,kept_rapid_trial_core
cat__total_diagnosis_burden_category_0-5,32573,8040,17.025402467070876,17.044370481863858,False,False,False,False,False,5.084969961899333e-05,False,False,False,removed_not_selected_by_signal_or_family_rule
cat__total_diagnosis_burden_category_11-20,75535,18524,39.48097428392222,39.26989039876195,False,False,False,False,False,0.0007841013006823106,False,False,False,removed_not_selected_by_signal_or_family_rule
cat__total_diagnosis_burden_category_21+,33607,8298,17.56585824796153,17.59131669881919,False,False,False,False,False,6.794249963062526e-05,False,False,False,removed_not_selected_by_signal_or_family_rule
cat__total_diagnosis_burden_category_6-10,49605,12309,25.92776500104537,26.094422420555002,False,False,False,False,False,0.0007890927916989924,False,False,False,removed_not_selected_by_signal_or_family_rule
cat__drg_severity_category_Extreme,21022,5132,10.987873719422955,10.87956583494096,False,False,False,False,False,5.203476012628526e-05,False,False,False,removed_not_selected_by_signal_or_family_rule
cat__drg_severity_category_Major,46459,11434,24.28339954003763,24.23946916537703,False,False,True,False,False,0.002303828864502048,False,False,True,kept_rapid_trial_core
cat__drg_severity_category_Minor,17010,4278,8.890863474806606,9.069131457887261,False,False,True,False,False,0.001870265813044834,False,False,True,kept_rapid_trial_core
cat__drg_severity_category_Moderate,42622,10696,22.277859084256743,22.6749485912955,False,False,False,False,False,0.0002431361421002114,False,False,False,removed_not_selected_by_signal_or_family_rule
cat__drg_severity_category_No DRG record,64207,15631,33.56000418147606,33.136884950499244,False,False,False,False,False,2.175228655687533e-05,False,False,False,removed_not_selected_by_signal_or_family_rule
cat__drg_mortality_category_Extreme,16587,4112,8.669767928078612,8.717220326047784,False,False,False,False,False,0.0002944889459814298,False,False,False,removed_not_selected_by_signal_or_family_rule
cat__drg_mortality_category_Major,31170,7700,16.29207610286431,16.323588645566133,False,False,False,False,False,0.0001577440270921215,False,False,False,removed_not_selected_by_signal_or_family_rule
cat__drg_mortality_category_Minor,43385,10755,22.676667363579345,22.80002543935893,False,False,True,False,False,0.002955831345974189,True,False,True,kept_rapid_trial_core; kept_high_recent_shap_signal
cat__drg_mortality_category_Moderate,35971,8973,18.80148442400167,19.02228063852791,False,False,True,False,False,0.001486097148944731,False,False,True,kept_rapid_trial_core
cat__drg_mortality_category_No DRG record,64207,15631,33.56000418147606,33.136884950499244,False,False,False,False,False,0.0,False,False,False,removed_not_selected_by_signal_or_family_rule
cat__service_transfer_category_0 transfers,177771,43869,92.91814760610495,92.99993640160268,False,False,False,False,False,0.0,False,False,False,removed_not_selected_by_signal_or_family_rule
cat__service_transfer_category_1 transfer,10998,2648,5.74848421492787,5.613618536812872,False,False,True,False,False,0.001850030892395051,False,False,True,kept_rapid_trial_core
cat__service_transfer_category_2+ transfers,2551,654,1.3333681789671754,1.3864450615844481,False,False,False,False,False,0.0,False,False,False,removed_not_selected_by_signal_or_family_rule
cat__physical_transfer_category_0-2 transfer events,18344,4305,9.58812460798662,9.12637001547561,False,False,False,False,False,0.0001148883943070661,False,False,False,removed_not_selected_by_signal_or_family_rule
cat__physical_transfer_category_3-4 transfer events,133446,32863,69.75015680535229,69.66780437132984,False,False,False,False,False,0.0005324574434964076,False,False,False,removed_not_selected_by_signal_or_family_rule
cat__physical_transfer_category_5+ transfer events,39530,10003,20.66171858666109,21.20582561319455,False,False,False,False,False,0.0,False,False,False,removed_not_selected_by_signal_or_family_rule
cat__procedure_burden_category_0 procedures,103865,25467,54.28862638511394,53.98867948527697,False,False,False,False,False,3.926836168281506e-05,False,False,False,removed_not_selected_by_signal_or_family_rule
cat__procedure_burden_category_1-2 procedures,50393,12573,26.33964039305875,26.654088316974413,False,False,False,False,False,0.0005303762063445063,False,False,False,removed_not_selected_by_signal_or_family_rule
cat__procedure_burden_category_3+ procedures,37062,9131,19.371733221827306,19.357232197748615,False,False,False,False,False,3.68659094942489e-05,False,False,False,removed_not_selected_by_signal_or_family_rule
cat__psych_medication_burden_category_0 classes,63956,15783,33.42881037006063,33.45911683025588,False,False,False,False,False,0.0,False,False,False,removed_not_selected_by_signal_or_family_rule
cat__psych_medication_burden_category_1 class,51751,12634,27.049445954421913,26.783405058192532,False,False,True,False,False,0.0005303812386082114,False,False,True,kept_rapid_trial_core
cat__psych_medication_burden_category_2 classes,44831,11151,23.43246916161405,23.63952428398804,False,False,True,False,False,0.000348060307599537,False,False,True,kept_rapid_trial_core
cat__psych_medication_burden_category_3+ classes,30782,7603,16.08927451390341,16.117953827563547,False,False,True,False,False,0.0002129862854735165,False,False,True,kept_rapid_trial_core
cat__icu_utilisation_category_Multiple ICU stays,3161,826,1.6522057286222036,1.7510758728880031,False,False,False,False,False,7.471757271559909e-05,False,False,False,removed_not_selected_by_signal_or_family_rule
cat__icu_utilisation_category_No ICU,158904,39101,83.05665900062722,82.89203112081576,False,False,False,False,False,0.0,False,False,False,removed_not_selected_by_signal_or_family_rule
cat__icu_utilisation_category_Single ICU stay,29255,7244,15.291135270750575,15.356893006296241,False,False,False,False,False,0.0007648783234951322,False,False,False,removed_not_selected_by_signal_or_family_rule
cat__physiological_instability_category_0 indicators,158989,39122,83.10108718377587,82.93654999894002,False,False,False,False,False,0.0,False,False,False,removed_not_selected_by_signal_or_family_rule
cat__physiological_instability_category_1 indicator,1304,354,0.6815805979510767,0.7504610883805728,False,False,False,False,False,0.0,False,False,False,removed_not_selected_by_signal_or_family_rule
cat__physiological_instability_category_2 indicators,5549,1391,2.9003763328454943,2.948845689088635,False,False,False,False,False,0.0003499337763229475,False,False,False,removed_not_selected_by_signal_or_family_rule
cat__physiological_instability_category_3+ indicators,25478,6304,13.316955885427555,13.364143223590766,False,False,False,False,False,0.0,False,False,False,removed_not_selected_by_signal_or_family_rule
