processed_feature_name,train_nonzero_count,test_nonzero_count,train_nonzero_percent,test_nonzero_percent,all_zero_train,all_zero_test,very_rare_train,rare_train,timing_or_leakage_flags,has_timing_or_leakage_flag,feature_family,random_forest_importance,random_forest_importance_normalised,regularised_random_forest_importance,regularised_random_forest_importance_normalised,xgboost_importance,xgboost_importance_normalised,targeted_xgboost_importance,targeted_xgboost_importance_normalised,catboost_importance,catboost_importance_normalised,targeted_catboost_importance,targeted_catboost_importance_normalised,lightgbm_importance,lightgbm_importance_normalised,targeted_lightgbm_importance,targeted_lightgbm_importance_normalised,available_model_signal_count,mean_available_model_signal,removal_review_reason,review_for_removal
num__sodium_lab_severe_abnormal,0,0,0.0,0.0,True,True,True,True,,False,laboratory_features,,,,,,,,,,,,,,,,,0,,all_zero_in_training; very_rare_and_low_recorded_model_signal,True
num__num_discharge_planning_orders,0,0,0.0,0.0,True,True,True,True,,False,num_discharge_planning_orders,,,,,,,,,,,,,,,,,0,,all_zero_in_training; very_rare_and_low_recorded_model_signal,True
num__had_suicide_precaution_order,0,0,0.0,0.0,True,True,True,True,,False,had_suicide_precaution_order,,,,,,,,,,,,,,,,,0,,all_zero_in_training; very_rare_and_low_recorded_model_signal,True
num__had_elopement_precaution_order,0,0,0.0,0.0,True,True,True,True,,False,safety_observation_features,,,,,,,,,,,,,,,,,0,,all_zero_in_training; very_rare_and_low_recorded_model_signal,True
num__had_restraint_order,0,0,0.0,0.0,True,True,True,True,,False,had_restraint_order,,,,,,,,,,,,,,,,,0,,all_zero_in_training; very_rare_and_low_recorded_model_signal,True
num__first_discharge_planning_order_hours,0,0,0.0,0.0,True,True,True,True,,False,first_discharge_planning_order_hours,,,,,,,,,,,,,,,,,0,,all_zero_in_training; very_rare_and_low_recorded_model_signal,True
num__last_discharge_planning_order_hours,0,0,0.0,0.0,True,True,True,True,,False,last_discharge_planning_order_hours,,,,,,,,,,,,,,,,,0,,all_zero_in_training; very_rare_and_low_recorded_model_signal,True
num__discharge_planning_first_72h_flag,0,0,0.0,0.0,True,True,True,True,,False,discharge_planning_first_72h_flag,,,,,,,,,,,,,,,,,0,,all_zero_in_training; very_rare_and_low_recorded_model_signal,True
num__had_psych_followup_order,0,0,0.0,0.0,True,True,True,True,,False,psychiatric_features,,,,,,,,,,,,,,,,,0,,all_zero_in_training; very_rare_and_low_recorded_model_signal,True
num__had_sitter_order,0,0,0.0,0.0,True,True,True,True,,False,safety_observation_features,,,,,,,,,,,,,,,,,0,,all_zero_in_training; very_rare_and_low_recorded_model_signal,True
num__had_behavioral_observation_order,0,0,0.0,0.0,True,True,True,True,,False,had_behavioral_observation_order,,,,,,,,,,,,,,,,,0,,all_zero_in_training; very_rare_and_low_recorded_model_signal,True
num__had_ciWA_protocol_order,0,0,0.0,0.0,True,True,True,True,,False,had_ciWA_protocol_order,,,,,,,,,,,,,,,,,0,,all_zero_in_training; very_rare_and_low_recorded_model_signal,True
num__had_alcohol_withdrawal_protocol_order,0,0,0.0,0.0,True,True,True,True,,False,had_alcohol_withdrawal_protocol_order,,,,,,,,,,,,,,,,,0,,all_zero_in_training; very_rare_and_low_recorded_model_signal,True
num__placement_related_order_flag,0,0,0.0,0.0,True,True,True,True,,False,ed_timing_features,,,,,,,,,,,,,,,,,0,,all_zero_in_training; very_rare_and_low_recorded_model_signal,True
num__placement_related_orders_last_48h,0,0,0.0,0.0,True,True,True,True,,False,ed_timing_features,,,,,,,,,,,,,,,,,0,,all_zero_in_training; very_rare_and_low_recorded_model_signal,True
num__awaiting_bed_or_placement_flag,0,0,0.0,0.0,True,True,True,True,,False,ed_timing_features,,,,,,,,,,,,,,,,,0,,all_zero_in_training; very_rare_and_low_recorded_model_signal,True
num__delayed_discharge_planning_flag,0,0,0.0,0.0,True,True,True,True,,False,ed_timing_features,,,,,,,,,,,,,,,,,0,,all_zero_in_training; very_rare_and_low_recorded_model_signal,True
num__transport_delay_order_flag,0,0,0.0,0.0,True,True,True,True,,False,transport_delay_order_flag,,,,,,,,,,,,,,,,,0,,all_zero_in_training; very_rare_and_low_recorded_model_signal,True
num__social_barrier_order_flag,0,0,0.0,0.0,True,True,True,True,,False,social_barrier_order_flag,,,,,,,,,,,,,,,,,0,,all_zero_in_training; very_rare_and_low_recorded_model_signal,True
num__discharge_medication_order_flag,0,0,0.0,0.0,True,True,True,True,,False,medication_features,,,,,,,,,,,,,,,,,0,,all_zero_in_training; very_rare_and_low_recorded_model_signal,True
num__meds_to_beds_order_flag,0,0,0.0,0.0,True,True,True,True,,False,medication_features,,,,,,,,,,,,,,,,,0,,all_zero_in_training; very_rare_and_low_recorded_model_signal,True
num__had_specific_psych_followup_order,0,0,0.0,0.0,True,True,True,True,,False,psychiatric_features,,,,,,,,,,,,,,,,,0,,all_zero_in_training; very_rare_and_low_recorded_model_signal,True
num__had_outpatient_psychiatry_appointment_order,0,0,0.0,0.0,True,True,True,True,,False,psychiatric_features,,,,,,,,,,,,,,,,,0,,all_zero_in_training; very_rare_and_low_recorded_model_signal,True
num__had_primary_care_followup_order,0,0,0.0,0.0,True,True,True,True,,False,had_primary_care_followup_order,,,,,,,,,,,,,,,,,0,,all_zero_in_training; very_rare_and_low_recorded_model_signal,True
num__had_home_health_or_vna_order,0,0,0.0,0.0,True,True,True,True,,False,had_home_health_or_vna_order,,,,,,,,,,,,,,,,,0,,all_zero_in_training; very_rare_and_low_recorded_model_signal,True
num__had_social_work_discharge_plan_order,0,0,0.0,0.0,True,True,True,True,,False,had_social_work_discharge_plan_order,,,,,,,,,,,,,,,,,0,,all_zero_in_training; very_rare_and_low_recorded_model_signal,True
num__had_snf_or_rehab_placement_order,0,0,0.0,0.0,True,True,True,True,,False,had_snf_or_rehab_placement_order,,,,,,,,,,,,,,,,,0,,all_zero_in_training; very_rare_and_low_recorded_model_signal,True
num__had_transport_arranged_order,0,0,0.0,0.0,True,True,True,True,,False,ed_timing_features,,,,,,,,,,,,,,,,,0,,all_zero_in_training; very_rare_and_low_recorded_model_signal,True
num__num_intramuscular_pharmacy_orders,0,0,0.0,0.0,True,True,True,True,,False,pharmacy_complexity_features,,,,,,,,,,,,,,,,,0,,all_zero_in_training; very_rare_and_low_recorded_model_signal,True
num__num_subcutaneous_pharmacy_orders,0,0,0.0,0.0,True,True,True,True,,False,pharmacy_complexity_features,,,,,,,,,,,,,,,,,0,,all_zero_in_training; very_rare_and_low_recorded_model_signal,True
num__abnormal_microbiology_interpretation,0,0,0.0,0.0,True,True,True,True,,False,infection_microbiology_features,,,,,,,,,,,,,,,,,0,,all_zero_in_training; very_rare_and_low_recorded_model_signal,True
num__had_restraint_related_procedure,0,0,0.0,0.0,True,True,True,True,,False,procedure_features,,,,,,,,,,,,,,,,,0,,all_zero_in_training; very_rare_and_low_recorded_model_signal,True
num__emar_refused_event_count,0,0,0.0,0.0,True,True,True,True,,False,emar_process_features,,,,,,,,,,,,,,,,,0,,all_zero_in_training; very_rare_and_low_recorded_model_signal,True
num__emar_psychotropic_refused_count,0,0,0.0,0.0,True,True,True,True,,False,emar_process_features,,,,,,,,,,,,,,,,,0,,all_zero_in_training; very_rare_and_low_recorded_model_signal,True
num__dose_due_to_given_gap_count,0,0,0.0,0.0,True,True,True,True,,False,emar_process_features,,,,,,,,,,,,,,,,,0,,all_zero_in_training; very_rare_and_low_recorded_model_signal,True
num__emar_refusal_rate,0,0,0.0,0.0,True,True,True,True,,False,emar_process_features,,,,,,,,,,,,,,,,,0,,all_zero_in_training; very_rare_and_low_recorded_model_signal,True
num__emar_psychotropic_refusal_rate,0,0,0.0,0.0,True,True,True,True,,False,emar_process_features,,,,,,,,,,,,,,,,,0,,all_zero_in_training; very_rare_and_low_recorded_model_signal,True
num__discharge_planning_order_proportion,0,0,0.0,0.0,True,True,True,True,,False,healthcare_intensity_features,,,,,,,,,,,,,,,,,0,,all_zero_in_training; very_rare_and_low_recorded_model_signal,True
num__discharge_planning_order_density_per_day,0,0,0.0,0.0,True,True,True,True,,False,discharge_planning_order_density_per_day,,,,,,,,,,,,,,,,,0,,all_zero_in_training; very_rare_and_low_recorded_model_signal,True
num__discharge_planning_and_psych_followup_flag,0,0,0.0,0.0,True,True,True,True,,False,psychiatric_features,,,,,,,,,,,,,,,,,0,,all_zero_in_training; very_rare_and_low_recorded_model_signal,True
num__previous_ed_visits_without_admission_30d,0,0,0.0,0.0,True,True,True,True,,False,utilisation_trajectory_features,,,,,,,,,,,,,,,,,0,,all_zero_in_training; very_rare_and_low_recorded_model_signal,True
num__previous_ed_visits_without_admission_90d,0,0,0.0,0.0,True,True,True,True,,False,utilisation_trajectory_features,,,,,,,,,,,,,,,,,0,,all_zero_in_training; very_rare_and_low_recorded_model_signal,True
num__prior_ed_only_high_use_flag,0,0,0.0,0.0,True,True,True,True,,False,ed_timing_features,,,,,,,,,,,,,,,,,0,,all_zero_in_training; very_rare_and_low_recorded_model_signal,True
num__late_transport_or_placement_activity_flag,0,0,0.0,0.0,True,True,True,True,,False,late_transport_or_placement_activity_flag,,,,,,,,,,,,,,,,,0,,all_zero_in_training; very_rare_and_low_recorded_model_signal,True
num__prior_ed_only_use_with_current_self_harm_flag,0,0,0.0,0.0,True,True,True,True,,False,psychiatric_features,,,,,,,,,,,,,,,,,0,,all_zero_in_training; very_rare_and_low_recorded_model_signal,True
num__prior_ed_only_use_with_current_smi_flag,0,0,0.0,0.0,True,True,True,True,,False,ed_timing_features,,,,,,,,,,,,,,,,,0,,all_zero_in_training; very_rare_and_low_recorded_model_signal,True
num__prior_ed_only_use_with_current_psychosis_flag,0,0,0.0,0.0,True,True,True,True,,False,psychiatric_features,,,,,,,,,,,,,,,,,0,,all_zero_in_training; very_rare_and_low_recorded_model_signal,True
num__prior_ed_only_use_with_substance_use_flag,0,0,0.0,0.0,True,True,True,True,,False,psychiatric_features,,,,,,,,,,,,,,,,,0,,all_zero_in_training; very_rare_and_low_recorded_model_signal,True
num__ed_heavy_low_inpatient_psych_history_flag,0,0,0.0,0.0,True,True,True,True,,False,discharge_continuity_and_mixed_risk_features,,,,,,,,,,,,,,,,,0,,all_zero_in_training; very_rare_and_low_recorded_model_signal,True
num__ed_heavy_home_discharge_no_followup_flag,0,0,0.0,0.0,True,True,True,True,,False,discharge_continuity_and_mixed_risk_features,,,,,,,,,,,,,,,,,0,,all_zero_in_training; very_rare_and_low_recorded_model_signal,True
cat__last_careunit_before_discharge_UNKNOWN,191317,47170,99.99843194647711,99.99788005342265,False,False,False,False,full_record_not_early_prediction,True,icu_care_features,0.0,0.0,0.0,0.0,0.0,0.0,0.0,0.0,7.299577303692007e-05,1.440127672033595e-05,0.0,0.0,0.0,0.0,0.0,0.0,8,1.8001595900419937e-06,full_record_only_not_for_early_prediction,True
num__self_harm_and_late_safety_order_flag,191320,47171,100.0,100.0,False,False,False,False,full_record_not_early_prediction,True,safety_observation_features,5.199762081073195e-07,2.7634709382472838e-05,3.3341526001855117e-20,1.1664143595524228e-18,0.0,0.0,0.0,0.0,0.0,0.0,0.0,0.0,0.0,0.0,0.0,0.0,8,3.4543386728092504e-06,full_record_only_not_for_early_prediction,True
num__late_safety_order_flag,191320,47171,100.0,100.0,False,False,False,False,full_record_not_early_prediction,True,safety_observation_features,1.9708506085415537e-05,0.001047430304581832,1.997541810784074e-05,0.0006988166803688751,0.0,0.0,0.0,0.0,0.0,0.0,0.0,0.0,0.0,0.0,0.0,0.0,8,0.00021828087311883838,full_record_only_not_for_early_prediction,True
num__late_care_team_activity_flag,191320,47171,100.0,100.0,False,False,False,False,full_record_not_early_prediction,True,late_care_team_activity_flag,3.102680251404973e-05,0.0016489536582146409,3.1759976970892944e-05,0.0011110857132286805,0.0,0.0,0.0,0.0,0.0,0.0,0.0,0.0,0.0,0.0,0.0,0.0,8,0.00034500492143041514,full_record_only_not_for_early_prediction,True
num__self_harm_with_late_safety_order_flag,191320,47171,100.0,100.0,False,False,False,False,full_record_not_early_prediction,True,psychiatric_acuity_specificity_features,3.1090241752626776e-05,0.0016523252065550993,1.8836553374442932e-05,0.0006589748273430378,9.583906e-05,0.0008707151563341514,0.0,0.0,0.0,0.0,0.0,0.0,0.0,0.0,0.0,0.0,8,0.00039775189877903607,full_record_only_not_for_early_prediction,True
num__tachycardia_last_24h_before_discharge_flag,191320,47171,100.0,100.0,False,False,False,False,full_record_not_early_prediction,True,discharge_readiness_trajectory_features,2.6110391017315543e-06,0.0001387665543876809,1.67712307396909e-06,5.8672192631657075e-05,0.00033287198,0.0030242020122584518,0.0,0.0,0.0,0.0,0.0,0.0,0.0,0.0,0.0,0.0,8,0.00040270509490972374,full_record_only_not_for_early_prediction,True
num__psychosis_with_late_safety_order_flag,191320,47171,100.0,100.0,False,False,False,False,full_record_not_early_prediction,True,psychiatric_acuity_specificity_features,1.981069533012643e-05,0.0010528612647595658,1.3962378127526458e-05,0.0004884574971325962,4.7024503e-05,0.0004272260963450682,0.00022854535,0.0012304963968146536,0.0029549831401044,0.0005829862214493821,0.0,0.0,1.0,0.0009337068160597573,0.0,0.0,8,0.0005894667865701279,full_record_only_not_for_early_prediction,True
num__new_orders_last_24h_before_discharge_flag,191320,47171,100.0,100.0,False,False,False,False,full_record_not_early_prediction,True,discharge_readiness_trajectory_features,1.2454666140088616e-05,0.0006619169759514016,1.6282198844825287e-05,0.0005696137164398349,0.00015494972,0.001407746170233024,5.866773e-05,0.00031586917158583607,0.0,0.0,0.0219045507499582,0.0032810783543050443,0.0,0.0,0.0,0.0,8,0.0007795280485643926,full_record_only_not_for_early_prediction,True
num__spo2_low_last_24h_before_discharge_flag,191320,47171,100.0,100.0,False,False,False,False,full_record_not_early_prediction,True,discharge_readiness_trajectory_features,9.200035306989196e-06,0.0004889460287857291,7.81434720190001e-06,0.00027337581328213117,0.00035072825,0.003186429447759122,0.00034874078,0.0018776329214850874,0.0,0.0,0.0,0.0,0.0,0.0,1.0,0.000966183574879227,8,0.0008490709732739121,full_record_only_not_for_early_prediction,True
num__hypotension_last_24h_before_discharge_flag,191320,47171,100.0,100.0,False,False,False,False,full_record_not_early_prediction,True,discharge_readiness_trajectory_features,5.389988759235667e-06,0.000286456900554055,3.218073343528669e-06,0.00011258053868847714,0.0006572034,0.005970811495587872,0.0,0.0,0.0,0.0,0.0,0.0,0.0,0.0,1.0,0.000966183574879227,8,0.0009170040637137039,full_record_only_not_for_early_prediction,True
num__late_safety_orders_and_self_harm_flag,191320,47171,100.0,100.0,False,False,False,False,full_record_not_early_prediction,True,safety_observation_features,3.104003236375118e-05,0.001649656773176389,3.060229890812718e-05,0.0010705856978402521,9.146889e-05,0.0008310113731923215,0.0002568916,0.0013831136278727669,0.0,0.0,0.0,0.0,2.0,0.0018674136321195146,2.0,0.001932367149758454,8,0.0010917685317449622,full_record_only_not_for_early_prediction,True
num__vital_instability_near_discharge_score,191320,47171,100.0,100.0,False,False,False,False,full_record_not_early_prediction,True,discharge_readiness_trajectory_features,4.041444852684854e-05,0.0021478704649922336,4.428216174516718e-05,0.0015491597273835666,0.00030545946,0.0027751543208754917,0.00016277336,0.0008763776334868089,0.0,0.0,0.0,0.0,2.0,0.0018674136321195146,1.0,0.000966183574879227,8,0.0012727699192171052,full_record_only_not_for_early_prediction,True
num__safety_orders_last_6h_before_discharge,191320,47171,100.0,100.0,False,False,False,False,full_record_not_early_prediction,True,discharge_readiness_trajectory_features,8.233392191233582e-05,0.00437572713691741,6.996572251334158e-05,0.0024476691142295386,0.00023946408,0.002175574383279779,0.00032696617,0.0017603976369035181,0.0,0.0,0.0,0.0,0.0,0.0,1.0,0.000966183574879227,8,0.001465693980776184,full_record_only_not_for_early_prediction,True
num__spo2_vital_max_value,191320,47171,100.0,100.0,False,False,False,False,full_record_not_early_prediction,True,vital_sign_features,2.874755735574868e-05,0.0015278206590908466,1.5385603577403612e-05,0.0005382473778214647,0.00030892045,0.0028065980396360986,0.00033272037,0.001791378456975118,0.0,0.0,0.0053431046204082,0.0008003425915887396,2.0,0.0018674136321195146,3.0,0.002898550724637681,8,0.0015287939352336831,full_record_only_not_for_early_prediction,True
num__new_safety_order_last_12h_before_discharge_flag,191320,47171,100.0,100.0,False,False,False,False,full_record_not_early_prediction,True,discharge_readiness_trajectory_features,6.523904042724898e-05,0.003467200795899346,8.440965635902033e-05,0.0029529732759253032,0.0,0.0,0.0,0.0,0.0192723099760893,0.0038022183677043184,0.0219609115805059,0.0032895206320422885,0.0,0.0,0.0,0.0,8,0.001688989133946407,full_record_only_not_for_early_prediction,True
num__psychotropic_started_after_72h_flag,191320,47171,100.0,100.0,False,False,False,False,full_record_not_early_prediction,True,psychiatric_features,8.315005525712982e-05,0.004419101444143546,5.594932219753658e-05,0.001957321713913176,0.00036057032,0.0032758464299238225,0.00039538764,0.00212878129598808,0.0,0.0,0.0,0.0,0.0,0.0,2.0,0.001932367149758454,8,0.0017141772542158848,full_record_only_not_for_early_prediction,True
num__previous_admission_had_late_orders,191320,47171,100.0,100.0,False,False,False,False,full_record_not_early_prediction,True,discharge_readiness_trajectory_features,8.893696098382338e-05,0.004726652934937789,0.0001158749229248,0.004053748889717788,5.9470643e-05,0.0005403015244206016,0.00019237999,0.0010357807958649742,0.0248085462252207,0.0048944579165966975,0.0125185713972992,0.0018751543506811722,0.0,0.0,0.0,0.0,8,0.002140762051527378,full_record_only_not_for_early_prediction,True
num__abnormal_labs_last_12h_before_discharge,191320,47171,100.0,100.0,False,False,False,False,full_record_not_early_prediction,True,discharge_readiness_trajectory_features,0.0001255575703397,0.006672895630622524,0.0001214406471825,0.004248459254658173,0.000111690984,0.0010147327466971735,0.00012244558,0.0006592514133229156,0.03857707167402,0.007610839109229007,0.0,0.0,0.0,0.0,0.0,0.0,8,0.002525772269316224,full_record_only_not_for_early_prediction,True
num__safety_orders_after_72h,191320,47171,100.0,100.0,False,False,False,False,full_record_not_early_prediction,True,safety_observation_features,8.499269653168385e-05,0.004517030648065776,4.061041002291788e-05,0.001420707780303981,0.00025889772,0.0023521325099010297,0.00012337485,0.0006642546364760795,0.017119249925571,0.003377442900673758,0.0075281071237008,0.0011276336873748225,4.0,0.003734827264239029,4.0,0.003864734299516908,8,0.002632345465818923,full_record_only_not_for_early_prediction,True
num__high_care_team_touchpoints_near_discharge_flag,191320,47171,100.0,100.0,False,False,False,False,full_record_not_early_prediction,True,discharge_readiness_trajectory_features,0.0001490744779639,0.007922727637619075,0.0001014450788947,0.0035489376437695987,0.00016517632,0.0015006566768444914,0.00034043696,0.0018329248554938193,0.0080942952549489,0.0015969169305688844,0.0252406819729863,0.0037807967949135372,1.0,0.0009337068160597573,0.0,0.0,8,0.0026395834194086454,full_record_only_not_for_early_prediction,True
num__safety_orders_last_12h_before_discharge,191320,47171,100.0,100.0,False,False,False,False,full_record_not_early_prediction,True,discharge_readiness_trajectory_features,0.0001348613755315,0.007167356624448361,0.0001615460790859,0.005651500965033841,0.00032684932,0.002969485059239011,0.00023317616,0.001255428844660708,0.016212095062248,0.0031984710551628483,0.0106940188963015,0.0016018549899386057,0.0,0.0,0.0,0.0,8,0.002730512192310422,full_record_only_not_for_early_prediction,True
num__followup_order_last_24h_before_discharge,191320,47171,100.0,100.0,False,False,False,False,full_record_not_early_prediction,True,discharge_readiness_trajectory_features,0.0001140630655571,0.00606200748956928,6.802682008203145e-05,0.0023798388764196252,0.00027108451,0.0024628516964212382,0.00027401646,0.001475314490966045,0.0,0.0,0.0067213330634206,0.001006787159353461,4.0,0.003734827264239029,6.0,0.005797101449275362,8,0.002864841053280505,full_record_only_not_for_early_prediction,True
num__previous_admission_had_late_safety_orders,191320,47171,100.0,100.0,False,False,False,False,full_record_not_early_prediction,True,prior_instability_features,7.322799546875034e-05,0.0038917826275280064,5.879598266921565e-05,0.0020569088069200166,0.0001949773,0.0017714039583767909,0.00013775138,0.0007416583918519722,0.0,0.0,0.0,0.0,11.0,0.01027077497665733,9.0,0.008695652173913044,8,0.003428522616905895,full_record_only_not_for_early_prediction,True
num__mean_bp_arterial_vital_mean_value,191320,47171,100.0,100.0,False,False,False,False,full_record_not_early_prediction,True,vital_sign_features,0.0001002433949947,0.005327545847288492,8.34751833803429e-05,0.0029202818298024588,0.00024137663,0.00219295024519085,0.00022278138,0.001199462974711129,0.0,0.0,0.0039752794068022,0.0005954563215133816,7.0,0.006535947712418301,9.0,0.008695652173913044,8,0.003433412138104707,full_record_only_not_for_early_prediction,True
num__lab_activity_near_discharge_flag,191320,47171,100.0,100.0,False,False,False,False,full_record_not_early_prediction,True,discharge_readiness_trajectory_features,9.878024086124702e-05,0.005249784906250605,0.0001013816971009,0.003546720305714394,0.00059689826,0.0054229284153192135,0.00028626344,0.0015412526724335794,0.0089207845759121,0.0017599743368049074,0.0615227654724378,0.00921548295570438,0.0,0.0,1.0,0.000966183574879227,8,0.0034627908958882883,full_record_only_not_for_early_prediction,True
num__high_order_activity_and_late_last_order,191320,47171,100.0,100.0,False,False,False,False,full_record_not_early_prediction,True,high_order_activity_and_late_last_order,3.184329749600443e-05,0.001692347185046754,2.3758481237744277e-05,0.0008311627270845323,0.00031508398,0.0028625948220285828,0.0,0.0,0.0,0.0,0.1492534470530722,0.022356644517449585,0.0,0.0,0.0,0.0,8,0.0034678436564511816,full_record_only_not_for_early_prediction,True
num__systolic_bp_arterial_vital_max_value,191320,47171,100.0,100.0,False,False,False,False,full_record_not_early_prediction,True,vital_sign_features,9.608188380908248e-05,0.0051063777430303174,8.098679172893114e-05,0.0028332283531788765,0.00023223332,0.0021098816237325266,0.00016594955,0.000893478354856107,0.0018544950039487,0.00036587181171213466,0.0,0.0,12.0,0.011204481792717087,8.0,0.007729468599033816,8,0.003780348534782608,full_record_only_not_for_early_prediction,True
num__systolic_bp_arterial_vital_min_value,191320,47171,100.0,100.0,False,False,False,False,full_record_not_early_prediction,True,vital_sign_features,9.925512841763109e-05,0.005275023329481151,7.232463768854572e-05,0.0025301930075021842,0.00028984828,0.0026333239331999387,0.00019820413,0.0010671381754158776,0.0055891354137883,0.0011026759820830145,0.0,0.0,11.0,0.01027077497665733,10.0,0.00966183574879227,8,0.00406762064414147,full_record_only_not_for_early_prediction,True
num__systolic_bp_arterial_vital_last_value,191320,47171,100.0,100.0,False,False,False,False,full_record_not_early_prediction,True,vital_sign_features,9.344179499157125e-05,0.004966067309440669,8.653950878766074e-05,0.003027483676449729,0.0003126566,0.0028405416366552873,0.00022269957,0.001199022506724257,0.0247388455587347,0.004880706728769026,0.0006083152043388,9.1119414971544e-05,12.0,0.011204481792717087,8.0,0.007729468599033816,8,0.004492361458095177,full_record_only_not_for_early_prediction,True
num__careunit_change_last_24h_before_discharge_flag,191320,47171,100.0,100.0,False,False,False,False,full_record_not_early_prediction,True,care_team_complexity_features,0.0001239619860307,0.006588096541766236,9.360668306175348e-05,0.003274720517208085,0.00036539897,0.0033197155866082984,0.0001755054,0.0009449273954666524,0.0154178400944525,0.003041773138258273,0.011446300739962,0.001714539139535961,12.0,0.011204481792717087,7.0,0.00676328502415459,8,0.004606442391964398,full_record_only_not_for_early_prediction,True
num__systolic_bp_arterial_vital_value_change,191320,47171,100.0,100.0,False,False,False,False,full_record_not_early_prediction,True,vital_sign_features,0.0001081022495945,0.005745213347374879,7.13230129470923e-05,0.0024951523353611057,0.00040828952,0.0037093839738870107,0.00013022064,0.0007011126164277599,0.0244981181237882,0.004833213808828473,0.0157968965850273,0.0023662140366164435,7.0,0.006535947712418301,11.0,0.010628019323671498,8,0.004626782144323184,full_record_only_not_for_early_prediction,True
num__service_change_last_24h_before_discharge_flag,191320,47171,100.0,100.0,False,False,False,False,full_record_not_early_prediction,True,care_team_complexity_features,6.741293645531974e-05,0.0035827348992424905,4.862619828798329e-05,0.0017011307739901091,0.00024685895,0.0022427581117942363,0.00025886844,0.00139375700564037,0.0096318441349193,0.001900258699143579,0.0,0.0,15.0,0.014005602240896359,13.0,0.012560386473429951,8,0.004673328525517137,full_record_only_not_for_early_prediction,True
num__mean_bp_arterial_vital_value_change,191320,47171,100.0,100.0,False,False,False,False,full_record_not_early_prediction,True,vital_sign_features,0.0001117450649457,0.00593881478912324,7.842031979040868e-05,0.0027434433288727193,0.00036077923,0.0032777444149761567,0.00020967216,0.0011288824620249132,0.0005370342721907,0.00010595105497698843,0.0060603412584837,0.0009077773267251602,13.0,0.012138188608776844,13.0,0.012560386473429951,8,0.004850148557363246,full_record_only_not_for_early_prediction,True
num__num_outputevents_last_24h_before_discharge,191320,47171,100.0,100.0,False,False,False,False,full_record_not_early_prediction,True,discharge_readiness_trajectory_features,0.0001754931655789,0.009326777944390375,0.0001897932182868,0.006639694150263956,0.00071373396,0.006484401835351818,0.0005463814,0.002941737138762814,0.0054970821650481,0.0010845148714740069,0.0064634607653918,0.000968160518483467,7.0,0.006535947712418301,8.0,0.007729468599033816,8,0.0052138378462723185,full_record_only_not_for_early_prediction,True
num__systolic_bp_arterial_vital_mean_value,191320,47171,100.0,100.0,False,False,False,False,full_record_not_early_prediction,True,vital_sign_features,0.0001197023425046,0.0063617130859824084,8.819785297479031e-05,0.0030854989116504395,0.00035279925,0.003205244856515928,0.00014781987,0.000795867504688284,0.0263861965273614,0.005205711262150807,0.0,0.0,13.0,0.012138188608776844,14.0,0.01352657004830918,8,0.0055398492847592365,full_record_only_not_for_early_prediction,True
num__mean_bp_arterial_vital_min_value,191320,47171,100.0,100.0,False,False,False,False,full_record_not_early_prediction,True,vital_sign_features,9.037597612912866e-05,0.004803130982812782,7.741435498192878e-05,0.0027082508245539288,0.00037213188,0.003380885289057736,0.00015844894,0.0008530948004372053,0.0153281364098217,0.003024075571242324,0.0,0.0,13.0,0.012138188608776844,20.0,0.01932367149758454,8,0.00577891219680817,full_record_only_not_for_early_prediction,True
num__mean_bp_arterial_vital_max_value,191320,47171,100.0,100.0,False,False,False,False,full_record_not_early_prediction,True,vital_sign_features,9.060382111564576e-05,0.004815240056052059,8.592036907997412e-05,0.0030058237966477494,0.00034730416,0.0031553209721579194,0.00019468142,0.001048171777884609,0.0257363907825308,0.005077511615014576,0.0021808626930674,0.00032667099442559925,27.0,0.025210084033613446,23.0,0.022222222222222223,8,0.008107630683502271,full_record_only_not_for_early_prediction,True
num__spo2_vital_min_value,191320,47171,100.0,100.0,False,False,False,False,full_record_not_early_prediction,True,vital_sign_features,0.0002534319824958,0.013468922376252064,0.0002207717532194,0.0077234420261491354,0.00030918096,0.00280896482000077,0.00019619332,0.0010563119019446436,0.0057796738670209,0.0011402671586225055,0.0,0.0,29.0,0.02707749766573296,16.0,0.015458937198067632,8,0.008591792893346214,full_record_only_not_for_early_prediction,True
num__respiratory_rate_vital_min_value,191320,47171,100.0,100.0,False,False,False,False,full_record_not_early_prediction,True,vital_sign_features,0.0001788345397007,0.009504358959356737,0.0001377119575562,0.0048176920506484335,0.00032979692,0.0029962645371972726,9.9147765e-05,0.000533815138154095,0.0307802443981294,0.006072609394421109,0.0,0.0,25.0,0.02334267040149393,26.0,0.025120772946859903,8,0.009048522928516435,full_record_only_not_for_early_prediction,True
num__psychotropic_orders_last_24h_before_discharge,191320,47171,100.0,100.0,False,False,False,False,full_record_not_early_prediction,True,discharge_readiness_trajectory_features,0.0001948545716454,0.010355761235436153,0.0001288853451949,0.004508903322626495,0.0002454347,0.0022298185435074757,0.00022071232,0.001188323081141676,0.0078749001529641,0.0015536326492561656,0.004583190542332,0.0006865152110973933,30.0,0.028011204481792718,25.0,0.024154589371980676,8,0.009086093487104844,full_record_only_not_for_early_prediction,True
num__respiratory_rate_vital_max_value,191320,47171,100.0,100.0,False,False,False,False,full_record_not_early_prediction,True,vital_sign_features,0.0002196387758636,0.011672945118404228,0.0001693308350358,0.005923841562913773,0.00031709997,0.0028809104550076427,0.000166423,0.0008960274267102134,0.0194349478907294,0.0038343050696667156,0.0019354956594889,0.0002899175146613091,25.0,0.02334267040149393,25.0,0.024154589371980676,8,0.009124400865104812,full_record_only_not_for_early_prediction,True
num__mean_bp_arterial_vital_last_value,191320,47171,100.0,100.0,False,False,False,False,full_record_not_early_prediction,True,vital_sign_features,0.0001065528785391,0.005662870312878275,9.295324448391696e-05,0.003251860731479273,0.00042032803,0.003818756009846882,0.00019491046,0.0010494049374948414,0.0195746565714348,0.0038618680817065214,0.0101941329848482,0.0015269771774505043,34.0,0.031746031746031744,27.0,0.02608695652173913,8,0.009625590689828396,full_record_only_not_for_early_prediction,True
num__systolic_bp_noninvasive_vital_min_value,191320,47171,100.0,100.0,False,False,False,False,full_record_not_early_prediction,True,vital_sign_features,0.0003188076968192,0.01694338685718433,0.0002422871740992,0.008476133905477527,0.0002760193,0.0025076851541609765,0.00014795506,0.0007965953725179526,0.0262218805164203,0.0051732934899333975,0.0028500190339961,0.00042690379129641903,19.0,0.017740429505135387,26.0,0.025120772946859903,8,0.009648150127820738,full_record_only_not_for_early_prediction,True
num__prn_psychotropic_orders_last_24h_before_discharge,191320,47171,100.0,100.0,False,False,False,False,full_record_not_early_prediction,True,discharge_readiness_trajectory_features,8.618665877731081e-05,0.004580485089167312,6.480273139241866e-05,0.0022670478978715626,0.00020221686,0.001837176667512194,0.00023697667,0.0012758909273985894,0.0198743774306219,0.003920999766356633,0.0226930380061973,0.0033991857055410157,31.0,0.028944911297852476,33.0,0.03188405797101449,8,0.009763719415339284,full_record_only_not_for_early_prediction,True
num__mean_bp_noninvasive_vital_value_change,191320,47171,100.0,100.0,False,False,False,False,full_record_not_early_prediction,True,vital_sign_features,0.0003078767994463,0.01636245225386998,0.0002316308877407,0.008103336168884263,0.0002216902,0.002014095475798169,0.0001912288,0.0010295827474380468,0.0206831455149928,0.004080560964231889,0.0045725333922981,0.0006849188786871122,16.0,0.014939309056956116,32.0,0.030917874396135265,8,0.009766516242750104,full_record_only_not_for_early_prediction,True
num__new_safety_order_last_24h_before_discharge_flag,191320,47171,100.0,100.0,False,False,False,False,full_record_not_early_prediction,True,discharge_readiness_trajectory_features,0.0004167273882781,0.02214743691581627,0.0007559508474108,0.026446057792517325,0.00023571924,0.0021415518360422916,0.0009058559,0.004877160795366412,0.0365715372765319,0.007215168858353383,0.1309213907984903,0.01961068941189117,1.0,0.0009337068160597573,0.0,0.0,8,0.010421471553255826,full_record_only_not_for_early_prediction,True
num__spo2_vital_value_change,191320,47171,100.0,100.0,False,False,False,False,full_record_not_early_prediction,True,vital_sign_features,0.0002525814379112,0.013423719245713051,0.0002319338929696,0.008113936453046085,0.00020976747,0.0019057753220333069,0.00021029124,0.001132215611044747,0.0456027016558159,0.008996919936831962,0.0225855644980811,0.0033830872698704297,33.0,0.03081232492997199,24.0,0.02318840579710145,8,0.011369548070701627,full_record_only_not_for_early_prediction,True
num__mean_bp_noninvasive_vital_min_value,191320,47171,100.0,100.0,False,False,False,False,full_record_not_early_prediction,True,vital_sign_features,0.0002883935680117,0.015326994419200154,0.0002272113159132,0.007948722608533652,0.0002803729,0.002547238395862391,0.00017469685,0.0009405741331419344,0.0089871622338421,0.0017730699309760141,0.0,0.0,34.0,0.031746031746031744,32.0,0.030917874396135265,8,0.011400063203735145,full_record_only_not_for_early_prediction,True
num__heart_rate_vital_value_change,191320,47171,100.0,100.0,False,False,False,False,full_record_not_early_prediction,True,vital_sign_features,0.000324028120557,0.017220832037556297,0.0002646706068885,0.009259192168019662,0.00030417,0.002763439344064506,0.00019412674,0.001045185360784523,0.0280301308908036,0.005530041736273276,2.881883519555098e-05,4.3167676632942195e-06,30.0,0.028011204481792718,30.0,0.028985507246376812,8,0.011602464892816387,full_record_only_not_for_early_prediction,True
num__respiratory_rate_vital_last_value,191320,47171,100.0,100.0,False,False,False,False,full_record_not_early_prediction,True,vital_sign_features,0.0002430160078462,0.012915353909293492,0.0002148478799029,0.0075162022345406,0.00033801282,0.0030709074714343754,0.00018088525,0.0009738927016538196,0.0111814572261701,0.002205980606154149,0.0,0.0,38.0,0.035480859010270774,43.0,0.04154589371980676,8,0.012963636206644246,full_record_only_not_for_early_prediction,True
num__systolic_bp_noninvasive_vital_value_change,191320,47171,100.0,100.0,False,False,False,False,full_record_not_early_prediction,True,vital_sign_features,0.000313794267095,0.01667694260208656,0.0002344656745572,0.008202507875927653,0.00033035854,0.003001366956253766,0.00014816885,0.000797746425578866,0.0133928875074322,0.002642271888555912,0.0,0.0,46.0,0.04295051353874883,35.0,0.033816425120772944,8,0.013510971800990567,full_record_only_not_for_early_prediction,True
num__followup_order_last_48h_before_discharge,191320,47171,100.0,100.0,False,False,False,False,full_record_not_early_prediction,True,discharge_readiness_trajectory_features,0.0001834014983641,0.009747075017239865,0.0001058366102578,0.003702570241211589,0.00047828158,0.004345274470570193,0.00020803437,0.0011200645416702044,0.0476614453340971,0.009403087803458625,0.0451086942199748,0.0067568224468793,41.0,0.03828197945845005,39.0,0.03768115942028986,8,0.013879754174971209,full_record_only_not_for_early_prediction,True
num__heart_rate_vital_max_value,191320,47171,100.0,100.0,False,False,False,False,full_record_not_early_prediction,True,vital_sign_features,0.0003545578795409,0.01884336976886512,0.0003050221644788,0.010670844298189519,0.0003411412,0.003099329368318304,0.00017154623,0.0009236110815736912,0.029260186712073,0.005772718449274193,0.0003313044442965,4.962602763575883e-05,38.0,0.035480859010270774,45.0,0.043478260869565216,8,0.014789827359211572,full_record_only_not_for_early_prediction,True
num__mean_bp_noninvasive_vital_last_value,191320,47171,100.0,100.0,False,False,False,False,full_record_not_early_prediction,True,vital_sign_features,0.0003657786732694,0.019439711233903405,0.0003114957992039,0.010897316850808548,0.00028175674,0.002559810832006291,0.00019412952,0.0010452003284046611,0.0329198547075855,0.006494731372971514,0.0357831469866233,0.005359950558536313,49.0,0.0457516339869281,30.0,0.028985507246376812,8,0.015066732801241954,full_record_only_not_for_early_prediction,True
num__systolic_bp_noninvasive_vital_mean_value,191320,47171,100.0,100.0,False,False,False,False,full_record_not_early_prediction,True,vital_sign_features,0.0003951322630951,0.020999740157376975,0.0003727201880391,0.013039180612180026,0.00038876466,0.0035319970971031357,0.00019268898,0.0010374444091550794,0.0131334659588919,0.00259109082214187,0.0,0.0,48.0,0.04481792717086835,42.0,0.04057971014492753,8,0.01582463630171912,full_record_only_not_for_early_prediction,True
num__safety_order_activity_duration_hours,191320,47171,100.0,100.0,False,False,False,False,full_record_not_early_prediction,True,safety_observation_features,0.0004764477043592,0.025321339016333138,0.0003882614855446,0.013582874760296786,0.00040185833,0.003650955452089482,0.00029559038,0.0015914692533585749,0.0076893380155091,0.0015170232460109275,0.0249190602143817,0.0037326211348656774,40.0,0.03734827264239029,42.0,0.04057971014492753,8,0.01591553320628405,full_record_only_not_for_early_prediction,True
num__num_careunit_transfers,191320,47171,100.0,100.0,False,False,False,False,full_record_not_early_prediction,True,icu_care_features,0.0005579683810935,0.029653845340833918,0.0003463348605967,0.012116120737578137,0.0002290883,0.0020813085494455494,0.0001660444,0.0008939890306726917,0.0171532876168242,0.003384158169110065,7.466627399924115e-06,1.1184246516262707e-06,43.0,0.040149393090569564,42.0,0.04057971014492753,8,0.016107455435973632,full_record_only_not_for_early_prediction,True
num__respiratory_rate_vital_value_change,191320,47171,100.0,100.0,False,False,False,False,full_record_not_early_prediction,True,vital_sign_features,0.0002745524581613,0.014591393362299985,0.000250632017272,0.008768068500925418,0.0003781688,0.003435731796750703,0.00022249535,0.001197922978888064,0.005130711056098,0.0010122338132316602,0.0442847207406635,0.006633399621259611,57.0,0.05322128851540616,42.0,0.04057971014492753,8,0.01617996859171114,full_record_only_not_for_early_prediction,True
num__mean_bp_noninvasive_vital_max_value,191320,47171,100.0,100.0,False,False,False,False,full_record_not_early_prediction,True,vital_sign_features,0.0003301415541331,0.017545737211236295,0.0002663095249048,0.009316527801314764,0.0003212314,0.002918445242163668,0.00018088825,0.0009739088537618825,0.0338280865998312,0.006673915704643009,0.0018353338594133,0.00027491429830194566,55.0,0.051353874883286646,43.0,0.04154589371980676,8,0.01632540221431437,full_record_only_not_for_early_prediction,True
num__heart_rate_vital_last_value,191320,47171,100.0,100.0,False,False,False,False,full_record_not_early_prediction,True,vital_sign_features,0.0003673891126713,0.019525299813064716,0.0003184222084166,0.01113962919024316,0.00040516086,0.00368095953315255,0.00022561429,0.0012147154641951644,0.0555261511683006,0.01095470922385401,0.024502604566051,0.0036702403251031883,49.0,0.0457516339869281,43.0,0.04154589371980676,8,0.017185385157043456,full_record_only_not_for_early_prediction,True
num__heart_rate_vital_min_value,191320,47171,100.0,100.0,False,False,False,False,full_record_not_early_prediction,True,vital_sign_features,0.0003373617259574,0.017929461210421403,0.0002879729897927,0.010074398827418979,0.00043919313,0.003990148847962775,0.0001993402,0.0010732548172181688,0.0503307348572254,0.009929709763470216,0.0612462845025251,0.009174068925528047,56.0,0.05228758169934641,35.0,0.033816425120772944,8,0.017284381151517366,full_record_only_not_for_early_prediction,True
num__spo2_vital_last_value,191320,47171,100.0,100.0,False,False,False,False,full_record_not_early_prediction,True,vital_sign_features,0.000248965349139,0.013231538217498881,0.0002727130870011,0.009540548944827943,0.00045048245,0.004092714357565084,0.0002781708,0.00149768160716921,0.036766218240594,0.00725357730748676,0.0193995479672607,0.002905854479521931,47.0,0.04388422035480859,59.0,0.057004830917874394,8,0.017426370773344097,full_record_only_not_for_early_prediction,True
num__care_team_touchpoints_last_24h_before_discharge,191320,47171,100.0,100.0,False,False,False,False,full_record_not_early_prediction,True,discharge_readiness_trajectory_features,0.0004621646183686,0.024562248649733838,0.0003349630072041,0.01171828972375125,0.00026859378,0.002440222964865063,0.00017830105,0.0009599792757685482,0.0177764636620802,0.0035071040644659105,0.0464097653129741,0.006951709630340944,47.0,0.04388422035480859,51.0,0.04927536231884058,8,0.01791239212282184,full_record_only_not_for_early_prediction,True
num__psychotropic_orders_last_48h_before_discharge,191320,47171,100.0,100.0,False,False,False,False,full_record_not_early_prediction,True,discharge_readiness_trajectory_features,0.0004121037225544,0.02190170709863629,0.0003129543785928,0.010948343547776932,0.0002146764,0.0019503738370060476,0.00023876989,0.0012855456884720304,0.0116983381596505,0.002307955625320696,0.0080513728045635,0.0012060135509304618,55.0,0.051353874883286646,58.0,0.05603864734299517,8,0.018374057696803035,full_record_only_not_for_early_prediction,True
num__care_team_touchpoints_after_72h,191320,47171,100.0,100.0,False,False,False,False,full_record_not_early_prediction,True,care_team_complexity_features,0.0004903139764498,0.026058277348255693,0.0003624268336938,0.012679079628330299,0.00025847997,0.002348337175758994,0.00024582315,0.0013235206943769718,0.0405100340480488,0.007992191684593978,0.0135173020447576,0.002024754018191499,52.0,0.04855275443510738,48.0,0.0463768115942029,8,0.018419465822352214,full_record_only_not_for_early_prediction,True
num__abnormal_labs_last_24h_before_discharge,191320,47171,100.0,100.0,False,False,False,False,full_record_not_early_prediction,True,discharge_readiness_trajectory_features,0.0011478447522144,0.06100347602268492,0.0010528470284259,0.03683262404665398,0.0003589398,0.0032610328614611733,0.0004987524,0.002685300887122231,0.0669132313315839,0.013201257012109481,0.0708410039513707,0.010611260067158604,11.0,0.01027077497665733,13.0,0.012560386473429951,8,0.01880326404340971,full_record_only_not_for_early_prediction,True
num__systolic_bp_noninvasive_vital_last_value,191320,47171,100.0,100.0,False,False,False,False,full_record_not_early_prediction,True,vital_sign_features,0.0003932951382264,0.020902104128931308,0.0002940395564284,0.010286630578199323,0.00027968842,0.0025410197715331497,0.00014822434,0.0007980451857376669,0.0390786482903654,0.007709794752109677,0.0,0.0,53.0,0.04948646125116713,62.0,0.05990338164251208,8,0.01895342966377379,full_record_only_not_for_early_prediction,True
num__mean_bp_noninvasive_vital_mean_value,191320,47171,100.0,100.0,False,False,False,False,full_record_not_early_prediction,True,vital_sign_features,0.0003887925876099,0.020662811107776055,0.0003569319075777,0.012486846053714007,0.00031725338,0.0028823042125437994,0.00019523781,0.0010511674016862908,0.0324375163162278,0.006399571223858898,0.0166950046927833,0.0025007414736692075,71.0,0.06629318394024276,50.0,0.04830917874396135,8,0.020073225519681548,full_record_only_not_for_early_prediction,True
num__heart_rate_vital_mean_value,191320,47171,100.0,100.0,False,False,False,False,full_record_not_early_prediction,True,vital_sign_features,0.0004237657680378,0.02252149937511757,0.0003823519589798,0.013376136873046042,0.00027757016,0.0025217749971472533,0.0002266444,0.0012202616135406782,0.0369326600310333,0.00728641447301321,0.0228382057449185,0.0034209303526099564,55.0,0.051353874883286646,68.0,0.06570048309178744,8,0.020925171957443603,full_record_only_not_for_early_prediction,True
num__systolic_bp_noninvasive_vital_max_value,191320,47171,100.0,100.0,False,False,False,False,full_record_not_early_prediction,True,vital_sign_features,0.0003555127546126,0.018894117658271536,0.000328649225957,0.011497409458424446,0.00039744467,0.00361085655444894,0.00019467679,0.0010481468497978322,0.0896831810133166,0.017693521873924197,0.0370177505462842,0.005544881583234872,68.0,0.06349206349206349,49.0,0.04734299516908213,8,0.021140499079905933,full_record_only_not_for_early_prediction,True
num__discontinued_orders_last_24h_before_discharge,191320,47171,100.0,100.0,False,False,False,False,full_record_not_early_prediction,True,discharge_readiness_trajectory_features,0.0016467447951863,0.08751806935112838,0.0012031199875383,0.04208974807125276,0.00026960863,0.002449443060266726,0.00021687633,0.0011676699728057724,0.0068780276265023,0.0013569604789208276,0.0,0.0,14.0,0.013071895424836602,23.0,0.022222222222222223,8,0.02123450107267916,full_record_only_not_for_early_prediction,True
num__respiratory_rate_vital_mean_value,191320,47171,100.0,100.0,False,False,False,False,full_record_not_early_prediction,True,vital_sign_features,0.0004180795105441,0.02221929694573281,0.0003807831121538,0.013321252598532549,0.00037662176,0.003421676659153828,0.00014747889,0.0007940316560858694,0.0355709216096901,0.007017758206895472,0.0162612863357323,0.002435774886158277,67.0,0.06255835667600373,87.0,0.08405797101449275,8,0.02447826483038191,full_record_only_not_for_early_prediction,True
num__safety_order_near_discharge_flag,191320,47171,100.0,100.0,False,False,False,False,full_record_not_early_prediction,True,discharge_readiness_trajectory_features,0.0005268633131374,0.028000732179334267,0.0007914056979496,0.027686404343600212,0.001783661,0.016204882085259692,0.0014908315,0.008026690497127967,0.3776399968539164,0.07450428797581668,0.3221554059961289,0.048255594985816774,4.0,0.003734827264239029,2.0,0.001932367149758454,8,0.026043223310119136,full_record_only_not_for_early_prediction,True
num__num_transfer_events,191320,47171,100.0,100.0,False,False,False,False,full_record_not_early_prediction,True,service_transfer_features,0.0007596513011967,0.040372506690258776,0.0006057141029948,0.02119020069678993,0.000296199,0.0026910213705249124,0.000283908,0.0015285708986284543,0.0385316933256242,0.007601886451764456,0.0351152310926029,0.005259903567964237,67.0,0.06255835667600373,78.0,0.07536231884057971,8,0.027070595649064277,full_record_only_not_for_early_prediction,True
num__spo2_vital_mean_value,191320,47171,100.0,100.0,False,False,False,False,full_record_not_early_prediction,True,vital_sign_features,0.0004536954281659,0.024112144190515584,0.0003968501983117,0.013883340848773337,0.0003821906,0.003472270575571621,0.0002757633,0.0014847195404488357,0.0922969581900789,0.018209191848250157,0.0584153391358738,0.008750022175116721,93.0,0.08683473389355742,82.0,0.07922705314009662,8,0.029496684526541285,full_record_only_not_for_early_prediction,True
num__orders_after_72h_count,191320,47171,100.0,100.0,False,False,False,False,full_record_not_early_prediction,True,orders_after_72h_count,0.0011878585492158,0.0631300534202314,0.0011973025426796,0.04188623155498069,0.0009996591,0.009082083333636172,0.0005684396,0.003060499282119557,0.0622452656125716,0.012280317850241342,0.0280093158263786,0.004195509915993136,54.0,0.05042016806722689,62.0,0.05990338164251208,8,0.030494780633367656,full_record_only_not_for_early_prediction,True
num__safety_orders_last_24h_before_discharge,191320,47171,100.0,100.0,False,False,False,False,full_record_not_early_prediction,True,discharge_readiness_trajectory_features,0.0006728093579634,0.03575719578556035,0.0007463725308279,0.026110971569948748,0.0013249322,0.012037248149712146,0.0010362929,0.005579438301827659,0.1660215996344816,0.032754266424162744,0.1421384124242804,0.02129088487795074,69.0,0.06442577030812324,57.0,0.05507246376811594,8,0.031628529898175196,full_record_only_not_for_early_prediction,True
num__num_lab_events_last_24h_before_discharge,191320,47171,100.0,100.0,False,False,False,False,full_record_not_early_prediction,True,discharge_readiness_trajectory_features,0.0006475255293554,0.03441345881305233,0.0006283814091585,0.02198318993790144,0.00039877056,0.003622902504384508,0.00040072727,0.0021575300562464857,0.1281727621890219,0.025287100053866345,0.0668633794773654,0.010015452478489492,93.0,0.08683473389355742,120.0,0.11594202898550725,8,0.037532049590375656,full_record_only_not_for_early_prediction,True
num__potassium_lab_min_value,191320,47171,100.0,100.0,False,False,False,False,full_record_not_early_prediction,True,laboratory_features,0.0010812809355886,0.057465868533800465,0.0006922143577521,0.02421631111681821,0.00029147987,0.0026481472228056927,0.00018037313,0.0009711354291267842,0.0923907473094511,0.018227695427364972,0.0324175704502176,0.004855821510220691,112.0,0.10457516339869281,94.0,0.09082125603864734,8,0.037972674834684625,full_record_only_not_for_early_prediction,True
num__sodium_lab_max_value,191320,47171,100.0,100.0,False,False,False,False,full_record_not_early_prediction,True,laboratory_features,0.0009898436201121,0.05260633150016556,0.0006533522851672,0.022856766880526392,0.00037483862,0.003405476510447594,0.00019378676,0.0010433548962181292,0.0880979795013699,0.017380778756326237,0.0363955724866945,0.0054516856538982614,101.0,0.09430438842203548,119.0,0.11497584541062802,8,0.03900307850378071,full_record_only_not_for_early_prediction,True
num__potassium_lab_max_value,191320,47171,100.0,100.0,False,False,False,False,full_record_not_early_prediction,True,laboratory_features,0.0011690885893148,0.06213250318832205,0.0007330850102014,0.02564612317456528,0.0002243213,0.0020379994941371513,0.0001843608,0.0009926051880463417,0.0407523670048297,0.008040001356632026,0.0065150159219056,0.0009758829552511128,110.0,0.10270774976657329,117.0,0.11304347826086956,8,0.0394470429230496,full_record_only_not_for_early_prediction,True
num__potassium_lab_value_change,191320,47171,100.0,100.0,False,False,False,False,full_record_not_early_prediction,True,laboratory_features,0.0009779204277916,0.05197266028684663,0.0006482651236482,0.022678798474257467,0.00025408418,0.00230840063029348,0.00018490167,0.0009955172516089787,0.0606926183692307,0.011973997337831537,0.0850079541255152,0.012733324751045915,96.0,0.0896358543417367,142.0,0.13719806763285025,8,0.04118707758830887,full_record_only_not_for_early_prediction,True
num__orders_after_72h_to_total_ratio,191320,47171,100.0,100.0,False,False,False,False,full_record_not_early_prediction,True,healthcare_intensity_features,0.0015583089708075,0.08281804987407734,0.0015264735066343,0.05340189340810379,0.0009619681,0.008739653796478874,0.00040530766,0.002182191040996365,0.0621013533506651,0.012251925517083685,0.1036473361832758,0.015525314128296979,95.0,0.08870214752567694,80.0,0.07729468599033816,8,0.042614482660131514,full_record_only_not_for_early_prediction,True
num__urea_nitrogen_lab_max_value,191320,47171,100.0,100.0,False,False,False,False,full_record_not_early_prediction,True,laboratory_features,0.0012694886544569,0.06746837544348229,0.0009270884792112,0.03243310803073003,0.0003345078,0.0030390637321776014,0.00021621193,0.0011640928192734707,0.0309930885526243,0.006114601244629157,0.0591490695975423,0.00885992751684939,107.0,0.09990662931839403,142.0,0.13719806763285025,8,0.04452298321729828,full_record_only_not_for_early_prediction,True
num__potassium_lab_last_value,191320,47171,100.0,100.0,False,False,False,False,full_record_not_early_prediction,True,laboratory_features,0.0011992635997496,0.06373618741651788,0.0008151565144568,0.028517298929035543,0.00023213334,0.00210897328738897,0.00017235332,0.0009279564832058187,0.0321464528763787,0.006342147554431907,0.0475950583285795,0.007129254438331094,134.0,0.12511671335200747,157.0,0.15169082125603864,8,0.048196169089619656,full_record_only_not_for_early_prediction,True
num__num_prescription_rows,191320,47171,100.0,100.0,False,False,False,False,full_record_not_early_prediction,True,medication_features,0.0015865537418354,0.0843191493989414,0.001541022799152,0.05391088341992958,0.0007595679,0.006900811451979007,0.00037193642,0.00200251908277347,0.1065815617905511,0.021027389679878838,0.0762233283466856,0.011417477381127,101.0,0.09430438842203548,119.0,0.11497584541062802,8,0.048607308030911595,full_record_only_not_for_early_prediction,True
num__urea_nitrogen_lab_min_value,191320,47171,100.0,100.0,False,False,False,False,full_record_not_early_prediction,True,laboratory_features,0.0012536958784721,0.06662905093617258,0.0008968653637933,0.03137578762458284,0.00029481485,0.0026784461179750656,0.00016706882,0.0008995045448532466,0.0943556097689434,0.018615341544657774,0.0776976704400563,0.011638318793700074,113.0,0.10550887021475257,158.0,0.15265700483091788,8,0.04875029057595151,full_record_only_not_for_early_prediction,True
num__hemoglobin_lab_value_change,191320,47171,100.0,100.0,False,False,False,False,full_record_not_early_prediction,True,laboratory_features,0.0012403975334488,0.06592229571495889,0.000859324890743,0.030062478004986414,0.00027066047,0.002458999216494036,0.00017573748,0.0009461769225463884,0.0577145940594653,0.011386465342751121,0.0623671035698868,0.009341956193474861,137.0,0.12791783380018673,159.0,0.1536231884057971,8,0.05020742420014945,full_record_only_not_for_early_prediction,True
num__late_psych_safety_activity_score_near_discharge,191320,47171,100.0,100.0,False,False,False,False,full_record_not_early_prediction,True,discharge_readiness_trajectory_features,0.0009331120569696,0.04959126997271041,0.0011551927239199,0.04041306871064263,0.0016765689,0.015231931029670744,0.0016647545,0.008963098193995109,0.3914896603426732,0.07723667682639081,0.2187699364079663,0.032769505803365497,96.0,0.0896358543417367,126.0,0.12173913043478261,8,0.05444756691416182,full_record_only_not_for_early_prediction,True
num__sodium_lab_min_value,191320,47171,100.0,100.0,False,False,False,False,full_record_not_early_prediction,True,laboratory_features,0.0011349820123834,0.060319871520113755,0.0009224796543642,0.032271873674453014,0.0011796904,0.010717700184683548,0.0006821102,0.003672505887039586,0.0956849198313819,0.01887760004620993,0.0985405415066077,0.014760368356764643,159.0,0.1484593837535014,156.0,0.15072463768115943,8,0.05497549263799066,full_record_only_not_for_early_prediction,True
num__orders_last_24h_before_discharge,191320,47171,100.0,100.0,False,False,False,False,full_record_not_early_prediction,True,discharge_readiness_trajectory_features,0.0016880718994277,0.0897144439112016,0.0013443310527717,0.04702985231863385,0.00025281383,0.0022968592712813082,0.00017951973,0.0009665406927865278,0.1374411364707574,0.027115650081159126,0.0216872474394422,0.003248528534105959,148.0,0.13818860877684408,141.0,0.13623188405797101,8,0.05559904595549793,full_record_only_not_for_early_prediction,True
num__glucose_lab_value_change,191320,47171,100.0,100.0,False,False,False,False,full_record_not_early_prediction,True,laboratory_features,0.0015733071788715,0.08361514619241689,0.0010997643849976,0.03847397298834391,0.000306502,0.002784625984924415,0.00018649845,0.0010041143726464696,0.0581289019524609,0.011468203810147461,0.0525672720189253,0.00787404135035685,152.0,0.1419234360410831,164.0,0.15845410628019324,8,0.055699705877514036,full_record_only_not_for_early_prediction,True
num__num_procedures,191320,47171,100.0,100.0,False,False,False,False,full_record_not_early_prediction,True,procedure_features,0.0010805467435479,0.05742684908760403,0.0009514118899361,0.03328403415634396,0.0004811126,0.004370994798189069,0.00057685707,0.003105819243804603,0.1856808286023528,0.036632819725208834,0.4072224727259304,0.06099777420224772,145.0,0.1353874883286648,126.0,0.12173913043478261,8,0.0566181137471057,full_record_only_not_for_early_prediction,True
num__urea_nitrogen_lab_last_value,191320,47171,100.0,100.0,False,False,False,False,full_record_not_early_prediction,True,laboratory_features,0.0013867610972818,0.07370094882955133,0.0010067026088956,0.03521831540492119,0.00031360894,0.0028491938174256665,0.00021396678,0.0011520048508010933,0.0867299971531776,0.017110890630956457,0.0413300838378262,0.006190825139938698,166.0,0.1549953314659197,168.0,0.16231884057971013,8,0.056692043839903034,full_record_only_not_for_early_prediction,True
num__num_lab_events_last_48h_before_discharge,191320,47171,100.0,100.0,False,False,False,False,full_record_not_early_prediction,True,discharge_readiness_trajectory_features,0.0009893683618235,0.0525810733739623,0.0008701215124645,0.030440185210406843,0.0004358376,0.003959663252334709,0.0003135992,0.0016884293889329093,0.1207217847588595,0.02381710277396256,0.1992571660349634,0.029846691761926787,189.0,0.17647058823529413,165.0,0.15942028985507245,8,0.059778002981486576,full_record_only_not_for_early_prediction,True
num__orders_after_72h_per_hospital_day,191320,47171,100.0,100.0,False,False,False,False,full_record_not_early_prediction,True,healthcare_intensity_features,0.0017729114804293,0.09422333706545546,0.0018048829289114,0.06314172199185353,0.0015045234,0.013668866612833943,0.0010787804,0.005808192532266662,0.0723389121960042,0.014271685179028517,0.0964678284081752,0.014449897068876469,140.0,0.13071895424836602,147.0,0.14202898550724638,8,0.05978895502574087,full_record_only_not_for_early_prediction,True
num__last_order_hours_from_admission_filled,191320,47171,100.0,100.0,False,False,False,False,full_record_not_early_prediction,True,last_order_hours_from_admission_filled,0.0027509835312261,0.14620405552423202,0.002746491946487,0.09608281410392783,0.000670628,0.006092776409347706,0.0005299249,0.00285313474998448,0.1283474014529252,0.025321554492268347,0.0522245184808751,0.007822700365216576,106.0,0.09897292250233426,101.0,0.09758454106280193,8,0.06011681240126414,full_record_only_not_for_early_prediction,True
num__hemoglobin_lab_max_value,191320,47171,100.0,100.0,False,False,False,False,full_record_not_early_prediction,True,laboratory_features,0.0016246892405026,0.08634590255878259,0.0012529597505587,0.043833333990519016,0.00038205297,0.0034710201821833066,0.00025596702,0.001378135655848541,0.0999506426350875,0.019719181030321713,0.0507353551777847,0.007599638886550795,170.0,0.15873015873015872,175.0,0.16908212560386474,8,0.06126993707977868,full_record_only_not_for_early_prediction,True
num__glucose_lab_max_value,191320,47171,100.0,100.0,False,False,False,False,full_record_not_early_prediction,True,laboratory_features,0.0017100247160186,0.0908811505742323,0.001270015556966,0.04443001146431293,0.00031863246,0.002894833403228655,0.0002102323,0.0011318982759616735,0.0828128466991145,0.016338079202332777,0.0417715544254812,0.006256952932549095,153.0,0.14285714285714285,199.0,0.19227053140096617,8,0.0621325750138408,full_record_only_not_for_early_prediction,True
num__wbc_lab_mean_value,191320,47171,100.0,100.0,False,False,False,False,full_record_not_early_prediction,True,laboratory_features,0.0017987406085843,0.09559605458413616,0.0013304700435772,0.04654494109527073,0.00033051544,0.003002792421069769,0.00017185004,0.0009252468055572082,0.0437539314539061,0.008632177566660088,0.1128637830439568,0.016905843893247344,169.0,0.15779645191409897,189.0,0.1826086956521739,8,0.06400152549152677,full_record_only_not_for_early_prediction,True
num__order_activity_duration_hours,191320,47171,100.0,100.0,False,False,False,False,full_record_not_early_prediction,True,order_activity_duration_hours,0.0025579287289235,0.1359439450165951,0.0023345014705529,0.08166980831944054,0.00045490547,0.004132898292494841,0.00031677895,0.0017055492774704418,0.1235980973214962,0.024384568141138808,0.0668489860278737,0.01001329648651732,147.0,0.13725490196078433,151.0,0.14589371980676327,8,0.06762483591265059,full_record_only_not_for_early_prediction,True
num__platelet_lab_mean_value,191320,47171,100.0,100.0,False,False,False,False,full_record_not_early_prediction,True,laboratory_features,0.0018727256907589,0.09952807342010463,0.0015421846054528,0.05395152785690574,0.00047229044,0.004290843882439218,0.00038313208,0.0020627969194914864,0.113725644688226,0.02243683998695893,0.0849529075895724,0.012725079341239382,171.0,0.15966386554621848,193.0,0.18647342995169083,8,0.06764155711313109,full_record_only_not_for_early_prediction,True
num__wbc_lab_max_value,191320,47171,100.0,100.0,False,False,False,False,full_record_not_early_prediction,True,laboratory_features,0.0016907497282344,0.0898567600781634,0.0012301813936895,0.043036459770131916,0.00032235522,0.0029286553496813282,0.00023635809,0.0012725604703967663,0.0826088204091808,0.0162978270214555,0.1172975548934373,0.017569977707691597,188.0,0.17553688141923435,204.0,0.19710144927536233,8,0.06795007138651465,full_record_only_not_for_early_prediction,True
num__hemoglobin_lab_min_value,191320,47171,100.0,100.0,False,False,False,False,full_record_not_early_prediction,True,laboratory_features,0.0020487212460479,0.10888155142003386,0.0017742447477219,0.06206988099429351,0.0010663088,0.009687607886518101,0.00067141757,0.003614936381961175,0.2318827207938332,0.045747953475708425,0.147937677204001,0.022159555610203087,168.0,0.1568627450980392,159.0,0.1536231884057971,8,0.07033092740906931,full_record_only_not_for_early_prediction,True
num__wbc_lab_value_change,191320,47171,100.0,100.0,False,False,False,False,full_record_not_early_prediction,True,laboratory_features,0.0014840665484137,0.07887235440818018,0.0010940359338649,0.03827356981367206,0.00030395162,0.0027614553223531055,0.00018770518,0.001010611450433999,0.1322964009488772,0.026100649392474525,0.0811400453478344,0.012153951454978695,201.0,0.1876750700280112,225.0,0.21739130434782608,8,0.07052987077724124,full_record_only_not_for_early_prediction,True
num__platelet_lab_value_change,191320,47171,100.0,100.0,False,False,False,False,full_record_not_early_prediction,True,laboratory_features,0.001652513172284,0.08782463611748811,0.0012240174574104,0.04282082165606034,0.00034002954,0.0030892297365951796,0.00020132383,0.001083934752590354,0.0846100882508219,0.01669265552699658,0.1140085146852023,0.01707731302093926,189.0,0.17647058823529413,229.0,0.221256038647343,8,0.07078940221166338,full_record_only_not_for_early_prediction,True
num__medical_workup_near_discharge_score,191320,47171,100.0,100.0,False,False,False,False,full_record_not_early_prediction,True,discharge_readiness_trajectory_features,0.0014713215641042,0.07819500815274436,0.0013685448364335,0.0478769432694394,0.0009758281,0.008865574397816068,0.0006452938,0.003474285063278844,0.2853158797957378,0.05628973797655801,0.2850309609998107,0.04269473166186842,174.0,0.16246498599439776,179.0,0.17294685990338166,8,0.07160101580243557,full_record_only_not_for_early_prediction,True
num__wbc_lab_min_value,191320,47171,100.0,100.0,False,False,False,False,full_record_not_early_prediction,True,laboratory_features,0.0019345741633069,0.10281507874451183,0.0015942015358406,0.05577127943458676,0.0003567155,0.0032408246945380623,0.0002391824,0.0012877666571710217,0.0794659911840694,0.015677780798605087,0.0901723420101045,0.013506897397880203,167.0,0.15592903828197946,238.0,0.22995169082125605,8,0.07227254460381606,full_record_only_not_for_early_prediction,True
num__platelet_lab_min_value,191320,47171,100.0,100.0,False,False,False,False,full_record_not_early_prediction,True,laboratory_features,0.0019141793871946,0.10173117586204056,0.0015193874394626,0.053153995621380894,0.00042099104,0.0038247795753513967,0.00023769964,0.0012797834239206367,0.1038080216287902,0.020480200196122268,0.0989272279084352,0.014818290036940747,192.0,0.1792717086834734,211.0,0.2038647342995169,8,0.07230308346234335,full_record_only_not_for_early_prediction,True
num__orders_last_6h_before_discharge,191320,47171,100.0,100.0,False,False,False,False,full_record_not_early_prediction,True,discharge_readiness_trajectory_features,0.0019728442134049,0.1048489827886227,0.0022911338958939,0.08015264435344796,0.00069368375,0.006302242059007156,0.00043035412,0.002317042083832994,0.8306240584275588,0.1638731452290198,0.4582186429056967,0.0686364805167156,89.0,0.08309990662931839,94.0,0.09082125603864734,8,0.0750064624623265,full_record_only_not_for_early_prediction,True
num__late_care_team_touchpoint_share,191320,47171,100.0,100.0,False,False,False,False,full_record_not_early_prediction,True,care_team_complexity_features,0.001704108510657,0.0905667273116566,0.0012636462012821,0.04420718699220015,0.00033703053,0.0030619831895088694,0.00025147074,0.0013539275223683812,0.1725188845583219,0.034036110484801235,0.1393486301062529,0.02087300393250745,194.0,0.1811391223155929,234.0,0.22608695652173913,8,0.07516562728379683,full_record_only_not_for_early_prediction,True
num__order_activity_last_24h_to_total_ratio,191320,47171,100.0,100.0,False,False,False,False,full_record_not_early_prediction,True,discharge_readiness_trajectory_features,0.0020798699829646,0.11053698541663406,0.001525009208827,0.05335066665894418,0.00028756648,0.002612593368399707,0.00020056049,0.0010798249025341419,0.0695469101438799,0.013720853363930797,0.0912738373430765,0.013671890167448388,185.0,0.17273576097105509,244.0,0.2357487922705314,8,0.07543217088993473,full_record_only_not_for_early_prediction,True
num__platelet_lab_max_value,191320,47171,100.0,100.0,False,False,False,False,full_record_not_early_prediction,True,laboratory_features,0.0018546843908698,0.09856924862861643,0.0014178210330432,0.04960081347581461,0.00035908297,0.0032623335867493007,0.00022026873,0.0011859347766031546,0.0827795931159211,0.016331518629938143,0.0446194164439322,0.006683533624910698,189.0,0.17647058823529413,273.0,0.263768115942029,8,0.07698401086249443,full_record_only_not_for_early_prediction,True
num__last_order_hours_from_admission,191320,47171,100.0,100.0,False,False,False,False,full_record_not_early_prediction,True,last_order_hours_from_admission,0.0028817718406529,0.15315494455584822,0.0028478261296588,0.09962787219030715,0.00040778692,0.0037048177621819547,0.00035171854,0.0018936652885867536,0.2186626313222782,0.043139772771174076,0.2462797625115365,0.03689019725188983,167.0,0.15592903828197946,136.0,0.13140096618357489,8,0.0782176592856928,full_record_only_not_for_early_prediction,True
num__hemoglobin_lab_mean_value,191320,47171,100.0,100.0,False,False,False,False,full_record_not_early_prediction,True,laboratory_features,0.0021889151321645,0.1163323102040437,0.0019485138423369,0.06816648180296153,0.0009151335,0.008314153003160915,0.0005620638,0.0030261717452573504,0.1874433006216202,0.03698053639708354,0.2538070056705833,0.038017701526168825,178.0,0.16619981325863678,204.0,0.19710144927536233,8,0.07926732715158437,full_record_only_not_for_early_prediction,True
num__urea_nitrogen_lab_mean_value,191320,47171,100.0,100.0,False,False,False,False,full_record_not_early_prediction,True,laboratory_features,0.0018394510857301,0.09775965781675519,0.0013592744250746,0.04755262875164027,0.00035008715,0.0031806049385587416,0.00025824437,0.001390396990280792,0.1106380169536174,0.02182768442129361,0.0972070040976825,0.014560618050217551,217.0,0.20261437908496732,259.0,0.25024154589371983,8,0.07989093949342915,full_record_only_not_for_early_prediction,True
num__order_activity_last_48h_to_total_ratio,191320,47171,100.0,100.0,False,False,False,False,full_record_not_early_prediction,True,discharge_readiness_trajectory_features,0.0017949982985656,0.09539716538848945,0.0014135297749385,0.04945068882124454,0.00033018176,0.0029997608780499858,0.00021619277,0.0011639896611433096,0.1110111649091726,0.02190130247809342,0.1371134322761144,0.020538194088572576,237.0,0.22128851540616246,240.0,0.2318840579710145,8,0.08057795933659628,full_record_only_not_for_early_prediction,True
num__sodium_lab_last_value,191320,47171,100.0,100.0,False,False,False,False,full_record_not_early_prediction,True,laboratory_features,0.001239342351402,0.06586621690067032,0.0009848938428152,0.03445536118624256,0.00055753475,0.005065303822971261,0.0004206746,0.0022649271994877413,0.2052454070401593,0.04049269950012488,0.3081438395340128,0.04615680519763345,249.0,0.23249299719887956,233.0,0.2251207729468599,8,0.08148938549410871,full_record_only_not_for_early_prediction,True
num__glucose_lab_mean_value,191320,47171,100.0,100.0,False,False,False,False,full_record_not_early_prediction,True,laboratory_features,0.0020351833858275,0.1081620668993612,0.0014287271129517,0.04998234994811023,0.0003034532,0.002756927086702421,0.0002492513,0.0013419779774621022,0.1083487469367514,0.021376036200734583,0.118854977887072,0.01780326379199632,200.0,0.18674136321195145,283.0,0.27342995169082124,8,0.08269924210089244,full_record_only_not_for_early_prediction,True
num__potassium_lab_mean_value,191320,47171,100.0,100.0,False,False,False,False,full_record_not_early_prediction,True,laboratory_features,0.0018913372107786,0.10051720318968119,0.0013271346894243,0.04642825762439663,0.0003224977,0.00292994980619493,0.00019595493,0.0010550284015976158,0.0751137307213228,0.014819126870092136,0.0769217860610833,0.011522099224974313,215.0,0.20074696545284781,300.0,0.2898550724637681,8,0.08348421287919411,full_record_only_not_for_early_prediction,True
num__sodium_lab_mean_value,191320,47171,100.0,100.0,False,False,False,False,full_record_not_early_prediction,True,laboratory_features,0.00194919848354,0.1035923043814866,0.0014726054248163,0.051517381458933746,0.0003504272,0.003183694354178129,0.00023543937,0.0012676140488236231,0.1356959868987987,0.02677135094083162,0.138875593809821,0.02080214791857956,226.0,0.21101774042950514,263.0,0.2541062801932367,8,0.08403231421569689,full_record_only_not_for_early_prediction,True
num__creatinine_lab_mean_value,191320,47171,100.0,100.0,False,False,False,False,full_record_not_early_prediction,True,laboratory_features,0.0017832680405105,0.09477374787961144,0.0012569460425275,0.04397278976088532,0.00034204344,0.0031075263815470537,0.0002371399,0.0012767697635982847,0.2833597705089268,0.05590381876558759,0.1603721951922976,0.02402211961725968,219.0,0.20448179271708683,255.0,0.2463768115942029,8,0.0842394220599724,full_record_only_not_for_early_prediction,True
num__glucose_lab_min_value,191320,47171,100.0,100.0,False,False,False,False,full_record_not_early_prediction,True,laboratory_features,0.00191213241614,0.10162238732647638,0.0013129765040226,0.045932950038390236,0.0003222822,0.0029279919498032872,0.00025313767,0.00136290233353274,0.0987819987759601,0.019488620233406764,0.0524852822247183,0.007861760115187166,260.0,0.24276377217553688,300.0,0.2898550724637681,8,0.0889769320795127,full_record_only_not_for_early_prediction,True
num__order_activity_last_12h_to_total_ratio,191320,47171,100.0,100.0,False,False,False,False,full_record_not_early_prediction,True,discharge_readiness_trajectory_features,0.0026476719255976,0.1407134462369875,0.0019669861474917,0.06881271383161536,0.00037163147,0.003376338973897913,0.00026211463,0.0014112346095311327,0.1756453731472741,0.03465293287682796,0.1498842403861536,0.022451130926910288,234.0,0.2184873949579832,268.0,0.2589371980676328,8,0.09360529881017327,full_record_only_not_for_early_prediction,True
num__orders_last_48h_before_discharge,191320,47171,100.0,100.0,False,False,False,False,full_record_not_early_prediction,True,discharge_readiness_trajectory_features,0.0023362383007448,0.1241619625718716,0.0016743092453062,0.058573754121148215,0.0003503531,0.003183021142305179,0.00024413229,0.0013144170432306326,0.1921554197924871,0.0379101865575734,0.1535589824290173,0.02300156981571141,283.0,0.2642390289449113,284.0,0.2743961352657005,8,0.09834750943280653,full_record_only_not_for_early_prediction,True
num__glucose_lab_last_value,191320,47171,100.0,100.0,False,False,False,False,full_record_not_early_prediction,True,laboratory_features,0.0019685785126887,0.10462227741678679,0.0013985680182211,0.048927269230961405,0.00027975667,0.0025416398351003405,0.00020750807,0.0011172309235123923,0.2366456401025938,0.04668762595410522,0.0942294114380071,0.01411460503058887,323.0,0.30158730158730157,328.0,0.3169082125603865,8,0.10456327031734287,full_record_only_not_for_early_prediction,True
num__platelet_lab_last_value,191320,47171,100.0,100.0,False,False,False,False,full_record_not_early_prediction,True,laboratory_features,0.001992321193254,0.10588410837588239,0.0015976448667739,0.055891740347055754,0.0005631708,0.005116508354368555,0.00042064325,0.002264758409958485,0.1747173646694812,0.03446984683867129,0.1402121836163818,0.02100235544316893,326.0,0.30438842203548083,331.0,0.31980676328502416,8,0.1061030628862013,full_record_only_not_for_early_prediction,True
num__hospital_los_days,191320,47171,100.0,100.0,False,False,False,False,full_record_not_early_prediction,True,hospital_los_days,0.0035091660589898,0.18649850262957748,0.0032301078273363,0.11300155105372522,0.00032289757,0.002933582697310132,0.00031065245,0.001672563980788252,0.1258646124988548,0.02483172707791003,0.3205887618003,0.04802092765944663,256.0,0.23902894491129786,281.0,0.2714975845410628,8,0.1109356730688898,full_record_only_not_for_early_prediction,True
num__wbc_lab_last_value,191320,47171,100.0,100.0,False,False,False,False,full_record_not_early_prediction,True,laboratory_features,0.00199984504195,0.1062839716175266,0.001489432599217,0.052106060508914157,0.00039361318,0.0035760467763235834,0.0002651524,0.0014275900726344148,0.3241428963851521,0.06394988851495174,0.240587445479552,0.036037546201764005,360.0,0.33613445378151263,355.0,0.34299516908212563,8,0.1178138408194691,full_record_only_not_for_early_prediction,True
num__hemoglobin_lab_last_value,191320,47171,100.0,100.0,False,False,False,False,full_record_not_early_prediction,True,laboratory_features,0.0020340987644076,0.10810442349710238,0.0018098594834024,0.0633158209403862,0.0008293034,0.00753437105476038,0.0005212466,0.002806410470184097,0.3351827428113803,0.06612793084150824,0.3779753483232509,0.056616853182743065,380.0,0.35480859010270777,376.0,0.36328502415458935,8,0.12782492803049766,full_record_only_not_for_early_prediction,True
num__order_activity_last_6h_to_total_ratio,191320,47171,100.0,100.0,False,False,False,False,full_record_not_early_prediction,True,discharge_readiness_trajectory_features,0.0029811984936416,0.1584390837479391,0.0023476545955577,0.08212995504091133,0.0005111893,0.004644247045681014,0.0003164489,0.0017037722763817362,0.134144685490142,0.026465295947052565,0.2203437988179772,0.03300525434462014,394.0,0.3678804855275444,385.0,0.3719806763285024,8,0.1307810962823291,full_record_only_not_for_early_prediction,True
num__discontinued_orders_last_12h_before_discharge,191320,47171,100.0,100.0,False,False,False,False,full_record_not_early_prediction,True,discharge_readiness_trajectory_features,0.0077696289789186,0.41292550600265104,0.0102317548141061,0.3579459961709297,0.0003435404,0.0031211265333059082,0.00022549724,0.0012140852627789153,0.9738511237911928,0.19213029651776745,0.3540348028754396,0.053030803582560335,18.0,0.01680672268907563,15.0,0.014492753623188406,8,0.13145841129778219,full_record_only_not_for_early_prediction,True
num__last_order_close_to_discharge_hours_filled,191320,47171,100.0,100.0,False,False,False,False,full_record_not_early_prediction,True,discharge_readiness_trajectory_features,0.0057993198852178,0.3082112549482505,0.0052008779754019,0.18194664372743996,0.00095425546,0.008669583070165939,0.00074820255,0.004028349480147094,1.1720789469701864,0.2312385026028874,1.0116862239521809,0.15154028076857226,109.0,0.10177404295051354,109.0,0.10531400966183575,8,0.13659033340122656,full_record_only_not_for_early_prediction,True
num__provider_changes_last_24h_before_discharge,191320,47171,100.0,100.0,False,False,False,False,full_record_not_early_prediction,True,care_team_complexity_features,0.0031901995946288,0.1695466778961815,0.0025110823538669,0.08784728435663333,0.00041236493,0.0037464098092330144,0.0002706745,0.0014573212579455585,0.299439920777086,0.05907625853958954,0.4807777707370515,0.07201560784346983,453.0,0.42296918767507,517.0,0.4995169082125604,8,0.1645219569488354,full_record_only_not_for_early_prediction,True
num__care_team_touchpoints_last_6h_before_discharge,191320,47171,100.0,100.0,False,False,False,False,full_record_not_early_prediction,True,care_team_complexity_features,0.0045925277136087,0.24407495327235215,0.0049199550277676,0.17211888239371428,0.0006573495,0.005972138840454781,0.00043654922,0.0023503967253862197,0.6259173104830509,0.12348671734397156,0.6881369384410045,0.10307589684398485,428.0,0.3996265172735761,459.0,0.4434782608695652,8,0.18677297044537566,full_record_only_not_for_early_prediction,True
num__orders_last_12h_before_discharge,191320,47171,100.0,100.0,False,False,False,False,full_record_not_early_prediction,True,discharge_readiness_trajectory_features,0.0087296772891208,0.4639483328780226,0.0116022771995548,0.4058921216837949,0.023062399,0.20952605702440716,0.021996194,0.11842830081922953,1.0369568009172856,0.20458036425603746,0.4461810439972402,0.06683337094066469,108.0,0.10084033613445378,93.0,0.08985507246376812,8,0.20748799452504726,full_record_only_not_for_early_prediction,True
num__care_team_touchpoints_last_12h_before_discharge,191320,47171,100.0,100.0,False,False,False,False,full_record_not_early_prediction,True,care_team_complexity_features,0.007539006091598,0.4006687981597103,0.0092550572560089,0.3237773724360421,0.0013438291,0.012208929896567036,0.0006955618,0.0037449297859786456,0.4418782576642024,0.08717780222840407,1.5581986963477383,0.23340227666174157,344.0,0.3211951447245565,415.0,0.40096618357487923,8,0.22289267968348492,full_record_only_not_for_early_prediction,True
num__last_order_within_12h_of_discharge_flag,191320,47171,100.0,100.0,False,False,False,False,full_record_not_early_prediction,True,last_order_within_12h_of_discharge_flag,0.0083150275608901,0.4419113154981587,0.0121391755072391,0.42467488212695875,0.042281386,0.38413402240187455,0.07808223,0.42039753891406256,0.8263232537785001,0.16302464297615818,0.3811696014522511,0.05709531973151507,0.0,0.0,0.0,0.0,8,0.236404715206091,full_record_only_not_for_early_prediction,True
num__new_orders_last_12h_before_discharge_flag,191320,47171,100.0,100.0,False,False,False,False,full_record_not_early_prediction,True,discharge_readiness_trajectory_features,0.0063842989810161,0.3393006145288552,0.009257161419863,0.32385098415177865,0.09699579,0.8812242571411335,0.10124399,0.5451012890620562,0.8854518124904756,0.1746900682557165,0.9994028043543164,0.14970034975973948,0.0,0.0,0.0,0.0,8,0.30173344536241,full_record_only_not_for_early_prediction,True
num__last_order_close_to_discharge_hours,191320,47171,100.0,100.0,False,False,False,False,full_record_not_early_prediction,True,discharge_readiness_trajectory_features,0.0058896539287524,0.3130121573770538,0.0053920264628206,0.18863375038595018,0.0008804665,0.007999197051749915,0.00059104327,0.003182198255604633,1.228005232841039,0.24227215407691724,0.8244409869856066,0.12349285350239482,1071.0,1.0,1035.0,1.0,8,0.35982403883120884,full_record_only_not_for_early_prediction,True
num__icu_stay_count,191320,47171,100.0,100.0,False,False,False,False,full_record_not_early_prediction,True,icu_care_features,,,,,,,,,,,,,,,,,0,,full_record_only_not_for_early_prediction,True
num__total_icu_los_days,191320,47171,100.0,100.0,False,False,False,False,full_record_not_early_prediction,True,icu_care_features,,,,,,,,,,,,,,,,,0,,full_record_only_not_for_early_prediction,True
num__num_service_transfers,191320,47171,100.0,100.0,False,False,False,False,full_record_not_early_prediction,True,service_transfer_features,,,,,,,,,,,,,,,,,0,,full_record_only_not_for_early_prediction,True
num__creatinine_lab_last_value,191320,47171,100.0,100.0,False,False,False,False,full_record_not_early_prediction,True,laboratory_features,,,,,,,,,,,,,,,,,0,,full_record_only_not_for_early_prediction,True
num__creatinine_lab_max_value,191320,47171,100.0,100.0,False,False,False,False,full_record_not_early_prediction,True,laboratory_features,,,,,,,,,,,,,,,,,0,,full_record_only_not_for_early_prediction,True
num__creatinine_lab_min_value,191320,47171,100.0,100.0,False,False,False,False,full_record_not_early_prediction,True,laboratory_features,,,,,,,,,,,,,,,,,0,,full_record_only_not_for_early_prediction,True
num__creatinine_lab_value_change,191320,47171,100.0,100.0,False,False,False,False,full_record_not_early_prediction,True,laboratory_features,,,,,,,,,,,,,,,,,0,,full_record_only_not_for_early_prediction,True
num__sodium_lab_value_change,191320,47171,100.0,100.0,False,False,False,False,full_record_not_early_prediction,True,laboratory_features,,,,,,,,,,,,,,,,,0,,full_record_only_not_for_early_prediction,True
num__urea_nitrogen_lab_value_change,191320,47171,100.0,100.0,False,False,False,False,full_record_not_early_prediction,True,laboratory_features,,,,,,,,,,,,,,,,,0,,full_record_only_not_for_early_prediction,True
num__last_order_within_6h_of_discharge_flag,191320,47171,100.0,100.0,False,False,False,False,full_record_not_early_prediction,True,last_order_within_6h_of_discharge_flag,,,,,,,,,,,,,,,,,0,,full_record_only_not_for_early_prediction,True
num__last_order_within_24h_of_discharge_flag,191320,47171,100.0,100.0,False,False,False,False,full_record_not_early_prediction,True,last_order_within_24h_of_discharge_flag,,,,,,,,,,,,,,,,,0,,full_record_only_not_for_early_prediction,True
num__creatinine_lab_last_value_missing,191320,47171,100.0,100.0,False,False,False,False,full_record_not_early_prediction,True,laboratory_features,,,,,,,,,,,,,,,,,0,,full_record_only_not_for_early_prediction,True
num__glucose_lab_last_value_missing,191320,47171,100.0,100.0,False,False,False,False,full_record_not_early_prediction,True,laboratory_features,,,,,,,,,,,,,,,,,0,,full_record_only_not_for_early_prediction,True
num__hemoglobin_lab_last_value_missing,191320,47171,100.0,100.0,False,False,False,False,full_record_not_early_prediction,True,laboratory_features,,,,,,,,,,,,,,,,,0,,full_record_only_not_for_early_prediction,True
num__platelet_lab_last_value_missing,191320,47171,100.0,100.0,False,False,False,False,full_record_not_early_prediction,True,laboratory_features,,,,,,,,,,,,,,,,,0,,full_record_only_not_for_early_prediction,True
num__potassium_lab_last_value_missing,191320,47171,100.0,100.0,False,False,False,False,full_record_not_early_prediction,True,laboratory_features,,,,,,,,,,,,,,,,,0,,full_record_only_not_for_early_prediction,True
num__sodium_lab_last_value_missing,191320,47171,100.0,100.0,False,False,False,False,full_record_not_early_prediction,True,laboratory_features,,,,,,,,,,,,,,,,,0,,full_record_only_not_for_early_prediction,True
num__urea_nitrogen_lab_last_value_missing,191320,47171,100.0,100.0,False,False,False,False,full_record_not_early_prediction,True,laboratory_features,,,,,,,,,,,,,,,,,0,,full_record_only_not_for_early_prediction,True
num__wbc_lab_last_value_missing,191320,47171,100.0,100.0,False,False,False,False,full_record_not_early_prediction,True,laboratory_features,,,,,,,,,,,,,,,,,0,,full_record_only_not_for_early_prediction,True
num__creatinine_lab_max_value_missing,191320,47171,100.0,100.0,False,False,False,False,full_record_not_early_prediction,True,laboratory_features,,,,,,,,,,,,,,,,,0,,full_record_only_not_for_early_prediction,True
num__glucose_lab_max_value_missing,191320,47171,100.0,100.0,False,False,False,False,full_record_not_early_prediction,True,laboratory_features,,,,,,,,,,,,,,,,,0,,full_record_only_not_for_early_prediction,True
num__hemoglobin_lab_max_value_missing,191320,47171,100.0,100.0,False,False,False,False,full_record_not_early_prediction,True,laboratory_features,,,,,,,,,,,,,,,,,0,,full_record_only_not_for_early_prediction,True
num__platelet_lab_max_value_missing,191320,47171,100.0,100.0,False,False,False,False,full_record_not_early_prediction,True,laboratory_features,,,,,,,,,,,,,,,,,0,,full_record_only_not_for_early_prediction,True
num__potassium_lab_max_value_missing,191320,47171,100.0,100.0,False,False,False,False,full_record_not_early_prediction,True,laboratory_features,,,,,,,,,,,,,,,,,0,,full_record_only_not_for_early_prediction,True
num__sodium_lab_max_value_missing,191320,47171,100.0,100.0,False,False,False,False,full_record_not_early_prediction,True,laboratory_features,,,,,,,,,,,,,,,,,0,,full_record_only_not_for_early_prediction,True
num__urea_nitrogen_lab_max_value_missing,191320,47171,100.0,100.0,False,False,False,False,full_record_not_early_prediction,True,laboratory_features,,,,,,,,,,,,,,,,,0,,full_record_only_not_for_early_prediction,True
num__wbc_lab_max_value_missing,191320,47171,100.0,100.0,False,False,False,False,full_record_not_early_prediction,True,laboratory_features,,,,,,,,,,,,,,,,,0,,full_record_only_not_for_early_prediction,True
num__creatinine_lab_mean_value_missing,191320,47171,100.0,100.0,False,False,False,False,full_record_not_early_prediction,True,laboratory_features,,,,,,,,,,,,,,,,,0,,full_record_only_not_for_early_prediction,True
num__glucose_lab_mean_value_missing,191320,47171,100.0,100.0,False,False,False,False,full_record_not_early_prediction,True,laboratory_features,,,,,,,,,,,,,,,,,0,,full_record_only_not_for_early_prediction,True
num__hemoglobin_lab_mean_value_missing,191320,47171,100.0,100.0,False,False,False,False,full_record_not_early_prediction,True,laboratory_features,,,,,,,,,,,,,,,,,0,,full_record_only_not_for_early_prediction,True
num__platelet_lab_mean_value_missing,191320,47171,100.0,100.0,False,False,False,False,full_record_not_early_prediction,True,laboratory_features,,,,,,,,,,,,,,,,,0,,full_record_only_not_for_early_prediction,True
num__potassium_lab_mean_value_missing,191320,47171,100.0,100.0,False,False,False,False,full_record_not_early_prediction,True,laboratory_features,,,,,,,,,,,,,,,,,0,,full_record_only_not_for_early_prediction,True
num__sodium_lab_mean_value_missing,191320,47171,100.0,100.0,False,False,False,False,full_record_not_early_prediction,True,laboratory_features,,,,,,,,,,,,,,,,,0,,full_record_only_not_for_early_prediction,True
num__urea_nitrogen_lab_mean_value_missing,191320,47171,100.0,100.0,False,False,False,False,full_record_not_early_prediction,True,laboratory_features,,,,,,,,,,,,,,,,,0,,full_record_only_not_for_early_prediction,True
num__wbc_lab_mean_value_missing,191320,47171,100.0,100.0,False,False,False,False,full_record_not_early_prediction,True,laboratory_features,,,,,,,,,,,,,,,,,0,,full_record_only_not_for_early_prediction,True
num__creatinine_lab_min_value_missing,191320,47171,100.0,100.0,False,False,False,False,full_record_not_early_prediction,True,laboratory_features,,,,,,,,,,,,,,,,,0,,full_record_only_not_for_early_prediction,True
num__glucose_lab_min_value_missing,191320,47171,100.0,100.0,False,False,False,False,full_record_not_early_prediction,True,laboratory_features,,,,,,,,,,,,,,,,,0,,full_record_only_not_for_early_prediction,True
num__hemoglobin_lab_min_value_missing,191320,47171,100.0,100.0,False,False,False,False,full_record_not_early_prediction,True,laboratory_features,,,,,,,,,,,,,,,,,0,,full_record_only_not_for_early_prediction,True
num__platelet_lab_min_value_missing,191320,47171,100.0,100.0,False,False,False,False,full_record_not_early_prediction,True,laboratory_features,,,,,,,,,,,,,,,,,0,,full_record_only_not_for_early_prediction,True
num__potassium_lab_min_value_missing,191320,47171,100.0,100.0,False,False,False,False,full_record_not_early_prediction,True,laboratory_features,,,,,,,,,,,,,,,,,0,,full_record_only_not_for_early_prediction,True
num__sodium_lab_min_value_missing,191320,47171,100.0,100.0,False,False,False,False,full_record_not_early_prediction,True,laboratory_features,,,,,,,,,,,,,,,,,0,,full_record_only_not_for_early_prediction,True
num__urea_nitrogen_lab_min_value_missing,191320,47171,100.0,100.0,False,False,False,False,full_record_not_early_prediction,True,laboratory_features,,,,,,,,,,,,,,,,,0,,full_record_only_not_for_early_prediction,True
num__wbc_lab_min_value_missing,191320,47171,100.0,100.0,False,False,False,False,full_record_not_early_prediction,True,laboratory_features,,,,,,,,,,,,,,,,,0,,full_record_only_not_for_early_prediction,True
num__creatinine_lab_value_change_missing,191320,47171,100.0,100.0,False,False,False,False,full_record_not_early_prediction,True,laboratory_features,,,,,,,,,,,,,,,,,0,,full_record_only_not_for_early_prediction,True
num__glucose_lab_value_change_missing,191320,47171,100.0,100.0,False,False,False,False,full_record_not_early_prediction,True,laboratory_features,,,,,,,,,,,,,,,,,0,,full_record_only_not_for_early_prediction,True
num__hemoglobin_lab_value_change_missing,191320,47171,100.0,100.0,False,False,False,False,full_record_not_early_prediction,True,laboratory_features,,,,,,,,,,,,,,,,,0,,full_record_only_not_for_early_prediction,True
num__platelet_lab_value_change_missing,191320,47171,100.0,100.0,False,False,False,False,full_record_not_early_prediction,True,laboratory_features,,,,,,,,,,,,,,,,,0,,full_record_only_not_for_early_prediction,True
num__potassium_lab_value_change_missing,191320,47171,100.0,100.0,False,False,False,False,full_record_not_early_prediction,True,laboratory_features,,,,,,,,,,,,,,,,,0,,full_record_only_not_for_early_prediction,True
num__sodium_lab_value_change_missing,191320,47171,100.0,100.0,False,False,False,False,full_record_not_early_prediction,True,laboratory_features,,,,,,,,,,,,,,,,,0,,full_record_only_not_for_early_prediction,True
num__urea_nitrogen_lab_value_change_missing,191320,47171,100.0,100.0,False,False,False,False,full_record_not_early_prediction,True,laboratory_features,,,,,,,,,,,,,,,,,0,,full_record_only_not_for_early_prediction,True
num__wbc_lab_value_change_missing,191320,47171,100.0,100.0,False,False,False,False,full_record_not_early_prediction,True,laboratory_features,,,,,,,,,,,,,,,,,0,,full_record_only_not_for_early_prediction,True
num__heart_rate_vital_last_value_missing,191320,47171,100.0,100.0,False,False,False,False,full_record_not_early_prediction,True,vital_sign_features,,,,,,,,,,,,,,,,,0,,full_record_only_not_for_early_prediction,True
num__mean_bp_arterial_vital_last_value_missing,191320,47171,100.0,100.0,False,False,False,False,full_record_not_early_prediction,True,vital_sign_features,,,,,,,,,,,,,,,,,0,,full_record_only_not_for_early_prediction,True
num__mean_bp_noninvasive_vital_last_value_missing,191320,47171,100.0,100.0,False,False,False,False,full_record_not_early_prediction,True,vital_sign_features,,,,,,,,,,,,,,,,,0,,full_record_only_not_for_early_prediction,True
num__respiratory_rate_vital_last_value_missing,191320,47171,100.0,100.0,False,False,False,False,full_record_not_early_prediction,True,vital_sign_features,,,,,,,,,,,,,,,,,0,,full_record_only_not_for_early_prediction,True
num__spo2_vital_last_value_missing,191320,47171,100.0,100.0,False,False,False,False,full_record_not_early_prediction,True,vital_sign_features,,,,,,,,,,,,,,,,,0,,full_record_only_not_for_early_prediction,True
num__systolic_bp_arterial_vital_last_value_missing,191320,47171,100.0,100.0,False,False,False,False,full_record_not_early_prediction,True,vital_sign_features,,,,,,,,,,,,,,,,,0,,full_record_only_not_for_early_prediction,True
num__systolic_bp_noninvasive_vital_last_value_missing,191320,47171,100.0,100.0,False,False,False,False,full_record_not_early_prediction,True,vital_sign_features,,,,,,,,,,,,,,,,,0,,full_record_only_not_for_early_prediction,True
num__heart_rate_vital_max_value_missing,191320,47171,100.0,100.0,False,False,False,False,full_record_not_early_prediction,True,vital_sign_features,,,,,,,,,,,,,,,,,0,,full_record_only_not_for_early_prediction,True
num__mean_bp_arterial_vital_max_value_missing,191320,47171,100.0,100.0,False,False,False,False,full_record_not_early_prediction,True,vital_sign_features,,,,,,,,,,,,,,,,,0,,full_record_only_not_for_early_prediction,True
num__mean_bp_noninvasive_vital_max_value_missing,191320,47171,100.0,100.0,False,False,False,False,full_record_not_early_prediction,True,vital_sign_features,,,,,,,,,,,,,,,,,0,,full_record_only_not_for_early_prediction,True
num__respiratory_rate_vital_max_value_missing,191320,47171,100.0,100.0,False,False,False,False,full_record_not_early_prediction,True,vital_sign_features,,,,,,,,,,,,,,,,,0,,full_record_only_not_for_early_prediction,True
num__spo2_vital_max_value_missing,191320,47171,100.0,100.0,False,False,False,False,full_record_not_early_prediction,True,vital_sign_features,,,,,,,,,,,,,,,,,0,,full_record_only_not_for_early_prediction,True
num__systolic_bp_arterial_vital_max_value_missing,191320,47171,100.0,100.0,False,False,False,False,full_record_not_early_prediction,True,vital_sign_features,,,,,,,,,,,,,,,,,0,,full_record_only_not_for_early_prediction,True
num__systolic_bp_noninvasive_vital_max_value_missing,191320,47171,100.0,100.0,False,False,False,False,full_record_not_early_prediction,True,vital_sign_features,,,,,,,,,,,,,,,,,0,,full_record_only_not_for_early_prediction,True
num__heart_rate_vital_mean_value_missing,191320,47171,100.0,100.0,False,False,False,False,full_record_not_early_prediction,True,vital_sign_features,,,,,,,,,,,,,,,,,0,,full_record_only_not_for_early_prediction,True
num__mean_bp_arterial_vital_mean_value_missing,191320,47171,100.0,100.0,False,False,False,False,full_record_not_early_prediction,True,vital_sign_features,,,,,,,,,,,,,,,,,0,,full_record_only_not_for_early_prediction,True
num__mean_bp_noninvasive_vital_mean_value_missing,191320,47171,100.0,100.0,False,False,False,False,full_record_not_early_prediction,True,vital_sign_features,,,,,,,,,,,,,,,,,0,,full_record_only_not_for_early_prediction,True
num__respiratory_rate_vital_mean_value_missing,191320,47171,100.0,100.0,False,False,False,False,full_record_not_early_prediction,True,vital_sign_features,,,,,,,,,,,,,,,,,0,,full_record_only_not_for_early_prediction,True
num__spo2_vital_mean_value_missing,191320,47171,100.0,100.0,False,False,False,False,full_record_not_early_prediction,True,vital_sign_features,,,,,,,,,,,,,,,,,0,,full_record_only_not_for_early_prediction,True
num__systolic_bp_arterial_vital_mean_value_missing,191320,47171,100.0,100.0,False,False,False,False,full_record_not_early_prediction,True,vital_sign_features,,,,,,,,,,,,,,,,,0,,full_record_only_not_for_early_prediction,True
num__systolic_bp_noninvasive_vital_mean_value_missing,191320,47171,100.0,100.0,False,False,False,False,full_record_not_early_prediction,True,vital_sign_features,,,,,,,,,,,,,,,,,0,,full_record_only_not_for_early_prediction,True
num__heart_rate_vital_min_value_missing,191320,47171,100.0,100.0,False,False,False,False,full_record_not_early_prediction,True,vital_sign_features,,,,,,,,,,,,,,,,,0,,full_record_only_not_for_early_prediction,True
num__mean_bp_arterial_vital_min_value_missing,191320,47171,100.0,100.0,False,False,False,False,full_record_not_early_prediction,True,vital_sign_features,,,,,,,,,,,,,,,,,0,,full_record_only_not_for_early_prediction,True
num__mean_bp_noninvasive_vital_min_value_missing,191320,47171,100.0,100.0,False,False,False,False,full_record_not_early_prediction,True,vital_sign_features,,,,,,,,,,,,,,,,,0,,full_record_only_not_for_early_prediction,True
num__respiratory_rate_vital_min_value_missing,191320,47171,100.0,100.0,False,False,False,False,full_record_not_early_prediction,True,vital_sign_features,,,,,,,,,,,,,,,,,0,,full_record_only_not_for_early_prediction,True
num__spo2_vital_min_value_missing,191320,47171,100.0,100.0,False,False,False,False,full_record_not_early_prediction,True,vital_sign_features,,,,,,,,,,,,,,,,,0,,full_record_only_not_for_early_prediction,True
num__systolic_bp_arterial_vital_min_value_missing,191320,47171,100.0,100.0,False,False,False,False,full_record_not_early_prediction,True,vital_sign_features,,,,,,,,,,,,,,,,,0,,full_record_only_not_for_early_prediction,True
num__systolic_bp_noninvasive_vital_min_value_missing,191320,47171,100.0,100.0,False,False,False,False,full_record_not_early_prediction,True,vital_sign_features,,,,,,,,,,,,,,,,,0,,full_record_only_not_for_early_prediction,True
num__heart_rate_vital_value_change_missing,191320,47171,100.0,100.0,False,False,False,False,full_record_not_early_prediction,True,vital_sign_features,,,,,,,,,,,,,,,,,0,,full_record_only_not_for_early_prediction,True
num__mean_bp_arterial_vital_value_change_missing,191320,47171,100.0,100.0,False,False,False,False,full_record_not_early_prediction,True,vital_sign_features,,,,,,,,,,,,,,,,,0,,full_record_only_not_for_early_prediction,True
num__mean_bp_noninvasive_vital_value_change_missing,191320,47171,100.0,100.0,False,False,False,False,full_record_not_early_prediction,True,vital_sign_features,,,,,,,,,,,,,,,,,0,,full_record_only_not_for_early_prediction,True
num__respiratory_rate_vital_value_change_missing,191320,47171,100.0,100.0,False,False,False,False,full_record_not_early_prediction,True,vital_sign_features,,,,,,,,,,,,,,,,,0,,full_record_only_not_for_early_prediction,True
num__spo2_vital_value_change_missing,191320,47171,100.0,100.0,False,False,False,False,full_record_not_early_prediction,True,vital_sign_features,,,,,,,,,,,,,,,,,0,,full_record_only_not_for_early_prediction,True
num__systolic_bp_arterial_vital_value_change_missing,191320,47171,100.0,100.0,False,False,False,False,full_record_not_early_prediction,True,vital_sign_features,,,,,,,,,,,,,,,,,0,,full_record_only_not_for_early_prediction,True
num__systolic_bp_noninvasive_vital_value_change_missing,191320,47171,100.0,100.0,False,False,False,False,full_record_not_early_prediction,True,vital_sign_features,,,,,,,,,,,,,,,,,0,,full_record_only_not_for_early_prediction,True
num__last_order_hours_from_admission_missing,191320,47171,100.0,100.0,False,False,False,False,full_record_not_early_prediction,True,last_order_hours_from_admission_missing,,,,,,,,,,,,,,,,,0,,full_record_only_not_for_early_prediction,True
num__last_order_after_72h_flag,191320,47171,100.0,100.0,False,False,False,False,full_record_not_early_prediction,True,last_order_after_72h_flag,,,,,,,,,,,,,,,,,0,,full_record_only_not_for_early_prediction,True
num__late_discharge_planning_after_72h_flag,0,0,0.0,0.0,True,True,True,True,full_record_not_early_prediction,True,late_discharge_planning_after_72h_flag,,,,,,,,,,,,,,,,,0,,full_record_only_not_for_early_prediction; all_zero_in_training; very_rare_and_low_recorded_model_signal,True
num__cancelled_orders_last_24h_before_discharge,0,0,0.0,0.0,True,True,True,True,full_record_not_early_prediction,True,discharge_readiness_trajectory_features,,,,,,,,,,,,,,,,,0,,full_record_only_not_for_early_prediction; all_zero_in_training; very_rare_and_low_recorded_model_signal,True
cat__last_careunit_before_discharge_No transfer record,3,1,0.0015680535228935815,0.002119946577346251,False,False,True,True,full_record_not_early_prediction,True,icu_care_features,,,,,,,,,,,,,,,,,0,,full_record_only_not_for_early_prediction; very_rare_and_low_recorded_model_signal,True
cat__discharge_location_REHAB,4882,1244,2.5517457662554883,2.637213542218736,False,False,False,False,post_discharge_context,True,discharge_location,3.4950605822728235e-05,0.0018574885150381977,1.911440971256325e-05,0.0006686953069233114,0.0003847463,0.00349548957130304,0.00022324949,0.0012019832958128837,0.022717024042158,0.00448182320540907,0.0168037100810375,0.0025170244324236968,3.0,0.0028011204481792717,3.0,0.002898550724637681,8,0.002490271937465894,post_discharge_context_review,True
cat__discharge_location_SKILLED NURSING FACILITY,22542,5597,11.782354171022371,11.865340993406965,False,False,False,False,post_discharge_context,True,discharge_location,0.0001308413113822,0.006953705879024496,9.891881208734288e-05,0.0034605591490360927,0.0004286655,0.0038945034294739244,0.00026978078,0.0014525094372729382,0.0399431230140212,0.007880346267562585,0.0,0.0,3.0,0.0028011204481792717,3.0,0.002898550724637681,8,0.0036676619168983736,post_discharge_context_review,True
cat__discharge_location_CHRONIC/LONG TERM ACUTE CARE,3474,795,1.8158059795107673,1.6853575289902694,False,False,False,False,post_discharge_context,True,discharge_location,2.8055667602851312e-05,0.0014910494146609793,1.625817287207927e-05,0.000568773195834641,0.00039144777,0.0035563736356784485,0.0004981952,0.002682300902251372,0.0292842524405289,0.005777466357276956,0.0232458087124906,0.003481985121060475,7.0,0.006535947712418301,8.0,0.007729468599033816,8,0.003977920617276873,post_discharge_context_review,True
cat__discharge_location_HOME,58034,14459,30.3334727158687,30.65230756184944,False,False,False,False,post_discharge_context,True,discharge_location,0.0001814400285785,0.00964283054096881,0.0001405010511476,0.0049152652335604455,0.00048400255,0.00439725051549314,0.00021702367,0.0011684632566730953,0.0095372168820219,0.001881589765346941,0.1172299562345184,0.017559852117849984,0.0,0.0,0.0,0.0,8,0.004945656428736552,post_discharge_context_review,True
cat__discharge_location_OTHER FACILITY,897,224,0.46884800334518084,0.4748680333255602,False,False,False,True,post_discharge_context,True,discharge_location,7.202020938173954e-07,3.8275935031212825e-05,0.0,0.0,0.00011494567,0.0010443021563857552,0.00016763713,0.0009025643463642977,0.0256051632568216,0.005051621843149193,0.0269240401675719,0.004032946688232275,20.0,0.018674136321195144,13.0,0.012560386473429951,8,0.0052880292204734785,post_discharge_context_review,True
cat__discharge_location_grouped_Home health care,33080,8114,17.29040351243989,17.20124652858748,False,False,False,False,post_discharge_context,True,discharge_location,0.0001552123424836,0.008248931220756657,0.0001027810883505,0.003595676374733989,0.0007400952,0.0067238984582085335,0.00037965982,0.002044102146577473,0.0283515084846051,0.00559344606048956,0.0935666581876907,0.01401533135140316,5.0,0.004668534080298786,0.0,0.0,8,0.005611239961558521,post_discharge_context_review,True
cat__discharge_location_ACUTE HOSPITAL,1080,279,0.5644992682416893,0.591465095079604,False,False,False,False,post_discharge_context,True,discharge_location,8.105576734312307e-05,0.0043077982018712435,6.478984310539716e-05,0.0022665970161977285,0.00051920867,0.004717104469400021,0.00060635625,0.0032646438915123204,0.0585665460737902,0.011554546263060506,0.0606341054485152,0.009082370745273212,4.0,0.003734827264239029,14.0,0.01352657004830918,8,0.006556807237482905,post_discharge_context_review,True
cat__discharge_location_HOME HEALTH CARE,33080,8114,17.29040351243989,17.20124652858748,False,False,False,False,post_discharge_context,True,discharge_location,0.0001439018691539,0.007647823634349628,0.0001424325973236,0.004982838121367068,0.0006119716,0.005559872429529889,0.0004937333,0.002658277871929612,0.0765726872480775,0.015106963217192779,0.0403713488970435,0.006047216421475297,7.0,0.006535947712418301,11.0,0.010628019323671498,8,0.0073958698414917584,post_discharge_context_review,True
cat__discharge_location_Unknown,56081,13650,29.31266987246498,28.937270780776323,False,False,False,False,post_discharge_context,True,discharge_location,0.0001247905307739,0.006632130466456848,0.0001710121454288,0.005982660244012857,0.0035650893,0.032389479688080314,0.0012538495,0.006750770872817386,0.0057791689907917,0.001140167552001687,0.0,0.0,3.0,0.0028011204481792717,4.0,0.003864734299516908,8,0.007445132946383159,post_discharge_context_review,True
cat__last_service_PSYCH,7672,1880,4.010035542546519,3.9854995654109517,False,False,False,False,post_discharge_context,True,last_service,0.0002659449846891,0.014133939686126215,0.0004261041369308,0.01490675573616886,0.0013820552,0.012556220913794719,0.001274275,0.006860742500562766,0.0539507617984428,0.010643901935791964,0.0146196072505084,0.0021898680984441432,0.0,0.0,0.0,0.0,8,0.007661428608861083,post_discharge_context_review,True
cat__last_icu_careunit_Medical/Surgical Intensive Care Unit (MICU/SICU),5738,1436,2.99916370478779,3.044243285069216,False,False,False,False,post_discharge_context,True,last_icu_careunit,3.3178723731871064e-05,0.001763319886017502,2.4369510994717795e-05,0.00085253888972952,0.0004234471,0.003847093323700619,0.00030580434,0.0016464615819148506,0.0612235594877333,0.012078746279470849,0.0452814402570071,0.006782698041835282,22.0,0.02054154995331466,25.0,0.024154589371980676,8,0.008958374665995495,post_discharge_context_review,True
cat__discharge_location_AGAINST ADVICE,2048,527,1.070457871628685,1.1172118462614742,False,False,False,False,post_discharge_context,True,discharge_location,6.315666692331108e-05,0.0033565307580979077,5.9148844401165536e-05,0.0020692532626314913,0.0011655311,0.010589060388831189,0.00059209974,0.0031878863281396587,0.0774948965569567,0.015288905142028917,0.1026456953226145,0.015375278540522619,11.0,0.01027077497665733,14.0,0.01352657004830918,8,0.009208032430652286,post_discharge_context_review,True
cat__last_service_NMED,8058,2035,4.21179176249216,4.314091284899621,False,False,False,False,post_discharge_context,True,last_service,0.0001023505050719,0.005439530537573175,0.0001128232548623,0.003946989845500992,0.00094261544,0.00856383138777222,0.0006465078,0.003480821283008246,0.0850302967608654,0.01677555812233338,0.0913310920731252,0.013680466342216306,18.0,0.01680672268907563,14.0,0.01352657004830918,8,0.01027756128197364,post_discharge_context_review,True
cat__discharge_location_grouped_Psych facility,2362,571,1.2345808070248798,1.2104894956647092,False,False,False,False,post_discharge_context,True,discharge_location,0.0008092188027257,0.04300682625760036,0.0012846464101412,0.04494185478051588,0.0,0.0,0.00054050767,0.002910112764865633,0.0,0.0,0.1321162465093088,0.019789666614118972,0.0,0.0,0.0,0.0,8,0.013831057552137606,post_discharge_context_review,True
cat__last_service_TRAUM,2417,570,1.2633284549445953,1.208369549087363,False,False,False,False,post_discharge_context,True,last_service,1.50965578990201e-05,0.000802323228852406,3.2590394235117734e-05,0.0011401368916707873,0.0007979346,0.007249379845581005,0.00044472763,0.0023944295794201035,0.0859007056673047,0.01694728038788343,0.0383243888780902,0.0057406026823038445,47.0,0.04388422035480859,40.0,0.03864734299516908,8,0.014600714495711153,post_discharge_context_review,True
cat__last_service_MED,114280,28269,59.73238553209283,59.928769795001166,False,False,False,False,post_discharge_context,True,last_service,0.0003050539791665,0.01621243035506971,0.0003010908589006,0.010533312162499453,0.001108377,0.010069805075635945,0.0005354965,0.0028831324450786597,0.124748973715711,0.02461162360934526,0.0845496113571328,0.012664669677798425,26.0,0.02427637721755369,38.0,0.03671497584541063,8,0.01724579079854897,post_discharge_context_review,True
cat__last_service_VSURG,3082,766,1.6109136525193393,1.623879078247228,False,False,False,False,post_discharge_context,True,last_service,7.78731983166507e-05,0.004138657058940198,7.124173387705546e-05,0.002492308881992572,0.0009307885,0.008456381503444736,0.0004987431,0.0026852508155872363,0.1315978388063252,0.025962830635268486,0.1494585643876964,0.022387369002713427,69.0,0.06442577030812324,55.0,0.05314009661835749,8,0.022961083103053424,post_discharge_context_review,True
cat__discharge_location_grouped_Other,4432,1136,2.316537737821451,2.408259311865341,False,False,False,False,post_discharge_context,True,discharge_location,0.0001491487186657,0.007926673241642115,0.0001308860578473,0.004578895918855226,0.00079352467,0.007209314835663621,0.0006067933,0.003266996984455265,0.0869156177460076,0.01714751156681511,0.1165488454542589,0.01745782866785992,80.0,0.07469654528478058,56.0,0.05410628019323672,8,0.023298755836663573,post_discharge_context_review,True
cat__discharge_location_PSYCH FACILITY,2362,571,1.2345808070248798,1.2104894956647092,False,False,False,False,post_discharge_context,True,discharge_location,0.000833320694231,0.04428774787849765,0.0011868983752222,0.04152225390378307,0.0031245658,0.028387244188573458,0.0031454687,0.016935316783488582,0.1027563254647479,0.020272711914897705,0.3889933251238998,0.05826723376354147,0.0,0.0,0.0,0.0,8,0.02620906355409774,post_discharge_context_review,True
cat__discharge_location_grouped_Unknown / not modelled,62514,15255,32.67509931005645,32.33978503741706,False,False,False,False,post_discharge_context,True,discharge_location,0.0013861637232143,0.07366920072552158,0.0018691175493189,0.06538889519021099,0.002959753,0.02688989015653402,0.001535168,0.008265399810169657,0.0,0.0,0.0889004742122329,0.013316384570259574,11.0,0.01027077497665733,17.0,0.01642512077294686,8,0.0267782082752875,post_discharge_context_review,True
cat__discharge_location_grouped_Facility / rehab / long-term care,30898,7636,16.149905916788626,16.187912064615972,False,False,False,False,post_discharge_context,True,discharge_location,0.0002144487384488,0.011397114852699923,0.000186386402302,0.006520510670635509,0.00055231934,0.005017920881887565,0.0006108772,0.0032889848491611156,0.1551384828885836,0.030607145168824748,0.1906802361222288,0.02856195511499425,110.0,0.10270774976657329,117.0,0.11304347826086956,8,0.037643107445705745,post_discharge_context_review,True
cat__last_service_OMED,8522,2028,4.4543173740330335,4.299251658858196,False,False,False,False,post_discharge_context,True,last_service,0.0017880352191598,0.09502710484959138,0.0028281075430275,0.09893804045928359,0.004328592,0.03932603950817921,0.004720233,0.025413904499153546,0.4387694335706707,0.08656446485031846,0.5582586413410126,0.08362145223230541,123.0,0.11484593837535013,111.0,0.1072463768115942,8,0.08137291519822198,post_discharge_context_review,True
cat__discharge_location_Unknown / not modelled,6433,1605,3.36242943759147,3.4025142566407327,False,False,False,False,post_discharge_context,True,discharge_location,0.0085322648812728,0.4534566326149834,0.0126456066807123,0.44239178545139735,0.0041675055,0.03786253958413131,0.0030137734,0.016226264544502208,5.068701508515784,1.0,6.676021839349747,1.0,510.0,0.47619047619047616,470.0,0.45410628019323673,8,0.4850292473223409,post_discharge_context_review,True
cat__last_service_ENT,379,106,0.19809742839222244,0.2247143371987026,False,False,False,True,post_discharge_context,True,last_service,,,,,,,,,,,,,,,,,0,,post_discharge_context_review,True
cat__discharge_location_ASSISTED LIVING,388,99,0.2028015889609032,0.20987471115727885,False,False,False,True,post_discharge_context,True,discharge_location,,,,,,,,,,,,,,,,,0,,post_discharge_context_review,True
cat__last_icu_careunit_Neuro Stepdown,467,117,0.2440936650637675,0.24803374954951135,False,False,False,True,post_discharge_context,True,last_icu_careunit,,,,,,,,,,,,,,,,,0,,post_discharge_context_review,True
cat__last_icu_careunit_Neuro Surgical Intensive Care Unit (Neuro SICU),641,150,0.3350407693915952,0.3179919866019376,False,False,False,True,post_discharge_context,True,last_icu_careunit,,,,,,,,,,,,,,,,,0,,post_discharge_context_review,True
cat__last_service_PSURG,1012,260,0.5289567217227681,0.5511861101100253,False,False,False,False,post_discharge_context,True,last_service,,,,,,,,,,,,,,,,,0,,post_discharge_context_review,True
cat__last_service_GU,1294,278,0.6763537528747648,0.5893451485022577,False,False,False,False,post_discharge_context,True,last_service,,,,,,,,,,,,,,,,,0,,post_discharge_context_review,True
cat__last_service_TSURG,1368,330,0.7150324064394732,0.6995823705242628,False,False,False,False,post_discharge_context,True,last_service,,,,,,,,,,,,,,,,,0,,post_discharge_context_review,True
cat__last_service_GYN,1535,387,0.8023207192138825,0.8204193254329991,False,False,False,False,post_discharge_context,True,last_service,,,,,,,,,,,,,,,,,0,,post_discharge_context_review,True
cat__last_icu_careunit_Neuro Intermediate,1799,465,0.9403094292285177,0.9857751584660066,False,False,False,False,post_discharge_context,True,last_icu_careunit,,,,,,,,,,,,,,,,,0,,post_discharge_context_review,True
cat__last_service_OBS,2612,568,1.3652519339326783,1.2041296559326704,False,False,False,False,post_discharge_context,True,last_service,,,,,,,,,,,,,,,,,0,,post_discharge_context_review,True
cat__last_service_CSURG,3303,782,1.7264269287058331,1.6577982234847681,False,False,False,False,post_discharge_context,True,last_service,,,,,,,,,,,,,,,,,0,,post_discharge_context_review,True
cat__last_icu_careunit_Coronary Care Unit (CCU),3340,794,1.7457662554881874,1.683237582412923,False,False,False,False,post_discharge_context,True,last_icu_careunit,,,,,,,,,,,,,,,,,0,,post_discharge_context_review,True
cat__last_icu_careunit_Trauma SICU (TSICU),3703,910,1.9355007317583106,1.9291513853850883,False,False,False,False,post_discharge_context,True,last_icu_careunit,,,,,,,,,,,,,,,,,0,,post_discharge_context_review,True
cat__last_icu_careunit_Cardiac Vascular Intensive Care Unit (CVICU),3834,939,2.003972402257997,1.9906298361281296,False,False,False,False,post_discharge_context,True,last_icu_careunit,,,,,,,,,,,,,,,,,0,,post_discharge_context_review,True
cat__last_icu_careunit_Surgical Intensive Care Unit (SICU),4225,1053,2.208342044741794,2.232303745945602,False,False,False,False,post_discharge_context,True,last_icu_careunit,,,,,,,,,,,,,,,,,0,,post_discharge_context_review,True
cat__last_service_NSURG,4271,1064,2.2323855320928288,2.255623158296411,False,False,False,False,post_discharge_context,True,last_service,,,,,,,,,,,,,,,,,0,,post_discharge_context_review,True
cat__last_service_ORTHO,7000,1800,3.658791553418357,3.8159038392232514,False,False,False,False,post_discharge_context,True,last_service,,,,,,,,,,,,,,,,,0,,post_discharge_context_review,True
cat__last_icu_careunit_Medical Intensive Care Unit (MICU),8567,2174,4.477838176876437,4.608763859150749,False,False,False,False,post_discharge_context,True,last_icu_careunit,,,,,,,,,,,,,,,,,0,,post_discharge_context_review,True
cat__last_service_SURG,11376,2762,5.94605895881246,5.855292446630345,False,False,False,False,post_discharge_context,True,last_service,,,,,,,,,,,,,,,,,0,,post_discharge_context_review,True
cat__last_service_CMED,13119,3281,6.857098055613632,6.955544720273049,False,False,False,False,post_discharge_context,True,last_service,,,,,,,,,,,,,,,,,0,,post_discharge_context_review,True
cat__discharge_location_grouped_Home,58034,14459,30.3334727158687,30.65230756184944,False,False,False,False,post_discharge_context,True,discharge_location,,,,,,,,,,,,,,,,,0,,post_discharge_context_review,True
cat__last_icu_careunit_No ICU,158904,39101,83.05665900062722,82.89203112081576,False,False,False,False,post_discharge_context,True,last_icu_careunit,,,,,,,,,,,,,,,,,0,,post_discharge_context_review,True
num__same_first_last_service,191320,47171,100.0,100.0,False,False,False,False,post_discharge_context,True,service_transfer_features,,,,,,,,,,,,,,,,,0,,post_discharge_context_review,True
cat__last_icu_careunit_Med/Surg,1,0,0.0005226845076311938,0.0,False,True,True,True,post_discharge_context,True,last_icu_careunit,,,,,,,,,,,,,,,,,0,,post_discharge_context_review; very_rare_and_low_recorded_model_signal,True
cat__last_icu_careunit_Medicine,3,5,0.0015680535228935815,0.010599732886731255,False,False,True,True,post_discharge_context,True,last_icu_careunit,,,,,,,,,,,,,,,,,0,,post_discharge_context_review; very_rare_and_low_recorded_model_signal,True
cat__last_service_EYE,3,0,0.0015680535228935815,0.0,False,True,True,True,post_discharge_context,True,last_service,,,,,,,,,,,,,,,,,0,,post_discharge_context_review; very_rare_and_low_recorded_model_signal,True
cat__last_icu_careunit_Surgery/Trauma,5,1,0.0026134225381559692,0.002119946577346251,False,False,True,True,post_discharge_context,True,last_icu_careunit,,,,,,,,,,,,,,,,,0,,post_discharge_context_review; very_rare_and_low_recorded_model_signal,True
cat__last_icu_careunit_Intensive Care Unit (ICU),6,4,0.003136107045787163,0.008479786309385003,False,False,True,True,post_discharge_context,True,last_icu_careunit,,,,,,,,,,,,,,,,,0,,post_discharge_context_review; very_rare_and_low_recorded_model_signal,True
cat__last_service_Unknown,7,3,0.0036587915534183565,0.0063598397320387525,False,False,True,True,post_discharge_context,True,last_service,,,,,,,,,,,,,,,,,0,,post_discharge_context_review; very_rare_and_low_recorded_model_signal,True
cat__last_service_DENT,10,2,0.0052268450763119385,0.004239893154692502,False,False,True,True,post_discharge_context,True,last_service,,,,,,,,,,,,,,,,,0,,post_discharge_context_review; very_rare_and_low_recorded_model_signal,True
cat__discharge_location_HEALTHCARE FACILITY,19,7,0.009931005644992682,0.014839626041423757,False,False,True,True,post_discharge_context,True,discharge_location,,,,,,,,,,,,,,,,,0,,post_discharge_context_review; very_rare_and_low_recorded_model_signal,True
cat__last_icu_careunit_PACU,35,8,0.018293957767091782,0.016959572618770007,False,False,True,True,post_discharge_context,True,last_icu_careunit,,,,,,,,,,,,,,,,,0,,post_discharge_context_review; very_rare_and_low_recorded_model_signal,True
cat__last_icu_careunit_Surgery/Vascular/Intermediate,52,14,0.027179594396822077,0.029679252082847513,False,False,True,True,post_discharge_context,True,last_icu_careunit,,,,,,,,,,,,,,,,,0,,post_discharge_context_review; very_rare_and_low_recorded_model_signal,True
cat__first_icu_careunit_Med/Surg,1,0,0.0005226845076311938,0.0,False,True,True,True,,False,first_icu_careunit,,,,,,,,,,,,,,,,,0,,very_rare_and_low_recorded_model_signal,True
cat__first_icu_careunit_Medicine,3,5,0.0015680535228935815,0.010599732886731255,False,False,True,True,,False,first_icu_careunit,,,,,,,,,,,,,,,,,0,,very_rare_and_low_recorded_model_signal,True
cat__first_icu_careunit_Intensive Care Unit (ICU),7,6,0.0036587915534183565,0.012719679464077505,False,False,True,True,,False,first_icu_careunit,,,,,,,,,,,,,,,,,0,,very_rare_and_low_recorded_model_signal,True
cat__first_icu_careunit_Surgery/Trauma,7,0,0.0036587915534183565,0.0,False,True,True,True,,False,first_icu_careunit,,,,,,,,,,,,,,,,,0,,very_rare_and_low_recorded_model_signal,True
cat__first_service_Unknown,7,3,0.0036587915534183565,0.0063598397320387525,False,False,True,True,,False,first_service,,,,,,,,,,,,,,,,,0,,very_rare_and_low_recorded_model_signal,True
cat__first_service_DENT,12,4,0.006272214091574326,0.008479786309385003,False,False,True,True,,False,first_service,,,,,,,,,,,,,,,,,0,,very_rare_and_low_recorded_model_signal,True
cat__first_service_EYE,13,4,0.006794898599205519,0.008479786309385003,False,False,True,True,,False,first_service,,,,,,,,,,,,,,,,,0,,very_rare_and_low_recorded_model_signal,True
cat__language_Bengali,14,7,0.007317583106836713,0.014839626041423757,False,False,True,True,,False,language,,,,,,,,,,,,,,,,,0,,very_rare_and_low_recorded_model_signal,True
cat__language_Armenian,27,15,0.014112481706042233,0.03179919866019376,False,False,True,True,,False,language,,,,,,,,,,,,,,,,,0,,very_rare_and_low_recorded_model_signal,True
cat__insurance_No charge,34,7,0.01777127325946059,0.014839626041423757,False,False,True,True,,False,insurance,,,,,,,,,,,,,,,,,0,,very_rare_and_low_recorded_model_signal,True
cat__first_icu_careunit_PACU,35,10,0.018293957767091782,0.02119946577346251,False,False,True,True,,False,first_icu_careunit,,,,,,,,,,,,,,,,,0,,very_rare_and_low_recorded_model_signal,True
cat__language_Japanese,37,9,0.01933932678235417,0.01907951919611626,False,False,True,True,,False,language,,,,,,,,,,,,,,,,,0,,very_rare_and_low_recorded_model_signal,True
cat__language_Hindi,38,17,0.019862011289985364,0.036039091814886265,False,False,True,True,,False,language,,,,,,,,,,,,,,,,,0,,very_rare_and_low_recorded_model_signal,True
cat__language_Somali,40,17,0.020907380305247754,0.036039091814886265,False,False,True,True,,False,language,,,,,,,,,,,,,,,,,0,,very_rare_and_low_recorded_model_signal,True
cat__language_Amharic,49,5,0.025611540873928498,0.010599732886731255,False,False,True,True,,False,language,,,,,,,,,,,,,,,,,0,,very_rare_and_low_recorded_model_signal,True
cat__first_icu_careunit_Surgery/Vascular/Intermediate,52,14,0.027179594396822077,0.029679252082847513,False,False,True,True,,False,first_icu_careunit,,,,,,,,,,,,,,,,,0,,very_rare_and_low_recorded_model_signal,True
cat__language_French,57,12,0.02979301693497805,0.02543935892815501,False,False,True,True,,False,language,,,,,,,,,,,,,,,,,0,,very_rare_and_low_recorded_model_signal,True
cat__language_Thai,60,5,0.03136107045787163,0.010599732886731255,False,False,True,True,,False,language,,,,,,,,,,,,,,,,,0,,very_rare_and_low_recorded_model_signal,True
cat__language_Khmer,78,7,0.040769391595233115,0.014839626041423757,False,False,True,True,,False,language,,,,,,,,,,,,,,,,,0,,very_rare_and_low_recorded_model_signal,True
cat__language_Korean,86,19,0.044950867656282666,0.04027898496957877,False,False,True,True,,False,language,,,,,,,,,,,,,,,,,0,,very_rare_and_low_recorded_model_signal,True
