processed_feature_name,train_nonzero_count,test_nonzero_count,train_nonzero_percent,test_nonzero_percent,all_zero_train,all_zero_test,very_rare_train,rare_train,timing_or_leakage_flags,has_timing_or_leakage_flag,feature_family,random_forest_importance,random_forest_importance_normalised,regularised_random_forest_importance,regularised_random_forest_importance_normalised,xgboost_importance,xgboost_importance_normalised,targeted_xgboost_importance,targeted_xgboost_importance_normalised,catboost_importance,catboost_importance_normalised,targeted_catboost_importance,targeted_catboost_importance_normalised,lightgbm_importance,lightgbm_importance_normalised,targeted_lightgbm_importance,targeted_lightgbm_importance_normalised,available_model_signal_count,mean_available_model_signal,removal_review_reason,review_for_removal
num__anchor_age,191320,47171,100.0,100.0,False,False,False,False,,False,anchor_age,0.0055747658039197,0.29627708049840645,0.0050369696862148,0.17621250359999446,0.00051525654,0.004681198655102564,0.00041266807,0.0022218197535651333,0.8328057317778773,0.16430356579070668,0.5952735851252127,0.08916591339119902,955.0,0.8916900093370682,988.0,0.9545893719806763,8,0.32239268287583983,,False
num__hospital_los_days,191320,47171,100.0,100.0,False,False,False,False,full_record_not_early_prediction,True,hospital_los_days,0.0035091660589898,0.18649850262957748,0.0032301078273363,0.11300155105372522,0.00032289757,0.002933582697310132,0.00031065245,0.001672563980788252,0.1258646124988548,0.02483172707791003,0.3205887618003,0.04802092765944663,256.0,0.23902894491129786,281.0,0.2714975845410628,8,0.1109356730688898,full_record_only_not_for_early_prediction,True
num__discharged_against_advice,191320,47171,100.0,100.0,False,False,False,False,,False,ed_timing_features,6.605260063050895e-05,0.0035104383506791496,5.4251094525518976e-05,0.0018979112015592903,0.0013448831,0.012218505676784166,0.0008168302,0.00439784321977845,0.0538542532093121,0.010624861834699295,0.0520214964031008,0.007792289728064725,103.0,0.096171802054155,83.0,0.08019323671497584,8,0.02710086109758699,,False
num__not_married_flag,191320,47171,100.0,100.0,False,False,False,False,,False,ed_timing_features,0.0004082738473111,0.021698164152498495,0.0003133453171206,0.010962020075734975,0.00044608177,0.004052733385567064,0.0002826873,0.0015219986058577126,0.0675015360239444,0.01331732316660134,0.0711158519956193,0.010652429501720457,92.0,0.08590102707749767,87.0,0.08405797101449275,8,0.029020458372496307,,False
num__single_or_divorced_or_widowed,191320,47171,100.0,100.0,False,False,False,False,,False,ed_timing_features,0.000402681775631,0.02140096733211316,0.0003069515006072,0.010738339870061179,0.00050579454,0.004595234677479727,0.00037432255,0.0020153660926440766,0.0927190561738177,0.01829246721631625,0.0577653769477163,0.00865266446661935,12.0,0.011204481792717087,7.0,0.00676328502415459,8,0.010457850809013177,,False
num__non_english_language_flag,191320,47171,100.0,100.0,False,False,False,False,,False,non_english_language_flag,,,,,,,,,,,,,,,,,0,,,False
num__public_insurance_flag,191320,47171,100.0,100.0,False,False,False,False,,False,public_insurance_flag,0.0007830646858244,0.04161683685336694,0.0008290574972499,0.029003608582074843,0.0010549204,0.00958414221723466,0.0004997596,0.0026907236882025057,0.3166006159524871,0.062461878139909256,0.2880027301583978,0.04313987238041295,126.0,0.11764705882352941,120.0,0.11594202898550725,8,0.05276076870877972,,False
num__medicaid_flag,191320,47171,100.0,100.0,False,False,False,False,,False,medication_features,0.0004896633125367,0.026023697096575274,0.0004165046471346,0.014570928793453591,0.0003146939,0.0028590508748301976,0.0002716064,0.0014623386411134573,0.0148493256186995,0.002929611379512398,0.0752229686838089,0.011267633703717141,53.0,0.04948646125116713,103.0,0.09951690821256039,8,0.026014578744116196,,False
num__medicare_flag,191320,47171,100.0,100.0,False,False,False,False,,False,medication_features,,,,,,,,,,,,,,,,,0,,,False
num__insurance_missing_flag,191320,47171,100.0,100.0,False,False,False,False,,False,insurance_missing_flag,,,,,,,,,,,,,,,,,0,,,False
num__admitted_from_facility_flag,191320,47171,100.0,100.0,False,False,False,False,,False,ed_timing_features,,,,,,,,,,,,,,,,,0,,,False
num__admitted_from_hospital_transfer_flag,191320,47171,100.0,100.0,False,False,False,False,,False,service_transfer_features,0.0001313489960976,0.006980687343463167,8.572575546654427e-05,0.0029990154666014184,0.00052741874,0.004791694437034974,0.00044956125,0.0024204539636115616,0.0938010906575026,0.018505940919959482,0.0725214265497422,0.010862970238097047,64.0,0.059757236227824466,42.0,0.04057971014492753,8,0.01836221359268996,,False
num__emergency_room_admission_flag,191320,47171,100.0,100.0,False,False,False,False,,False,emergency_room_admission_flag,0.0003624520025586,0.019262911647940105,0.0003195703463231,0.011179795454403162,0.0005722471,0.005198968177883473,0.0004918327,0.002648044973068244,0.089264538580987,0.017610928248786427,0.1389214152655043,0.020809011505426026,75.0,0.0700280112044818,96.0,0.0927536231884058,8,0.029936411800049377,,False
num__transfer_from_hospital_flag,191320,47171,100.0,100.0,False,False,False,False,,False,service_transfer_features,,,,,,,,,,,,,,,,,0,,,False
num__transfer_from_snf_flag,191320,47171,100.0,100.0,False,False,False,False,,False,service_transfer_features,,,,,,,,,,,,,,,,,0,,,False
num__internal_transfer_from_psych_flag,191320,47171,100.0,100.0,False,False,False,False,,False,psychiatric_features,6.942322354787259e-05,0.003689573825162286,8.545113832976888e-05,0.002989408306698294,0.00018042208,0.0016391671578720908,0.000180875,0.0009738375152846052,0.0013748533128131,0.00027124369239404754,0.0,0.0,9.0,0.008403361344537815,3.0,0.002898550724637681,8,0.0026081428208233524,,False
num__discharged_home_flag,191320,47171,100.0,100.0,False,False,False,False,,False,ed_timing_features,0.0002007108548979,0.010666999871398663,0.0001718551226294,0.0060121508171648,0.000489472,0.004446941455823855,0.0005271365,0.0028381219039437366,0.0345064761017627,0.006807754617980429,0.0,0.0,13.0,0.012138188608776844,14.0,0.01352657004830918,8,0.007054590915424689,,False
num__discharged_to_facility_flag,191320,47171,100.0,100.0,False,False,False,False,,False,ed_timing_features,0.0002129497429936,0.01131744908506628,0.0002443383653278,0.00854789243575877,0.0002680737,0.0024354979442053628,0.00040439304,0.002177266693970908,0.0295898428973993,0.0058377560500823,0.0517517548712009,0.0077518851969845546,12.0,0.011204481792717087,9.0,0.008695652173913044,8,0.007245985171587288,,False
num__discharged_to_psych_facility_flag,191320,47171,100.0,100.0,False,False,False,False,,False,psychiatric_features,0.0008352184082893,0.04438860398628582,0.0011490895123835,0.040199554980795756,0.0016055233,0.014586468931953452,0.0020627205,0.011105761473098098,0.2708216063549734,0.05343017455258976,0.3713891749916879,0.055630311573076234,122.0,0.11391223155929038,110.0,0.10628019323671498,8,0.05494166253672556,,False
num__los_under_2_days,191320,47171,100.0,100.0,False,False,False,False,,False,los_under_2_days,,,,,,,,,,,,,,,,,0,,,False
num__los_under_7_days,191320,47171,100.0,100.0,False,False,False,False,,False,los_under_7_days,,,,,,,,,,,,,,,,,0,,,False
num__los_7_to_30_days,191320,47171,100.0,100.0,False,False,False,False,,False,los_7_to_30_days,,,,,,,,,,,,,,,,,0,,,False
num__los_30plus_days,191320,47171,100.0,100.0,False,False,False,False,,False,los_30plus_days,,,,,,,,,,,,,,,,,0,,,False
num__los_60plus_days,191320,47171,100.0,100.0,False,False,False,False,,False,los_60plus_days,,,,,,,,,,,,,,,,,0,,,False
num__previous_total_admissions,191320,47171,100.0,100.0,False,False,False,False,,False,prior_utilisation_features,0.0017144110760008,0.09111426851590933,0.0017369662678246,0.060765736899266856,0.00042612205,0.003871395727203283,0.0003609357,0.0019432908100373723,0.1227460532891229,0.02421646906666346,0.2379750032263454,0.03564622898979679,164.0,0.1531279178338002,191.0,0.18454106280193236,8,0.06940329633057621,,False
num__previous_psych_admissions_from_all_hosp,191320,47171,100.0,100.0,False,False,False,False,,False,prior_utilisation_features,0.0041939666749518,0.22289298705403102,0.0043027986915443,0.1505283885267099,0.0014084564,0.012796080580463082,0.0008836432,0.004757566818444437,0.4456208027983258,0.08791616591540273,0.4680896944099088,0.07011506338264185,263.0,0.24556489262371614,292.0,0.2821256038647343,8,0.13458709359576793,,False
num__previous_nonpsych_admissions,191320,47171,100.0,100.0,False,False,False,False,,False,prior_utilisation_features,0.0006121702634715,0.03253446419251388,0.000459775746917,0.016084717698526766,0.0003111474,0.0028268302822874593,0.00025360048,0.001365394119243584,0.0835695301951826,0.016487364674124084,0.1233769121264743,0.018480603433509945,118.0,0.11017740429505135,121.0,0.11690821256038647,8,0.03935812390695544,,False
num__icu_stay_count,191320,47171,100.0,100.0,False,False,False,False,full_record_not_early_prediction,True,icu_care_features,,,,,,,,,,,,,,,,,0,,full_record_only_not_for_early_prediction,True
num__total_icu_los_days,191320,47171,100.0,100.0,False,False,False,False,full_record_not_early_prediction,True,icu_care_features,,,,,,,,,,,,,,,,,0,,full_record_only_not_for_early_prediction,True
num__had_icu_stay,191320,47171,100.0,100.0,False,False,False,False,,False,icu_care_features,,,,,,,,,,,,,,,,,0,,,False
num__num_service_records,191320,47171,100.0,100.0,False,False,False,False,,False,service_transfer_features,,,,,,,,,,,,,,,,,0,,,False
num__num_unique_services,191320,47171,100.0,100.0,False,False,False,False,,False,service_transfer_features,,,,,,,,,,,,,,,,,0,,,False
num__num_service_transfers,191320,47171,100.0,100.0,False,False,False,False,full_record_not_early_prediction,True,service_transfer_features,,,,,,,,,,,,,,,,,0,,full_record_only_not_for_early_prediction,True
num__had_service_transfer,191320,47171,100.0,100.0,False,False,False,False,,False,service_transfer_features,,,,,,,,,,,,,,,,,0,,,False
num__num_transfer_events,191320,47171,100.0,100.0,False,False,False,False,full_record_not_early_prediction,True,service_transfer_features,0.0007596513011967,0.040372506690258776,0.0006057141029948,0.02119020069678993,0.000296199,0.0026910213705249124,0.000283908,0.0015285708986284543,0.0385316933256242,0.007601886451764456,0.0351152310926029,0.005259903567964237,67.0,0.06255835667600373,78.0,0.07536231884057971,8,0.027070595649064277,full_record_only_not_for_early_prediction,True
num__num_careunit_transfers,191320,47171,100.0,100.0,False,False,False,False,full_record_not_early_prediction,True,icu_care_features,0.0005579683810935,0.029653845340833918,0.0003463348605967,0.012116120737578137,0.0002290883,0.0020813085494455494,0.0001660444,0.0008939890306726917,0.0171532876168242,0.003384158169110065,7.466627399924115e-06,1.1184246516262707e-06,43.0,0.040149393090569564,42.0,0.04057971014492753,8,0.016107455435973632,full_record_only_not_for_early_prediction,True
num__had_ed_transfer_record,191320,47171,100.0,100.0,False,False,False,False,,False,service_transfer_features,,,,,,,,,,,,,,,,,0,,,False
num__had_unknown_transfer_careunit,191320,47171,100.0,100.0,False,False,False,False,,False,icu_care_features,,,,,,,,,,,,,,,,,0,,,False
num__num_unique_careunits,191320,47171,100.0,100.0,False,False,False,False,,False,icu_care_features,0.0012171136064438,0.0646848457200678,0.0016309141412666,0.057055627071917046,0.0014596933,0.013261577063771426,0.0009692489,0.005218470990840839,0.5271302851169841,0.10399710541868903,0.6981947852507956,0.10458245974204312,231.0,0.21568627450980393,240.0,0.2318840579710145,8,0.09954630231101846,,False
num__num_procedures,191320,47171,100.0,100.0,False,False,False,False,full_record_not_early_prediction,True,procedure_features,0.0010805467435479,0.05742684908760403,0.0009514118899361,0.03328403415634396,0.0004811126,0.004370994798189069,0.00057685707,0.003105819243804603,0.1856808286023528,0.036632819725208834,0.4072224727259304,0.06099777420224772,145.0,0.1353874883286648,126.0,0.12173913043478261,8,0.0566181137471057,full_record_only_not_for_early_prediction,True
num__num_unique_procedure_codes,191320,47171,100.0,100.0,False,False,False,False,,False,procedure_features,0.0010358384421819,0.05505077707513528,0.0009514357008044,0.033284867151771265,0.00040594142,0.003688051061621508,0.00031252956,0.0016826704086434884,0.189170637162613,0.03732132121901294,0.2822816240001765,0.04228290901272293,67.0,0.06255835667600373,55.0,0.05314009661835749,8,0.03612613115290858,,False
num__had_procedure,191320,47171,100.0,100.0,False,False,False,False,,False,procedure_features,,,,,,,,,,,,,,,,,0,,,False
num__drg_severity,191320,47171,100.0,100.0,False,False,False,False,,False,drg_severity,0.0005450982677635,0.02896984896552162,0.0004683614033758,0.01638507686562581,0.00037094843,0.0033701334322285507,0.00037534867,0.002020890759685867,0.0711109742316359,0.0140294262962939,0.0736169248315416,0.011027064710548038,68.0,0.06349206349206349,88.0,0.08502415458937199,8,0.028039832388917406,,False
num__drg_mortality,191320,47171,100.0,100.0,False,False,False,False,,False,drg_mortality,0.0006348260214832,0.033738529453060835,0.0004791854914549,0.016763744949498754,0.00040753538,0.0037025324758861136,0.00042862454,0.002307729962811925,0.0184530530111107,0.003640587827100933,0.0533093170761791,0.007985192133729073,57.0,0.05322128851540616,45.0,0.043478260869565216,8,0.020604733273382376,,False
num__drg_code_count,191320,47171,100.0,100.0,False,False,False,False,,False,drg_code_count,,,,,,,,,,,,,,,,,0,,,False
num__num_total_diagnoses,191320,47171,100.0,100.0,False,False,False,False,,False,diagnosis_features,0.0025907289953176,0.13768715136976267,0.0019436747269039,0.06799719099940717,0.0002804128,0.00254760089456321,0.00020064569,0.0010802836224031247,0.1318930977437233,0.02602108203099618,0.1098651915317145,0.016456685459617298,242.0,0.22595704948646125,313.0,0.30241545893719807,8,0.09752031285005112,,False
num__num_psych_diagnoses,191320,47171,100.0,100.0,False,False,False,False,,False,psychiatric_features,0.0011566623442747,0.06147209668309271,0.001281753249667,0.044840640939211536,0.0006228939,0.00565910349619549,0.0004949595,0.0026648797768984685,0.2680463583200016,0.05288264812391584,0.1113176969903763,0.01667425596696652,150.0,0.1400560224089636,151.0,0.14589371980676327,8,0.05876792090025093,,False
num__num_nonpsych_diagnoses,191320,47171,100.0,100.0,False,False,False,False,,False,psychiatric_features,0.0024900064982498,0.13233414311410194,0.0019825307013034,0.06935652189780266,0.0003843321,0.003491726489551679,0.00042456368,0.002285866146295996,0.0575256090078773,0.011349180635559251,0.0747189001317537,0.011192129374314842,234.0,0.2184873949579832,233.0,0.2251207729468599,8,0.08420221694530867,,False
num__has_anxiety_ptsd,191320,47171,100.0,100.0,False,False,False,False,,False,has_anxiety_ptsd,,,,,,,,,,,,,,,,,0,,,False
num__has_bipolar_disorder,191320,47171,100.0,100.0,False,False,False,False,,False,psychiatric_features,,,,,,,,,,,,,,,,,0,,,False
num__has_cognitive_delirium,191320,47171,100.0,100.0,False,False,False,False,,False,has_cognitive_delirium,0.0002175077133299,0.011559687448386908,0.0001883426947214,0.006588949276875209,0.0006912948,0.006280538017119387,0.00055623404,0.0029947841074240097,0.0965758286490958,0.019053366722589886,0.018640319567799,0.0027921298066955684,52.0,0.04855275443510738,41.0,0.03961352657004831,8,0.017179467048030833,,False
num__has_depression,191320,47171,100.0,100.0,False,False,False,False,,False,psychiatric_features,0.0013230013218934,0.07031236520653579,0.0013585064755461,0.04752576293399881,0.0034452935,0.03130111322533355,0.0023237756,0.01251129153494398,0.3352883598523092,0.06614876794165145,0.3965296574364347,0.05939609950033615,157.0,0.1465919701213819,144.0,0.1391304347826087,8,0.07161472565584878,,False
num__has_eating_disorder,191320,47171,100.0,100.0,False,False,False,False,,False,has_eating_disorder,,,,,,,,,,,,,,,,,0,,,False
num__has_neurodevelopmental_disorder,191320,47171,100.0,100.0,False,False,False,False,,False,has_neurodevelopmental_disorder,,,,,,,,,,,,,,,,,0,,,False
num__has_other_psych_diagnosis,191320,47171,100.0,100.0,False,False,False,False,,False,psychiatric_features,0.0002834074847287,0.015062003520897222,0.0002582952901193,0.00903615915429748,0.0020626185,0.0187392613166825,0.0014356952,0.007729834671867501,0.0072639631635095,0.001433101387269603,0.0,0.0,42.0,0.0392156862745098,33.0,0.03188405797101449,8,0.015387513037067323,,False
num__has_personality_disorder,191320,47171,100.0,100.0,False,False,False,False,,False,has_personality_disorder,,,,,,,,,,,,,,,,,0,,,False
num__has_psychotic_disorder,191320,47171,100.0,100.0,False,False,False,False,,False,psychiatric_features,0.0005607819337678,0.029803374702512927,0.0007464382079945,0.026113269208941418,0.00013357778,0.001213578238303557,0.0062240767,0.03351065314979298,0.0,0.0,0.0,0.0,6.0,0.0056022408963585435,2.0,0.001932367149758454,8,0.012271935418208485,,False
num__has_substance_use,191320,47171,100.0,100.0,False,False,False,False,,False,psychiatric_features,0.0005479267625046,0.029120172439829544,0.0005071887109341,0.017743404888051647,0.0003917635,0.0035592420997087653,0.00022792499,0.0012271563562287133,0.2178517398684505,0.042979792655464887,0.0969663595024453,0.014524571943564815,33.0,0.03081232492997199,36.0,0.034782608695652174,8,0.021843659251059067,,False
num__num_prescription_rows,191320,47171,100.0,100.0,False,False,False,False,full_record_not_early_prediction,True,medication_features,0.0015865537418354,0.0843191493989414,0.001541022799152,0.05391088341992958,0.0007595679,0.006900811451979007,0.00037193642,0.00200251908277347,0.1065815617905511,0.021027389679878838,0.0762233283466856,0.011417477381127,101.0,0.09430438842203548,119.0,0.11497584541062802,8,0.048607308030911595,full_record_only_not_for_early_prediction,True
num__num_unique_drugs,191320,47171,100.0,100.0,False,False,False,False,,False,medication_features,0.001390439999325,0.07389646813836831,0.0011202540118758,0.03919077866218361,0.0003449485,0.003133919375928051,0.00024347001,0.0013108513038546951,0.1157993161210775,0.022845952938149207,0.115212234092144,0.01725761791446833,128.0,0.11951447245564893,129.0,0.1246376811594203,8,0.05022346774350268,,False
num__had_antidepressant,191320,47171,100.0,100.0,False,False,False,False,,False,had_antidepressant,0.0003211596505534,0.01706838403380943,0.0003125724223231,0.010934981253631355,0.0004685979,0.004257296490140399,0.0005458424,0.002938835143347536,0.0392318920114673,0.007740028081265959,0.1342298802874719,0.02010626740258628,38.0,0.035480859010270774,58.0,0.05603864734299517,8,0.019320662344755865,,False
num__had_antipsychotic,191320,47171,100.0,100.0,False,False,False,False,,False,psychiatric_features,0.0001636377804212,0.008696710417564795,0.0001393642824591,0.004875496708218138,0.00036961393,0.0033580092588891223,0.00015004704,0.0008078586681930049,0.0,0.0,0.0137163840161223,0.002054574467578179,10.0,0.009337068160597572,5.0,0.004830917874396135,8,0.004245079444429618,,False
num__had_mood_stabiliser,191320,47171,100.0,100.0,False,False,False,False,,False,had_mood_stabiliser,6.847936100862591e-05,0.0036394112089456203,4.620130749150342e-05,0.0016162988006364221,4.4108947e-05,0.0004007377439098401,0.00014007997,0.0007541956042899353,0.0078814046521506,0.0015549159166128193,0.0,0.0,0.0,0.0,5.0,0.004830917874396135,8,0.0015995596435988465,,False
num__had_benzodiazepine,191320,47171,100.0,100.0,False,False,False,False,,False,had_benzodiazepine,0.0002355881011536,0.012520589611293612,0.0002147704723583,0.0075134942219693066,0.00038639279,0.0035104482300978217,0.00026102838,0.0014053862004034044,0.0745451758905837,0.01470695714974386,0.0144004519701706,0.002157040872049218,15.0,0.014005602240896359,14.0,0.01352657004830918,8,0.008668261071845346,,False
num__had_stimulant,191320,47171,100.0,100.0,False,False,False,False,,False,had_stimulant,,,,,,,,,,,,,,,,,0,,,False
num__had_sedative_hypnotic,191320,47171,100.0,100.0,False,False,False,False,,False,had_sedative_hypnotic,,,,,,,,,,,,,,,,,0,,,False
num__num_psych_med_classes,191320,47171,100.0,100.0,False,False,False,False,,False,psychiatric_features,0.0005873650415853,0.03121616330238659,0.0005101171344854,0.01784585236693722,0.00049003557,0.004452061590982268,0.00050208357,0.002703236026394052,0.1539530493000279,0.03037327193984015,0.0789778720092649,0.01183007993529234,80.0,0.07469654528478058,65.0,0.06280193236714976,8,0.02948989285172037,,False
num__creatinine_lab_abnormal,191320,47171,100.0,100.0,False,False,False,False,,False,laboratory_features,,,,,,,,,,,,,,,,,0,,,False
num__glucose_lab_abnormal,191320,47171,100.0,100.0,False,False,False,False,,False,laboratory_features,,,,,,,,,,,,,,,,,0,,,False
num__hemoglobin_lab_abnormal,191320,47171,100.0,100.0,False,False,False,False,,False,laboratory_features,0.0001765258420262,0.009381660673758197,0.0001632650970853,0.005711638802717626,0.0017352945,0.0157654637039772,0.0010805599,0.005817773424365896,0.0099183265910931,0.0019567785900253933,0.0773339546247348,0.011583837873164781,22.0,0.02054154995331466,18.0,0.017391304347826087,8,0.01101875092114373,,False
num__platelet_lab_abnormal,191320,47171,100.0,100.0,False,False,False,False,,False,laboratory_features,,,,,,,,,,,,,,,,,0,,,False
num__potassium_lab_abnormal,191320,47171,100.0,100.0,False,False,False,False,,False,laboratory_features,,,,,,,,,,,,,,,,,0,,,False
num__sodium_lab_abnormal,191320,47171,100.0,100.0,False,False,False,False,,False,laboratory_features,0.0001247898269733,0.006632093062197304,0.0001029969831008,0.0036032292005071073,0.0009041998,0.008214818365437937,0.0006965879,0.0037504543453397154,0.0093589761079386,0.0018464247879293831,0.0196861254147371,0.0029487808590893637,14.0,0.013071895424836602,19.0,0.018357487922705314,8,0.007303147996005341,,False
num__urea_nitrogen_lab_abnormal,191320,47171,100.0,100.0,False,False,False,False,,False,laboratory_features,,,,,,,,,,,,,,,,,0,,,False
num__wbc_lab_abnormal,191320,47171,100.0,100.0,False,False,False,False,,False,laboratory_features,,,,,,,,,,,,,,,,,0,,,False
num__creatinine_lab_count,191320,47171,100.0,100.0,False,False,False,False,,False,laboratory_features,,,,,,,,,,,,,,,,,0,,,False
num__glucose_lab_count,191320,47171,100.0,100.0,False,False,False,False,,False,laboratory_features,,,,,,,,,,,,,,,,,0,,,False
num__hemoglobin_lab_count,191320,47171,100.0,100.0,False,False,False,False,,False,laboratory_features,,,,,,,,,,,,,,,,,0,,,False
num__platelet_lab_count,191320,47171,100.0,100.0,False,False,False,False,,False,laboratory_features,,,,,,,,,,,,,,,,,0,,,False
num__potassium_lab_count,191320,47171,100.0,100.0,False,False,False,False,,False,laboratory_features,,,,,,,,,,,,,,,,,0,,,False
num__sodium_lab_count,191320,47171,100.0,100.0,False,False,False,False,,False,laboratory_features,0.0008605577559595,0.0457352915806207,0.0011418721281935,0.03994706322150572,0.0005080313,0.004615556045751515,0.000532438,0.002866665370908664,0.1010223859456087,0.019930624396777716,0.0378943974359299,0.005676194348642344,57.0,0.05322128851540616,75.0,0.07246376811594203,8,0.030557056449444356,,False
num__urea_nitrogen_lab_count,191320,47171,100.0,100.0,False,False,False,False,,False,laboratory_features,,,,,,,,,,,,,,,,,0,,,False
num__wbc_lab_count,191320,47171,100.0,100.0,False,False,False,False,,False,laboratory_features,,,,,,,,,,,,,,,,,0,,,False
num__creatinine_lab_first_24h_count,191320,47171,100.0,100.0,False,False,False,False,,False,laboratory_features,,,,,,,,,,,,,,,,,0,,,False
num__glucose_lab_first_24h_count,191320,47171,100.0,100.0,False,False,False,False,,False,laboratory_features,0.0002098077194615,0.011150462777176299,0.000168558110166,0.00589680868553234,0.00021374336,0.001941897000218771,0.00026828094,0.0014444342446873158,0.0316241330785038,0.0062390995061305105,0.0188563393754756,0.0028244873712564476,29.0,0.02707749766573296,25.0,0.024154589371980676,8,0.010091159577839414,,False
num__hemoglobin_lab_first_24h_count,191320,47171,100.0,100.0,False,False,False,False,,False,laboratory_features,,,,,,,,,,,,,,,,,0,,,False
num__platelet_lab_first_24h_count,191320,47171,100.0,100.0,False,False,False,False,,False,laboratory_features,,,,,,,,,,,,,,,,,0,,,False
num__potassium_lab_first_24h_count,191320,47171,100.0,100.0,False,False,False,False,,False,laboratory_features,,,,,,,,,,,,,,,,,0,,,False
num__sodium_lab_first_24h_count,191320,47171,100.0,100.0,False,False,False,False,,False,laboratory_features,,,,,,,,,,,,,,,,,0,,,False
num__urea_nitrogen_lab_first_24h_count,191320,47171,100.0,100.0,False,False,False,False,,False,laboratory_features,,,,,,,,,,,,,,,,,0,,,False
num__wbc_lab_first_24h_count,191320,47171,100.0,100.0,False,False,False,False,,False,laboratory_features,,,,,,,,,,,,,,,,,0,,,False
num__creatinine_lab_first_24h_max,191320,47171,100.0,100.0,False,False,False,False,,False,laboratory_features,0.0008503109138731,0.04519071185037405,0.0005907773192819,0.02066765475791221,0.00026923476,0.002446046383843787,0.00020615388,0.0011099399157732171,0.017648788901888,0.0034819152148211456,0.0202231636770634,0.0030292237149172003,43.0,0.040149393090569564,70.0,0.06763285024154589,8,0.02296346689621963,,False
num__glucose_lab_first_24h_max,191320,47171,100.0,100.0,False,False,False,False,,False,laboratory_features,0.0015729810351987,0.08359781292702084,0.0010566519976589,0.03696573645281018,0.00026564926,0.002413471469262654,0.00019721276,0.0010618006036258144,0.0554815717910275,0.01094591419475273,0.0557600275336199,0.008352283571776182,155.0,0.14472455648926238,172.0,0.16618357487922705,8,0.05678064382346723,,False
num__hemoglobin_lab_first_24h_max,191320,47171,100.0,100.0,False,False,False,False,,False,laboratory_features,0.0015430251461486,0.08200577414661907,0.0013327905588821,0.04662612161391424,0.00035099484,0.0031888514660210615,0.000313357,0.0016871253754086415,0.0090799990864613,0.001791385638157277,0.0483892004421209,0.007248208829531641,118.0,0.11017740429505135,130.0,0.12560386473429952,8,0.04729109201237535,,False
num__platelet_lab_first_24h_max,191320,47171,100.0,100.0,False,False,False,False,,False,laboratory_features,0.0015998682980532,0.08502676618197612,0.0012281779625207,0.04296637206978092,0.00026270575,0.002386729149692521,0.00023833732,0.0012832167160104595,0.0652649984582482,0.012876078488464608,0.1059942422538807,0.015876856727629382,148.0,0.13818860877684408,154.0,0.14879227053140096,8,0.05592461233022488,,False
num__potassium_lab_first_24h_max,191320,47171,100.0,100.0,False,False,False,False,,False,laboratory_features,0.0010264428323653,0.054551437023216486,0.0006409959097865,0.022424493514416315,0.00019359478,0.0017588435146711128,0.00019387936,0.0010438534579536667,0.0154916933884692,0.003056343594595586,0.0110293930613404,0.0016520906202449868,81.0,0.07563025210084033,76.0,0.07342995169082125,8,0.029193408189594965,,False
num__sodium_lab_first_24h_max,191320,47171,100.0,100.0,False,False,False,False,,False,laboratory_features,0.0008904540152011,0.047324161269047225,0.0006192247889363,0.02166285627016386,0.00024717403,0.002245620670457246,0.00016318282,0.0008785821808759363,0.0198837200095949,0.0039228429561671396,0.0453101098144307,0.006786992449210437,79.0,0.07376283846872082,112.0,0.10821256038647344,8,0.033099556831389515,,False
num__urea_nitrogen_lab_first_24h_max,191320,47171,100.0,100.0,False,False,False,False,,False,laboratory_features,0.0011581808258804,0.061552798063697976,0.000808586592964,0.028287457896267347,0.0002994139,0.0027202293172232488,0.00023025105,0.0012396799470555432,0.0533304280715338,0.010521516799112127,0.0252313162923942,0.00377939391145727,79.0,0.07376283846872082,84.0,0.08115942028985507,8,0.03287791683667368,,False
num__wbc_lab_first_24h_max,191320,47171,100.0,100.0,False,False,False,False,,False,laboratory_features,0.0014182587895307,0.07537492844235943,0.0010728238233213,0.03753148889232815,0.00030507013,0.0027716171875624604,0.00018066635,0.0009727141361688394,0.0544078975549883,0.010734089877571034,0.0597785200587607,0.008954212777797505,132.0,0.12324929971988796,165.0,0.15942028985507245,8,0.05237608011109348,,False
num__creatinine_lab_first_24h_mean,191320,47171,100.0,100.0,False,False,False,False,,False,laboratory_features,0.001051909824953,0.05590490844755024,0.0007513712651838,0.02628584645515902,0.0003363185,0.0030555142684576342,0.00026945633,0.0014507625867859494,0.0794115267502772,0.015667035554739236,0.0554033128768871,0.00829885135341071,111.0,0.10364145658263306,113.0,0.10917874396135266,8,0.04043538990126106,,False
num__glucose_lab_first_24h_mean,191320,47171,100.0,100.0,False,False,False,False,,False,laboratory_features,0.0015734883176817,0.08362477301437474,0.0010834343225308,0.037902684818972056,0.00030898454,0.002807180308852527,0.0002075166,0.0011172768493396506,0.0732663261982015,0.014454653933578214,0.087837591350947,0.01315717555524092,137.0,0.12791783380018673,166.0,0.1603864734299517,8,0.05517100646381207,,False
num__hemoglobin_lab_first_24h_mean,191320,47171,100.0,100.0,False,False,False,False,,False,laboratory_features,0.0016026085874508,0.08517240188596764,0.0013546396914388,0.04739048800663667,0.00043630268,0.0039638885880684685,0.00029836124,0.0016063876634075122,0.0938015506979528,0.01850603168096591,0.0617616511880244,0.009251265600119737,123.0,0.11484593837535013,128.0,0.12367149758454106,8,0.050550987423132146,,False
num__platelet_lab_first_24h_mean,191320,47171,100.0,100.0,False,False,False,False,,False,laboratory_features,0.001596782080583,0.08486274574882877,0.0011874382873277,0.041541142098424085,0.00028571673,0.002595788055822256,0.00026356825,0.0014190609519718683,0.0993092818454904,0.01959264748153815,0.0665782202154285,0.009972738528655458,112.0,0.10457516339869281,118.0,0.11400966183574879,8,0.04732111851246027,,False
num__potassium_lab_first_24h_mean,191320,47171,100.0,100.0,False,False,False,False,,False,laboratory_features,0.0011409475289963,0.0606369154835556,0.0007810072696968,0.027322627471774764,0.00026513348,0.0024087855148789816,0.00017629204,0.0009491626935621519,0.0944948496994908,0.018642812077359978,0.0170608466023503,0.002555540861443924,113.0,0.10550887021475257,154.0,0.14879227053140096,8,0.04585212310609112,,False
num__sodium_lab_first_24h_mean,191320,47171,100.0,100.0,False,False,False,False,,False,laboratory_features,0.0011647557056393,0.061902227303976605,0.0008178009554739,0.028609811610523585,0.0003217822,0.002923449359567458,0.00022027589,0.0011859733263010644,0.1004843624507265,0.019824478178860114,0.0765802034041613,0.011470933625888245,150.0,0.1400560224089636,135.0,0.13043478260869565,8,0.04955095980284704,,False
num__urea_nitrogen_lab_first_24h_mean,191320,47171,100.0,100.0,False,False,False,False,,False,laboratory_features,0.0013081023178314,0.06952054119435586,0.000959233064582,0.03355764881978311,0.00035229302,0.00320064566560576,0.00022739253,0.001224289572409012,0.0932566423735341,0.01839852716062609,0.10495739979173,0.015721548298882285,109.0,0.10177404295051354,127.0,0.12270531400966184,8,0.04576281970897969,,False
num__wbc_lab_first_24h_mean,191320,47171,100.0,100.0,False,False,False,False,,False,laboratory_features,0.0015223079020126,0.08090473334517928,0.0010983454738107,0.03842433403710821,0.00031470682,0.002859168255361892,0.00020787072,0.0011191834441753802,0.0538782312367689,0.010629592440243243,0.0939231742954167,0.014068733829151905,115.0,0.10737628384687208,123.0,0.11884057971014493,8,0.04677782611352961,,False
num__creatinine_lab_first_24h_min,191320,47171,100.0,100.0,False,False,False,False,,False,laboratory_features,,,,,,,,,,,,,,,,,0,,,False
num__glucose_lab_first_24h_min,191320,47171,100.0,100.0,False,False,False,False,,False,laboratory_features,0.0015966494976084,0.08485569948033607,0.0011088871717463,0.038793123031513076,0.0002926098,0.002658412840776034,0.0002039686,0.0010981742895374126,0.1122728520151583,0.022150219701541275,0.092749918805207,0.013892992119726343,182.0,0.16993464052287582,217.0,0.20966183574879227,8,0.0678806372168873,,False
num__hemoglobin_lab_first_24h_min,191320,47171,100.0,100.0,False,False,False,False,,False,laboratory_features,0.0015774870515092,0.08383729013630817,0.0012167723651431,0.04256736056203631,0.00039981483,0.0036323898857956475,0.00026414508,0.0014221666254698175,0.1196445873760422,0.02360458337801716,0.1269556907618854,0.019016667982358047,127.0,0.11858076563958916,151.0,0.14589371980676327,8,0.05481936800204219,,False
num__platelet_lab_first_24h_min,191320,47171,100.0,100.0,False,False,False,False,,False,laboratory_features,0.0015941352269626,0.08472207579232452,0.0011989966624368,0.041945498356730844,0.00036187356,0.003287686600521707,0.00029246975,0.0015746676690305994,0.0885246090636824,0.017464948155845175,0.1136462734015113,0.01702305297020727,159.0,0.1484593837535014,144.0,0.1391304347826087,8,0.056700968510096275,,False
num__potassium_lab_first_24h_min,191320,47171,100.0,100.0,False,False,False,False,,False,laboratory_features,0.0010273161328175,0.054597849539450585,0.0006992277684254,0.024461667100774076,0.00026584874,0.0024152837810631402,0.00019010519,0.0010235331907245766,0.048402111822465,0.009549213292821832,0.0639825541793944,0.009583934222963294,95.0,0.08870214752567694,95.0,0.09178743961352658,8,0.035265133533375126,,False
num__sodium_lab_first_24h_min,191320,47171,100.0,100.0,False,False,False,False,,False,laboratory_features,,,,,,,,,,,,,,,,,0,,,False
num__urea_nitrogen_lab_first_24h_min,191320,47171,100.0,100.0,False,False,False,False,,False,laboratory_features,0.0011470443725609,0.06096093896276707,0.0007997395816048,0.027977955533120557,0.00032158647,0.0029216711171937406,0.00019366112,0.0010426784459324605,0.0,0.0,0.050601526044387,0.007579592646946113,89.0,0.08309990662931839,117.0,0.11304347826086956,8,0.037078277699518485,,False
num__wbc_lab_first_24h_min,191320,47171,100.0,100.0,False,False,False,False,,False,laboratory_features,0.0015151731574128,0.08052554947011062,0.0010815158881914,0.03783557063346027,0.0002796916,0.002541048662407049,0.0002181287,0.0011744127779972967,0.0489296413712403,0.009653289168643088,0.0328417950564576,0.004919366030662422,127.0,0.11858076563958916,133.0,0.1285024154589372,8,0.04796655223022589,,False
num__creatinine_lab_first_72h_count,191320,47171,100.0,100.0,False,False,False,False,,False,laboratory_features,,,,,,,,,,,,,,,,,0,,,False
num__glucose_lab_first_72h_count,191320,47171,100.0,100.0,False,False,False,False,,False,laboratory_features,,,,,,,,,,,,,,,,,0,,,False
num__hemoglobin_lab_first_72h_count,191320,47171,100.0,100.0,False,False,False,False,,False,laboratory_features,,,,,,,,,,,,,,,,,0,,,False
num__platelet_lab_first_72h_count,191320,47171,100.0,100.0,False,False,False,False,,False,laboratory_features,,,,,,,,,,,,,,,,,0,,,False
num__potassium_lab_first_72h_count,191320,47171,100.0,100.0,False,False,False,False,,False,laboratory_features,,,,,,,,,,,,,,,,,0,,,False
num__sodium_lab_first_72h_count,191320,47171,100.0,100.0,False,False,False,False,,False,laboratory_features,,,,,,,,,,,,,,,,,0,,,False
num__urea_nitrogen_lab_first_72h_count,191320,47171,100.0,100.0,False,False,False,False,,False,laboratory_features,,,,,,,,,,,,,,,,,0,,,False
num__wbc_lab_first_72h_count,191320,47171,100.0,100.0,False,False,False,False,,False,laboratory_features,,,,,,,,,,,,,,,,,0,,,False
num__creatinine_lab_first_72h_max,191320,47171,100.0,100.0,False,False,False,False,,False,laboratory_features,,,,,,,,,,,,,,,,,0,,,False
num__glucose_lab_first_72h_max,191320,47171,100.0,100.0,False,False,False,False,,False,laboratory_features,0.0017161362230437,0.09120595335923343,0.0012927481088824,0.045225283251905515,0.00030541242,0.002774726953986105,0.00020879714,0.0011241713228258845,0.0876698104731255,0.01729630563682511,0.1147190467493656,0.017183743479266298,237.0,0.22128851540616246,241.0,0.23285024154589373,8,0.07861861761951232,,False
num__hemoglobin_lab_first_72h_max,191320,47171,100.0,100.0,False,False,False,False,,False,laboratory_features,0.0015717660982355,0.08353324376140793,0.0012153818607415,0.042518715389018226,0.00028308624,0.0025718895794433617,0.0002547223,0.0013714340385325768,0.1479702038068918,0.029192921216270318,0.0530252248637096,0.00794263801702517,123.0,0.11484593837535013,148.0,0.14299516908212562,8,0.053121493682396666,,False
num__platelet_lab_first_72h_max,191320,47171,100.0,100.0,False,False,False,False,,False,laboratory_features,0.0017241447345755,0.09163157454211993,0.0012781191501365,0.0447135062100998,0.0003478438,0.0031602236989476456,0.00029614108,0.0015944342419952978,0.0470883166146288,0.00929001570432132,0.1091605693168235,0.016351140236451935,157.0,0.1465919701213819,158.0,0.15265700483091788,8,0.05824873369827946,,False
num__potassium_lab_first_72h_max,191320,47171,100.0,100.0,False,False,False,False,,False,laboratory_features,0.0011462802669558,0.06092032972718048,0.0007293135130285,0.02551418174935165,0.00024702575,0.0022442735198969083,0.00018811932,0.0010128411951117044,0.0287349045918918,0.0056690859668132145,0.0473390100511596,0.00709090101714983,94.0,0.08776844070961717,128.0,0.12367149758454106,8,0.03923644393370775,,False
num__sodium_lab_first_72h_max,191320,47171,100.0,100.0,False,False,False,False,,False,laboratory_features,0.0009168991892017,0.04872961922400941,0.0006801199153133,0.023793201168862865,0.00024865766,0.0022590997167604137,0.00018412666,0.0009913445698524026,0.0699584650700856,0.01380204870074719,0.0401589277079954,0.006015397893291933,77.0,0.0718954248366013,103.0,0.09951690821256039,8,0.03337538054033574,,False
num__urea_nitrogen_lab_first_72h_max,191320,47171,100.0,100.0,False,False,False,False,,False,laboratory_features,0.0012205921090856,0.06486971458155323,0.0008468786851363,0.029627062033300264,0.00028776156,0.0026143657054061185,0.00021115286,0.0011368546041610951,0.0194248286740048,0.003832308657625565,0.0162338578333313,0.002431666376171187,87.0,0.08123249299719888,82.0,0.07922705314009662,8,0.033121439761939125,,False
num__wbc_lab_first_72h_max,191320,47171,100.0,100.0,False,False,False,False,,False,laboratory_features,0.0016064758767739,0.08537793324466349,0.0011345042836901,0.039689307783820085,0.00028458037,0.0025854640201414814,0.00017803804,0.0009585632204546851,0.051267384328948,0.01011450057629456,0.1706221597700491,0.025557459798044628,130.0,0.12138188608776844,185.0,0.178743961352657,8,0.05805113451048054,,False
num__creatinine_lab_first_72h_mean,191320,47171,100.0,100.0,False,False,False,False,,False,laboratory_features,0.0015338773655551,0.08151960525224569,0.0011127125380205,0.038926949004341266,0.000355649,0.0032311353495650375,0.00024090204,0.0012970252608740433,0.0848868685357412,0.016747261284399,0.0891582707575363,0.013354999864143709,164.0,0.1531279178338002,194.0,0.18743961352657004,8,0.06195556342199237,,False
num__glucose_lab_first_72h_mean,191320,47171,100.0,100.0,False,False,False,False,,False,laboratory_features,0.0018561437820241,0.09864680958197473,0.0013921280175181,0.04870197332533643,0.00035954206,0.003266504502252034,0.00021802707,0.0011738655984164903,0.1069393135529709,0.021097970234251345,0.0927497611038935,0.013892968497677571,246.0,0.22969187675070027,247.0,0.23864734299516907,8,0.08188991393572224,,False
num__hemoglobin_lab_first_72h_mean,191320,47171,100.0,100.0,False,False,False,False,,False,laboratory_features,0.0018634227130661,0.09903365640462632,0.0015801083583926,0.05527824607594107,0.00037435433,0.0034010766483969744,0.00028540607,0.0015366365614703198,0.0548800115379363,0.01082723286146046,0.1115710203737926,0.016712201226810212,152.0,0.1419234360410831,160.0,0.15458937198067632,8,0.060412732225058094,,False
num__platelet_lab_first_72h_mean,191320,47171,100.0,100.0,False,False,False,False,,False,laboratory_features,0.0017429592556641,0.09263149302751832,0.0013598579373691,0.047573042247988404,0.0003900021,0.003543239462825985,0.00023611377,0.001271245042716134,0.0918811713070115,0.018127161592104903,0.0607433908453086,0.009098740583392863,106.0,0.09897292250233426,120.0,0.11594202898550725,8,0.04839498418054851,,False
num__potassium_lab_first_72h_mean,191320,47171,100.0,100.0,False,False,False,False,,False,laboratory_features,0.0016920109207556,0.08992378754645003,0.0012315633894988,0.04308480727998252,0.00026585124,0.0024153064940143198,0.0001746431,0.0009402847412058097,0.0715143058289383,0.014108999259236138,0.0677159797136805,0.010143163300417861,196.0,0.1830065359477124,214.0,0.20676328502415459,8,0.06879827119914671,,False
num__sodium_lab_first_72h_mean,191320,47171,100.0,100.0,False,False,False,False,,False,laboratory_features,0.0016673546254562,0.08861340152412125,0.0012401177101564,0.04338407020066244,0.0003119122,0.002833778628312184,0.00021358526,0.0011499507333783904,0.1006715628845642,0.01986141080026684,0.0776096414760847,0.011625132952477578,207.0,0.19327731092436976,233.0,0.2251207729468599,8,0.07323322858880604,,False
num__urea_nitrogen_lab_first_72h_mean,191320,47171,100.0,100.0,False,False,False,False,,False,laboratory_features,0.0016382405375601,0.08706610119499072,0.0012427348513215,0.04347562782870197,0.00036975715,0.0033593104384362733,0.00023035605,0.0012402452708377403,0.1273180248124037,0.02511846961169448,0.1010321476602088,0.015133585553106798,167.0,0.15592903828197946,227.0,0.21932367149758455,8,0.0688307562096665,,False
num__wbc_lab_first_72h_mean,191320,47171,100.0,100.0,False,False,False,False,,False,laboratory_features,0.0017258896918197,0.091724312220453,0.0012639920402555,0.04421928576490312,0.00032223825,0.0029275926561215583,0.00024101608,0.0012976392563418693,0.0743701304129231,0.014672422569759912,0.0678467828217534,0.010162756272283519,147.0,0.13725490196078433,153.0,0.14782608695652175,8,0.05626062470714613,,False
num__creatinine_lab_first_72h_min,191320,47171,100.0,100.0,False,False,False,False,,False,laboratory_features,,,,,,,,,,,,,,,,,0,,,False
num__glucose_lab_first_72h_min,191320,47171,100.0,100.0,False,False,False,False,,False,laboratory_features,0.0017759346772035,0.0943840081941695,0.0012809693659928,0.04481321768408654,0.00032165617,0.002922304354272615,0.00024313846,0.0013090662267119578,0.1913215996297284,0.03774568285551917,0.2031066729427394,0.030423308645515495,242.0,0.22595704948646125,273.0,0.263768115942029,8,0.08766534417359569,,False
num__hemoglobin_lab_first_72h_min,191320,47171,100.0,100.0,False,False,False,False,,False,laboratory_features,0.0016653305690689,0.08850583081383746,0.0012746224153188,0.044591177025086325,0.00044846733,0.004074406628693035,0.00024842258,0.001337516119130842,0.0851108632377224,0.016791453017055754,0.0629127849271127,0.009423693696790017,151.0,0.14098972922502334,156.0,0.15072463768115943,8,0.05705480552584703,,False
num__platelet_lab_first_72h_min,191320,47171,100.0,100.0,False,False,False,False,,False,laboratory_features,0.00170692490419,0.09071640765390616,0.0012875342596843,0.04504288282509642,0.0003487889,0.00316881010301141,0.00023434014,0.0012616957549083428,0.0970601382118841,0.019148915762511577,0.0963248926614752,0.014428486751453973,133.0,0.12418300653594772,143.0,0.13816425120772946,8,0.05451430707432064,,False
num__potassium_lab_first_72h_min,191320,47171,100.0,100.0,False,False,False,False,,False,laboratory_features,0.0010819529202351,0.05750158189938522,0.0007300655288009,0.02554049014313928,0.00028317102,0.002572659821043749,0.00017017835,0.00091624636638139,0.0481039457021535,0.009490388341340559,0.0281893103020018,0.004222471253141897,91.0,0.08496732026143791,79.0,0.07632850241545894,8,0.032692457562666116,,False
num__sodium_lab_first_72h_min,191320,47171,100.0,100.0,False,False,False,False,,False,laboratory_features,0.0010114789455653,0.05375616474632632,0.0007344681148184,0.025694509474758685,0.0003745415,0.003402777121625855,0.00023564775,0.0012687359742496632,0.1230793381041122,0.024282222556867877,0.1038820501880364,0.015560471892967121,94.0,0.08776844070961717,123.0,0.11884057971014493,8,0.041321737773319704,,False
num__urea_nitrogen_lab_first_72h_min,191320,47171,100.0,100.0,False,False,False,False,,False,laboratory_features,,,,,,,,,,,,,,,,,0,,,False
num__wbc_lab_first_72h_min,191320,47171,100.0,100.0,False,False,False,False,,False,laboratory_features,0.0016768547818675,0.08911829782018432,0.0012415110363436,0.04343281409055518,0.00033420138,0.0030362798511774755,0.00023140294,0.0012458817643076854,0.0592136354581269,0.011682210001643167,0.0768845309729792,0.011516518792644911,180.0,0.16806722689075632,211.0,0.2038647342995169,8,0.06649549543884825,,False
num__creatinine_lab_first_value,191320,47171,100.0,100.0,False,False,False,False,,False,laboratory_features,,,,,,,,,,,,,,,,,0,,,False
num__glucose_lab_first_value,191320,47171,100.0,100.0,False,False,False,False,,False,laboratory_features,0.0017133277958778,0.09105669639835441,0.0011885801175866,0.041581087696897244,0.0003449071,0.0031335432494565244,0.00022980974,0.0012373039181191494,0.1418006404404628,0.02797573307527135,0.0929235592465242,0.01391900168732448,232.0,0.2166199813258637,215.0,0.20772946859903382,8,0.07540660199379008,,False
num__hemoglobin_lab_first_value,191320,47171,100.0,100.0,False,False,False,False,,False,laboratory_features,0.0016578249862425,0.08810693833198985,0.0012468041865746,0.04361798877141301,0.00042687036,0.0038781942586020306,0.0002206765,0.0011881302249714067,0.0345181176354714,0.006810051366701802,0.0563673367013481,0.008443252292721432,168.0,0.1568627450980392,160.0,0.15458937198067632,8,0.05793708404063939,,False
num__platelet_lab_first_value,191320,47171,100.0,100.0,False,False,False,False,,False,laboratory_features,0.0017481795931879,0.09290893362595211,0.0013619563500046,0.04764645276405709,0.00036058994,0.0032760246811646765,0.00027075558,0.0014577577955861348,0.0896678782958788,0.01769050281324128,0.0183796984492358,0.0027530914205376547,156.0,0.14565826330532214,165.0,0.15942028985507245,8,0.05885141453261669,,False
num__potassium_lab_first_value,191320,47171,100.0,100.0,False,False,False,False,,False,laboratory_features,0.0011043907850383,0.058694066984917574,0.0007109607540803,0.02487213190516055,0.00034313256,0.0031174212333023466,0.0002082875,0.0011214274027081807,0.0543439083680591,0.010721465502901959,0.0100358693234969,0.0015032708947031257,81.0,0.07563025210084033,96.0,0.0927536231884058,8,0.03355170740161748,,False
num__sodium_lab_first_value,191320,47171,100.0,100.0,False,False,False,False,,False,laboratory_features,0.0009997194779293,0.05313119486203811,0.0006887987667251,0.02409682065258362,0.00031282526,0.0028420739431936374,0.00020000276,0.0010768220641241921,0.0742968374034422,0.014657962651503181,0.0483409374511052,0.007240979525587303,132.0,0.12324929971988796,113.0,0.10917874396135266,8,0.041934237172533834,,False
num__urea_nitrogen_lab_first_value,191320,47171,100.0,100.0,False,False,False,False,,False,laboratory_features,,,,,,,,,,,,,,,,,0,,,False
num__wbc_lab_first_value,191320,47171,100.0,100.0,False,False,False,False,,False,laboratory_features,0.0015394780587818,0.0818172602742391,0.0011533661373625,0.040349167712548,0.000366272,0.003327647221715471,0.00023166227,0.0012472780063689916,0.0645939804873733,0.012743693898496639,0.0566076343677389,0.00847924643297041,148.0,0.13818860877684408,184.0,0.17777777777777778,8,0.057991335012620056,,False
num__creatinine_lab_last_value,191320,47171,100.0,100.0,False,False,False,False,full_record_not_early_prediction,True,laboratory_features,,,,,,,,,,,,,,,,,0,,full_record_only_not_for_early_prediction,True
num__glucose_lab_last_value,191320,47171,100.0,100.0,False,False,False,False,full_record_not_early_prediction,True,laboratory_features,0.0019685785126887,0.10462227741678679,0.0013985680182211,0.048927269230961405,0.00027975667,0.0025416398351003405,0.00020750807,0.0011172309235123923,0.2366456401025938,0.04668762595410522,0.0942294114380071,0.01411460503058887,323.0,0.30158730158730157,328.0,0.3169082125603865,8,0.10456327031734287,full_record_only_not_for_early_prediction,True
num__hemoglobin_lab_last_value,191320,47171,100.0,100.0,False,False,False,False,full_record_not_early_prediction,True,laboratory_features,0.0020340987644076,0.10810442349710238,0.0018098594834024,0.0633158209403862,0.0008293034,0.00753437105476038,0.0005212466,0.002806410470184097,0.3351827428113803,0.06612793084150824,0.3779753483232509,0.056616853182743065,380.0,0.35480859010270777,376.0,0.36328502415458935,8,0.12782492803049766,full_record_only_not_for_early_prediction,True
num__platelet_lab_last_value,191320,47171,100.0,100.0,False,False,False,False,full_record_not_early_prediction,True,laboratory_features,0.001992321193254,0.10588410837588239,0.0015976448667739,0.055891740347055754,0.0005631708,0.005116508354368555,0.00042064325,0.002264758409958485,0.1747173646694812,0.03446984683867129,0.1402121836163818,0.02100235544316893,326.0,0.30438842203548083,331.0,0.31980676328502416,8,0.1061030628862013,full_record_only_not_for_early_prediction,True
num__potassium_lab_last_value,191320,47171,100.0,100.0,False,False,False,False,full_record_not_early_prediction,True,laboratory_features,0.0011992635997496,0.06373618741651788,0.0008151565144568,0.028517298929035543,0.00023213334,0.00210897328738897,0.00017235332,0.0009279564832058187,0.0321464528763787,0.006342147554431907,0.0475950583285795,0.007129254438331094,134.0,0.12511671335200747,157.0,0.15169082125603864,8,0.048196169089619656,full_record_only_not_for_early_prediction,True
num__sodium_lab_last_value,191320,47171,100.0,100.0,False,False,False,False,full_record_not_early_prediction,True,laboratory_features,0.001239342351402,0.06586621690067032,0.0009848938428152,0.03445536118624256,0.00055753475,0.005065303822971261,0.0004206746,0.0022649271994877413,0.2052454070401593,0.04049269950012488,0.3081438395340128,0.04615680519763345,249.0,0.23249299719887956,233.0,0.2251207729468599,8,0.08148938549410871,full_record_only_not_for_early_prediction,True
num__urea_nitrogen_lab_last_value,191320,47171,100.0,100.0,False,False,False,False,full_record_not_early_prediction,True,laboratory_features,0.0013867610972818,0.07370094882955133,0.0010067026088956,0.03521831540492119,0.00031360894,0.0028491938174256665,0.00021396678,0.0011520048508010933,0.0867299971531776,0.017110890630956457,0.0413300838378262,0.006190825139938698,166.0,0.1549953314659197,168.0,0.16231884057971013,8,0.056692043839903034,full_record_only_not_for_early_prediction,True
num__wbc_lab_last_value,191320,47171,100.0,100.0,False,False,False,False,full_record_not_early_prediction,True,laboratory_features,0.00199984504195,0.1062839716175266,0.001489432599217,0.052106060508914157,0.00039361318,0.0035760467763235834,0.0002651524,0.0014275900726344148,0.3241428963851521,0.06394988851495174,0.240587445479552,0.036037546201764005,360.0,0.33613445378151263,355.0,0.34299516908212563,8,0.1178138408194691,full_record_only_not_for_early_prediction,True
num__creatinine_lab_max_value,191320,47171,100.0,100.0,False,False,False,False,full_record_not_early_prediction,True,laboratory_features,,,,,,,,,,,,,,,,,0,,full_record_only_not_for_early_prediction,True
num__glucose_lab_max_value,191320,47171,100.0,100.0,False,False,False,False,full_record_not_early_prediction,True,laboratory_features,0.0017100247160186,0.0908811505742323,0.001270015556966,0.04443001146431293,0.00031863246,0.002894833403228655,0.0002102323,0.0011318982759616735,0.0828128466991145,0.016338079202332777,0.0417715544254812,0.006256952932549095,153.0,0.14285714285714285,199.0,0.19227053140096617,8,0.0621325750138408,full_record_only_not_for_early_prediction,True
num__hemoglobin_lab_max_value,191320,47171,100.0,100.0,False,False,False,False,full_record_not_early_prediction,True,laboratory_features,0.0016246892405026,0.08634590255878259,0.0012529597505587,0.043833333990519016,0.00038205297,0.0034710201821833066,0.00025596702,0.001378135655848541,0.0999506426350875,0.019719181030321713,0.0507353551777847,0.007599638886550795,170.0,0.15873015873015872,175.0,0.16908212560386474,8,0.06126993707977868,full_record_only_not_for_early_prediction,True
num__platelet_lab_max_value,191320,47171,100.0,100.0,False,False,False,False,full_record_not_early_prediction,True,laboratory_features,0.0018546843908698,0.09856924862861643,0.0014178210330432,0.04960081347581461,0.00035908297,0.0032623335867493007,0.00022026873,0.0011859347766031546,0.0827795931159211,0.016331518629938143,0.0446194164439322,0.006683533624910698,189.0,0.17647058823529413,273.0,0.263768115942029,8,0.07698401086249443,full_record_only_not_for_early_prediction,True
num__potassium_lab_max_value,191320,47171,100.0,100.0,False,False,False,False,full_record_not_early_prediction,True,laboratory_features,0.0011690885893148,0.06213250318832205,0.0007330850102014,0.02564612317456528,0.0002243213,0.0020379994941371513,0.0001843608,0.0009926051880463417,0.0407523670048297,0.008040001356632026,0.0065150159219056,0.0009758829552511128,110.0,0.10270774976657329,117.0,0.11304347826086956,8,0.0394470429230496,full_record_only_not_for_early_prediction,True
num__sodium_lab_max_value,191320,47171,100.0,100.0,False,False,False,False,full_record_not_early_prediction,True,laboratory_features,0.0009898436201121,0.05260633150016556,0.0006533522851672,0.022856766880526392,0.00037483862,0.003405476510447594,0.00019378676,0.0010433548962181292,0.0880979795013699,0.017380778756326237,0.0363955724866945,0.0054516856538982614,101.0,0.09430438842203548,119.0,0.11497584541062802,8,0.03900307850378071,full_record_only_not_for_early_prediction,True
num__urea_nitrogen_lab_max_value,191320,47171,100.0,100.0,False,False,False,False,full_record_not_early_prediction,True,laboratory_features,0.0012694886544569,0.06746837544348229,0.0009270884792112,0.03243310803073003,0.0003345078,0.0030390637321776014,0.00021621193,0.0011640928192734707,0.0309930885526243,0.006114601244629157,0.0591490695975423,0.00885992751684939,107.0,0.09990662931839403,142.0,0.13719806763285025,8,0.04452298321729828,full_record_only_not_for_early_prediction,True
num__wbc_lab_max_value,191320,47171,100.0,100.0,False,False,False,False,full_record_not_early_prediction,True,laboratory_features,0.0016907497282344,0.0898567600781634,0.0012301813936895,0.043036459770131916,0.00032235522,0.0029286553496813282,0.00023635809,0.0012725604703967663,0.0826088204091808,0.0162978270214555,0.1172975548934373,0.017569977707691597,188.0,0.17553688141923435,204.0,0.19710144927536233,8,0.06795007138651465,full_record_only_not_for_early_prediction,True
num__creatinine_lab_mean_value,191320,47171,100.0,100.0,False,False,False,False,full_record_not_early_prediction,True,laboratory_features,0.0017832680405105,0.09477374787961144,0.0012569460425275,0.04397278976088532,0.00034204344,0.0031075263815470537,0.0002371399,0.0012767697635982847,0.2833597705089268,0.05590381876558759,0.1603721951922976,0.02402211961725968,219.0,0.20448179271708683,255.0,0.2463768115942029,8,0.0842394220599724,full_record_only_not_for_early_prediction,True
num__glucose_lab_mean_value,191320,47171,100.0,100.0,False,False,False,False,full_record_not_early_prediction,True,laboratory_features,0.0020351833858275,0.1081620668993612,0.0014287271129517,0.04998234994811023,0.0003034532,0.002756927086702421,0.0002492513,0.0013419779774621022,0.1083487469367514,0.021376036200734583,0.118854977887072,0.01780326379199632,200.0,0.18674136321195145,283.0,0.27342995169082124,8,0.08269924210089244,full_record_only_not_for_early_prediction,True
num__hemoglobin_lab_mean_value,191320,47171,100.0,100.0,False,False,False,False,full_record_not_early_prediction,True,laboratory_features,0.0021889151321645,0.1163323102040437,0.0019485138423369,0.06816648180296153,0.0009151335,0.008314153003160915,0.0005620638,0.0030261717452573504,0.1874433006216202,0.03698053639708354,0.2538070056705833,0.038017701526168825,178.0,0.16619981325863678,204.0,0.19710144927536233,8,0.07926732715158437,full_record_only_not_for_early_prediction,True
num__platelet_lab_mean_value,191320,47171,100.0,100.0,False,False,False,False,full_record_not_early_prediction,True,laboratory_features,0.0018727256907589,0.09952807342010463,0.0015421846054528,0.05395152785690574,0.00047229044,0.004290843882439218,0.00038313208,0.0020627969194914864,0.113725644688226,0.02243683998695893,0.0849529075895724,0.012725079341239382,171.0,0.15966386554621848,193.0,0.18647342995169083,8,0.06764155711313109,full_record_only_not_for_early_prediction,True
num__potassium_lab_mean_value,191320,47171,100.0,100.0,False,False,False,False,full_record_not_early_prediction,True,laboratory_features,0.0018913372107786,0.10051720318968119,0.0013271346894243,0.04642825762439663,0.0003224977,0.00292994980619493,0.00019595493,0.0010550284015976158,0.0751137307213228,0.014819126870092136,0.0769217860610833,0.011522099224974313,215.0,0.20074696545284781,300.0,0.2898550724637681,8,0.08348421287919411,full_record_only_not_for_early_prediction,True
num__sodium_lab_mean_value,191320,47171,100.0,100.0,False,False,False,False,full_record_not_early_prediction,True,laboratory_features,0.00194919848354,0.1035923043814866,0.0014726054248163,0.051517381458933746,0.0003504272,0.003183694354178129,0.00023543937,0.0012676140488236231,0.1356959868987987,0.02677135094083162,0.138875593809821,0.02080214791857956,226.0,0.21101774042950514,263.0,0.2541062801932367,8,0.08403231421569689,full_record_only_not_for_early_prediction,True
num__urea_nitrogen_lab_mean_value,191320,47171,100.0,100.0,False,False,False,False,full_record_not_early_prediction,True,laboratory_features,0.0018394510857301,0.09775965781675519,0.0013592744250746,0.04755262875164027,0.00035008715,0.0031806049385587416,0.00025824437,0.001390396990280792,0.1106380169536174,0.02182768442129361,0.0972070040976825,0.014560618050217551,217.0,0.20261437908496732,259.0,0.25024154589371983,8,0.07989093949342915,full_record_only_not_for_early_prediction,True
num__wbc_lab_mean_value,191320,47171,100.0,100.0,False,False,False,False,full_record_not_early_prediction,True,laboratory_features,0.0017987406085843,0.09559605458413616,0.0013304700435772,0.04654494109527073,0.00033051544,0.003002792421069769,0.00017185004,0.0009252468055572082,0.0437539314539061,0.008632177566660088,0.1128637830439568,0.016905843893247344,169.0,0.15779645191409897,189.0,0.1826086956521739,8,0.06400152549152677,full_record_only_not_for_early_prediction,True
num__creatinine_lab_measured,191320,47171,100.0,100.0,False,False,False,False,,False,laboratory_features,,,,,,,,,,,,,,,,,0,,,False
num__glucose_lab_measured,191320,47171,100.0,100.0,False,False,False,False,,False,laboratory_features,,,,,,,,,,,,,,,,,0,,,False
num__hemoglobin_lab_measured,191320,47171,100.0,100.0,False,False,False,False,,False,laboratory_features,,,,,,,,,,,,,,,,,0,,,False
num__platelet_lab_measured,191320,47171,100.0,100.0,False,False,False,False,,False,laboratory_features,,,,,,,,,,,,,,,,,0,,,False
num__potassium_lab_measured,191320,47171,100.0,100.0,False,False,False,False,,False,laboratory_features,,,,,,,,,,,,,,,,,0,,,False
num__sodium_lab_measured,191320,47171,100.0,100.0,False,False,False,False,,False,laboratory_features,,,,,,,,,,,,,,,,,0,,,False
num__urea_nitrogen_lab_measured,191320,47171,100.0,100.0,False,False,False,False,,False,laboratory_features,,,,,,,,,,,,,,,,,0,,,False
num__wbc_lab_measured,191320,47171,100.0,100.0,False,False,False,False,,False,laboratory_features,,,,,,,,,,,,,,,,,0,,,False
num__creatinine_lab_min_value,191320,47171,100.0,100.0,False,False,False,False,full_record_not_early_prediction,True,laboratory_features,,,,,,,,,,,,,,,,,0,,full_record_only_not_for_early_prediction,True
num__glucose_lab_min_value,191320,47171,100.0,100.0,False,False,False,False,full_record_not_early_prediction,True,laboratory_features,0.00191213241614,0.10162238732647638,0.0013129765040226,0.045932950038390236,0.0003222822,0.0029279919498032872,0.00025313767,0.00136290233353274,0.0987819987759601,0.019488620233406764,0.0524852822247183,0.007861760115187166,260.0,0.24276377217553688,300.0,0.2898550724637681,8,0.0889769320795127,full_record_only_not_for_early_prediction,True
num__hemoglobin_lab_min_value,191320,47171,100.0,100.0,False,False,False,False,full_record_not_early_prediction,True,laboratory_features,0.0020487212460479,0.10888155142003386,0.0017742447477219,0.06206988099429351,0.0010663088,0.009687607886518101,0.00067141757,0.003614936381961175,0.2318827207938332,0.045747953475708425,0.147937677204001,0.022159555610203087,168.0,0.1568627450980392,159.0,0.1536231884057971,8,0.07033092740906931,full_record_only_not_for_early_prediction,True
num__platelet_lab_min_value,191320,47171,100.0,100.0,False,False,False,False,full_record_not_early_prediction,True,laboratory_features,0.0019141793871946,0.10173117586204056,0.0015193874394626,0.053153995621380894,0.00042099104,0.0038247795753513967,0.00023769964,0.0012797834239206367,0.1038080216287902,0.020480200196122268,0.0989272279084352,0.014818290036940747,192.0,0.1792717086834734,211.0,0.2038647342995169,8,0.07230308346234335,full_record_only_not_for_early_prediction,True
num__potassium_lab_min_value,191320,47171,100.0,100.0,False,False,False,False,full_record_not_early_prediction,True,laboratory_features,0.0010812809355886,0.057465868533800465,0.0006922143577521,0.02421631111681821,0.00029147987,0.0026481472228056927,0.00018037313,0.0009711354291267842,0.0923907473094511,0.018227695427364972,0.0324175704502176,0.004855821510220691,112.0,0.10457516339869281,94.0,0.09082125603864734,8,0.037972674834684625,full_record_only_not_for_early_prediction,True
num__sodium_lab_min_value,191320,47171,100.0,100.0,False,False,False,False,full_record_not_early_prediction,True,laboratory_features,0.0011349820123834,0.060319871520113755,0.0009224796543642,0.032271873674453014,0.0011796904,0.010717700184683548,0.0006821102,0.003672505887039586,0.0956849198313819,0.01887760004620993,0.0985405415066077,0.014760368356764643,159.0,0.1484593837535014,156.0,0.15072463768115943,8,0.05497549263799066,full_record_only_not_for_early_prediction,True
num__urea_nitrogen_lab_min_value,191320,47171,100.0,100.0,False,False,False,False,full_record_not_early_prediction,True,laboratory_features,0.0012536958784721,0.06662905093617258,0.0008968653637933,0.03137578762458284,0.00029481485,0.0026784461179750656,0.00016706882,0.0008995045448532466,0.0943556097689434,0.018615341544657774,0.0776976704400563,0.011638318793700074,113.0,0.10550887021475257,158.0,0.15265700483091788,8,0.04875029057595151,full_record_only_not_for_early_prediction,True
num__wbc_lab_min_value,191320,47171,100.0,100.0,False,False,False,False,full_record_not_early_prediction,True,laboratory_features,0.0019345741633069,0.10281507874451183,0.0015942015358406,0.05577127943458676,0.0003567155,0.0032408246945380623,0.0002391824,0.0012877666571710217,0.0794659911840694,0.015677780798605087,0.0901723420101045,0.013506897397880203,167.0,0.15592903828197946,238.0,0.22995169082125605,8,0.07227254460381606,full_record_only_not_for_early_prediction,True
num__creatinine_lab_severe_abnormal,191320,47171,100.0,100.0,False,False,False,False,,False,laboratory_features,,,,,,,,,,,,,,,,,0,,,False
num__glucose_lab_severe_abnormal,191320,47171,100.0,100.0,False,False,False,False,,False,laboratory_features,,,,,,,,,,,,,,,,,0,,,False
num__hemoglobin_lab_severe_abnormal,191320,47171,100.0,100.0,False,False,False,False,,False,laboratory_features,,,,,,,,,,,,,,,,,0,,,False
num__platelet_lab_severe_abnormal,191320,47171,100.0,100.0,False,False,False,False,,False,laboratory_features,,,,,,,,,,,,,,,,,0,,,False
num__potassium_lab_severe_abnormal,191320,47171,100.0,100.0,False,False,False,False,,False,laboratory_features,,,,,,,,,,,,,,,,,0,,,False
num__sodium_lab_severe_abnormal,0,0,0.0,0.0,True,True,True,True,,False,laboratory_features,,,,,,,,,,,,,,,,,0,,all_zero_in_training; very_rare_and_low_recorded_model_signal,True
num__urea_nitrogen_lab_severe_abnormal,191320,47171,100.0,100.0,False,False,False,False,,False,laboratory_features,,,,,,,,,,,,,,,,,0,,,False
num__wbc_lab_severe_abnormal,191320,47171,100.0,100.0,False,False,False,False,,False,laboratory_features,,,,,,,,,,,,,,,,,0,,,False
num__creatinine_lab_std_value,191320,47171,100.0,100.0,False,False,False,False,,False,laboratory_features,0.0014248708340811,0.07572633284649431,0.0010201573676476,0.035689014430867784,0.0003237496,0.0029413235436274,0.00022049659,0.0011871615830508823,0.1479006517536632,0.029179199348231388,0.0516979332910935,0.0077438232730719985,218.0,0.20354808590102708,244.0,0.2357487922705314,8,0.07397046664961278,,False
num__glucose_lab_std_value,191320,47171,100.0,100.0,False,False,False,False,,False,laboratory_features,0.0017693062145595,0.0940317312323326,0.0012497048107063,0.04371946372006086,0.0002814242,0.002556789646092246,0.0001969691,0.001060488729408956,0.0678808644116023,0.013392160555826291,0.0601277847049355,0.00900652906054484,197.0,0.1839402427637722,237.0,0.2289855072463768,8,0.07208661411930185,,False
num__hemoglobin_lab_std_value,191320,47171,100.0,100.0,False,False,False,False,,False,laboratory_features,0.0017713275488162,0.09413915727198173,0.0013048619368152,0.045649071378735064,0.00028854283,0.0026214636843532113,0.00020225659,0.0010889567660292308,0.1651356635182388,0.03257948080801345,0.1207052103969746,0.018080409756228634,224.0,0.20915032679738563,253.0,0.24444444444444444,8,0.08096916386339642,,False
num__platelet_lab_std_value,191320,47171,100.0,100.0,False,False,False,False,,False,laboratory_features,0.0018396108371047,0.09776814797984668,0.0013401616152189,0.04688398941384142,0.00032292455,0.002933827815479258,0.00020458002,0.001101466196841326,0.175696997154953,0.03466311773533505,0.1329460149258534,0.019913957462248583,244.0,0.22782446311858076,290.0,0.28019323671497587,8,0.08891027580464361,,False
num__potassium_lab_std_value,191320,47171,100.0,100.0,False,False,False,False,,False,laboratory_features,0.0017781411572137,0.09450127400919989,0.0012217762234692,0.04274241470336158,0.00032336268,0.0029378083055993055,0.00020830154,0.0011215029945739147,0.095516187681876,0.018844311017605184,0.0503092507622186,0.0075358127898393435,220.0,0.20541549953314658,279.0,0.26956521739130435,8,0.08033298009307877,,False
num__sodium_lab_std_value,191320,47171,100.0,100.0,False,False,False,False,,False,laboratory_features,0.0016532959963491,0.08786624016628755,0.0011973553004661,0.041888077224544476,0.00032103955,0.0029167022502901803,0.00022345466,0.0012030879384832965,0.0639623299755481,0.012619076082520695,0.0662955264578891,0.009930393886240847,169.0,0.15779645191409897,219.0,0.21159420289855072,8,0.0657267790451271,,False
num__urea_nitrogen_lab_std_value,191320,47171,100.0,100.0,False,False,False,False,,False,laboratory_features,0.0017232767262755,0.09158544328315446,0.0011982366869996,0.04191891150336343,0.00036577892,0.0033231675009285054,0.00026130182,0.0014068584112129656,0.2982478178363608,0.05884106951953729,0.1573415357456981,0.023568157734041112,238.0,0.2222222222222222,309.0,0.2985507246376812,8,0.09267706935151764,,False
num__wbc_lab_std_value,191320,47171,100.0,100.0,False,False,False,False,,False,laboratory_features,0.0016973558157291,0.09020784788799939,0.0012264573292196,0.04290617772265309,0.00027910047,0.002535678139674837,0.00015641005,0.0008421173432345037,0.1772856814908485,0.034976547976438496,0.0877207874525887,0.01313967952224866,267.0,0.24929971988795518,241.0,0.23285024154589373,8,0.08334475125326224,,False
num__creatinine_lab_value_change,191320,47171,100.0,100.0,False,False,False,False,full_record_not_early_prediction,True,laboratory_features,,,,,,,,,,,,,,,,,0,,full_record_only_not_for_early_prediction,True
num__glucose_lab_value_change,191320,47171,100.0,100.0,False,False,False,False,full_record_not_early_prediction,True,laboratory_features,0.0015733071788715,0.08361514619241689,0.0010997643849976,0.03847397298834391,0.000306502,0.002784625984924415,0.00018649845,0.0010041143726464696,0.0581289019524609,0.011468203810147461,0.0525672720189253,0.00787404135035685,152.0,0.1419234360410831,164.0,0.15845410628019324,8,0.055699705877514036,full_record_only_not_for_early_prediction,True
num__hemoglobin_lab_value_change,191320,47171,100.0,100.0,False,False,False,False,full_record_not_early_prediction,True,laboratory_features,0.0012403975334488,0.06592229571495889,0.000859324890743,0.030062478004986414,0.00027066047,0.002458999216494036,0.00017573748,0.0009461769225463884,0.0577145940594653,0.011386465342751121,0.0623671035698868,0.009341956193474861,137.0,0.12791783380018673,159.0,0.1536231884057971,8,0.05020742420014945,full_record_only_not_for_early_prediction,True
num__platelet_lab_value_change,191320,47171,100.0,100.0,False,False,False,False,full_record_not_early_prediction,True,laboratory_features,0.001652513172284,0.08782463611748811,0.0012240174574104,0.04282082165606034,0.00034002954,0.0030892297365951796,0.00020132383,0.001083934752590354,0.0846100882508219,0.01669265552699658,0.1140085146852023,0.01707731302093926,189.0,0.17647058823529413,229.0,0.221256038647343,8,0.07078940221166338,full_record_only_not_for_early_prediction,True
num__potassium_lab_value_change,191320,47171,100.0,100.0,False,False,False,False,full_record_not_early_prediction,True,laboratory_features,0.0009779204277916,0.05197266028684663,0.0006482651236482,0.022678798474257467,0.00025408418,0.00230840063029348,0.00018490167,0.0009955172516089787,0.0606926183692307,0.011973997337831537,0.0850079541255152,0.012733324751045915,96.0,0.0896358543417367,142.0,0.13719806763285025,8,0.04118707758830887,full_record_only_not_for_early_prediction,True
num__sodium_lab_value_change,191320,47171,100.0,100.0,False,False,False,False,full_record_not_early_prediction,True,laboratory_features,,,,,,,,,,,,,,,,,0,,full_record_only_not_for_early_prediction,True
num__urea_nitrogen_lab_value_change,191320,47171,100.0,100.0,False,False,False,False,full_record_not_early_prediction,True,laboratory_features,,,,,,,,,,,,,,,,,0,,full_record_only_not_for_early_prediction,True
num__wbc_lab_value_change,191320,47171,100.0,100.0,False,False,False,False,full_record_not_early_prediction,True,laboratory_features,0.0014840665484137,0.07887235440818018,0.0010940359338649,0.03827356981367206,0.00030395162,0.0027614553223531055,0.00018770518,0.001010611450433999,0.1322964009488772,0.026100649392474525,0.0811400453478344,0.012153951454978695,201.0,0.1876750700280112,225.0,0.21739130434782608,8,0.07052987077724124,full_record_only_not_for_early_prediction,True
num__creatinine_lab_value_range,191320,47171,100.0,100.0,False,False,False,False,,False,laboratory_features,,,,,,,,,,,,,,,,,0,,,False
num__glucose_lab_value_range,191320,47171,100.0,100.0,False,False,False,False,,False,laboratory_features,0.0015461183889007,0.08217016794612553,0.0011805242192784,0.0412992615001822,0.00033107193,0.0030078482331504426,0.00024908193,0.0013410660832812382,0.0842024434006824,0.01661223160590858,0.0805493131810908,0.012065465799754847,163.0,0.15219421101774042,185.0,0.178743961352657,8,0.06092927669235003,,False
num__hemoglobin_lab_value_range,191320,47171,100.0,100.0,False,False,False,False,,False,laboratory_features,0.001200417379451,0.06379750631196435,0.0008245907902252,0.028847346051882498,0.00032291203,0.0029337140690197526,0.00018264227,0.0009833525606233035,0.0333108536579449,0.006571871238024229,0.0271485309022984,0.004066573111292084,135.0,0.12605042016806722,159.0,0.1536231884057971,8,0.048359246489583826,,False
num__platelet_lab_value_range,191320,47171,100.0,100.0,False,False,False,False,,False,laboratory_features,0.0015321840744717,0.08142961342904283,0.0011549108811032,0.04040320876876363,0.00033392166,0.0030337385444959434,0.00025648598,0.0013809297551819599,0.1037993278631325,0.020478485010163285,0.055427728135892,0.008302508510261365,193.0,0.18020541549953314,199.0,0.19227053140096617,8,0.06593805386480103,,False
num__potassium_lab_value_range,191320,47171,100.0,100.0,False,False,False,False,,False,laboratory_features,0.0009612888737743,0.05108875799539385,0.0006330046219696,0.022144927640303957,0.00021691309,0.0019706945693152025,0.00015731328,0.0008469803660896829,0.0375330755706068,0.007404869966706172,0.0420701373634499,0.00630167761217923,132.0,0.12324929971988796,152.0,0.1468599033816425,8,0.04498338890643982,,False
num__sodium_lab_value_range,191320,47171,100.0,100.0,False,False,False,False,,False,laboratory_features,0.0007749213671693,0.0411840511971507,0.0005467825957748,0.01912855072169129,0.00038664276,0.003512719252660322,0.00024188995,0.0013023442038994743,0.0829384041117295,0.016362850322195338,0.0347181294243626,0.0052004217870779456,68.0,0.06349206349206349,106.0,0.10241545893719807,8,0.031574807489242074,,False
num__urea_nitrogen_lab_value_range,191320,47171,100.0,100.0,False,False,False,False,,False,laboratory_features,0.0009668154780727,0.05138247547953437,0.0006587365524351,0.023045129184537227,0.00032193214,0.0029248115915273785,0.0002785584,0.00149976845953092,0.0833004696957338,0.016434281946921318,0.0423603424696497,0.00634514737803429,93.0,0.08683473389355742,110.0,0.10628019323671498,8,0.03684331764629474,,False
num__wbc_lab_value_range,191320,47171,100.0,100.0,False,False,False,False,,False,laboratory_features,0.0014438442895781,0.07673469807641395,0.0010610107470995,0.03711822221296776,0.00035351564,0.003211753388954019,0.00020209032,0.0010880615623600318,0.0497576469852285,0.009816645723097338,0.0588561657315938,0.008816053504301669,172.0,0.16059757236227826,178.0,0.17198067632850242,8,0.05867046039485943,,False
num__num_lab_events_first_24h,191320,47171,100.0,100.0,False,False,False,False,,False,laboratory_activity_features,0.0006292325761168,0.033441259626601195,0.0004776878011455,0.01671135000264031,0.0003207307,0.0029138962923015085,0.00021154457,0.0011389635849108513,0.044109792997019,0.008702385201202194,0.026568770617111,0.0039797309320514195,83.0,0.07749766573295985,105.0,0.10144927536231885,8,0.030729315841873273,,False
num__num_lab_events_first_72h,191320,47171,100.0,100.0,False,False,False,False,,False,laboratory_activity_features,0.0011771118027829,0.06255890572183705,0.0008901821353811,0.031141982681529987,0.00042247286,0.00383824217747791,0.00041004783,0.0022077122870216683,0.0781068973561808,0.015409646282180077,0.0474159014080347,0.007102418558393013,104.0,0.09710550887021475,108.0,0.10434782608695652,8,0.04046403033320137,,False
num__num_lab_events_last_24h_before_discharge,191320,47171,100.0,100.0,False,False,False,False,full_record_not_early_prediction,True,discharge_readiness_trajectory_features,0.0006475255293554,0.03441345881305233,0.0006283814091585,0.02198318993790144,0.00039877056,0.003622902504384508,0.00040072727,0.0021575300562464857,0.1281727621890219,0.025287100053866345,0.0668633794773654,0.010015452478489492,93.0,0.08683473389355742,120.0,0.11594202898550725,8,0.037532049590375656,full_record_only_not_for_early_prediction,True
num__num_lab_events_last_48h_before_discharge,191320,47171,100.0,100.0,False,False,False,False,full_record_not_early_prediction,True,discharge_readiness_trajectory_features,0.0009893683618235,0.0525810733739623,0.0008701215124645,0.030440185210406843,0.0004358376,0.003959663252334709,0.0003135992,0.0016884293889329093,0.1207217847588595,0.02381710277396256,0.1992571660349634,0.029846691761926787,189.0,0.17647058823529413,165.0,0.15942028985507245,8,0.059778002981486576,full_record_only_not_for_early_prediction,True
num__num_abnormal_lab_flags,191320,47171,100.0,100.0,False,False,False,False,,False,laboratory_features,0.0018463224857392,0.09812484595294585,0.0020245860601386,0.07082777952526631,0.0026008445,0.02362914166122161,0.0010989305,0.005916681396491881,0.247463863177067,0.04882194438976331,0.1100418647366079,0.016483149304275812,115.0,0.10737628384687208,123.0,0.11884057971014493,8,0.061252550723372726,,False
num__num_abnormal_lab_flags_last_48h,191320,47171,100.0,100.0,False,False,False,False,,False,laboratory_features,0.0011592482635224,0.06160952821511769,0.0010971431366372,0.03838227167487212,0.00070795504,0.006431899304220538,0.00040689754,0.0021907510121853117,0.0625960619911748,0.01234952618259507,0.1935210747486377,0.02898748377484141,150.0,0.1400560224089636,152.0,0.1468599033816425,8,0.05460842324430478,,False
num__num_critical_or_priority_labs,191320,47171,100.0,100.0,False,False,False,False,,False,laboratory_activity_features,0.0007149001707499,0.037994158479028296,0.0005627351999627,0.019686633953874107,0.00038979843,0.003541389084119322,0.000301108,0.0016211763181883452,0.1405887452210301,0.02773663925264308,0.0334684963898205,0.005013239500289049,114.0,0.10644257703081232,118.0,0.11400966183574879,8,0.03950568443183791,,False
num__lab_activity_last_24h_flag,191320,47171,100.0,100.0,False,False,False,False,,False,laboratory_activity_features,,,,,,,,,,,,,,,,,0,,,False
num__lab_activity_near_discharge_flag,191320,47171,100.0,100.0,False,False,False,False,full_record_not_early_prediction,True,discharge_readiness_trajectory_features,9.878024086124702e-05,0.005249784906250605,0.0001013816971009,0.003546720305714394,0.00059689826,0.0054229284153192135,0.00028626344,0.0015412526724335794,0.0089207845759121,0.0017599743368049074,0.0615227654724378,0.00921548295570438,0.0,0.0,1.0,0.000966183574879227,8,0.0034627908958882883,full_record_only_not_for_early_prediction,True
num__abnormal_lab_burden_score,191320,47171,100.0,100.0,False,False,False,False,,False,laboratory_activity_features,0.0019722438937218,0.10481707813660134,0.0019876906627737,0.06953703712537082,0.0013370668,0.012147493180663538,0.00080971286,0.004359523204845288,0.0849572350064104,0.016761143828192708,0.0980010744973338,0.014679561699408587,152.0,0.1419234360410831,144.0,0.1391304347826087,8,0.06291946349984676,,False
num__num_oxygen_support_chart_events,191320,47171,100.0,100.0,False,False,False,False,,False,num_oxygen_support_chart_events,0.0003098350005891,0.016466523014512426,0.0003112716784511,0.010889476247942167,0.0004786261,0.004348404496946289,0.00024800037,0.0013352429252824478,0.0059049711626791,0.0011649869602221245,0.0268565613427486,0.004022839048316305,41.0,0.03828197945845005,33.0,0.03188405797101449,8,0.013549188765335786,,False
num__max_oxygen_flow_rate,191320,47171,100.0,100.0,False,False,False,False,,False,max_oxygen_flow_rate,0.0002898328809046,0.015403488291199637,0.0002757657161988,0.009647341613237544,0.0004227458,0.0038407218866358447,0.00036093278,0.001943275088652191,0.0421895247820351,0.008323537046155441,0.0306262795568742,0.004587504399155356,18.0,0.01680672268907563,16.0,0.015458937198067632,8,0.00950144102652241,,False
num__mean_oxygen_flow_rate,191320,47171,100.0,100.0,False,False,False,False,,False,mean_oxygen_flow_rate,0.0005051839390256,0.026848557918603768,0.0005969004284072,0.0208818645816755,0.00056137686,0.005100210085713226,0.00035433308,0.0019077420661248996,0.1221002811338525,0.024089065203132445,0.1081869393049042,0.016205300388208697,74.0,0.06909430438842204,80.0,0.07729468599033816,8,0.03017771632777734,,False
num__high_oxygen_flow_flag,191320,47171,100.0,100.0,False,False,False,False,,False,high_oxygen_flow_flag,,,,,,,,,,,,,,,,,0,,,False
num__num_gcs_chart_events,191320,47171,100.0,100.0,False,False,False,False,,False,num_gcs_chart_events,0.0003778076773135,0.020079005928038116,0.0003262555420172,0.011413669220516398,0.00038752228,0.003520709850588756,0.00046914976,0.0025259192070477892,0.0138173753940172,0.002726018758611651,0.027568748121307,0.0041295173659875615,42.0,0.0392156862745098,22.0,0.021256038647342997,8,0.013108320656580384,,False
num__gcs_min_score,191320,47171,100.0,100.0,False,False,False,False,,False,gcs_min_score,0.0001102882101658,0.00586138863418137,0.0001244183576554,0.004352630978951384,0.00021157687,0.0019222140475787265,0.00041452184,0.0022318005180196414,0.0289248172788294,0.0057065536864290825,0.018616457764499,0.002788555551866239,13.0,0.012138188608776844,14.0,0.01352657004830918,8,0.006065987759264059,,False
num__low_gcs_flag,191320,47171,100.0,100.0,False,False,False,False,,False,low_gcs_flag,,,,,,,,,,,,,,,,,0,,,False
num__num_orientation_chart_events,191320,47171,100.0,100.0,False,False,False,False,,False,num_orientation_chart_events,,,,,,,,,,,,,,,,,0,,,False
num__impaired_orientation_flag,191320,47171,100.0,100.0,False,False,False,False,,False,ed_timing_features,,,,,,,,,,,,,,,,,0,,,False
num__num_pain_chart_events,191320,47171,100.0,100.0,False,False,False,False,,False,num_pain_chart_events,0.0003311438157696,0.017599003511920886,0.0003079037730381,0.010771654009238428,0.00031794506,0.0028885882501724367,0.00022149297,0.0011925261288614104,0.0072248478788582,0.0014253843645596284,0.0187324079146201,0.0028059237020777424,44.0,0.04108309990662932,34.0,0.03285024154589372,8,0.013827052677419195,,False
num__pain_max_score,191320,47171,100.0,100.0,False,False,False,False,,False,pain_max_score,0.0001596223195608,0.008483304319009328,0.0001134128266163,0.003967615324965064,0.0002643636,0.0024017910161374606,0.00023256007,0.0012521117939085769,0.1413914316052215,0.02789500059683406,0.0980133111966246,0.0146813946321918,60.0,0.056022408963585436,50.0,0.04830917874396135,8,0.020376600673824134,,False
num__high_pain_flag,191320,47171,100.0,100.0,False,False,False,False,,False,high_pain_flag,,,,,,,,,,,,,,,,,0,,,False
num__num_rass_sedation_chart_events,191320,47171,100.0,100.0,False,False,False,False,,False,num_rass_sedation_chart_events,0.0002603938824761,0.013838920233280412,0.000297526816997,0.010408628317669606,0.00040224547,0.0036544726888572804,0.00030582858,0.001646592090947998,0.0058393750610462,0.0011520455586575041,0.0352500513579013,0.0052800982690216465,16.0,0.014939309056956116,21.0,0.020289855072463767,8,0.008901240160981792,,False
num__rass_extreme_flag,191320,47171,100.0,100.0,False,False,False,False,,False,rass_extreme_flag,4.651353978635765e-05,0.0024720134004300176,5.552817404856616e-05,0.0019425883376294785,0.0007543186,0.006853120614129127,0.00041662273,0.0022431117854556405,0.0157070150728023,0.003098824234651297,0.0114157564056737,0.0017099639097024899,9.0,0.008403361344537815,4.0,0.003864734299516908,8,0.0038234647407565966,,False
num__num_cam_delirium_chart_events,191320,47171,100.0,100.0,False,False,False,False,,False,num_cam_delirium_chart_events,0.0002417352728291,0.01284728783349679,0.0002136456810498,0.007474144711282208,0.00033676624,0.003059582067162015,0.00022792601,0.0012271618479454546,0.012067297389542,0.002380747291839551,0.0063470596000622,0.0009507248107924722,35.0,0.032679738562091505,36.0,0.034782608695652174,8,0.011925249477532773,,False
num__delirium_or_cam_positive_flag,191320,47171,100.0,100.0,False,False,False,False,,False,delirium_or_cam_positive_flag,,,,,,,,,,,,,,,,,0,,,False
num__agitation_chart_event_flag,191320,47171,100.0,100.0,False,False,False,False,,False,agitation_chart_event_flag,,,,,,,,,,,,,,,,,0,,,False
num__num_restraint_chart_events,191320,47171,100.0,100.0,False,False,False,False,,False,num_restraint_chart_events,,,,,,,,,,,,,,,,,0,,,False
num__had_restraint_chart_event,191320,47171,100.0,100.0,False,False,False,False,,False,had_restraint_chart_event,,,,,,,,,,,,,,,,,0,,,False
num__num_fall_mobility_chart_events,191320,47171,100.0,100.0,False,False,False,False,,False,num_fall_mobility_chart_events,,,,,,,,,,,,,,,,,0,,,False
num__fall_or_mobility_risk_flag,191320,47171,100.0,100.0,False,False,False,False,,False,fall_or_mobility_risk_flag,,,,,,,,,,,,,,,,,0,,,False
num__num_selected_neuro_behavioral_chart_events,191320,47171,100.0,100.0,False,False,False,False,,False,ed_timing_features,,,,,,,,,,,,,,,,,0,,,False
num__num_selected_resp_support_chart_events,191320,47171,100.0,100.0,False,False,False,False,,False,ed_timing_features,,,,,,,,,,,,,,,,,0,,,False
num__chart_acuity_event_density_per_day,191320,47171,100.0,100.0,False,False,False,False,,False,chart_acuity_event_density_per_day,0.0005754114012572,0.030580873896103842,0.0006497527016975,0.022730839655502794,0.00078410184,0.00712370672455986,0.00045686326,0.002459768248476708,0.0602683321334613,0.011890290251301276,0.1064118117202291,0.01593940437597396,64.0,0.059757236227824466,54.0,0.05217391304347826,8,0.025332004052902646,,False
num__heart_rate_vital_first_value,191320,47171,100.0,100.0,False,False,False,False,,False,vital_sign_features,0.0003047234033401,0.01619486153797962,0.0002793007819921,0.009771011762679362,0.0003599223,0.0032699590512745777,0.00020639609,0.001111243983137845,0.0636605116627374,0.012559530592950313,0.0306237267752281,0.00458712201849401,71.0,0.06629318394024276,65.0,0.06280193236714976,8,0.02207360565673853,,False
num__mean_bp_arterial_vital_first_value,191320,47171,100.0,100.0,False,False,False,False,,False,vital_sign_features,8.778746508002177e-05,0.0046655617066419285,7.840980863689678e-05,0.0027430756084393156,0.0003096745,0.0028134487199707532,0.00018598694,0.0010013603843814069,0.0018504196037897,0.0003650677793278735,0.0030534416638846,0.0004573744270707792,15.0,0.014005602240896359,13.0,0.012560386473429951,8,0.004826484667519796,,False
num__mean_bp_noninvasive_vital_first_value,191320,47171,100.0,100.0,False,False,False,False,,False,vital_sign_features,0.0003390315855724,0.01801820774237913,0.0002480640543366,0.008678231315834301,0.00025134443,0.0022835095070962525,0.0002114999,0.0011387230800217968,0.0228707596769686,0.004512153583821039,0.0015374050615103,0.00023028760218376477,49.0,0.0457516339869281,52.0,0.050241545893719805,8,0.016356786588998022,,False
num__respiratory_rate_vital_first_value,191320,47171,100.0,100.0,False,False,False,False,,False,vital_sign_features,0.0002272217476827,0.01207595052366896,0.0001940889507234,0.006789975334111587,0.0003920649,0.0035619803731029233,0.00031458252,0.0016937236192330041,0.0459997962162935,0.009075262399849453,0.0093374121263992,0.0013986491283420781,44.0,0.04108309990662932,32.0,0.030917874396135265,8,0.013324564460134074,,False
num__spo2_vital_first_value,191320,47171,100.0,100.0,False,False,False,False,,False,vital_sign_features,0.0001477162014731,0.007850540534634246,0.0001143707449476,0.004001126979375983,0.0002177514,0.001978310766956399,0.00019641955,0.0010575299324136573,9.59493796161412e-06,1.8929775102151767e-06,0.0036737599089525,0.0005502917751554763,18.0,0.01680672268907563,13.0,0.012560386473429951,8,0.005600850266068945,,False
num__systolic_bp_arterial_vital_first_value,191320,47171,100.0,100.0,False,False,False,False,,False,vital_sign_features,9.664679773613562e-05,0.0051364007170757045,7.862944686913266e-05,0.0027507593955572894,0.00028191184,0.0025612199434974455,0.00010911953,0.000587503480106283,0.0255508211566518,0.005040900734384256,0.0145264457159857,0.002175913450486944,36.0,0.03361344537815126,36.0,0.034782608695652174,8,0.01083109397436392,,False
num__systolic_bp_noninvasive_vital_first_value,191320,47171,100.0,100.0,False,False,False,False,,False,vital_sign_features,0.0003348836588002,0.01779776159676266,0.0002491906286044,0.00871764320127083,0.00035661663,0.0032399264427448293,0.00018841417,0.001014428678132474,0.0694899020160758,0.013709606276741244,0.0209136411953595,0.003132650206757939,64.0,0.059757236227824466,72.0,0.06956521739130435,8,0.022116808752692348,,False
num__heart_rate_vital_last_value,191320,47171,100.0,100.0,False,False,False,False,full_record_not_early_prediction,True,vital_sign_features,0.0003673891126713,0.019525299813064716,0.0003184222084166,0.01113962919024316,0.00040516086,0.00368095953315255,0.00022561429,0.0012147154641951644,0.0555261511683006,0.01095470922385401,0.024502604566051,0.0036702403251031883,49.0,0.0457516339869281,43.0,0.04154589371980676,8,0.017185385157043456,full_record_only_not_for_early_prediction,True
num__mean_bp_arterial_vital_last_value,191320,47171,100.0,100.0,False,False,False,False,full_record_not_early_prediction,True,vital_sign_features,0.0001065528785391,0.005662870312878275,9.295324448391696e-05,0.003251860731479273,0.00042032803,0.003818756009846882,0.00019491046,0.0010494049374948414,0.0195746565714348,0.0038618680817065214,0.0101941329848482,0.0015269771774505043,34.0,0.031746031746031744,27.0,0.02608695652173913,8,0.009625590689828396,full_record_only_not_for_early_prediction,True
num__mean_bp_noninvasive_vital_last_value,191320,47171,100.0,100.0,False,False,False,False,full_record_not_early_prediction,True,vital_sign_features,0.0003657786732694,0.019439711233903405,0.0003114957992039,0.010897316850808548,0.00028175674,0.002559810832006291,0.00019412952,0.0010452003284046611,0.0329198547075855,0.006494731372971514,0.0357831469866233,0.005359950558536313,49.0,0.0457516339869281,30.0,0.028985507246376812,8,0.015066732801241954,full_record_only_not_for_early_prediction,True
num__respiratory_rate_vital_last_value,191320,47171,100.0,100.0,False,False,False,False,full_record_not_early_prediction,True,vital_sign_features,0.0002430160078462,0.012915353909293492,0.0002148478799029,0.0075162022345406,0.00033801282,0.0030709074714343754,0.00018088525,0.0009738927016538196,0.0111814572261701,0.002205980606154149,0.0,0.0,38.0,0.035480859010270774,43.0,0.04154589371980676,8,0.012963636206644246,full_record_only_not_for_early_prediction,True
num__spo2_vital_last_value,191320,47171,100.0,100.0,False,False,False,False,full_record_not_early_prediction,True,vital_sign_features,0.000248965349139,0.013231538217498881,0.0002727130870011,0.009540548944827943,0.00045048245,0.004092714357565084,0.0002781708,0.00149768160716921,0.036766218240594,0.00725357730748676,0.0193995479672607,0.002905854479521931,47.0,0.04388422035480859,59.0,0.057004830917874394,8,0.017426370773344097,full_record_only_not_for_early_prediction,True
num__systolic_bp_arterial_vital_last_value,191320,47171,100.0,100.0,False,False,False,False,full_record_not_early_prediction,True,vital_sign_features,9.344179499157125e-05,0.004966067309440669,8.653950878766074e-05,0.003027483676449729,0.0003126566,0.0028405416366552873,0.00022269957,0.001199022506724257,0.0247388455587347,0.004880706728769026,0.0006083152043388,9.1119414971544e-05,12.0,0.011204481792717087,8.0,0.007729468599033816,8,0.004492361458095177,full_record_only_not_for_early_prediction,True
num__systolic_bp_noninvasive_vital_last_value,191320,47171,100.0,100.0,False,False,False,False,full_record_not_early_prediction,True,vital_sign_features,0.0003932951382264,0.020902104128931308,0.0002940395564284,0.010286630578199323,0.00027968842,0.0025410197715331497,0.00014822434,0.0007980451857376669,0.0390786482903654,0.007709794752109677,0.0,0.0,53.0,0.04948646125116713,62.0,0.05990338164251208,8,0.01895342966377379,full_record_only_not_for_early_prediction,True
num__heart_rate_vital_max_value,191320,47171,100.0,100.0,False,False,False,False,full_record_not_early_prediction,True,vital_sign_features,0.0003545578795409,0.01884336976886512,0.0003050221644788,0.010670844298189519,0.0003411412,0.003099329368318304,0.00017154623,0.0009236110815736912,0.029260186712073,0.005772718449274193,0.0003313044442965,4.962602763575883e-05,38.0,0.035480859010270774,45.0,0.043478260869565216,8,0.014789827359211572,full_record_only_not_for_early_prediction,True
num__mean_bp_arterial_vital_max_value,191320,47171,100.0,100.0,False,False,False,False,full_record_not_early_prediction,True,vital_sign_features,9.060382111564576e-05,0.004815240056052059,8.592036907997412e-05,0.0030058237966477494,0.00034730416,0.0031553209721579194,0.00019468142,0.001048171777884609,0.0257363907825308,0.005077511615014576,0.0021808626930674,0.00032667099442559925,27.0,0.025210084033613446,23.0,0.022222222222222223,8,0.008107630683502271,full_record_only_not_for_early_prediction,True
num__mean_bp_noninvasive_vital_max_value,191320,47171,100.0,100.0,False,False,False,False,full_record_not_early_prediction,True,vital_sign_features,0.0003301415541331,0.017545737211236295,0.0002663095249048,0.009316527801314764,0.0003212314,0.002918445242163668,0.00018088825,0.0009739088537618825,0.0338280865998312,0.006673915704643009,0.0018353338594133,0.00027491429830194566,55.0,0.051353874883286646,43.0,0.04154589371980676,8,0.01632540221431437,full_record_only_not_for_early_prediction,True
num__respiratory_rate_vital_max_value,191320,47171,100.0,100.0,False,False,False,False,full_record_not_early_prediction,True,vital_sign_features,0.0002196387758636,0.011672945118404228,0.0001693308350358,0.005923841562913773,0.00031709997,0.0028809104550076427,0.000166423,0.0008960274267102134,0.0194349478907294,0.0038343050696667156,0.0019354956594889,0.0002899175146613091,25.0,0.02334267040149393,25.0,0.024154589371980676,8,0.009124400865104812,full_record_only_not_for_early_prediction,True
num__spo2_vital_max_value,191320,47171,100.0,100.0,False,False,False,False,full_record_not_early_prediction,True,vital_sign_features,2.874755735574868e-05,0.0015278206590908466,1.5385603577403612e-05,0.0005382473778214647,0.00030892045,0.0028065980396360986,0.00033272037,0.001791378456975118,0.0,0.0,0.0053431046204082,0.0008003425915887396,2.0,0.0018674136321195146,3.0,0.002898550724637681,8,0.0015287939352336831,full_record_only_not_for_early_prediction,True
num__systolic_bp_arterial_vital_max_value,191320,47171,100.0,100.0,False,False,False,False,full_record_not_early_prediction,True,vital_sign_features,9.608188380908248e-05,0.0051063777430303174,8.098679172893114e-05,0.0028332283531788765,0.00023223332,0.0021098816237325266,0.00016594955,0.000893478354856107,0.0018544950039487,0.00036587181171213466,0.0,0.0,12.0,0.011204481792717087,8.0,0.007729468599033816,8,0.003780348534782608,full_record_only_not_for_early_prediction,True
num__systolic_bp_noninvasive_vital_max_value,191320,47171,100.0,100.0,False,False,False,False,full_record_not_early_prediction,True,vital_sign_features,0.0003555127546126,0.018894117658271536,0.000328649225957,0.011497409458424446,0.00039744467,0.00361085655444894,0.00019467679,0.0010481468497978322,0.0896831810133166,0.017693521873924197,0.0370177505462842,0.005544881583234872,68.0,0.06349206349206349,49.0,0.04734299516908213,8,0.021140499079905933,full_record_only_not_for_early_prediction,True
num__heart_rate_vital_mean_value,191320,47171,100.0,100.0,False,False,False,False,full_record_not_early_prediction,True,vital_sign_features,0.0004237657680378,0.02252149937511757,0.0003823519589798,0.013376136873046042,0.00027757016,0.0025217749971472533,0.0002266444,0.0012202616135406782,0.0369326600310333,0.00728641447301321,0.0228382057449185,0.0034209303526099564,55.0,0.051353874883286646,68.0,0.06570048309178744,8,0.020925171957443603,full_record_only_not_for_early_prediction,True
num__mean_bp_arterial_vital_mean_value,191320,47171,100.0,100.0,False,False,False,False,full_record_not_early_prediction,True,vital_sign_features,0.0001002433949947,0.005327545847288492,8.34751833803429e-05,0.0029202818298024588,0.00024137663,0.00219295024519085,0.00022278138,0.001199462974711129,0.0,0.0,0.0039752794068022,0.0005954563215133816,7.0,0.006535947712418301,9.0,0.008695652173913044,8,0.003433412138104707,full_record_only_not_for_early_prediction,True
num__mean_bp_noninvasive_vital_mean_value,191320,47171,100.0,100.0,False,False,False,False,full_record_not_early_prediction,True,vital_sign_features,0.0003887925876099,0.020662811107776055,0.0003569319075777,0.012486846053714007,0.00031725338,0.0028823042125437994,0.00019523781,0.0010511674016862908,0.0324375163162278,0.006399571223858898,0.0166950046927833,0.0025007414736692075,71.0,0.06629318394024276,50.0,0.04830917874396135,8,0.020073225519681548,full_record_only_not_for_early_prediction,True
num__respiratory_rate_vital_mean_value,191320,47171,100.0,100.0,False,False,False,False,full_record_not_early_prediction,True,vital_sign_features,0.0004180795105441,0.02221929694573281,0.0003807831121538,0.013321252598532549,0.00037662176,0.003421676659153828,0.00014747889,0.0007940316560858694,0.0355709216096901,0.007017758206895472,0.0162612863357323,0.002435774886158277,67.0,0.06255835667600373,87.0,0.08405797101449275,8,0.02447826483038191,full_record_only_not_for_early_prediction,True
num__spo2_vital_mean_value,191320,47171,100.0,100.0,False,False,False,False,full_record_not_early_prediction,True,vital_sign_features,0.0004536954281659,0.024112144190515584,0.0003968501983117,0.013883340848773337,0.0003821906,0.003472270575571621,0.0002757633,0.0014847195404488357,0.0922969581900789,0.018209191848250157,0.0584153391358738,0.008750022175116721,93.0,0.08683473389355742,82.0,0.07922705314009662,8,0.029496684526541285,full_record_only_not_for_early_prediction,True
num__systolic_bp_arterial_vital_mean_value,191320,47171,100.0,100.0,False,False,False,False,full_record_not_early_prediction,True,vital_sign_features,0.0001197023425046,0.0063617130859824084,8.819785297479031e-05,0.0030854989116504395,0.00035279925,0.003205244856515928,0.00014781987,0.000795867504688284,0.0263861965273614,0.005205711262150807,0.0,0.0,13.0,0.012138188608776844,14.0,0.01352657004830918,8,0.0055398492847592365,full_record_only_not_for_early_prediction,True
num__systolic_bp_noninvasive_vital_mean_value,191320,47171,100.0,100.0,False,False,False,False,full_record_not_early_prediction,True,vital_sign_features,0.0003951322630951,0.020999740157376975,0.0003727201880391,0.013039180612180026,0.00038876466,0.0035319970971031357,0.00019268898,0.0010374444091550794,0.0131334659588919,0.00259109082214187,0.0,0.0,48.0,0.04481792717086835,42.0,0.04057971014492753,8,0.01582463630171912,full_record_only_not_for_early_prediction,True
num__heart_rate_vital_measured,191320,47171,100.0,100.0,False,False,False,False,,False,vital_sign_features,,,,,,,,,,,,,,,,,0,,,False
num__mean_bp_arterial_vital_measured,191320,47171,100.0,100.0,False,False,False,False,,False,vital_sign_features,,,,,,,,,,,,,,,,,0,,,False
num__mean_bp_noninvasive_vital_measured,191320,47171,100.0,100.0,False,False,False,False,,False,vital_sign_features,,,,,,,,,,,,,,,,,0,,,False
num__respiratory_rate_vital_measured,191320,47171,100.0,100.0,False,False,False,False,,False,vital_sign_features,,,,,,,,,,,,,,,,,0,,,False
num__spo2_vital_measured,191320,47171,100.0,100.0,False,False,False,False,,False,vital_sign_features,,,,,,,,,,,,,,,,,0,,,False
num__systolic_bp_arterial_vital_measured,191320,47171,100.0,100.0,False,False,False,False,,False,vital_sign_features,,,,,,,,,,,,,,,,,0,,,False
num__systolic_bp_noninvasive_vital_measured,191320,47171,100.0,100.0,False,False,False,False,,False,vital_sign_features,,,,,,,,,,,,,,,,,0,,,False
num__heart_rate_vital_min_value,191320,47171,100.0,100.0,False,False,False,False,full_record_not_early_prediction,True,vital_sign_features,0.0003373617259574,0.017929461210421403,0.0002879729897927,0.010074398827418979,0.00043919313,0.003990148847962775,0.0001993402,0.0010732548172181688,0.0503307348572254,0.009929709763470216,0.0612462845025251,0.009174068925528047,56.0,0.05228758169934641,35.0,0.033816425120772944,8,0.017284381151517366,full_record_only_not_for_early_prediction,True
num__mean_bp_arterial_vital_min_value,191320,47171,100.0,100.0,False,False,False,False,full_record_not_early_prediction,True,vital_sign_features,9.037597612912866e-05,0.004803130982812782,7.741435498192878e-05,0.0027082508245539288,0.00037213188,0.003380885289057736,0.00015844894,0.0008530948004372053,0.0153281364098217,0.003024075571242324,0.0,0.0,13.0,0.012138188608776844,20.0,0.01932367149758454,8,0.00577891219680817,full_record_only_not_for_early_prediction,True
num__mean_bp_noninvasive_vital_min_value,191320,47171,100.0,100.0,False,False,False,False,full_record_not_early_prediction,True,vital_sign_features,0.0002883935680117,0.015326994419200154,0.0002272113159132,0.007948722608533652,0.0002803729,0.002547238395862391,0.00017469685,0.0009405741331419344,0.0089871622338421,0.0017730699309760141,0.0,0.0,34.0,0.031746031746031744,32.0,0.030917874396135265,8,0.011400063203735145,full_record_only_not_for_early_prediction,True
num__respiratory_rate_vital_min_value,191320,47171,100.0,100.0,False,False,False,False,full_record_not_early_prediction,True,vital_sign_features,0.0001788345397007,0.009504358959356737,0.0001377119575562,0.0048176920506484335,0.00032979692,0.0029962645371972726,9.9147765e-05,0.000533815138154095,0.0307802443981294,0.006072609394421109,0.0,0.0,25.0,0.02334267040149393,26.0,0.025120772946859903,8,0.009048522928516435,full_record_only_not_for_early_prediction,True
num__spo2_vital_min_value,191320,47171,100.0,100.0,False,False,False,False,full_record_not_early_prediction,True,vital_sign_features,0.0002534319824958,0.013468922376252064,0.0002207717532194,0.0077234420261491354,0.00030918096,0.00280896482000077,0.00019619332,0.0010563119019446436,0.0057796738670209,0.0011402671586225055,0.0,0.0,29.0,0.02707749766573296,16.0,0.015458937198067632,8,0.008591792893346214,full_record_only_not_for_early_prediction,True
num__systolic_bp_arterial_vital_min_value,191320,47171,100.0,100.0,False,False,False,False,full_record_not_early_prediction,True,vital_sign_features,9.925512841763109e-05,0.005275023329481151,7.232463768854572e-05,0.0025301930075021842,0.00028984828,0.0026333239331999387,0.00019820413,0.0010671381754158776,0.0055891354137883,0.0011026759820830145,0.0,0.0,11.0,0.01027077497665733,10.0,0.00966183574879227,8,0.00406762064414147,full_record_only_not_for_early_prediction,True
num__systolic_bp_noninvasive_vital_min_value,191320,47171,100.0,100.0,False,False,False,False,full_record_not_early_prediction,True,vital_sign_features,0.0003188076968192,0.01694338685718433,0.0002422871740992,0.008476133905477527,0.0002760193,0.0025076851541609765,0.00014795506,0.0007965953725179526,0.0262218805164203,0.0051732934899333975,0.0028500190339961,0.00042690379129641903,19.0,0.017740429505135387,26.0,0.025120772946859903,8,0.009648150127820738,full_record_only_not_for_early_prediction,True
num__heart_rate_vital_value_change,191320,47171,100.0,100.0,False,False,False,False,full_record_not_early_prediction,True,vital_sign_features,0.000324028120557,0.017220832037556297,0.0002646706068885,0.009259192168019662,0.00030417,0.002763439344064506,0.00019412674,0.001045185360784523,0.0280301308908036,0.005530041736273276,2.881883519555098e-05,4.3167676632942195e-06,30.0,0.028011204481792718,30.0,0.028985507246376812,8,0.011602464892816387,full_record_only_not_for_early_prediction,True
num__mean_bp_arterial_vital_value_change,191320,47171,100.0,100.0,False,False,False,False,full_record_not_early_prediction,True,vital_sign_features,0.0001117450649457,0.00593881478912324,7.842031979040868e-05,0.0027434433288727193,0.00036077923,0.0032777444149761567,0.00020967216,0.0011288824620249132,0.0005370342721907,0.00010595105497698843,0.0060603412584837,0.0009077773267251602,13.0,0.012138188608776844,13.0,0.012560386473429951,8,0.004850148557363246,full_record_only_not_for_early_prediction,True
num__mean_bp_noninvasive_vital_value_change,191320,47171,100.0,100.0,False,False,False,False,full_record_not_early_prediction,True,vital_sign_features,0.0003078767994463,0.01636245225386998,0.0002316308877407,0.008103336168884263,0.0002216902,0.002014095475798169,0.0001912288,0.0010295827474380468,0.0206831455149928,0.004080560964231889,0.0045725333922981,0.0006849188786871122,16.0,0.014939309056956116,32.0,0.030917874396135265,8,0.009766516242750104,full_record_only_not_for_early_prediction,True
num__respiratory_rate_vital_value_change,191320,47171,100.0,100.0,False,False,False,False,full_record_not_early_prediction,True,vital_sign_features,0.0002745524581613,0.014591393362299985,0.000250632017272,0.008768068500925418,0.0003781688,0.003435731796750703,0.00022249535,0.001197922978888064,0.005130711056098,0.0010122338132316602,0.0442847207406635,0.006633399621259611,57.0,0.05322128851540616,42.0,0.04057971014492753,8,0.01617996859171114,full_record_only_not_for_early_prediction,True
num__spo2_vital_value_change,191320,47171,100.0,100.0,False,False,False,False,full_record_not_early_prediction,True,vital_sign_features,0.0002525814379112,0.013423719245713051,0.0002319338929696,0.008113936453046085,0.00020976747,0.0019057753220333069,0.00021029124,0.001132215611044747,0.0456027016558159,0.008996919936831962,0.0225855644980811,0.0033830872698704297,33.0,0.03081232492997199,24.0,0.02318840579710145,8,0.011369548070701627,full_record_only_not_for_early_prediction,True
num__systolic_bp_arterial_vital_value_change,191320,47171,100.0,100.0,False,False,False,False,full_record_not_early_prediction,True,vital_sign_features,0.0001081022495945,0.005745213347374879,7.13230129470923e-05,0.0024951523353611057,0.00040828952,0.0037093839738870107,0.00013022064,0.0007011126164277599,0.0244981181237882,0.004833213808828473,0.0157968965850273,0.0023662140366164435,7.0,0.006535947712418301,11.0,0.010628019323671498,8,0.004626782144323184,full_record_only_not_for_early_prediction,True
num__systolic_bp_noninvasive_vital_value_change,191320,47171,100.0,100.0,False,False,False,False,full_record_not_early_prediction,True,vital_sign_features,0.000313794267095,0.01667694260208656,0.0002344656745572,0.008202507875927653,0.00033035854,0.003001366956253766,0.00014816885,0.000797746425578866,0.0133928875074322,0.002642271888555912,0.0,0.0,46.0,0.04295051353874883,35.0,0.033816425120772944,8,0.013510971800990567,full_record_only_not_for_early_prediction,True
num__previous_total_admissions_7d,191320,47171,100.0,100.0,False,False,False,False,,False,prior_utilisation_features,6.744752894275997e-05,0.0035845733551609013,4.902710825923582e-05,0.0017151561412552634,8.831904e-05,0.0008023944174836666,0.00021957097,0.0011821780116291947,0.0001752255986222,3.457011590203297e-05,0.002066526991574,0.00030954467215692666,1.0,0.0009337068160597573,2.0,0.001932367149758454,8,0.0013118113349257746,,False
num__previous_psych_admissions_7d,191320,47171,100.0,100.0,False,False,False,False,,False,prior_utilisation_features,0.0001010439416874,0.005370091784688956,6.036157530382805e-05,0.0021116792373472204,0.00018672388,0.0016964201481683913,0.0003280739,0.001766361695124976,0.0,0.0,0.0127681247474351,0.0019125348979803117,3.0,0.0028011204481792717,2.0,0.001932367149758454,8,0.0021988219201559476,,False
num__previous_nonpsych_admissions_7d,191320,47171,100.0,100.0,False,False,False,False,,False,prior_utilisation_features,1.4032162315633536e-05,0.0007457547509946567,4.542611570490486e-06,0.00015891796210510203,0.00025264613,0.002295335686516211,0.00016225217,0.0008735715277530634,0.0093122863234637,0.001837213398306921,0.0,0.0,0.0,0.0,0.0,0.0,8,0.0007388491657094943,,False
num__previous_ed_visits_7d,191320,47171,100.0,100.0,False,False,False,False,,False,utilisation_trajectory_features,6.161167173222109e-05,0.0032744202837389005,4.5107721051437545e-05,0.0015780409558385064,8.808957e-05,0.000800309641120835,0.000108308035,0.0005831343617954835,0.0151153550295868,0.0029820961057169994,0.0009692800367125,0.00014518826631143992,5.0,0.004668534080298786,3.0,0.002898550724637681,8,0.002116284302432329,,False
num__previous_total_admissions_14d,191320,47171,100.0,100.0,False,False,False,False,,False,prior_utilisation_features,0.0001339983620224,0.007121490819157122,0.0001188182884077,0.004156719094635058,0.00041371968,0.0037587179574769944,0.00032566913,0.0017534143268229392,0.0178748906902582,0.0035265226528386202,0.0711041268589639,0.010650673195803916,0.0,0.0,5.0,0.004830917874396135,8,0.004474806990141348,,False
num__previous_psych_admissions_14d,191320,47171,100.0,100.0,False,False,False,False,,False,prior_utilisation_features,0.0001379474870444,0.007331371426378093,0.0001341639142095,0.004693567896652751,0.00024092138,0.0021888142167811276,0.00036480077,0.0019641004861407642,0.0,0.0,0.0311420302665576,0.004664758596654153,2.0,0.0018674136321195146,5.0,0.004830917874396135,8,0.003442618016140317,,False
num__previous_nonpsych_admissions_14d,191320,47171,100.0,100.0,False,False,False,False,,False,prior_utilisation_features,1.9959017302487256e-05,0.001060743999656507,1.6936733955508706e-05,0.0005925118630900482,0.00012876598,0.0011698621669100281,0.0,0.0,0.0,0.0,0.0,0.0,1.0,0.0009337068160597573,1.0,0.000966183574879227,8,0.000590376052574446,,False
num__previous_ed_visits_14d,191320,47171,100.0,100.0,False,False,False,False,,False,utilisation_trajectory_features,0.0001206095934854,0.006409929940523947,0.0001012611888899,0.003542504466650922,0.00045303802,0.0041159321722230415,0.00012676955,0.0006825318235563097,0.0,0.0,0.027258351205257,0.004083023072901151,5.0,0.004668534080298786,7.0,0.00676328502415459,8,0.0037832175725385935,,False
num__previous_total_admissions_30d,191320,47171,100.0,100.0,False,False,False,False,,False,prior_utilisation_features,0.0005017566591772,0.026666411348998817,0.0007509288762722,0.026270369995594206,0.0002343923,0.0021294963466672286,0.0005884996,0.00316850304469929,0.1511956804012746,0.029829272871415874,0.0948396643119485,0.014206014688709587,5.0,0.004668534080298786,5.0,0.004830917874396135,8,0.01397119003134749,,False
num__previous_psych_admissions_30d,191320,47171,100.0,100.0,False,False,False,False,,False,prior_utilisation_features,0.0005981438159335,0.03178901315968291,0.0010070317227938,0.03522982907039551,0.00043122965,0.003917799194980328,0.00041981498,0.002260298974443435,0.1814914232973264,0.03580629535836895,0.1546407073657453,0.023163601181509546,4.0,0.003734827264239029,12.0,0.011594202898550725,8,0.018436983387771305,,False
num__previous_nonpsych_admissions_30d,191320,47171,100.0,100.0,False,False,False,False,,False,prior_utilisation_features,3.973321703983217e-05,0.0021116656658641906,3.5820596493133085e-05,0.0012531417462715673,0.00017752837,0.0016128772802894466,0.00026497006,0.0014266083475063594,0.0044408128906578,0.0008761243650266077,0.0261049320923312,0.003910252650532649,6.0,0.0056022408963585435,14.0,0.01352657004830918,8,0.0037899351250198178,,False
num__previous_ed_visits_30d,191320,47171,100.0,100.0,False,False,False,False,,False,utilisation_trajectory_features,0.000220602651281,0.011724171341114904,0.0002448721830751,0.008566567426393572,0.00031924777,0.0029004236056246716,0.00022322137,0.0012018318967199752,0.0,0.0,0.0,0.0,33.0,0.03081232492997199,29.0,0.028019323671497585,8,0.010403080358915337,,False
num__previous_total_admissions_60d,191320,47171,100.0,100.0,False,False,False,False,,False,prior_utilisation_features,0.00108061060892,0.05743024328328081,0.0027444874219169,0.09601268815220894,0.0011619669,0.0105566789885941,0.0010561657,0.005686434172864275,0.1667086248663014,0.032889809073629386,0.365325741047244,0.05472207099352857,42.0,0.0392156862745098,52.0,0.050241545893719805,8,0.043344394604041964,,False
num__previous_psych_admissions_60d,191320,47171,100.0,100.0,False,False,False,False,,False,prior_utilisation_features,0.0023369968990505,0.12420227911595419,0.003912800740253,0.136884765539661,0.0022204192,0.02017290915473661,0.0022847345,0.01230109284624749,0.2514998145858221,0.04961819396215861,0.4924276632734278,0.07376064295820083,115.0,0.10737628384687208,86.0,0.08309178743961353,8,0.07592599435793054,,False
num__previous_nonpsych_admissions_60d,191320,47171,100.0,100.0,False,False,False,False,,False,prior_utilisation_features,8.870057753158712e-05,0.004714090075515524,7.507600274385892e-05,0.002626446301628839,0.0001494774,0.001358029155434355,0.00019404861,0.0010447647060502082,0.0112773873570051,0.0022249065836799182,0.0018459914575706,0.00027651069783654305,3.0,0.0028011204481792717,5.0,0.004830917874396135,8,0.002484598230340099,,False
num__previous_ed_visits_60d,191320,47171,100.0,100.0,False,False,False,False,,False,utilisation_trajectory_features,0.0007687492985944,0.040856029801754755,0.00080220326405,0.02806414458701385,0.0004455403,0.004047814032897075,0.00050287356,0.0027074893610102213,0.0343017323836553,0.006767360896282,0.0904331625554819,0.013545965656141443,37.0,0.03454715219421102,30.0,0.028985507246376812,8,0.019940182971960898,,False
num__previous_total_admissions_90d,191320,47171,100.0,100.0,False,False,False,False,,False,prior_utilisation_features,0.0045398439474541,0.24127501638263193,0.0043130193514695,0.1508859463811462,0.0022525534,0.020464854161048998,0.0015455927,0.008321526770476982,0.2379342892705587,0.04694186250084207,0.2007870391660936,0.030075851157738354,34.0,0.031746031746031744,38.0,0.03671497584541063,8,0.07080325811816586,,False
num__previous_psych_admissions_90d,191320,47171,100.0,100.0,False,False,False,False,,False,prior_utilisation_features,0.0044742495653393,0.23778893056062209,0.0084425582561141,0.29535304355119896,0.0049721333,0.045172728359645226,0.0046402276,0.024983152543685123,0.3681903552038184,0.07263997585678147,0.397872552213445,0.05959725144521071,81.0,0.07563025210084033,59.0,0.057004830917874394,8,0.10852127066698229,,False
num__previous_nonpsych_admissions_90d,191320,47171,100.0,100.0,False,False,False,False,,False,prior_utilisation_features,0.0001049001592695,0.005575034723491496,0.0001057902954725,0.0037009499725223125,0.00032096487,0.0029160237690125574,0.00020496425,0.0011035349050016457,0.0127932187091266,0.0025239637188406282,0.0074010639566721,0.0011086039163396406,14.0,0.013071895424836602,13.0,0.012560386473429951,8,0.005320049112934354,,False
num__previous_ed_visits_90d,191320,47171,100.0,100.0,False,False,False,False,,False,utilisation_trajectory_features,0.0008997671703634,0.04781911917737314,0.001583982292803,0.05541377114830888,0.00025300786,0.002298622068848224,0.0004128421,0.002222756737353855,0.1283111215956213,0.025314396868714673,0.0761755658390588,0.011410323044491178,23.0,0.021475256769374416,37.0,0.035748792270531404,8,0.02521287976062447,,False
num__previous_total_admissions_180d,191320,47171,100.0,100.0,False,False,False,False,,False,prior_utilisation_features,0.0079868135991869,0.42446802231374053,0.0106214690313954,0.3715796930551899,0.0009223381,0.00837960809438703,0.0007012935,0.003775789465239775,0.460868735681433,0.09092441819806124,0.3234083571622128,0.04844327429487756,38.0,0.035480859010270774,58.0,0.05603864734299517,8,0.12988628897184526,,False
num__previous_psych_admissions_180d,191320,47171,100.0,100.0,False,False,False,False,,False,prior_utilisation_features,0.0186609376847769,0.9917561259203044,0.0274894931648234,0.9616878232413282,0.029151354,0.2648453120832173,0.02801032,0.15080857183760432,1.164001531831706,0.22964491593677386,1.143245292942181,0.1712464878715158,119.0,0.1111111111111111,121.0,0.11690821256038647,8,0.3747510700702802,,False
num__previous_nonpsych_admissions_180d,191320,47171,100.0,100.0,False,False,False,False,,False,prior_utilisation_features,0.0001874131190201,0.009960277023894763,0.0001608052687176,0.005625584579225873,0.00023711708,0.0021542514647127954,0.0002578386,0.0013882123099845818,0.0082558012109736,0.0016287803093362784,0.0044748717791599,0.0006702901648380106,18.0,0.01680672268907563,28.0,0.02705314009661836,8,0.008160907329710787,,False
num__previous_ed_visits_180d,191320,47171,100.0,100.0,False,False,False,False,,False,utilisation_trajectory_features,0.0024517786303427,0.13030248088907523,0.0029673098477161,0.10380787056431659,0.0002840039,0.002580226686154984,0.0005331768,0.0028706430967209225,0.1017332409315595,0.020070868399064398,0.1750342809854887,0.026218350568268555,43.0,0.040149393090569564,76.0,0.07342995169082125,8,0.049928723123123936,,False
num__previous_total_admissions_365d,191320,47171,100.0,100.0,False,False,False,False,,False,prior_utilisation_features,0.0058493309989684,0.31086915077664273,0.0082182862523105,0.2875071493450502,0.0009089339,0.008257828518308818,0.002131279,0.011474882906638607,0.2238841517638683,0.04416992229424573,0.3978920114676022,0.05960016624306871,45.0,0.04201680672268908,67.0,0.0647342995169082,8,0.103578775790444,,False
num__previous_psych_admissions_365d,191320,47171,100.0,100.0,False,False,False,False,,False,prior_utilisation_features,0.0188160548718168,1.0,0.0285846326640294,1.0,0.014977086,0.13606952924955681,0.01623879,0.08743023029621835,1.0567938047728769,0.20849399062015925,0.909105010584262,0.13617466096737785,245.0,0.22875816993464052,210.0,0.2028985507246377,8,0.3749781414740738,,False
num__previous_nonpsych_admissions_365d,191320,47171,100.0,100.0,False,False,False,False,,False,prior_utilisation_features,0.0002669370286143,0.014186662955268353,0.0002133587767504,0.007464107699340437,0.00026244385,0.002384349740926994,0.00023419865,0.0012609339676517425,0.0443304357158253,0.008745915623823375,0.0326764312460329,0.004894596217979962,37.0,0.03454715219421102,46.0,0.044444444444444446,8,0.01474102035545579,,False
num__previous_ed_visits_365d,191320,47171,100.0,100.0,False,False,False,False,,False,utilisation_trajectory_features,0.0025789943740039,0.13706350197069142,0.0045617158954914,0.15958630461016263,0.0012992518,0.011803937081127754,0.0010496761,0.005651493932702888,0.0836079126340459,0.016494937114284316,0.215800882591016,0.03232477181531139,65.0,0.06069094304388422,71.0,0.06859903381642513,8,0.061526865423073715,,False
num__days_since_previous_hospital_admission,191320,47171,100.0,100.0,False,False,False,False,,False,prior_utilisation_features,0.0049991826775427,0.2656870800813093,0.0052616947667434,0.1840742481663814,0.0010880962,0.009885550347526324,0.0006447934,0.003471590891653974,0.2781227792638164,0.054870617020266445,0.5324996738593776,0.07976302155285396,474.0,0.4425770308123249,527.0,0.5091787439613527,8,0.19368848535420863,,False
num__prior_near_30d_readmission_flag,191320,47171,100.0,100.0,False,False,False,False,,False,prior_near_30d_readmission_flag,2.375986459187816e-05,0.001262744223150961,1.14922892609446e-05,0.00040204432206702366,0.00018919563,0.0017188764429992142,0.0002465808,0.0013275999092682248,0.0050205140954113,0.0009904931444427087,0.0,0.0,1.0,0.0009337068160597573,1.0,0.000966183574879227,8,0.0009502060541083895,,False
num__previous_admission_within_27_33d_flag,191320,47171,100.0,100.0,False,False,False,False,,False,prior_utilisation_features,2.1577304242739163e-05,0.001146749644903419,1.7850995198519354e-05,0.0006244962252386352,0.0003605765,0.0032759025763391372,0.0001000539,0.0005386938016339149,0.0,0.0,0.0,0.0,0.0,0.0,0.0,0.0,8,0.0006982302810143883,,False
num__days_since_previous_admission_near_30d_flag,191320,47171,100.0,100.0,False,False,False,False,,False,prior_utilisation_features,2.711027781659146e-05,0.001440805631216455,1.5636069182019906e-05,0.0005470096245699239,0.0,0.0,7.240022e-05,0.0003898053924028129,0.0,0.0,0.007016556951848,0.001051008687612595,0.0,0.0,0.0,0.0,8,0.0004285786669752234,,False
num__previous_discharge_against_advice_flag,191320,47171,100.0,100.0,False,False,False,False,,False,prior_utilisation_features,,,,,,,,,,,,,,,,,0,,,False
num__previous_discharge_to_psych_facility_flag,191320,47171,100.0,100.0,False,False,False,False,,False,prior_utilisation_features,,,,,,,,,,,,,,,,,0,,,False
num__previous_discharge_to_facility_flag,191320,47171,100.0,100.0,False,False,False,False,,False,prior_utilisation_features,0.0001169799360749,0.0062170277920541,7.478476614417974e-05,0.002616257729219942,0.00033821753,0.0030727672987287285,0.00021896018,0.0011788894962679747,0.0331423323266358,0.006538623801570144,0.0349033550817955,0.005228166701922463,11.0,0.01027077497665733,13.0,0.012560386473429951,8,0.00596036178373133,,False
num__previous_short_los_flag,191320,47171,100.0,100.0,False,False,False,False,,False,prior_utilisation_features,0.0001588303714279,0.008441215361558093,0.0001244774969923,0.004354699899605188,0.00011937647,0.0010845567740195817,0.00017327601,0.0009329242794019649,0.0066248308575879,0.0013070074942187278,0.0092237994029588,0.0013816311008139556,0.0,0.0,1.0,0.000966183574879227,8,0.002308527310562092,,False
num__previous_long_los_flag,191320,47171,100.0,100.0,False,False,False,False,,False,prior_utilisation_features,6.790480102141447e-05,0.003608875584388528,4.777598463461885e-05,0.001671387041987062,6.210112e-05,0.0005641998826921498,0.00012767318,0.0006873970000258972,0.0,0.0,0.0,0.0,0.0,0.0,0.0,0.0,8,0.0008164824386367046,,False
num__previous_admission_los_days,191320,47171,100.0,100.0,False,False,False,False,,False,prior_utilisation_features,0.002647217774182,0.1406893098588416,0.0020215443119906,0.07072136751767638,0.00026040096,0.002365789716593246,0.00022251328,0.0011980195146539191,0.1617508746397603,0.03191169856185202,0.2753276559741957,0.041241275508022146,319.0,0.29785247432306255,345.0,0.3333333333333333,8,0.11491415854175441,,False
num__mean_previous_los_days,191320,47171,100.0,100.0,False,False,False,False,,False,prior_utilisation_features,0.002854010850485,0.1516795560986493,0.0022976416601861,0.08038031088912427,0.00039555226,0.003593663668072568,0.000241105,0.00129811800482485,0.1825966619533955,0.03602434699431796,0.2465719151623476,0.036933958740069675,341.0,0.3183940242763772,409.0,0.39516908212560387,8,0.12793413259962996,,False
num__max_previous_los_days,191320,47171,100.0,100.0,False,False,False,False,,False,prior_utilisation_features,0.0028322998530241,0.15052570118013398,0.0022550777269331,0.07889126137943574,0.0003061249,0.0027811999633685523,0.00020277474,0.0010917465042934724,0.166412649812701,0.032831416395918314,0.1274618512975296,0.01909248566957123,258.0,0.24089635854341737,317.0,0.30628019323671496,8,0.10404879535910672,,False
num__time_between_last_two_admissions_days,191320,47171,100.0,100.0,False,False,False,False,,False,utilisation_trajectory_features,0.00267486572512,0.14215869072142676,0.0022979796381456,0.08039213465343402,0.00033143556,0.0030111518773253522,0.00023696962,0.0012758529699446418,0.1231641163068688,0.024298948379569047,0.0973344434036129,0.01457970715882101,309.0,0.28851540616246496,336.0,0.32463768115942027,8,0.10985869663530076,,False
num__mean_previous_admission_gap_days,191320,47171,100.0,100.0,False,False,False,False,,False,utilisation_trajectory_features,0.002545078158807,0.13526098728693056,0.002301863697895,0.080528013948965,0.00044251748,0.004020351167663735,0.0004159744,0.0022396211533821948,0.1887533698144682,0.0372389988831161,0.2610136432697287,0.03909718235660412,297.0,0.2773109243697479,385.0,0.3719806763285024,8,0.118459594436864,,False
num__min_previous_admission_gap_days,191320,47171,100.0,100.0,False,False,False,False,,False,utilisation_trajectory_features,0.0033524095815577,0.17816750665300357,0.0038604978352244,0.13505500947305893,0.00091323664,0.008296919687731445,0.0012093587,0.006511230803017666,0.1436045315389373,0.028331621283611063,0.2513122026224796,0.03764400546762707,366.0,0.34173669467787116,418.0,0.4038647342995169,8,0.14245096529317972,,False
num__std_previous_admission_gap_days,191320,47171,100.0,100.0,False,False,False,False,,False,utilisation_trajectory_features,0.0018179221957874,0.09661548120325336,0.0014007633131015,0.04900406905925385,0.00023251199,0.0021124133909745635,0.00019389957,0.0010439622693216497,0.0940193881456285,0.018549008653926287,0.116205913436944,0.01740646094834564,177.0,0.16526610644257703,251.0,0.242512077294686,8,0.0740636974077923,,False
num__admissions_per_30d,191320,47171,100.0,100.0,False,False,False,False,,False,utilisation_trajectory_features,,,,,,,,,,,,,,,,,0,,,False
num__admissions_per_90d,191320,47171,100.0,100.0,False,False,False,False,,False,utilisation_trajectory_features,0.0037309893802252,0.1982875478224491,0.0050902645522567,0.178076962264491,0.0026950317,0.02448484937134185,0.0017494847,0.009419288642855192,0.5259717947594273,0.10376854779784464,0.1727239065233278,0.025872280031389375,2.0,0.0018674136321195146,5.0,0.004830917874396135,8,0.06832597592961084,,False
num__admissions_per_365d,191320,47171,100.0,100.0,False,False,False,False,,False,utilisation_trajectory_features,0.0064074334153023,0.34053011956823787,0.0106795743800065,0.3736124408359308,0.0008265104,0.007508996145703036,0.0010563398,0.005687371533535518,0.2818388248618629,0.055603752635335374,0.2179757169637945,0.03265053982882501,8.0,0.007469654528478058,8.0,0.007729468599033816,8,0.10384904295938494,,False
num__admission_frequency_acceleration,191320,47171,100.0,100.0,False,False,False,False,,False,utilisation_trajectory_features,0.0008715441833972,0.04631917739050722,0.0009082921167132,0.03177553923427483,0.00035411475,0.003217196411426395,0.00022273578,0.0011992174626685747,0.1070255497398071,0.02111498370144631,0.1851177413028245,0.027728750108590897,105.0,0.09803921568627451,149.0,0.14396135265700483,8,0.04666942908152419,,False
num__increasing_admission_frequency_flag,191320,47171,100.0,100.0,False,False,False,False,,False,utilisation_trajectory_features,,,,,,,,,,,,,,,,,0,,,False
num__decreasing_admission_frequency_flag,191320,47171,100.0,100.0,False,False,False,False,,False,utilisation_trajectory_features,,,,,,,,,,,,,,,,,0,,,False
num__frequent_ed_user_flag,191320,47171,100.0,100.0,False,False,False,False,,False,utilisation_trajectory_features,,,,,,,,,,,,,,,,,0,,,False
num__previous_admission_los_days_filled,191320,47171,100.0,100.0,False,False,False,False,,False,prior_utilisation_features,0.0028321211599473,0.1505162043393766,0.0021771517238738,0.07616511114426545,0.00038571548,0.0035042947465125625,0.00027424938,0.0014765685406360387,0.1446734672814321,0.02854251074725356,0.1269431103210116,0.019014783560590633,162.0,0.15126050420168066,201.0,0.19420289855072465,8,0.07808535947888001,,False
num__mean_previous_los_days_filled,191320,47171,100.0,100.0,False,False,False,False,,False,prior_utilisation_features,0.0029047837802152,0.15437793947795422,0.002289974740401,0.08011209265189123,0.00038572753,0.003504404222937246,0.00028827283,0.0015520713005736635,0.1615079697558846,0.03186377605478239,0.1927798605413641,0.028876457444324523,215.0,0.20074696545284781,250.0,0.24154589371980675,8,0.09282245004063974,,False
num__max_previous_los_days_filled,191320,47171,100.0,100.0,False,False,False,False,,False,prior_utilisation_features,0.0027000663303306,0.14349800469464155,0.0023471322493751,0.08211168136957403,0.00036352524,0.0033026924114031367,0.00027034187,0.0014555303660439185,0.1070386861565985,0.021117575374435798,0.1402480030917882,0.021007720835354328,143.0,0.13352007469654528,186.0,0.17971014492753623,8,0.07321542808444179,,False
num__time_between_last_two_admissions_days_filled,191320,47171,100.0,100.0,False,False,False,False,,False,utilisation_trajectory_features,0.0026985278816027,0.1434162421392929,0.0023200294320697,0.08116352094981442,0.0005472625,0.004971978577871262,0.00033977663,0.0018293696149881225,0.1843752014858302,0.03637523361280331,0.1938255972597388,0.02903309814196439,116.0,0.10830999066293184,191.0,0.18454106280193236,8,0.07370506206269982,,False
num__mean_previous_admission_gap_days_filled,191320,47171,100.0,100.0,False,False,False,False,,False,utilisation_trajectory_features,0.0034006836757002,0.18073308665749252,0.0037616928397425,0.13159843206507862,0.0007445259,0.006764152167324312,0.00058337895,0.003140933280648746,0.2432098807467884,0.047982679654380564,0.1878600191206421,0.028139515364278663,182.0,0.16993464052287582,198.0,0.19130434782608696,8,0.09494972344227079,,False
num__min_previous_admission_gap_days_filled,191320,47171,100.0,100.0,False,False,False,False,,False,utilisation_trajectory_features,0.0037166738741463,0.19752673445448093,0.0038062371091557,0.13315676132320667,0.0014376666,0.013061460519076334,0.0007974879,0.004293703579850934,0.2882135733226224,0.056861421576789,0.2476836899733988,0.037100491270640225,162.0,0.15126050420168066,193.0,0.18647342995169083,8,0.09746681335967695,,False
num__std_previous_admission_gap_days_filled,191320,47171,100.0,100.0,False,False,False,False,,False,utilisation_trajectory_features,0.0019613945081375,0.10424047556724178,0.0017894000400862,0.0626000712032225,0.00032828402,0.0029825195676616996,0.00027696087,0.0014911673004664137,0.1815618692467573,0.03582019358246294,0.1048666281928675,0.015707951638918194,124.0,0.1157796451914099,128.0,0.12367149758454106,8,0.05778669020449056,,False
num__days_since_previous_hospital_admission_filled,191320,47171,100.0,100.0,False,False,False,False,,False,prior_utilisation_features,0.0041262223439549,0.21929263982617672,0.0046520031145315,0.16274489755418586,0.001524656,0.013851774917197666,0.0010213965,0.005499235547645569,0.3507703859752603,0.06920320428929198,0.242562779832433,0.036333431146483325,359.0,0.3352007469654528,363.0,0.3507246376811594,8,0.14910632099094917,,False
num__high_utiliser_previous_year,191320,47171,100.0,100.0,False,False,False,False,,False,prior_utilisation_features,0.0052826417498914,0.2807518252831992,0.0062149029995744,0.2174211252815982,0.00013110401,0.0011911035914081813,0.0,0.0,0.1732234416434145,0.03417511197934749,0.0142170819817158,0.0021295739174964357,0.0,0.0,0.0,0.0,8,0.06695859250663118,,False
num__previous_psych_to_total_admission_ratio,191320,47171,100.0,100.0,False,False,False,False,,False,prior_utilisation_features,0.002503502804804,0.13305141921932925,0.0030550038393195,0.1068757424741681,0.00065261853,0.005929157124198778,0.0004537899,0.0024432211675314416,0.3680260067553714,0.0726075516849949,0.333010468122355,0.04988157260953339,276.0,0.25770308123249297,311.0,0.3004830917874396,8,0.11612185466246105,,False
num__previous_2plus_psych_admissions,191320,47171,100.0,100.0,False,False,False,False,,False,prior_utilisation_features,0.0018527592354932,0.09846693412168527,0.0030731919768242,0.10751203322936076,0.0007888983,0.007167283429284952,0.0011437443,0.006157960509926359,0.0,0.0,0.0360561465346477,0.005400843107211827,3.0,0.0028011204481792717,0.0,0.0,8,0.028438271855706056,,False
num__previous_3plus_psych_admissions,191320,47171,100.0,100.0,False,False,False,False,,False,prior_utilisation_features,0.001267104081518,0.06734164468322756,0.0010259286348159,0.03589091547455559,0.0028829125,0.026191780346501513,0.001631295,0.008782951040753008,0.0380493945317822,0.0075067341148135226,0.1225867871152818,0.018362250763281192,3.0,0.0028011204481792717,3.0,0.002898550724637681,8,0.021221993449493666,,False
num__previous_2plus_total_admissions_365d,191320,47171,100.0,100.0,False,False,False,False,,False,prior_utilisation_features,0.0029058841253118,0.15443641853236262,0.0059071401542155,0.20665440146267763,0.0,0.0,5.049707e-05,0.00027187804383111417,0.012290988243009,0.0024248790784699497,0.0513742115623345,0.007695333058907192,0.0,0.0,0.0,0.0,8,0.04643536377203106,,False
num__previous_3plus_total_admissions_365d,191320,47171,100.0,100.0,False,False,False,False,,False,prior_utilisation_features,0.0043419896129185,0.2307598294381066,0.005431227019256,0.1900051360845577,0.0,0.0,0.0,0.0,0.0086049761498312,0.0016976687491607504,0.0122820889939202,0.0018397316979293303,0.0,0.0,0.0,0.0,8,0.05303779574621929,,False
num__frequent_psych_admitter_flag,191320,47171,100.0,100.0,False,False,False,False,,False,psychiatric_features,0.0024490300365227,0.13015640383739122,0.0043803719264737,0.15324219758072713,0.009592154,0.08714645020194539,0.0074265967,0.039985064145674355,0.1484454970397843,0.029286691431796717,0.0,0.0,10.0,0.009337068160597572,6.0,0.005797101449275362,8,0.05686887210092596,,False
num__has_ed_timing,191320,47171,100.0,100.0,False,False,False,False,,False,ed_timing_features,,,,,,,,,,,,,,,,,0,,,False
num__ed_length_of_stay_hours,191320,47171,100.0,100.0,False,False,False,False,,False,ed_timing_features,0.0043090459699889,0.22900900318074147,0.0034611094288614,0.12108287237907463,0.00034716036,0.0031540145232060945,0.00029563645,0.001591717295898059,0.2701395626206845,0.05329561469872127,0.3554360278958215,0.05324069280313221,526.0,0.4911297852474323,621.0,0.6,8,0.19406296251602573,,False
num__ed_to_admission_hours,191320,47171,100.0,100.0,False,False,False,False,,False,ed_timing_features,0.0040239748704078,0.21385858501268612,0.0029382329077631,0.10279064776860125,0.00027412025,0.0024904319421862726,0.00021272228,0.0011453044179730537,0.233135820639447,0.04599517652553854,0.1834709378217539,0.02748207573862943,397.0,0.37068160597572364,549.0,0.5304347826086957,8,0.16185982624875425,,False
num__ed_to_ward_delay_hours,191320,47171,100.0,100.0,False,False,False,False,,False,emar_process_features,,,,,,,,,,,,,,,,,0,,,False
num__previous_icu_admissions,191320,47171,100.0,100.0,False,False,False,False,,False,prior_utilisation_features,0.000291895608046,0.015513114201383904,0.0002143723230037,0.007499565431654607,0.00024113881,0.0021907896075710805,0.00021495482,0.001157324493751207,0.0529998357238942,0.010456294503602285,0.1376160639471139,0.020613483187843777,56.0,0.05228758169934641,78.0,0.07536231884057971,8,0.02313505899571662,,False
num__has_previous_icu_admission,191320,47171,100.0,100.0,False,False,False,False,,False,prior_utilisation_features,0.0001199193117137,0.0063732441540292496,9.44366185603784e-05,0.0033037548416431617,0.00026958098,0.0024491918550266847,0.00024321249,0.0013094648068985868,0.0,0.0,0.006600814864345,0.0009887347619863282,0.0,0.0,0.0,0.0,8,0.0018030488024480013,,False
num__days_since_previous_icu_admission,191320,47171,100.0,100.0,False,False,False,False,,False,prior_utilisation_features,0.0008312354552193,0.04417692555012406,0.0006389791569726,0.02235393977186506,0.00023180932,0.002106029507212543,0.00015086474,0.0008122611944473145,0.0789607378857295,0.015578099786122693,0.0704137295420818,0.010547258717317227,86.0,0.08029878618113913,127.0,0.12270531400966184,8,0.03732232683973623,,False
num__previous_icu_admissions_7d,191320,47171,100.0,100.0,False,False,False,False,,False,prior_utilisation_features,1.125912967088751e-05,0.0005983788710008356,1.2508562109930814e-05,0.00043759744114786045,0.00036083197,0.003278223567394232,0.0,0.0,0.0,0.0,0.0071089797098821,0.0010648526743846788,2.0,0.0018674136321195146,0.0,0.0,8,0.0009058082732558903,,False
num__recent_icu_admission_7d_flag,191320,47171,100.0,100.0,False,False,False,False,,False,prior_utilisation_features,1.2078041509672822e-05,0.0006419008443562546,1.2969165429668564e-05,0.00045371111051529535,0.0005805175,0.0052741062544562805,0.0,0.0,0.0,0.0,0.0,0.0,0.0,0.0,0.0,0.0,8,0.0007962147761659788,,False
num__previous_icu_admissions_14d,191320,47171,100.0,100.0,False,False,False,False,,False,prior_utilisation_features,2.657956040106032e-05,0.0014126000685123377,1.8539926734753305e-05,0.0006485976906774721,0.00011583866,0.0010524151316951421,0.0,0.0,0.0051696671865655,0.0010199194365420978,0.0002007764458977,3.0074264394146425e-05,1.0,0.0009337068160597573,0.0,0.0,8,0.0006371641759851192,,False
num__recent_icu_admission_14d_flag,191320,47171,100.0,100.0,False,False,False,False,,False,prior_utilisation_features,1.88126294700031e-05,0.0009998179532406217,2.204154174446481e-05,0.0007710976035106323,0.0,0.0,0.00020835923,0.0011218135996119618,0.0,0.0,0.0,0.0,0.0,0.0,0.0,0.0,8,0.000361591144545402,,False
num__previous_icu_admissions_30d,191320,47171,100.0,100.0,False,False,False,False,,False,prior_utilisation_features,2.2136548615537344e-05,0.0011764713042314767,1.542466591601879e-05,0.0005396139281310068,1.8897576e-05,0.00017168788843689107,0.00023371489,0.0012583293863862603,0.0,0.0,0.0001210489086483,1.813189224978484e-05,0.0,0.0,0.0,0.0,8,0.00039552929992942747,,False
num__recent_icu_admission_30d_flag,191320,47171,100.0,100.0,False,False,False,False,,False,prior_utilisation_features,2.345754157981737e-05,0.0012466769330563927,1.9639159085747803e-05,0.0006870530510773894,0.0,0.0,0.00025059035,0.00134918747089592,0.0,0.0,0.0,0.0,0.0,0.0,0.0,0.0,8,0.00041036468187871276,,False
num__previous_icu_admissions_60d,191320,47171,100.0,100.0,False,False,False,False,,False,prior_utilisation_features,3.344286098916161e-05,0.0017773577520361738,2.682606116908321e-05,0.0009384784294548883,0.00038105436,0.0034619476301125033,0.0,0.0,0.0028264623704703,0.0005576304632895899,0.0,0.0,0.0,0.0,0.0,0.0,8,0.0008419267843616443,,False
num__recent_icu_admission_60d_flag,191320,47171,100.0,100.0,False,False,False,False,,False,prior_utilisation_features,2.9083266741953347e-05,0.0015456623048817238,2.886820910545742e-05,0.0010099205907160343,0.0,0.0,0.0,0.0,0.0,0.0,0.0159544432867821,0.0023898129261266895,0.0,0.0,0.0,0.0,8,0.0006181744777155559,,False
num__previous_icu_admissions_90d,191320,47171,100.0,100.0,False,False,False,False,,False,prior_utilisation_features,4.998468911887996e-05,0.0026564914621793746,3.372814261451998e-05,0.0011799396903554797,9.58604e-05,0.0008709090340854166,0.0,0.0,0.0,0.0,0.0121701201077718,0.001822959900466291,0.0,0.0,0.0,0.0,8,0.0008162875108858202,,False
num__recent_icu_admission_90d_flag,191320,47171,100.0,100.0,False,False,False,False,,False,prior_utilisation_features,3.471955172183208e-05,0.0018452088898739324,2.9167051586382285e-05,0.0010203752460001276,0.0,0.0,4.226253e-05,0.00022754298385537573,0.0,0.0,0.0,0.0,0.0,0.0,0.0,0.0,8,0.0003866408899661795,,False
num__previous_icu_admissions_180d,191320,47171,100.0,100.0,False,False,False,False,,False,prior_utilisation_features,5.661345403811283e-05,0.0030087844887670898,4.395596727686638e-05,0.0015377481947557124,0.00022592119,0.0020525347835219534,0.0001594676,0.0008585793025702796,0.0,0.0,0.0,0.0,1.0,0.0009337068160597573,3.0,0.002898550724637681,8,0.0014112380387890592,,False
num__recent_icu_admission_180d_flag,191320,47171,100.0,100.0,False,False,False,False,,False,prior_utilisation_features,6.0251328343066e-05,0.0032021233331601343,3.278955350319697e-05,0.0011471042461377859,0.0,0.0,4.6042598e-05,0.0002478950061289174,0.0,0.0,0.0,0.0,0.0,0.0,0.0,0.0,8,0.0005746403231783547,,False
num__previous_icu_admissions_365d,191320,47171,100.0,100.0,False,False,False,False,,False,prior_utilisation_features,0.0001387515761586,0.007374105629678295,7.74553747351991e-05,0.0027096858527298176,0.00023454454,0.002130879474542234,0.00010340566,0.0005567397982074067,0.0,0.0,0.0104094807820776,0.001559234081698495,7.0,0.006535947712418301,11.0,0.010628019323671498,8,0.003936826484118256,,False
num__recent_icu_admission_365d_flag,191320,47171,100.0,100.0,False,False,False,False,,False,prior_utilisation_features,8.305463788071363e-05,0.004414030382379206,5.3338027723820815e-05,0.0018659686255454604,0.00018572331,0.0016873297891438635,0.00017786464,0.0009576296286086569,0.0,0.0,0.0,0.0,0.0,0.0,0.0,0.0,8,0.0011156198032096483,,False
num__days_since_previous_icu_admission_filled,191320,47171,100.0,100.0,False,False,False,False,,False,prior_utilisation_features,0.0008692050583327,0.046194862007689984,0.00068897290957,0.02410291283669341,0.00026322762,0.002391470432825266,0.00018993257,0.0010226037984266446,0.0464183903915745,0.009157846504393335,0.0620899789074921,0.009300445744728082,73.0,0.06816059757236227,116.0,0.11207729468599034,8,0.034051004197888673,,False
num__has_self_harm_or_suicidal_ideation,191320,47171,100.0,100.0,False,False,False,False,,False,psychiatric_features,0.0020201811009485,0.10736475391418963,0.002923691137369,0.1022819209094872,0.0037573744,0.03413642452359131,0.014299818,0.07699073520465556,0.2870614413410931,0.05663411839478202,0.1544759748772428,0.023138925934413804,11.0,0.01027077497665733,12.0,0.011594202898550725,8,0.05280148209454095,,False
num__has_alcohol_related_disorder,191320,47171,100.0,100.0,False,False,False,False,,False,ed_timing_features,0.0005846450099849,0.031071604221382092,0.0006892955202357,0.024114198994171516,0.00083266513,0.007564912978507371,0.000693871,0.0037358264578744673,0.2692382841251045,0.053117802197025166,0.1513100075735599,0.022664696313860123,107.0,0.09990662931839403,100.0,0.0966183574879227,8,0.042349253496142186,,False
num__has_opioid_related_disorder,191320,47171,100.0,100.0,False,False,False,False,,False,ed_timing_features,9.223193623907576e-05,0.004901768030939539,5.831835768667617e-05,0.0020401996545529647,0.00021430901,0.0019470360325525649,0.00019790861,0.0010655470850909742,0.0,0.0,0.0134799890984533,0.0020191649192936537,13.0,0.012138188608776844,31.0,0.02995169082125604,8,0.006757949394057822,,False
num__has_stimulant_related_disorder,191320,47171,100.0,100.0,False,False,False,False,,False,ed_timing_features,,,,,,,,,,,,,,,,,0,,,False
num__has_diabetes,191320,47171,100.0,100.0,False,False,False,False,,False,comorbidity_features,,,,,,,,,,,,,,,,,0,,,False
num__has_chronic_kidney_disease,191320,47171,100.0,100.0,False,False,False,False,,False,has_chronic_kidney_disease,,,,,,,,,,,,,,,,,0,,,False
num__has_copd,191320,47171,100.0,100.0,False,False,False,False,,False,has_copd,,,,,,,,,,,,,,,,,0,,,False
num__has_heart_failure,191320,47171,100.0,100.0,False,False,False,False,,False,comorbidity_features,,,,,,,,,,,,,,,,,0,,,False
num__has_liver_disease,191320,47171,100.0,100.0,False,False,False,False,,False,has_liver_disease,0.000102084242799,0.005425379735254947,8.923332513204301e-05,0.003121723696114986,0.00084745465,0.007699278436796579,0.00052676414,0.002836117104290985,0.0188684060101809,0.0037225324826251093,0.0332581230448165,0.0049817277182628095,23.0,0.021475256769374416,34.0,0.03285024154589372,8,0.010264032186076695,,False
num__has_cancer,191320,47171,100.0,100.0,False,False,False,False,,False,has_cancer,0.0013882269012656,0.07377885059981006,0.0018151089087793,0.06349946595827394,0.0026955078,0.024489174825764407,0.0020800543,0.011199087276677589,0.3693923137306681,0.0728771092774081,0.3927824267057652,0.05883480254522695,113.0,0.10550887021475257,133.0,0.1285024154589372,8,0.06733622201960636,,False
num__has_dementia,191320,47171,100.0,100.0,False,False,False,False,,False,has_dementia,9.860929227690596e-05,0.005240699655091123,6.374152103374958e-05,0.002229922692480888,0.0005420308,0.0049244476391976846,0.00029043574,0.00156371648592368,0.3241908844680372,0.0639593560448121,0.2063672323133326,0.030911707193191723,98.0,0.0915032679738562,91.0,0.08792270531400966,8,0.03603197787482038,,False
num__physical_comorbidity_count,191320,47171,100.0,100.0,False,False,False,False,,False,comorbidity_features,0.000519592116632,0.027614296417165493,0.0004508788151242,0.01577346892729467,0.00038376302,0.0034865562950488673,0.0003649854,0.0019650945407113075,0.0960435185954234,0.018948347704843806,0.2166402560011611,0.03245050139354579,32.0,0.029878618113912233,67.0,0.0647342995169082,8,0.024356397863678797,,False
num__charlson_comorbidity_index_simplified,191320,47171,100.0,100.0,False,False,False,False,,False,comorbidity_features,0.0018195784572165,0.0967035050446156,0.0018739997014747,0.06555969158326536,0.0040545934,0.036836712778197306,0.0019302687,0.010392636210861894,0.2039667827087328,0.04024044074523898,0.0699839543982576,0.010482882782941004,83.0,0.07749766573295985,100.0,0.0966183574879227,8,0.054291486545750334,,False
num__elixhauser_comorbidity_group_count_simplified,191320,47171,100.0,100.0,False,False,False,False,,False,comorbidity_features,0.0005043415104304,0.02680378612127755,0.0004935389020888,0.017265882262320065,0.00027038777,0.0024565216877794143,0.00026577717,0.0014309538568192074,0.0246900487367697,0.004871079643433064,0.0413249236961429,0.006190052203329521,3.0,0.0028011204481792717,2.0,0.001932367149758454,8,0.007968970421612069,,False
num__psychosis_on_current_and_previous_admission_flag,191320,47171,100.0,100.0,False,False,False,False,,False,prior_utilisation_features,3.974440484543063e-05,0.0021122602541386545,4.025423379697265e-05,0.0014082473708898892,0.00015244778,0.0013850155938037614,8.2449245e-05,0.00044390970497797745,0.0,0.0,0.0,0.0,2.0,0.0018674136321195146,3.0,0.002898550724637681,8,0.0012644246600709349,,False
num__depression_on_current_and_previous_admission_flag,191320,47171,100.0,100.0,False,False,False,False,,False,prior_utilisation_features,0.0001931202606059,0.010263589361400129,0.0001307036897158,0.004572515982697099,0.00020215212,0.0018365884929284588,0.00014720805,0.0007925734437699624,0.01729285084524,0.0034116924849859013,0.0,0.0,10.0,0.009337068160597572,6.0,0.005797101449275362,8,0.00450139117195681,,False
num__substance_use_on_current_and_previous_admission_flag,191320,47171,100.0,100.0,False,False,False,False,,False,prior_utilisation_features,0.0002402096625613,0.012766207592277623,0.0002270497496565,0.007943070401678347,0.0005000679,0.004543207119583506,0.00041277165,0.002222377432016181,0.0330615831110814,0.006522692854478717,0.0,0.0,21.0,0.0196078431372549,26.0,0.025120772946859903,8,0.009840771435518647,,False
num__self_harm_recurrent_flag,191320,47171,100.0,100.0,False,False,False,False,,False,psychiatric_features,6.601434988770592e-05,0.0035084054727425357,7.468582618186394e-05,0.002612796430154857,0.00025384309,0.0023062102841335677,0.00045496086,0.0024495256583505023,0.0,0.0,0.0040161407007593,0.0006015769267091669,10.0,0.009337068160597572,10.0,0.00966183574879227,8,0.003809677335185059,,False
num__num_recurrent_psych_diagnosis_groups,191320,47171,100.0,100.0,False,False,False,False,,False,psychiatric_features,0.0005013669190684,0.026645698180831786,0.0005527011879025,0.01933560575707567,0.00036061823,0.0032762817009202197,0.00051373837,0.002765985889410715,0.0797355258799787,0.015730957079642047,0.0964421084994173,0.014446044488795573,32.0,0.029878618113912233,33.0,0.03188405797101449,8,0.01799540614770034,,False
num__num_antibiotic_prescriptions,191320,47171,100.0,100.0,False,False,False,False,,False,medication_features,0.0007031740628184,0.03737096153304874,0.0004912008169459,0.017184087083407653,0.00037677295,0.003423050247589338,0.00022781696,0.0012265747188173728,0.0673806854417937,0.013293480653494644,0.0500223161321299,0.0074928329079585725,119.0,0.1111111111111111,122.0,0.1178743961352657,8,0.038622061798836635,,False
num__had_antibiotic_exposure,191320,47171,100.0,100.0,False,False,False,False,,False,had_antibiotic_exposure,,,,,,,,,,,,,,,,,0,,,False
num__num_opioid_prescriptions,191320,47171,100.0,100.0,False,False,False,False,,False,medication_features,0.0011746313907306,0.06242708148614058,0.0009608425780453,0.03361395576912255,0.0007356393,0.006683415802544867,0.00055582187,0.002992564969297265,0.4315737761535922,0.08514483944823288,0.4872960694532391,0.07299198252783164,370.0,0.34547152194211017,367.0,0.3545893719806763,8,0.12048934174074453,,False
num__had_opioid_exposure,191320,47171,100.0,100.0,False,False,False,False,,False,had_opioid_exposure,,,,,,,,,,,,,,,,,0,,,False
num__num_steroid_prescriptions,191320,47171,100.0,100.0,False,False,False,False,,False,medication_features,0.0004479364324852,0.023806076009914884,0.0004228320408383,0.014792285274681434,0.0009940577,0.009031193603742223,0.00071486266,0.003848846311453454,0.2535907817357756,0.05003071917131534,0.2309259377059767,0.034590350850090865,209.0,0.19514472455648926,199.0,0.19227053140096617,8,0.0654393408973317,,False
num__had_steroid_exposure,191320,47171,100.0,100.0,False,False,False,False,,False,had_steroid_exposure,0.0002637030350204,0.014014788796953477,0.0002766016477393,0.009676585702196991,0.0011254665,0.01022506626730636,0.00074216706,0.003995854184583168,0.1130394082886997,0.02230145296557419,0.2002613399110473,0.02999710676958376,7.0,0.006535947712418301,16.0,0.015458937198067632,8,0.014025717449585485,,False
num__antipsychotic_prescription_count,191320,47171,100.0,100.0,False,False,False,False,,False,psychiatric_features,0.0004541178112013,0.0241345922030388,0.0003981450309522,0.013928639056930106,0.00028626027,0.002600726214815821,0.000113963964,0.0006135860872632713,0.0270890022311697,0.005344367228107282,0.0,0.0,51.0,0.047619047619047616,48.0,0.0463768115942029,8,0.017577221250425726,,False
num__had_long_acting_injectable_antipsychotic,191320,47171,100.0,100.0,False,False,False,False,,False,psychiatric_features,6.696752502184049e-06,0.0003559063017091126,7.209698736692657e-06,0.00025222289267915854,5.435839e-05,0.0004938557832988217,0.0,0.0,0.0,0.0,0.0,0.0,5.0,0.004668534080298786,5.0,0.004830917874396135,8,0.0013251796165477518,,False
num__new_antipsychotic_started_flag,191320,47171,100.0,100.0,False,False,False,False,,False,psychiatric_features,0.0001851410001934,0.009839522761527934,0.0001492591649157,0.005221657618274247,0.00058143534,0.005282444996500388,0.00012433401,0.0006694187884659087,0.0,0.0,0.0,0.0,3.0,0.0028011204481792717,0.0,0.0,8,0.002976770576618469,,False
num__new_antidepressant_started_flag,191320,47171,100.0,100.0,False,False,False,False,,False,ed_timing_features,0.0003725149438737,0.019797717768758372,0.0003685204998485,0.01289225942414304,0.00095447927,0.008671616424407301,0.000646043,0.0034783187830657205,0.1482978984073324,0.029257571817591,0.1709140424899487,0.02560118085332626,67.0,0.06255835667600373,67.0,0.0647342995169082,8,0.028373915158025453,,False
num__had_benzodiazepine_order,191320,47171,100.0,100.0,False,False,False,False,,False,had_benzodiazepine_order,0.0002404797770703,0.012780563125934393,0.0001985900849551,0.006947442259945627,0.00091815717,0.008341623590797657,0.00048487945,0.0026106084246057554,0.050930423441505,0.010048021836744227,0.0562228892612278,0.008421615539038438,27.0,0.025210084033613446,37.0,0.035748792270531404,8,0.013763593885151368,,False
num__new_benzodiazepine_started_flag,191320,47171,100.0,100.0,False,False,False,False,,False,ed_timing_features,0.0002266782736664,0.012047066997339855,0.0002157222587183,0.007546791356523626,0.0006867137,0.00623891789686067,0.00061789114,0.0033267481547697144,0.0102968937405401,0.002031465795182568,0.0223489637648161,0.0033476468925082064,4.0,0.003734827264239029,7.0,0.00676328502415459,8,0.005629593672697282,,False
num__had_mood_stabiliser_order,191320,47171,100.0,100.0,False,False,False,False,,False,had_mood_stabiliser_order,6.659388129630345e-05,0.0035392053089752396,5.050890211378537e-05,0.0017669949692005397,0.00031695797,0.002879620359380667,2.7459379e-05,0.0001478422856482005,0.0086946199112894,0.001715354493982692,0.0,0.0,3.0,0.0028011204481792717,6.0,0.005797101449275362,8,0.002330904914330247,,False
num__new_mood_stabiliser_started_flag,191320,47171,100.0,100.0,False,False,False,False,,False,ed_timing_features,6.715257632550447e-05,0.0035688977728316165,4.782476990983445e-05,0.0016730937378816358,0.000106853724,0.0009707853666088363,0.00024046283,0.0012946605384132933,0.0,0.0,0.0116574845995871,0.001746172328388092,0.0,0.0,0.0,0.0,8,0.0011567012180154343,,False
num__psychotropic_medication_change_count,191320,47171,100.0,100.0,False,False,False,False,,False,psychiatric_features,0.0003208403739441,0.017051415726080998,0.0002656667686663,0.009294041724755562,0.00026697444,0.002425510968720087,0.00018102942,0.0009746689181269563,0.0078428169352626,0.0015473029773179782,0.0,0.0,35.0,0.032679738562091505,40.0,0.03864734299516908,8,0.01282750273403277,,False
num__psychotropic_started_after_72h_flag,191320,47171,100.0,100.0,False,False,False,False,full_record_not_early_prediction,True,psychiatric_features,8.315005525712982e-05,0.004419101444143546,5.594932219753658e-05,0.001957321713913176,0.00036057032,0.0032758464299238225,0.00039538764,0.00212878129598808,0.0,0.0,0.0,0.0,0.0,0.0,2.0,0.001932367149758454,8,0.0017141772542158848,full_record_only_not_for_early_prediction,True
num__late_psychotropic_change_flag,191320,47171,100.0,100.0,False,False,False,False,,False,psychiatric_features,6.710751741502233e-05,0.0035665030673107676,4.940816276735072e-05,0.001728486888324629,0.0,0.0,0.00016468338,0.0008866612499674938,0.0295815854419442,0.0058361269434084855,0.0075037663594438,0.0011239876890778231,1.0,0.0009337068160597573,3.0,0.002898550724637681,8,0.00212175292234833,,False
num__num_iv_prescription_rows,191320,47171,100.0,100.0,False,False,False,False,,False,medication_features,0.0016138405468047,0.08576933676048927,0.0013233203090804,0.046294815981513464,0.000744754,0.006766224496989898,0.00042112588,0.002267356907263264,0.1252329145737628,0.02470709990780922,0.1343661631144997,0.020126681180477855,226.0,0.21101774042950514,202.0,0.19516908212560385,8,0.0740147922237065,,False
num__had_iv_prescription,191320,47171,100.0,100.0,False,False,False,False,,False,medication_features,4.613411593659628e-05,0.0024518485012337632,4.3787542630295846e-05,0.0015318560551382432,0.0010437978,0.009483091388920586,0.00080787763,0.004349642260418608,0.0,0.0,0.0298246286880118,0.004467425272970161,1.0,0.0009337068160597573,0.0,0.0,8,0.00290219628684264,,False
num__medication_order_count_first_24h,191320,47171,100.0,100.0,False,False,False,False,,False,medication_features,0.0017910747251576,0.09518864274999114,0.0014741142739041,0.05157016678262617,0.00034128764,0.0031006598021465735,0.0003268017,0.0017595121244991568,0.0675799566455402,0.01333279470728371,0.1575878301575256,0.02360505012561116,221.0,0.20634920634920634,247.0,0.23864734299516907,8,0.07919417195456666,,False
num__medication_order_count_first_72h,191320,47171,100.0,100.0,False,False,False,False,,False,medication_features,0.0016761215594829,0.08907932990743136,0.0013717068979014,0.04798756429805521,0.00048437,0.0044005888650574514,0.0003686814,0.0019849939378446422,0.106218562122836,0.020955773770536923,0.0912393627981753,0.013666726232139189,174.0,0.16246498599439776,189.0,0.1826086956521739,8,0.06539358233220456,,False
num__num_unique_antipsychotics,191320,47171,100.0,100.0,False,False,False,False,,False,psychiatric_features,0.0002642074757331,0.014041597855288844,0.0001774923042056,0.006209361032963507,0.00026513863,0.002408832303558411,0.00013182499,0.0007097504946179292,0.0285963728302175,0.005641755148172275,0.0234954969409416,0.00351938587175594,10.0,0.009337068160597572,15.0,0.014492753623188406,8,0.00704506306126786,,False
num__antipsychotic_polypharmacy_2plus,191320,47171,100.0,100.0,False,False,False,False,,False,pharmacy_complexity_features,5.906633198104381e-05,0.00313914539383678,4.489632259289849e-05,0.0015706454275830365,0.00032627027,0.0029642242854868964,0.0,0.0,0.0,0.0,0.0070383891644525,0.0010542789304503006,0.0,0.0,3.0,0.002898550724637681,8,0.0014533555952493367,,False
num__antipsychotic_polypharmacy_3plus,191320,47171,100.0,100.0,False,False,False,False,,False,pharmacy_complexity_features,2.041807204416044e-05,0.0010851409704774608,1.108034486633608e-05,0.0003876329283839099,4.165916e-05,0.0003784809868977161,0.00010842664,0.0005837729353877451,0.0,0.0,0.0,0.0,0.0,0.0,0.0,0.0,8,0.000304378477643354,,False
num__antipsychotic_plus_benzodiazepine,191320,47171,100.0,100.0,False,False,False,False,,False,psychiatric_features,0.0001841796727473,0.009788431953563726,0.0001616131733974,0.005653848181186261,0.00093675987,0.008510632477557787,0.00053154095,0.002861835621396095,0.0843388198268061,0.01663913720015093,0.1068694908659352,0.01600796004531112,74.0,0.06909430438842204,60.0,0.057971014492753624,8,0.023315895545042698,,False
num__antipsychotic_plus_mood_stabiliser,191320,47171,100.0,100.0,False,False,False,False,,False,psychiatric_features,5.292704521608863e-05,0.002812866223905639,3.361442965789078e-05,0.0011759615753324276,3.652255e-05,0.00033181395803518794,0.00013881591,0.0007473898597173262,0.0,0.0,0.0072103268146989,0.001080033437308407,1.0,0.0009337068160597573,2.0,0.001932367149758454,8,0.0011267673775146498,,False
num__num_orders_first_6h,191320,47171,100.0,100.0,False,False,False,False,,False,num_orders_first_6h,0.0023445802989216,0.12460530727051482,0.0016323592637323,0.0571061829941388,0.0002939003,0.00267013726617471,0.00020792613,0.0011194817736112997,0.1684956838128721,0.03324237648040375,0.0727976857373854,0.010904351047550796,255.0,0.23809523809523808,236.0,0.22801932367149758,8,0.08697029982489123,,False
num__num_orders_first_12h,191320,47171,100.0,100.0,False,False,False,False,,False,num_orders_first_12h,0.0023475222144951,0.12476165862012246,0.001647390562978,0.0576320354485807,0.00035936115,0.0032648609022529066,0.00022135927,0.001191806283245413,0.0612226801909769,0.012078572803728605,0.0745696761178639,0.011169777138585137,219.0,0.20448179271708683,248.0,0.2396135265700483,8,0.08177425381045629,,False
num__num_orders_first_24h,191320,47171,100.0,100.0,False,False,False,False,,False,num_orders_first_24h,0.0022819109705578,0.12127467665794855,0.0017288677475009,0.060482419621102526,0.0003537228,0.003213635474940528,0.00026331557,0.0014177005137501013,0.2141392822819744,0.0422473649162818,0.1892052636446651,0.028341019277296726,308.0,0.2875816993464052,314.0,0.3033816425120773,8,0.10599251978997534,,False
num__num_orders_first_72h,191320,47171,100.0,100.0,False,False,False,False,,False,num_orders_first_72h,0.0020604121131646,0.10950287545402204,0.0016595021130472,0.05805574388701171,0.00041012786,0.0037260856245552804,0.00029651122,0.0015964270890880825,0.0303296182338236,0.0059837057248030194,0.0992383531747754,0.014864893429474065,214.0,0.19981325863678806,256.0,0.24734299516908212,8,0.08011074812685305,,False
num__orders_24_to_72h,191320,47171,100.0,100.0,False,False,False,False,,False,orders_24_to_72h,0.0016332361137818,0.08680013557082604,0.0012367444728496,0.04326606143187932,0.00029044817,0.0026387740421130817,0.0002007808,0.0010810110595099115,0.0997345965374325,0.019676557471350636,0.1288282923764603,0.01929716461038545,172.0,0.16059757236227826,198.0,0.19130434782608696,8,0.0655827030468037,,False
num__orders_after_72h_count,191320,47171,100.0,100.0,False,False,False,False,full_record_not_early_prediction,True,orders_after_72h_count,0.0011878585492158,0.0631300534202314,0.0011973025426796,0.04188623155498069,0.0009996591,0.009082083333636172,0.0005684396,0.003060499282119557,0.0622452656125716,0.012280317850241342,0.0280093158263786,0.004195509915993136,54.0,0.05042016806722689,62.0,0.05990338164251208,8,0.030494780633367656,full_record_only_not_for_early_prediction,True
num__order_activity_slope_24_to_72h,191320,47171,100.0,100.0,False,False,False,False,,False,order_activity_slope_24_to_72h,0.002673190599765,0.1420696643359059,0.0018891928556544,0.06609120634360086,0.0002894189,0.0026294229384090173,0.00017430294,0.0009384533075129322,0.1361145305582324,0.026853925079145056,0.0608228211898138,0.009110638439094446,353.0,0.3295985060690943,361.0,0.34879227053140094,8,0.11576051088052045,,False
num__first_order_hours_from_admission,191320,47171,100.0,100.0,False,False,False,False,,False,first_order_hours_from_admission,0.0039112555682718,0.20786799331299702,0.0028154963055676,0.09849685104089481,0.0002786654,0.002531725450207033,0.00020959011,0.0011284407018693965,0.1323432278525856,0.02610988783423909,0.1190123910195645,0.017826842674193,411.0,0.38375350140056025,437.0,0.4222222222222222,8,0.14499218307964784,,False
num__last_order_hours_from_admission,191320,47171,100.0,100.0,False,False,False,False,full_record_not_early_prediction,True,last_order_hours_from_admission,0.0028817718406529,0.15315494455584822,0.0028478261296588,0.09962787219030715,0.00040778692,0.0037048177621819547,0.00035171854,0.0018936652885867536,0.2186626313222782,0.043139772771174076,0.2462797625115365,0.03689019725188983,167.0,0.15592903828197946,136.0,0.13140096618357489,8,0.0782176592856928,full_record_only_not_for_early_prediction,True
num__num_total_poe_orders,191320,47171,100.0,100.0,False,False,False,False,,False,num_total_poe_orders,0.0020446319620531,0.10866422190953562,0.0016745567970719,0.05858241443064422,0.00057395414,0.005214476944355813,0.00041993352,0.0022609371980733548,0.1941088609834251,0.03829557938207808,0.1799668923755409,0.026957205459512083,171.0,0.15966386554621848,160.0,0.15458937198067632,8,0.06927850910638675,,False
num__num_unique_order_types,191320,47171,100.0,100.0,False,False,False,False,,False,num_unique_order_types,0.0007557749283955,0.04016649258009553,0.0005484239871633,0.019185972883025044,0.0002508496,0.0022790138872434617,0.00014556912,0.0007837493856141895,0.0819899253750032,0.01617572572329505,0.0350333881020213,0.005247644322480766,52.0,0.04855275443510738,70.0,0.06763285024154589,8,0.025003025432300915,,False
num__num_unique_order_subtypes,191320,47171,100.0,100.0,False,False,False,False,,False,num_unique_order_subtypes,0.0013371844519568,0.07106614330508099,0.0010298015438893,0.036026404676705585,0.00030153635,0.0027395121585153215,0.00016952012,0.0009127024323513372,0.1580160346136041,0.031174855009340318,0.0256089208516861,0.0038359552242238385,86.0,0.08029878618113913,81.0,0.0782608695652174,8,0.03803940356907174,,False
num__num_unique_poe_order_categories,191320,47171,100.0,100.0,False,False,False,False,,False,num_unique_poe_order_categories,0.0013186954996255,0.07008352753055998,0.0009647907370731,0.03375207750306977,0.00027523597,0.0025005684597421115,0.00017424101,0.0009381198741621564,0.0594501907063035,0.011728879794247677,0.005387527659221,0.0008069967098468558,97.0,0.09056956115779645,98.0,0.09468599033816426,8,0.038133215170948656,,False
num__num_unique_order_providers_first_24h,191320,47171,100.0,100.0,False,False,False,False,,False,care_team_complexity_features,0.0007541732027165,0.04008136710135349,0.0005074087962126,0.017751104314561224,0.0002701283,0.0024541643560024333,0.0001641048,0.0008835461544065077,0.1001566886033624,0.01975983167189702,0.0609406366534479,0.009128285994250671,66.0,0.06162464985994398,63.0,0.06086956521739131,8,0.026569064333725828,,False
num__num_unique_order_providers_first_72h,191320,47171,100.0,100.0,False,False,False,False,,False,care_team_complexity_features,0.0008988063063595,0.04776805299955606,0.0006684527088005,0.02338503757096287,0.0002460634,0.0022355303964700078,0.00016411672,0.0008836103321158772,0.0629207738401365,0.012413588319301318,0.0367198353643816,0.005500256926654716,85.0,0.07936507936507936,79.0,0.07632850241545894,8,0.030984957290699895,,False
num__num_discontinued_orders,191320,47171,100.0,100.0,False,False,False,False,,False,ed_timing_features,0.0020125038196197,0.10695673632595974,0.0016259003694214,0.0568802261177005,0.00058824825,0.005344341513387558,0.00035428384,0.0019074769561912295,0.0812554128428076,0.0160308143429422,0.120910858426782,0.01811121373421973,52.0,0.04855275443510738,45.0,0.043478260869565216,8,0.03715772803688419,,False
num__num_psych_related_poe_orders,191320,47171,100.0,100.0,False,False,False,False,,False,psychiatric_features,1.5062416279464273e-05,0.0008005087348052524,9.187616722697264e-06,0.00032141804411777044,0.00010898895,0.000990184280166615,0.00010331476,0.0005562503893331048,0.0,0.0,0.0,0.0,0.0,0.0,1.0,0.000966183574879227,8,0.0004543181279127462,,False
num__num_consult_orders,191320,47171,100.0,100.0,False,False,False,False,,False,num_consult_orders,,,,,,,,,,,,,,,,,0,,,False
num__num_social_work_case_management_orders,191320,47171,100.0,100.0,False,False,False,False,,False,num_social_work_case_management_orders,0.0001643238186064,0.008733170673972081,0.0001147073760142,0.0040129036242101705,0.00029291536,0.0026611889085209543,0.00028348525,0.001526294797400609,0.0082082321786718,0.0016193954536248343,0.0131002745496338,0.001962287551610194,27.0,0.025210084033613446,38.0,0.03671497584541063,8,0.010305037611045365,,False
num__num_observation_safety_orders,191320,47171,100.0,100.0,False,False,False,False,,False,safety_observation_features,0.0006235480991696,0.03313915182632504,0.0006215848153433,0.02174541903858348,0.00049398444,0.004487937787591388,0.0008905147,0.004794563221962215,0.134024011198101,0.0264414882140783,0.128869727274035,0.019303371135554446,27.0,0.025210084033613446,19.0,0.018357487922705314,8,0.019184937897551706,,False
num__num_discharge_planning_orders,0,0,0.0,0.0,True,True,True,True,,False,num_discharge_planning_orders,,,,,,,,,,,,,,,,,0,,all_zero_in_training; very_rare_and_low_recorded_model_signal,True
num__num_followup_referral_orders,191320,47171,100.0,100.0,False,False,False,False,,False,num_followup_referral_orders,0.0002649038162324,0.014078605639547754,0.0001573829659131,0.00550585931129173,0.00025823916,0.002346149373449614,0.00028399657,0.0015290477626988277,0.000831869180601,0.00016411879437039245,0.0238274169570312,0.0035691041057696756,27.0,0.025210084033613446,19.0,0.018357487922705314,8,0.008845057117930846,,False
num__had_sitter_or_constant_observation_order,191320,47171,100.0,100.0,False,False,False,False,,False,safety_observation_features,,,,,,,,,,,,,,,,,0,,,False
num__had_suicide_precaution_order,0,0,0.0,0.0,True,True,True,True,,False,had_suicide_precaution_order,,,,,,,,,,,,,,,,,0,,all_zero_in_training; very_rare_and_low_recorded_model_signal,True
num__had_elopement_precaution_order,0,0,0.0,0.0,True,True,True,True,,False,safety_observation_features,,,,,,,,,,,,,,,,,0,,all_zero_in_training; very_rare_and_low_recorded_model_signal,True
num__had_restraint_order,0,0,0.0,0.0,True,True,True,True,,False,had_restraint_order,,,,,,,,,,,,,,,,,0,,all_zero_in_training; very_rare_and_low_recorded_model_signal,True
num__had_psych_consult_order,191320,47171,100.0,100.0,False,False,False,False,,False,psychiatric_features,9.042012313461644e-05,0.004805477224136403,0.0001564113468428,0.0054718683525230806,0.00028120485,0.002554796811755787,0.00012680047,0.0006826982979500767,0.0121206654156926,0.0023912762263331167,0.0,0.0,3.0,0.0028011204481792717,8.0,0.007729468599033816,8,0.003304588244988944,,False
num__had_social_work_case_management_order,191320,47171,100.0,100.0,False,False,False,False,,False,had_social_work_case_management_order,0.0001338173667967,0.007111871628155979,9.518013654214109e-05,0.0033297659501468693,0.00029379837,0.002669211213729234,0.00017295606,0.0009312016570770703,0.0214922764716936,0.004240193752894114,0.0123784288101804,0.001854162420083706,18.0,0.01680672268907563,22.0,0.021256038647342997,8,0.0072748959948132005,,False
num__had_followup_or_outpatient_referral_order,191320,47171,100.0,100.0,False,False,False,False,,False,had_followup_or_outpatient_referral_order,0.0001344221239253,0.007144012113115226,9.034044858749483e-05,0.003160455117591149,0.0,0.0,7.1670365e-06,3.858758267927615e-05,0.0047176881932166,0.0009307488683818812,0.0,0.0,0.0,0.0,1.0,0.000966183574879227,8,0.001529998407080845,,False
num__had_discharge_planning_order,191320,47171,100.0,100.0,False,False,False,False,,False,had_discharge_planning_order,0.0003507664235423,0.018641868655883197,0.0004784720289113,0.016738785295408194,0.00060285424,0.005477039568504804,0.00048117296,0.002590652548934561,0.0449554244096634,0.008869219135144385,0.1420454379085437,0.021276958243500763,22.0,0.02054154995331466,44.0,0.04251207729468599,8,0.01708101883692207,,False
num__first_discharge_planning_order_hours,0,0,0.0,0.0,True,True,True,True,,False,first_discharge_planning_order_hours,,,,,,,,,,,,,,,,,0,,all_zero_in_training; very_rare_and_low_recorded_model_signal,True
num__last_discharge_planning_order_hours,0,0,0.0,0.0,True,True,True,True,,False,last_discharge_planning_order_hours,,,,,,,,,,,,,,,,,0,,all_zero_in_training; very_rare_and_low_recorded_model_signal,True
num__discharge_planning_first_72h_flag,0,0,0.0,0.0,True,True,True,True,,False,discharge_planning_first_72h_flag,,,,,,,,,,,,,,,,,0,,all_zero_in_training; very_rare_and_low_recorded_model_signal,True
num__late_discharge_planning_after_72h_flag,0,0,0.0,0.0,True,True,True,True,full_record_not_early_prediction,True,late_discharge_planning_after_72h_flag,,,,,,,,,,,,,,,,,0,,full_record_only_not_for_early_prediction; all_zero_in_training; very_rare_and_low_recorded_model_signal,True
num__had_psych_followup_order,0,0,0.0,0.0,True,True,True,True,,False,psychiatric_features,,,,,,,,,,,,,,,,,0,,all_zero_in_training; very_rare_and_low_recorded_model_signal,True
num__had_outpatient_followup_order,191320,47171,100.0,100.0,False,False,False,False,,False,had_outpatient_followup_order,0.0001581041564691,0.008402619866182081,0.0001036752393391,0.0036269572031115806,0.00032297615,0.002934296610791595,0.00015459876,0.0008323652926301646,0.0616601032005884,0.012164871633690597,0.0142194534019101,0.0021299291320615414,7.0,0.006535947712418301,13.0,0.012560386473429951,8,0.006148421740539476,,False
num__had_clinic_referral_order,191320,47171,100.0,100.0,False,False,False,False,,False,had_clinic_referral_order,,,,,,,,,,,,,,,,,0,,,False
num__had_case_management_order,191320,47171,100.0,100.0,False,False,False,False,,False,had_case_management_order,,,,,,,,,,,,,,,,,0,,,False
num__num_followup_related_orders,191320,47171,100.0,100.0,False,False,False,False,,False,ed_timing_features,0.0002586790228484,0.013747782125989464,0.0001854360979216,0.006487265381407222,0.000182718,0.0016600260054205822,0.00026523578,0.0014280389935578393,0.0025629846337173,0.0005056491548005542,0.0217109873674747,0.003252084533262908,1.0,0.0009337068160597573,1.0,0.000966183574879227,8,0.0036225920731721944,,False
num__followup_order_first_72h_flag,191320,47171,100.0,100.0,False,False,False,False,,False,followup_order_first_72h_flag,0.0001514265688836,0.008047732105118955,8.951606930724588e-05,0.003131615170968839,0.0004181784,0.0037992262333495894,0.00011661816,0.0006278763741338634,0.0,0.0,0.0,0.0,9.0,0.008403361344537815,14.0,0.01352657004830918,8,0.00469204765955228,,False
num__late_followup_order_flag,191320,47171,100.0,100.0,False,False,False,False,,False,late_followup_order_flag,8.768070806907673e-05,0.004659887987487074,6.086720215471996e-05,0.0021293680023852326,0.00020827886,0.0018922510315313907,9.135623e-05,0.000491865233055806,0.0171440653356003,0.0033823387127446813,0.0,0.0,0.0,0.0,5.0,0.004830917874396135,8,0.00217332860520004,,False
num__had_sitter_order,0,0,0.0,0.0,True,True,True,True,,False,safety_observation_features,,,,,,,,,,,,,,,,,0,,all_zero_in_training; very_rare_and_low_recorded_model_signal,True
num__had_constant_observation_order,191320,47171,100.0,100.0,False,False,False,False,,False,safety_observation_features,,,,,,,,,,,,,,,,,0,,,False
num__had_behavioral_observation_order,0,0,0.0,0.0,True,True,True,True,,False,had_behavioral_observation_order,,,,,,,,,,,,,,,,,0,,all_zero_in_training; very_rare_and_low_recorded_model_signal,True
num__orders_last_24h_before_discharge,191320,47171,100.0,100.0,False,False,False,False,full_record_not_early_prediction,True,discharge_readiness_trajectory_features,0.0016880718994277,0.0897144439112016,0.0013443310527717,0.04702985231863385,0.00025281383,0.0022968592712813082,0.00017951973,0.0009665406927865278,0.1374411364707574,0.027115650081159126,0.0216872474394422,0.003248528534105959,148.0,0.13818860877684408,141.0,0.13623188405797101,8,0.05559904595549793,full_record_only_not_for_early_prediction,True
num__orders_last_48h_before_discharge,191320,47171,100.0,100.0,False,False,False,False,full_record_not_early_prediction,True,discharge_readiness_trajectory_features,0.0023362383007448,0.1241619625718716,0.0016743092453062,0.058573754121148215,0.0003503531,0.003183021142305179,0.00024413229,0.0013144170432306326,0.1921554197924871,0.0379101865575734,0.1535589824290173,0.02300156981571141,283.0,0.2642390289449113,284.0,0.2743961352657005,8,0.09834750943280653,full_record_only_not_for_early_prediction,True
num__orders_last_12h_before_discharge,191320,47171,100.0,100.0,False,False,False,False,full_record_not_early_prediction,True,discharge_readiness_trajectory_features,0.0087296772891208,0.4639483328780226,0.0116022771995548,0.4058921216837949,0.023062399,0.20952605702440716,0.021996194,0.11842830081922953,1.0369568009172856,0.20458036425603746,0.4461810439972402,0.06683337094066469,108.0,0.10084033613445378,93.0,0.08985507246376812,8,0.20748799452504726,full_record_only_not_for_early_prediction,True
num__orders_last_6h_before_discharge,191320,47171,100.0,100.0,False,False,False,False,full_record_not_early_prediction,True,discharge_readiness_trajectory_features,0.0019728442134049,0.1048489827886227,0.0022911338958939,0.08015264435344796,0.00069368375,0.006302242059007156,0.00043035412,0.002317042083832994,0.8306240584275588,0.1638731452290198,0.4582186429056967,0.0686364805167156,89.0,0.08309990662931839,94.0,0.09082125603864734,8,0.0750064624623265,full_record_only_not_for_early_prediction,True
num__new_orders_last_24h_before_discharge_flag,191320,47171,100.0,100.0,False,False,False,False,full_record_not_early_prediction,True,discharge_readiness_trajectory_features,1.2454666140088616e-05,0.0006619169759514016,1.6282198844825287e-05,0.0005696137164398349,0.00015494972,0.001407746170233024,5.866773e-05,0.00031586917158583607,0.0,0.0,0.0219045507499582,0.0032810783543050443,0.0,0.0,0.0,0.0,8,0.0007795280485643926,full_record_only_not_for_early_prediction,True
num__new_orders_last_12h_before_discharge_flag,191320,47171,100.0,100.0,False,False,False,False,full_record_not_early_prediction,True,discharge_readiness_trajectory_features,0.0063842989810161,0.3393006145288552,0.009257161419863,0.32385098415177865,0.09699579,0.8812242571411335,0.10124399,0.5451012890620562,0.8854518124904756,0.1746900682557165,0.9994028043543164,0.14970034975973948,0.0,0.0,0.0,0.0,8,0.30173344536241,full_record_only_not_for_early_prediction,True
num__order_activity_last_24h_to_total_ratio,191320,47171,100.0,100.0,False,False,False,False,full_record_not_early_prediction,True,discharge_readiness_trajectory_features,0.0020798699829646,0.11053698541663406,0.001525009208827,0.05335066665894418,0.00028756648,0.002612593368399707,0.00020056049,0.0010798249025341419,0.0695469101438799,0.013720853363930797,0.0912738373430765,0.013671890167448388,185.0,0.17273576097105509,244.0,0.2357487922705314,8,0.07543217088993473,full_record_only_not_for_early_prediction,True
num__order_activity_last_48h_to_total_ratio,191320,47171,100.0,100.0,False,False,False,False,full_record_not_early_prediction,True,discharge_readiness_trajectory_features,0.0017949982985656,0.09539716538848945,0.0014135297749385,0.04945068882124454,0.00033018176,0.0029997608780499858,0.00021619277,0.0011639896611433096,0.1110111649091726,0.02190130247809342,0.1371134322761144,0.020538194088572576,237.0,0.22128851540616246,240.0,0.2318840579710145,8,0.08057795933659628,full_record_only_not_for_early_prediction,True
num__order_activity_last_12h_to_total_ratio,191320,47171,100.0,100.0,False,False,False,False,full_record_not_early_prediction,True,discharge_readiness_trajectory_features,0.0026476719255976,0.1407134462369875,0.0019669861474917,0.06881271383161536,0.00037163147,0.003376338973897913,0.00026211463,0.0014112346095311327,0.1756453731472741,0.03465293287682796,0.1498842403861536,0.022451130926910288,234.0,0.2184873949579832,268.0,0.2589371980676328,8,0.09360529881017327,full_record_only_not_for_early_prediction,True
num__order_activity_last_6h_to_total_ratio,191320,47171,100.0,100.0,False,False,False,False,full_record_not_early_prediction,True,discharge_readiness_trajectory_features,0.0029811984936416,0.1584390837479391,0.0023476545955577,0.08212995504091133,0.0005111893,0.004644247045681014,0.0003164489,0.0017037722763817362,0.134144685490142,0.026465295947052565,0.2203437988179772,0.03300525434462014,394.0,0.3678804855275444,385.0,0.3719806763285024,8,0.1307810962823291,full_record_only_not_for_early_prediction,True
num__last_order_within_6h_of_discharge_flag,191320,47171,100.0,100.0,False,False,False,False,full_record_not_early_prediction,True,last_order_within_6h_of_discharge_flag,,,,,,,,,,,,,,,,,0,,full_record_only_not_for_early_prediction,True
num__last_order_within_12h_of_discharge_flag,191320,47171,100.0,100.0,False,False,False,False,full_record_not_early_prediction,True,last_order_within_12h_of_discharge_flag,0.0083150275608901,0.4419113154981587,0.0121391755072391,0.42467488212695875,0.042281386,0.38413402240187455,0.07808223,0.42039753891406256,0.8263232537785001,0.16302464297615818,0.3811696014522511,0.05709531973151507,0.0,0.0,0.0,0.0,8,0.236404715206091,full_record_only_not_for_early_prediction,True
num__last_order_within_24h_of_discharge_flag,191320,47171,100.0,100.0,False,False,False,False,full_record_not_early_prediction,True,last_order_within_24h_of_discharge_flag,,,,,,,,,,,,,,,,,0,,full_record_only_not_for_early_prediction,True
num__last_order_close_to_discharge_hours,191320,47171,100.0,100.0,False,False,False,False,full_record_not_early_prediction,True,discharge_readiness_trajectory_features,0.0058896539287524,0.3130121573770538,0.0053920264628206,0.18863375038595018,0.0008804665,0.007999197051749915,0.00059104327,0.003182198255604633,1.228005232841039,0.24227215407691724,0.8244409869856066,0.12349285350239482,1071.0,1.0,1035.0,1.0,8,0.35982403883120884,full_record_only_not_for_early_prediction,True
num__order_activity_duration_hours,191320,47171,100.0,100.0,False,False,False,False,full_record_not_early_prediction,True,order_activity_duration_hours,0.0025579287289235,0.1359439450165951,0.0023345014705529,0.08166980831944054,0.00045490547,0.004132898292494841,0.00031677895,0.0017055492774704418,0.1235980973214962,0.024384568141138808,0.0668489860278737,0.01001329648651732,147.0,0.13725490196078433,151.0,0.14589371980676327,8,0.06762483591265059,full_record_only_not_for_early_prediction,True
num__safety_orders_first_24h,191320,47171,100.0,100.0,False,False,False,False,,False,safety_observation_features,0.0007951795126232,0.04226069269250705,0.0011461297306339,0.04009601047195466,0.001506491,0.01368674261392998,0.0019898394,0.010713367005453544,0.0,0.0,0.1081892940954331,0.01620565311181949,13.0,0.012138188608776844,6.0,0.005797101449275362,8,0.017612219494214616,,False
num__safety_orders_first_72h,191320,47171,100.0,100.0,False,False,False,False,,False,safety_observation_features,0.0008346877782058,0.04436040306493887,0.0010242641139426,0.035832684155200745,0.0006630156,0.006023616381525249,0.00069195323,0.00372550111511462,0.163401101347326,0.03223727044743123,0.0554717963851582,0.008309109484662984,26.0,0.02427637721755369,22.0,0.021256038647342997,8,0.0220026250642213,,False
num__safety_orders_after_72h,191320,47171,100.0,100.0,False,False,False,False,full_record_not_early_prediction,True,safety_observation_features,8.499269653168385e-05,0.004517030648065776,4.061041002291788e-05,0.001420707780303981,0.00025889772,0.0023521325099010297,0.00012337485,0.0006642546364760795,0.017119249925571,0.003377442900673758,0.0075281071237008,0.0011276336873748225,4.0,0.003734827264239029,4.0,0.003864734299516908,8,0.002632345465818923,full_record_only_not_for_early_prediction,True
num__safety_orders_last_24h_before_discharge,191320,47171,100.0,100.0,False,False,False,False,full_record_not_early_prediction,True,discharge_readiness_trajectory_features,0.0006728093579634,0.03575719578556035,0.0007463725308279,0.026110971569948748,0.0013249322,0.012037248149712146,0.0010362929,0.005579438301827659,0.1660215996344816,0.032754266424162744,0.1421384124242804,0.02129088487795074,69.0,0.06442577030812324,57.0,0.05507246376811594,8,0.031628529898175196,full_record_only_not_for_early_prediction,True
num__safety_order_density_per_day,191320,47171,100.0,100.0,False,False,False,False,,False,safety_observation_features,0.0012876682641461,0.06843455086192402,0.0016061646338399,0.05618979445067631,0.0009354916,0.008499110015720996,0.0012696107,0.006835629741350371,0.2977667449330696,0.058746159037536536,0.2859715374049686,0.04283562041684732,107.0,0.09990662931839403,67.0,0.0647342995169082,8,0.05077272416991972,,False
num__late_safety_order_flag,191320,47171,100.0,100.0,False,False,False,False,full_record_not_early_prediction,True,safety_observation_features,1.9708506085415537e-05,0.001047430304581832,1.997541810784074e-05,0.0006988166803688751,0.0,0.0,0.0,0.0,0.0,0.0,0.0,0.0,0.0,0.0,0.0,0.0,8,0.00021828087311883838,full_record_only_not_for_early_prediction,True
num__safety_order_near_discharge_flag,191320,47171,100.0,100.0,False,False,False,False,full_record_not_early_prediction,True,discharge_readiness_trajectory_features,0.0005268633131374,0.028000732179334267,0.0007914056979496,0.027686404343600212,0.001783661,0.016204882085259692,0.0014908315,0.008026690497127967,0.3776399968539164,0.07450428797581668,0.3221554059961289,0.048255594985816774,4.0,0.003734827264239029,2.0,0.001932367149758454,8,0.026043223310119136,full_record_only_not_for_early_prediction,True
num__self_harm_and_late_safety_order_flag,191320,47171,100.0,100.0,False,False,False,False,full_record_not_early_prediction,True,safety_observation_features,5.199762081073195e-07,2.7634709382472838e-05,3.3341526001855117e-20,1.1664143595524228e-18,0.0,0.0,0.0,0.0,0.0,0.0,0.0,0.0,0.0,0.0,0.0,0.0,8,3.4543386728092504e-06,full_record_only_not_for_early_prediction,True
num__care_team_touchpoints_after_72h,191320,47171,100.0,100.0,False,False,False,False,full_record_not_early_prediction,True,care_team_complexity_features,0.0004903139764498,0.026058277348255693,0.0003624268336938,0.012679079628330299,0.00025847997,0.002348337175758994,0.00024582315,0.0013235206943769718,0.0405100340480488,0.007992191684593978,0.0135173020447576,0.002024754018191499,52.0,0.04855275443510738,48.0,0.0463768115942029,8,0.018419465822352214,full_record_only_not_for_early_prediction,True
num__care_team_touchpoints_last_24h_before_discharge,191320,47171,100.0,100.0,False,False,False,False,full_record_not_early_prediction,True,discharge_readiness_trajectory_features,0.0004621646183686,0.024562248649733838,0.0003349630072041,0.01171828972375125,0.00026859378,0.002440222964865063,0.00017830105,0.0009599792757685482,0.0177764636620802,0.0035071040644659105,0.0464097653129741,0.006951709630340944,47.0,0.04388422035480859,51.0,0.04927536231884058,8,0.01791239212282184,full_record_only_not_for_early_prediction,True
num__care_team_touchpoint_density_per_day,191320,47171,100.0,100.0,False,False,False,False,,False,care_team_complexity_features,0.0030896670154212,0.16420376303477874,0.0024602545063491,0.08606913145485541,0.00030589913,0.002779148802173466,0.000261325,0.001406983213167931,0.2028454931577183,0.0400192224412748,0.0786257269487424,0.01177733219584564,292.0,0.2726423902894491,352.0,0.34009661835748795,8,0.11487432372362913,,False
num__late_care_team_activity_flag,191320,47171,100.0,100.0,False,False,False,False,full_record_not_early_prediction,True,late_care_team_activity_flag,3.102680251404973e-05,0.0016489536582146409,3.1759976970892944e-05,0.0011110857132286805,0.0,0.0,0.0,0.0,0.0,0.0,0.0,0.0,0.0,0.0,0.0,0.0,8,0.00034500492143041514,full_record_only_not_for_early_prediction,True
num__high_care_team_touchpoints_near_discharge_flag,191320,47171,100.0,100.0,False,False,False,False,full_record_not_early_prediction,True,discharge_readiness_trajectory_features,0.0001490744779639,0.007922727637619075,0.0001014450788947,0.0035489376437695987,0.00016517632,0.0015006566768444914,0.00034043696,0.0018329248554938193,0.0080942952549489,0.0015969169305688844,0.0252406819729863,0.0037807967949135372,1.0,0.0009337068160597573,0.0,0.0,8,0.0026395834194086454,full_record_only_not_for_early_prediction,True
num__had_ciWA_protocol_order,0,0,0.0,0.0,True,True,True,True,,False,had_ciWA_protocol_order,,,,,,,,,,,,,,,,,0,,all_zero_in_training; very_rare_and_low_recorded_model_signal,True
num__had_alcohol_withdrawal_protocol_order,0,0,0.0,0.0,True,True,True,True,,False,had_alcohol_withdrawal_protocol_order,,,,,,,,,,,,,,,,,0,,all_zero_in_training; very_rare_and_low_recorded_model_signal,True
num__late_medication_orders_last_12h,191320,47171,100.0,100.0,False,False,False,False,,False,medication_features,0.0008310911506786,0.04416925632606604,0.0006082621313976,0.021279340495532435,0.00025953268,0.002357901236093314,0.00018394784,0.000990381796531141,0.0147911995001304,0.0029181437248336915,0.0246601951212058,0.0036938457834056063,44.0,0.04108309990662932,53.0,0.051207729468599035,8,0.020962462342211323,,False
num__late_lab_orders_last_12h,191320,47171,100.0,100.0,False,False,False,False,,False,laboratory_features,0.0002820101093147,0.014987738462492604,0.0001899888288837,0.00664653735861297,0.00014149265,0.0012854862606632763,0.00019091871,0.0010279132117083185,0.0073835548312325,0.0014566955301722928,0.0,0.0,13.0,0.012138188608776844,23.0,0.022222222222222223,8,0.007470597706831067,,False
num__late_imaging_orders_last_12h,191320,47171,100.0,100.0,False,False,False,False,,False,late_imaging_orders_last_12h,9.216110633891768e-05,0.004898003697733635,4.866978506987538e-05,0.0017026556066652178,0.00035051082,0.0031844540569691687,0.00027559753,0.001483827028797647,0.0,0.0,0.0,0.0,1.0,0.0009337068160597573,5.0,0.004830917874396135,8,0.0021291956350776953,,False
num__late_consult_orders_last_12h,191320,47171,100.0,100.0,False,False,False,False,,False,late_consult_orders_last_12h,0.0001125062684765,0.005979269790768677,7.415009353018543e-05,0.0025940544488261036,0.00025698956,0.002334796531932229,0.0002164064,0.0011651398527584597,0.0080963448065409,0.0015973212849362815,0.0,0.0,5.0,0.004668534080298786,3.0,0.002898550724637681,8,0.002654708339269777,,False
num__late_discharge_admin_orders_last_12h,191320,47171,100.0,100.0,False,False,False,False,,False,late_discharge_admin_orders_last_12h,0.0008307886216222,0.04415317808551769,0.0007844264863113,0.027442244772955017,0.00030692687,0.0027884860055514085,0.00031472827,0.001694508342483054,0.1123360489667487,0.022162687776744405,0.0540736527307916,0.008099681821301299,38.0,0.035480859010270774,40.0,0.03864734299516908,8,0.022558623601249092,,False
num__late_routine_care_orders_last_12h,191320,47171,100.0,100.0,False,False,False,False,,False,late_routine_care_orders_last_12h,0.0003390456763771,0.018018956613744353,0.0002241016175144,0.007839933440754239,0.0002390914,0.0021721885182216013,0.00014423435,0.0007765629358545411,0.0219855015510021,0.004337501727822179,0.0096644493028586,0.0014476359627667021,13.0,0.012138188608776844,20.0,0.01932367149758454,8,0.008256829913190624,,False
num__late_psych_safety_orders_last_12h,191320,47171,100.0,100.0,False,False,False,False,,False,safety_observation_features,0.0001398216790832,0.007430977430482982,0.000158849929089,0.005557179305259888,0.00022054292,0.0020036722299466444,0.00013424485,0.0007227791080235219,0.0161384463632771,0.0031839409632157954,0.0240214450970842,0.0035981675427568588,5.0,0.004668534080298786,9.0,0.008695652173913044,8,0.00448261285423719,,False
num__late_social_work_or_case_management_orders_last_12h,191320,47171,100.0,100.0,False,False,False,False,,False,late_social_work_or_case_management_orders_last_12h,9.082473619817372e-06,0.0004826980831896567,2.4050969460271764e-06,8.413950860574553e-05,0.0,0.0,0.00032123478,0.0017295396266935553,0.0,0.0,0.0,0.0,1.0,0.0009337068160597573,0.0,0.0,8,0.00040376050431858935,,False
num__late_followup_or_aftercare_orders_last_12h,191320,47171,100.0,100.0,False,False,False,False,,False,late_followup_or_aftercare_orders_last_12h,8.162418952377684e-05,0.004338007625925654,5.417256853146477e-05,0.0018951640613396777,0.0002794594,0.00253893908350153,0.00015375606,0.000827828165475332,0.0297579995856736,0.005870931546408486,0.0130811166049352,0.001959417886836829,5.0,0.004668534080298786,1.0,0.000966183574879227,8,0.0028831257530831903,,False
num__late_medication_orders_last_6h,191320,47171,100.0,100.0,False,False,False,False,,False,medication_features,0.0006545420845919,0.03478636138398443,0.0003904401581728,0.013659093078503184,0.00026664347,0.002422504046539382,0.0002428531,0.001307529838193027,0.0497513776877184,0.009815408858488214,0.0225684691332319,0.00338052655852757,55.0,0.051353874883286646,61.0,0.05893719806763285,8,0.021957812089394416,,False
num__late_lab_orders_last_6h,191320,47171,100.0,100.0,False,False,False,False,,False,laboratory_features,0.0001363889431018,0.007248540888668807,9.141189451732924e-05,0.0031979384024885863,0.00038941822,0.003537934807652193,0.0002714834,0.0014616764046828839,0.0,0.0,0.0,0.0,8.0,0.007469654528478058,9.0,0.008695652173913044,8,0.003951424650735447,,False
num__late_imaging_orders_last_6h,191320,47171,100.0,100.0,False,False,False,False,,False,late_imaging_orders_last_6h,2.619920892135432e-05,0.0013923858693990208,2.8361455293259628e-05,0.00099219240025251,9.125257e-05,0.0008290460669526924,0.00019897956,0.0010713131184675827,0.0001548180749937,3.054393215571966e-05,0.0,0.0,3.0,0.0028011204481792717,2.0,0.001932367149758454,8,0.0011311211231456566,,False
num__late_consult_orders_last_6h,191320,47171,100.0,100.0,False,False,False,False,,False,late_consult_orders_last_6h,9.315481130795614e-05,0.004950815244883557,5.111304707399071e-05,0.0017881302752688801,0.00013247986,0.001203603436960113,0.00018307469,0.0009856807254794713,0.0088211179468772,0.0017403111885868768,0.0,0.0,8.0,0.007469654528478058,10.0,0.00966183574879227,8,0.003475003893556153,,False
num__late_discharge_admin_orders_last_6h,191320,47171,100.0,100.0,False,False,False,False,,False,late_discharge_admin_orders_last_6h,0.0006077587510824,0.032300009498416035,0.0005019806674373,0.017561207566924142,0.00038917913,0.003535762631853224,0.00020070777,0.0010806178633593034,0.0910489985001535,0.0179629828955571,0.0246590134136423,0.003693668775661783,45.0,0.04201680672268908,47.0,0.04541062801932367,8,0.020445210496723043,,False
num__late_routine_care_orders_last_6h,191320,47171,100.0,100.0,False,False,False,False,,False,late_routine_care_orders_last_6h,0.0001934336866669,0.010280246735282977,0.0001460867153915,0.005110673175637271,0.00019046027,0.0017303659256308929,0.00023719156,0.0012770479028991256,0.0215276567840177,0.004247173905950012,0.0117164589227459,0.0017550060806702061,15.0,0.014005602240896359,22.0,0.021256038647342997,8,0.00745776932678873,,False
num__late_psych_safety_orders_last_6h,191320,47171,100.0,100.0,False,False,False,False,,False,safety_observation_features,8.583850359281624e-05,0.004561981997692166,5.827520436566633e-05,0.002038689986000738,0.00020153588,0.0018309898413146038,0.00030232672,0.0016277379505677653,0.0,0.0,0.0121091534905022,0.0018138277228406502,9.0,0.008403361344537815,4.0,0.003864734299516908,8,0.0030176653928088307,,False
num__late_social_work_or_case_management_orders_last_6h,191320,47171,100.0,100.0,False,False,False,False,,False,late_social_work_or_case_management_orders_last_6h,2.735493287620666e-06,0.00014538080943407336,0.0,0.0,0.0,0.0,0.00014700239,0.0007914661629218992,0.0,0.0,0.0,0.0,0.0,0.0,0.0,0.0,8,0.00011710587154449656,,False
num__late_followup_or_aftercare_orders_last_6h,191320,47171,100.0,100.0,False,False,False,False,,False,late_followup_or_aftercare_orders_last_6h,6.893272680796136e-05,0.0036635058346481905,5.224083468349501e-05,0.0018275846080483072,0.00037999763,0.0034523470473526875,0.0004744006,0.0025541899187478973,0.0151572937740921,0.0029903701665262303,0.0,0.0,18.0,0.01680672268907563,11.0,0.010628019323671498,8,0.005240342448508805,,False
num__discontinued_orders_last_24h_before_discharge,191320,47171,100.0,100.0,False,False,False,False,full_record_not_early_prediction,True,discharge_readiness_trajectory_features,0.0016467447951863,0.08751806935112838,0.0012031199875383,0.04208974807125276,0.00026960863,0.002449443060266726,0.00021687633,0.0011676699728057724,0.0068780276265023,0.0013569604789208276,0.0,0.0,14.0,0.013071895424836602,23.0,0.022222222222222223,8,0.02123450107267916,full_record_only_not_for_early_prediction,True
num__discontinued_orders_last_12h_before_discharge,191320,47171,100.0,100.0,False,False,False,False,full_record_not_early_prediction,True,discharge_readiness_trajectory_features,0.0077696289789186,0.41292550600265104,0.0102317548141061,0.3579459961709297,0.0003435404,0.0031211265333059082,0.00022549724,0.0012140852627789153,0.9738511237911928,0.19213029651776745,0.3540348028754396,0.053030803582560335,18.0,0.01680672268907563,15.0,0.014492753623188406,8,0.13145841129778219,full_record_only_not_for_early_prediction,True
num__cancelled_orders_last_24h_before_discharge,0,0,0.0,0.0,True,True,True,True,full_record_not_early_prediction,True,discharge_readiness_trajectory_features,,,,,,,,,,,,,,,,,0,,full_record_only_not_for_early_prediction; all_zero_in_training; very_rare_and_low_recorded_model_signal,True
num__late_discontinued_medication_orders,191320,47171,100.0,100.0,False,False,False,False,,False,medication_features,0.0014231107215804,0.07563278972533047,0.0010036734673412,0.035112344424289635,0.0003319047,0.0030154140988918263,0.0002346094,0.0012631454604473367,0.0568768510924163,0.011221187713827515,0.0318300250074719,0.004767813193758544,136.0,0.12698412698412698,127.0,0.12270531400966184,8,0.047587766951291764,,False
num__late_discontinued_lab_orders,191320,47171,100.0,100.0,False,False,False,False,,False,laboratory_features,0.0006750015281673,0.0358737010901438,0.0005478504688935,0.019165909015962598,0.00031352646,0.0028484444717403645,0.00021160154,0.0011392703134429634,0.0343733292868522,0.0067814861911088134,0.1006295367005852,0.015073278536546348,98.0,0.0915032679738562,111.0,0.1072463768115942,8,0.03495396680054941,,False
num__late_discontinued_safety_orders,191320,47171,100.0,100.0,False,False,False,False,,False,safety_observation_features,0.000496317739481,0.026377353959803666,0.000605497922486,0.021182637874089326,0.0010213251,0.009278922853735135,0.0011476509,0.006178993785045699,0.4532669129996107,0.08942466078108754,0.0978525979002634,0.014657321419097452,2.0,0.0018674136321195146,1.0,0.000966183574879227,8,0.021241685984982196,,False
num__placement_related_order_flag,0,0,0.0,0.0,True,True,True,True,,False,ed_timing_features,,,,,,,,,,,,,,,,,0,,all_zero_in_training; very_rare_and_low_recorded_model_signal,True
num__placement_related_orders_last_48h,0,0,0.0,0.0,True,True,True,True,,False,ed_timing_features,,,,,,,,,,,,,,,,,0,,all_zero_in_training; very_rare_and_low_recorded_model_signal,True
num__awaiting_bed_or_placement_flag,0,0,0.0,0.0,True,True,True,True,,False,ed_timing_features,,,,,,,,,,,,,,,,,0,,all_zero_in_training; very_rare_and_low_recorded_model_signal,True
num__delayed_discharge_planning_flag,0,0,0.0,0.0,True,True,True,True,,False,ed_timing_features,,,,,,,,,,,,,,,,,0,,all_zero_in_training; very_rare_and_low_recorded_model_signal,True
num__transport_delay_order_flag,0,0,0.0,0.0,True,True,True,True,,False,transport_delay_order_flag,,,,,,,,,,,,,,,,,0,,all_zero_in_training; very_rare_and_low_recorded_model_signal,True
num__social_barrier_order_flag,0,0,0.0,0.0,True,True,True,True,,False,social_barrier_order_flag,,,,,,,,,,,,,,,,,0,,all_zero_in_training; very_rare_and_low_recorded_model_signal,True
num__discharge_medication_order_flag,0,0,0.0,0.0,True,True,True,True,,False,medication_features,,,,,,,,,,,,,,,,,0,,all_zero_in_training; very_rare_and_low_recorded_model_signal,True
num__meds_to_beds_order_flag,0,0,0.0,0.0,True,True,True,True,,False,medication_features,,,,,,,,,,,,,,,,,0,,all_zero_in_training; very_rare_and_low_recorded_model_signal,True
num__had_specific_psych_followup_order,0,0,0.0,0.0,True,True,True,True,,False,psychiatric_features,,,,,,,,,,,,,,,,,0,,all_zero_in_training; very_rare_and_low_recorded_model_signal,True
num__had_outpatient_psychiatry_appointment_order,0,0,0.0,0.0,True,True,True,True,,False,psychiatric_features,,,,,,,,,,,,,,,,,0,,all_zero_in_training; very_rare_and_low_recorded_model_signal,True
num__had_therapy_or_counselling_followup_order,191320,47171,100.0,100.0,False,False,False,False,,False,had_therapy_or_counselling_followup_order,7.471778749651346e-05,0.003970959268854376,5.937204061963441e-05,0.0020770615217437292,0.00061595184,0.005596033628250405,5.213383e-05,0.00028069041862872153,0.0342759050577061,0.006762265444141879,0.0,0.0,0.0,0.0,1.0,0.000966183574879227,8,0.002456649232062292,,False
num__had_primary_care_followup_order,0,0,0.0,0.0,True,True,True,True,,False,had_primary_care_followup_order,,,,,,,,,,,,,,,,,0,,all_zero_in_training; very_rare_and_low_recorded_model_signal,True
num__had_substance_use_followup_order,191320,47171,100.0,100.0,False,False,False,False,,False,psychiatric_features,1.7818780876113791e-06,9.469987729895094e-05,0.0,0.0,6.517163e-05,0.0005920960201821834,7.137286e-05,0.00038427404915635654,0.0,0.0,0.0,0.0,0.0,0.0,1.0,0.000966183574879227,8,0.00025465669018958975,,False
num__had_home_health_or_vna_order,0,0,0.0,0.0,True,True,True,True,,False,had_home_health_or_vna_order,,,,,,,,,,,,,,,,,0,,all_zero_in_training; very_rare_and_low_recorded_model_signal,True
num__had_social_work_discharge_plan_order,0,0,0.0,0.0,True,True,True,True,,False,had_social_work_discharge_plan_order,,,,,,,,,,,,,,,,,0,,all_zero_in_training; very_rare_and_low_recorded_model_signal,True
num__had_snf_or_rehab_placement_order,0,0,0.0,0.0,True,True,True,True,,False,had_snf_or_rehab_placement_order,,,,,,,,,,,,,,,,,0,,all_zero_in_training; very_rare_and_low_recorded_model_signal,True
num__had_transport_arranged_order,0,0,0.0,0.0,True,True,True,True,,False,ed_timing_features,,,,,,,,,,,,,,,,,0,,all_zero_in_training; very_rare_and_low_recorded_model_signal,True
num__followup_order_last_48h_before_discharge,191320,47171,100.0,100.0,False,False,False,False,full_record_not_early_prediction,True,discharge_readiness_trajectory_features,0.0001834014983641,0.009747075017239865,0.0001058366102578,0.003702570241211589,0.00047828158,0.004345274470570193,0.00020803437,0.0011200645416702044,0.0476614453340971,0.009403087803458625,0.0451086942199748,0.0067568224468793,41.0,0.03828197945845005,39.0,0.03768115942028986,8,0.013879754174971209,full_record_only_not_for_early_prediction,True
num__followup_order_last_24h_before_discharge,191320,47171,100.0,100.0,False,False,False,False,full_record_not_early_prediction,True,discharge_readiness_trajectory_features,0.0001140630655571,0.00606200748956928,6.802682008203145e-05,0.0023798388764196252,0.00027108451,0.0024628516964212382,0.00027401646,0.001475314490966045,0.0,0.0,0.0067213330634206,0.001006787159353461,4.0,0.003734827264239029,6.0,0.005797101449275362,8,0.002864841053280505,full_record_only_not_for_early_prediction,True
num__safety_orders_last_12h_before_discharge,191320,47171,100.0,100.0,False,False,False,False,full_record_not_early_prediction,True,discharge_readiness_trajectory_features,0.0001348613755315,0.007167356624448361,0.0001615460790859,0.005651500965033841,0.00032684932,0.002969485059239011,0.00023317616,0.001255428844660708,0.016212095062248,0.0031984710551628483,0.0106940188963015,0.0016018549899386057,0.0,0.0,0.0,0.0,8,0.002730512192310422,full_record_only_not_for_early_prediction,True
num__safety_orders_last_6h_before_discharge,191320,47171,100.0,100.0,False,False,False,False,full_record_not_early_prediction,True,discharge_readiness_trajectory_features,8.233392191233582e-05,0.00437572713691741,6.996572251334158e-05,0.0024476691142295386,0.00023946408,0.002175574383279779,0.00032696617,0.0017603976369035181,0.0,0.0,0.0,0.0,0.0,0.0,1.0,0.000966183574879227,8,0.001465693980776184,full_record_only_not_for_early_prediction,True
num__new_safety_order_last_24h_before_discharge_flag,191320,47171,100.0,100.0,False,False,False,False,full_record_not_early_prediction,True,discharge_readiness_trajectory_features,0.0004167273882781,0.02214743691581627,0.0007559508474108,0.026446057792517325,0.00023571924,0.0021415518360422916,0.0009058559,0.004877160795366412,0.0365715372765319,0.007215168858353383,0.1309213907984903,0.01961068941189117,1.0,0.0009337068160597573,0.0,0.0,8,0.010421471553255826,full_record_only_not_for_early_prediction,True
num__new_safety_order_last_12h_before_discharge_flag,191320,47171,100.0,100.0,False,False,False,False,full_record_not_early_prediction,True,discharge_readiness_trajectory_features,6.523904042724898e-05,0.003467200795899346,8.440965635902033e-05,0.0029529732759253032,0.0,0.0,0.0,0.0,0.0192723099760893,0.0038022183677043184,0.0219609115805059,0.0032895206320422885,0.0,0.0,0.0,0.0,8,0.001688989133946407,full_record_only_not_for_early_prediction,True
num__first_safety_order_hours_from_admission,191320,47171,100.0,100.0,False,False,False,False,,False,safety_observation_features,0.0012421725720144,0.06601663209831302,0.0010599666261063,0.037081694859075476,0.00032601805,0.0029619328212683346,0.00018230645,0.0009815444936467567,0.0775308993206661,0.015296008098012598,0.1374977907293303,0.02059576706578341,92.0,0.08590102707749767,112.0,0.10821256038647344,8,0.04213089586250884,,False
num__last_safety_order_hours_from_admission,191320,47171,100.0,100.0,False,False,False,False,,False,safety_observation_features,0.00105314494305,0.05597055016178919,0.0010226118477858,0.03577488155279476,0.00065730745,0.005971756808615949,0.0003733386,0.002010068470401289,0.0858105749038444,0.016929498562832403,0.1344432055542405,0.020138221352393813,152.0,0.1419234360410831,133.0,0.1285024154589372,8,0.050902603551105964,,False
num__safety_order_activity_duration_hours,191320,47171,100.0,100.0,False,False,False,False,full_record_not_early_prediction,True,safety_observation_features,0.0004764477043592,0.025321339016333138,0.0003882614855446,0.013582874760296786,0.00040185833,0.003650955452089482,0.00029559038,0.0015914692533585749,0.0076893380155091,0.0015170232460109275,0.0249190602143817,0.0037326211348656774,40.0,0.03734827264239029,42.0,0.04057971014492753,8,0.01591553320628405,full_record_only_not_for_early_prediction,True
num__previous_admission_had_late_orders,191320,47171,100.0,100.0,False,False,False,False,full_record_not_early_prediction,True,discharge_readiness_trajectory_features,8.893696098382338e-05,0.004726652934937789,0.0001158749229248,0.004053748889717788,5.9470643e-05,0.0005403015244206016,0.00019237999,0.0010357807958649742,0.0248085462252207,0.0048944579165966975,0.0125185713972992,0.0018751543506811722,0.0,0.0,0.0,0.0,8,0.002140762051527378,full_record_only_not_for_early_prediction,True
num__previous_admission_had_safety_order,191320,47171,100.0,100.0,False,False,False,False,,False,prior_instability_features,0.0001351959582636,0.0071851383929635625,9.38625786695468e-05,0.0032836727262779376,0.00027497456,0.0024981935027150156,0.0002461855,0.0013254715998291537,0.0,0.0,0.0,0.0,22.0,0.02054154995331466,18.0,0.017391304347826087,8,0.006528166315365802,,False
num__previous_admission_had_discharge_planning_order,191320,47171,100.0,100.0,False,False,False,False,,False,prior_instability_features,0.0002186343002469,0.01161956115329874,0.0001398537910392,0.004892621594371249,0.00020691953,0.0018799012731608505,0.00024731422,0.0013315486689666907,0.0,0.0,0.0331222355591104,0.004961373158470157,19.0,0.017740429505135387,24.0,0.02318840579710145,8,0.008201730143813066,,False
num__previous_admission_order_activity_count,191320,47171,100.0,100.0,False,False,False,False,,False,prior_instability_features,0.0023814454383002,0.12656454578410026,0.0018193166166938,0.0636466677069882,0.00031951742,0.0029028734245388544,0.00021951675,0.00118188608919614,0.1505476287602698,0.029701419289997436,0.1847230262240659,0.02766962581447429,307.0,0.28664799253034545,317.0,0.30628019323671496,8,0.10557440048454445,,False
num__previous_admission_had_late_safety_orders,191320,47171,100.0,100.0,False,False,False,False,full_record_not_early_prediction,True,prior_instability_features,7.322799546875034e-05,0.0038917826275280064,5.879598266921565e-05,0.0020569088069200166,0.0001949773,0.0017714039583767909,0.00013775138,0.0007416583918519722,0.0,0.0,0.0,0.0,11.0,0.01027077497665733,9.0,0.008695652173913044,8,0.003428522616905895,full_record_only_not_for_early_prediction,True
num__previous_admission_had_late_lab_orders,191320,47171,100.0,100.0,False,False,False,False,,False,prior_instability_features,0.0002823331321034,0.015004905865059218,0.0001685196225354,0.005895462240711713,0.00024451187,0.002221434466412814,0.00015358842,0.0008269255856767844,0.0355031659643527,0.007004390750708997,0.0,0.0,9.0,0.008403361344537815,8.0,0.007729468599033816,8,0.005885743606517645,,False
num__previous_admission_had_late_medication_orders,191320,47171,100.0,100.0,False,False,False,False,,False,prior_instability_features,0.0001571509794517,0.008351962221745272,0.0001216078576068,0.004254308916127163,7.778244e-05,0.0007066675049259848,3.0132123e-05,0.00016223243561890865,0.0,0.0,0.0,0.0,0.0,0.0,0.0,0.0,8,0.001684396384802166,,False
num__previous_admission_had_followup_order,191320,47171,100.0,100.0,False,False,False,False,,False,prior_instability_features,0.0001551325072275,0.008244688287971657,9.907040583033208e-05,0.0034658624791425513,0.0003336841,0.0030315802690230958,0.00020916529,0.0011261534556869875,0.0,0.0,0.020472268104321,0.0030665370181465774,20.0,0.018674136321195144,10.0,0.00966183574879227,8,0.005908849197494785,,False
num__previous_admission_had_home_discharge_no_followup,191320,47171,100.0,100.0,False,False,False,False,,False,prior_instability_features,0.0002243023114401,0.011920793862908325,0.0001721661851999,0.006023032978015216,0.00026266146,0.002386326767049431,0.00024872212,0.0013391288532805497,0.0390183322329035,0.007697895046167127,0.0210228113894575,0.0031490027886884727,30.0,0.028011204481792718,36.0,0.034782608695652174,8,0.011913749184194251,,False
num__previous_admission_had_psych_facility_discharge,191320,47171,100.0,100.0,False,False,False,False,,False,prior_instability_features,5.866972290201765e-06,0.0003118067166667055,7.216528310556084e-06,0.0002524618173469581,0.00025851783,0.002348681140691651,0.00022196636,0.0011950748776733556,0.0,0.0,0.0,0.0,0.0,0.0,0.0,0.0,8,0.0005135030690473338,,False
num__previous_admission_had_facility_discharge,191320,47171,100.0,100.0,False,False,False,False,,False,prior_instability_features,0.00010117834866,0.005377234991568168,7.415622847912169e-05,0.00259426907285183,0.0003223616,0.002928713313132737,0.0003922708,0.002112000117156624,0.008627934507532,0.00170219818488748,0.0,0.0,1.0,0.0009337068160597573,9.0,0.008695652173913044,8,0.003042971833696205,,False
num__previous_admission_late_order_count,191320,47171,100.0,100.0,False,False,False,False,,False,prior_instability_features,0.0018887761681077,0.10038109375078197,0.001378543187398,0.04822672390444059,0.00024181131,0.002196899391438271,0.00018685003,0.001006007292030706,0.1142963881185349,0.022549441494337106,0.0819069105354907,0.012268820040808696,148.0,0.13818860877684408,209.0,0.20193236714975846,8,0.06584374522505498,,False
num__previous_admission_late_order_share,191320,47171,100.0,100.0,False,False,False,False,,False,prior_instability_features,0.0020975515831554,0.11147669357072133,0.0016553582662581,0.05791077624520904,0.00030317222,0.002754374332693494,0.00018619762,0.001002494693090295,0.0913235438812961,0.018017147730610288,0.1344768350028867,0.020143258700900973,243.0,0.226890756302521,333.0,0.3217391304347826,8,0.09499182900131614,,False
num__prior_discharge_instability_score,191320,47171,100.0,100.0,False,False,False,False,,False,prior_instability_features,0.0005936019922158,0.031547632926225845,0.0005503815696055,0.01925445661920625,0.00022009635,0.0019996150609034157,0.00021258972,0.00114459071015812,0.0259680918932845,0.005123223738793108,0.0341129203497133,0.00510976763866248,43.0,0.040149393090569564,56.0,0.05410628019323672,8,0.019804369997219438,,False
num__prior_instability_score,191320,47171,100.0,100.0,False,False,False,False,,False,prior_instability_features,0.0006469502666608,0.03438288584233561,0.0004482884794911,0.015682849059495577,0.00016013026,0.001454812311073672,0.00019828916,0.0010675959799987369,0.0068344358522066,0.001348360293208084,0.1306097653860913,0.019564011102577945,43.0,0.040149393090569564,60.0,0.057971014492753624,8,0.0214526152715016,,False
num__num_pharmacy_records,191320,47171,100.0,100.0,False,False,False,False,,False,pharmacy_complexity_features,0.001454912615693,0.07732293648187685,0.0013563903248613,0.04745173187298528,0.0007653921,0.006953725360082042,0.00026824014,0.001444214576017662,0.0884474123159659,0.017449718072245497,0.066420308383768,0.009949084946408358,53.0,0.04948646125116713,58.0,0.05603864734299517,8,0.033262064987972254,,False
num__num_unique_pharmacy_medications,191320,47171,100.0,100.0,False,False,False,False,,False,pharmacy_complexity_features,0.0013126214574191,0.06976071585469173,0.0010434977934855,0.03650555197788589,0.00038309078,0.0034804488733285992,0.0001896456,0.00102105874160972,0.1524284266321574,0.03007248037314224,0.1620145879783764,0.02426813331008468,91.0,0.08496732026143791,122.0,0.1178743961352657,8,0.045993763190930806,,False
num__num_iv_pharmacy_orders,191320,47171,100.0,100.0,False,False,False,False,,False,pharmacy_complexity_features,0.0014363316490297,0.07633543050414232,0.0011656661099942,0.040779467894336875,0.0005115189,0.0046472415211644726,0.00037226733,0.0020043007141331537,0.0858627000653565,0.01693978229357183,0.0717882064463537,0.010753141342830893,149.0,0.13912231559290383,164.0,0.15845410628019324,8,0.05612947326790958,,False
num__num_infusion_pharmacy_orders,191320,47171,100.0,100.0,False,False,False,False,,False,pharmacy_complexity_features,0.0007492031719824,0.03981722933347611,0.0004858691216424,0.016997563948191383,0.00031678635,0.0028780611607081208,0.0001858877,0.0010008260726466903,0.0416092883291124,0.00820906266806317,0.0515856763054071,0.007727008321235751,96.0,0.0896358543417367,99.0,0.09565217391304348,8,0.032739722469887676,,False
num__num_prn_pharmacy_orders,191320,47171,100.0,100.0,False,False,False,False,,False,pharmacy_complexity_features,0.0013681082547536,0.07270962292966045,0.0009427941856427,0.03298255383316863,0.0002730029,0.002480280615786264,0.00020331822,0.0010946726201901244,0.1195562406437633,0.023587153523027583,0.0937339785798973,0.014040394240086417,170.0,0.15873015873015872,173.0,0.1671497584541063,8,0.05909682436827306,,False
num__num_scheduled_pharmacy_orders,191320,47171,100.0,100.0,False,False,False,False,,False,pharmacy_complexity_features,0.0016428974107571,0.08731359585998424,0.0014425548815125,0.05046609828671319,0.001113288,0.010114422396932261,0.00064727076,0.0034849290871307704,0.129133892752919,0.02547672072146382,0.1335286866805288,0.02000123574993198,174.0,0.16246498599439776,190.0,0.18357487922705315,8,0.0678621084154509,,False
num__num_high_frequency_med_orders,191320,47171,100.0,100.0,False,False,False,False,,False,medication_features,0.001221297707865,0.06490721440732472,0.0008873322625915,0.0310422832093312,0.0003260356,0.0029620922661856126,0.0002418108,0.001301918057448418,0.1461211294853169,0.02882811884657695,0.0853484975238875,0.012784334679797955,179.0,0.16713352007469653,185.0,0.178743961352657,8,0.06096293036175229,,False
num__num_med_orders_with_duration,191320,47171,100.0,100.0,False,False,False,False,,False,medication_features,0.0013717060781364,0.07290083322359878,0.0014302739888914,0.05003646559681846,0.00046765877,0.00424876432460405,0.00043142767,0.002322822115703257,0.0346345435503165,0.006833020940792818,0.0538572512116333,0.008067267080252552,43.0,0.040149393090569564,25.0,0.024154589371980676,8,0.026089144468040018,,False
num__num_discontinued_pharmacy_orders,191320,47171,100.0,100.0,False,False,False,False,,False,pharmacy_complexity_features,0.0013980666911537,0.07430179709178901,0.0010793727123549,0.037760594129067515,0.00044259633,0.004021067534143925,0.0003070276,0.001653047657817806,0.0772073928154038,0.015232183762584917,0.0515408919838689,0.007720300086509162,111.0,0.10364145658263306,98.0,0.09468599033816426,8,0.042377054647838704,,False
num__num_verified_pharmacy_orders,191320,47171,100.0,100.0,False,False,False,False,,False,pharmacy_complexity_features,0.0013744162148209,0.07304486642837857,0.0011202845451332,0.03919184683254489,0.0008201553,0.007451258915287597,0.0006374448,0.003432025764550613,0.0367074905179795,0.0072419909628350125,0.024379211359246,0.0036517572808929828,1.0,0.0009337068160597573,5.0,0.004830917874396135,8,0.017472296359368193,,False
num__num_oral_pharmacy_orders,191320,47171,100.0,100.0,False,False,False,False,,False,pharmacy_complexity_features,0.000131458535788,0.00698650895118839,6.241887958326416e-05,0.0021836516255747244,0.00030760665,0.0027946619295324327,0.00035875896,0.0019315711634691863,0.002959244657036,0.0005838269726604053,0.0243419693502279,0.003646178807677304,23.0,0.021475256769374416,24.0,0.02318840579710145,8,0.00784875775207229,,False
num__num_iv_route_pharmacy_orders,191320,47171,100.0,100.0,False,False,False,False,,False,pharmacy_complexity_features,0.0014132881004401,0.07511075568539935,0.0011906128204666,0.041652199433888634,0.00045802584,0.004161247417083192,0.0003163718,0.001703357167204523,0.1134433748687191,0.022381151203740453,0.1588930056072546,0.023800552099861167,16.0,0.014939309056956116,15.0,0.014492753623188406,8,0.02478016571091523,,False
num__num_intramuscular_pharmacy_orders,0,0,0.0,0.0,True,True,True,True,,False,pharmacy_complexity_features,,,,,,,,,,,,,,,,,0,,all_zero_in_training; very_rare_and_low_recorded_model_signal,True
num__num_subcutaneous_pharmacy_orders,0,0,0.0,0.0,True,True,True,True,,False,pharmacy_complexity_features,,,,,,,,,,,,,,,,,0,,all_zero_in_training; very_rare_and_low_recorded_model_signal,True
num__num_prn_psychotropic_orders,191320,47171,100.0,100.0,False,False,False,False,,False,psychiatric_features,0.0005666288264191,0.03011411426461198,0.000440065156349,0.01539516570044202,0.00032994436,0.002997604056206014,0.00036784235,0.0019804764624212863,0.0367608666858565,0.00725252150360316,0.0344335099268172,0.005157788688446093,53.0,0.04948646125116713,57.0,0.05507246376811594,8,0.020932074461876702,,False
num__num_scheduled_psychotropic_orders,191320,47171,100.0,100.0,False,False,False,False,,False,psychiatric_features,0.0008019415228952,0.0426200671904061,0.0006246849370922,0.021853873178447274,0.00042414805,0.003853461580952229,0.0002498803,0.0013453645361192633,0.0717469250018698,0.014154892506755386,0.0527383346740884,0.007899664791873297,80.0,0.07469654528478058,70.0,0.06763285024154589,8,0.02925708991386,,False
num__num_medication_route_types,191320,47171,100.0,100.0,False,False,False,False,,False,medication_features,0.0008007992540273,0.04255936005090838,0.0005386052468751,0.01884247571783125,0.00036011863,0.003271742744756579,0.0003552031,0.001912426285143824,0.0949549422133435,0.01873358335538448,0.0312266764883806,0.004677437737594658,85.0,0.07936507936507936,96.0,0.0927536231884058,8,0.03276446605563804,,False
num__num_medication_frequency_types,191320,47171,100.0,100.0,False,False,False,False,,False,medication_features,0.001122050237977,0.05963259809885213,0.0007998130655034,0.027980526281517565,0.0004006072,0.0036395887102459758,0.0002743601,0.0014771646611042755,0.1462566903318956,0.028854863535793893,0.0293181769139927,0.004391563961218007,95.0,0.08870214752567694,118.0,0.11400966183574879,8,0.041086014326269696,,False
num__psychotropic_order_density_per_day,191320,47171,100.0,100.0,False,False,False,False,,False,psychiatric_features,0.0025170566406907,0.13377175278441686,0.0020434209846047,0.07148669736715278,0.0004440891,0.004034629618996604,0.0002814154,0.0015151506504426995,0.1968267411798446,0.038831787756521366,0.1983673030201007,0.029713399355718994,420.0,0.39215686274509803,494.0,0.47729468599033814,8,0.14360062078358568,,False
num__had_prn_antipsychotic,191320,47171,100.0,100.0,False,False,False,False,,False,psychiatric_features,6.752433774099209e-05,0.003588655443502765,4.680820817210321e-05,0.0016375305123653438,0.00021632365,0.0019653394005379877,0.00013601698,0.0007323203197772818,0.0,0.0,0.0,0.0,15.0,0.014005602240896359,12.0,0.011594202898550725,8,0.004190456351953808,,False
num__had_prn_benzodiazepine,191320,47171,100.0,100.0,False,False,False,False,,False,had_prn_benzodiazepine,0.0001982271959117,0.010535003073817033,0.0001541117096226,0.00539141822929677,0.0004608141,0.0041865792623851,0.00022565556,0.0012149376633617478,0.0274774853124182,0.00542101073938839,0.0107485981098921,0.0016100303996217946,11.0,0.01027077497665733,18.0,0.017391304347826087,8,0.007002632336544282,,False
num__num_prn_benzodiazepine_orders,191320,47171,100.0,100.0,False,False,False,False,,False,num_prn_benzodiazepine_orders,0.0004953805487351,0.02632754592340685,0.000403391039372,0.014112164536563138,0.00066782197,0.006067283120388817,0.000483,0.0026004893981062295,0.063632448070508,0.012553993949653751,0.1049093369606059,0.015714348976848796,85.0,0.07936507936507936,92.0,0.08888888888888889,8,0.030703724269866978,,False
num__num_prn_antipsychotic_orders,191320,47171,100.0,100.0,False,False,False,False,,False,psychiatric_features,0.0001226975415396,0.0065208962439506765,9.40417471384984e-05,0.0032899407259775475,0.00019479936,0.0017697873413636638,0.00014474345,0.0007793039485927934,0.0120693263829902,0.0023811475903074706,0.0,0.0,12.0,0.011204481792717087,11.0,0.010628019323671498,8,0.004571697120822592,,False
num__had_naloxone_order,191320,47171,100.0,100.0,False,False,False,False,,False,had_naloxone_order,,,,,,,,,,,,,,,,,0,,,False
num__had_methadone_or_buprenorphine,191320,47171,100.0,100.0,False,False,False,False,,False,had_methadone_or_buprenorphine,,,,,,,,,,,,,,,,,0,,,False
num__had_withdrawal_treatment_order,191320,47171,100.0,100.0,False,False,False,False,,False,had_withdrawal_treatment_order,,,,,,,,,,,,,,,,,0,,,False
num__had_lockout_interval_order,191320,47171,100.0,100.0,False,False,False,False,,False,pharmacy_complexity_features,0.0001898415489342,0.010089338611493413,0.0001582281964961,0.00553542871639602,0.0004406168,0.004003083146844862,0.00026292336,0.0014155888409823345,0.0,0.0,0.0,0.0,22.0,0.02054154995331466,17.0,0.01642512077294686,8,0.007251263755247268,,False
num__had_basal_rate_order,191320,47171,100.0,100.0,False,False,False,False,,False,pharmacy_complexity_features,0.0002048860116134,0.010888893182400517,0.0001494453665829,0.005228171666203025,0.000705337,0.006408113938338516,0.00030143774,0.0016229516502258845,0.0122936949256465,0.002425413077687097,0.0142623455661415,0.002136353940916807,21.0,0.0196078431372549,18.0,0.017391304347826087,8,0.008213630617606604,,False
num__had_sliding_scale_order,191320,47171,100.0,100.0,False,False,False,False,,False,pharmacy_complexity_features,,,,,,,,,,,,,,,,,0,,,False
num__had_one_hr_max_order,191320,47171,100.0,100.0,False,False,False,False,,False,pharmacy_complexity_features,6.983923710341491e-05,0.003711683324649633,5.02642965260288e-05,0.0017584377283001037,0.00037796653,0.0034338941372967008,0.00022596712,0.0012166151136244268,0.1054604711342441,0.020806210615689817,0.0423376683731368,0.0063417510295713094,41.0,0.03828197945845005,37.0,0.035748792270531404,8,0.01391242045976418,,False
num__num_unverified_pharmacy_orders,191320,47171,100.0,100.0,False,False,False,False,,False,pharmacy_complexity_features,0.0,0.0,0.0,0.0,4.6816538e-05,0.00042533669678827964,0.0,0.0,0.0,0.0,0.0,0.0,0.0,0.0,0.0,0.0,8,5.3167087098534956e-05,,False
num__num_floor_stock_pharmacy_orders,191320,47171,100.0,100.0,False,False,False,False,,False,pharmacy_complexity_features,0.0014533109294003,0.07723781309636318,0.0011653228375405,0.040767458908329085,0.00038630248,0.0035096277474494265,0.00037622082,0.002025586446701516,0.0831409407052848,0.016402808602085175,0.0284627001700752,0.004263422267780884,47.0,0.04388422035480859,61.0,0.05893719806763285,8,0.03087851693639384,,False
num__num_patient_may_take_own_med_orders,191320,47171,100.0,100.0,False,False,False,False,,False,medication_features,5.00520252941558e-05,0.0026600701175210264,2.6072217125537094e-05,0.0009121060757357955,0.00016488037,0.001497967917683904,0.00020736299,0.0011164498075664764,0.0066777124202107,0.0013174404547183656,0.0096562734209033,0.0014464112990145391,4.0,0.003734827264239029,7.0,0.00676328502415459,8,0.0024310697450792155,,False
num__num_dosing_by_pharmacy_orders,191320,47171,100.0,100.0,False,False,False,False,,False,pharmacy_complexity_features,0.0,0.0,0.0,0.0,0.0004806337,0.0043666439052611914,0.00035051652,0.0018871935696088827,0.026747653256695,0.0052770227664337725,0.0252104552201416,0.0037762691355421227,26.0,0.02427637721755369,21.0,0.020289855072463767,8,0.007484170208357927,,False
num__num_discharge_med_proc_type_orders,191320,47171,100.0,100.0,False,False,False,False,,False,medication_features,3.0605499767433843e-06,0.0001626563058830977,1.0346541502204184e-06,3.619616744357944e-05,0.00019585088,0.0017793405903332225,0.0,0.0,0.0055230675350987,0.0010896415040064103,0.0004024204824545,6.0278485022705716e-05,0.0,0.0,0.0,0.0,8,0.000391014131586127,,False
num__pharmacy_logistics_complexity_score,191320,47171,100.0,100.0,False,False,False,False,,False,pharmacy_complexity_features,0.001406877830151,0.07477007479704259,0.001292663519541,0.04522232399255822,0.0006871759,0.006243117067274671,0.00033493488,0.0018033014585838144,0.1396639589100387,0.027554188913155208,0.0724374918179562,0.010850397671109431,47.0,0.04388422035480859,52.0,0.050241545893719805,8,0.03257114626853154,,False
num__pharmacy_infusion_complexity_score,191320,47171,100.0,100.0,False,False,False,False,,False,pharmacy_complexity_features,0.0008593081079709,0.04566887765925869,0.0006994624761302,0.024469878075795468,0.00032280345,0.00293272760012414,0.00019223396,0.0010349945650848387,0.0576440719302361,0.011372552089206655,0.0147328771757798,0.002206834778301864,86.0,0.08029878618113913,97.0,0.09371980676328502,8,0.032713057214024475,,False
num__psychotropic_orders_last_24h_before_discharge,191320,47171,100.0,100.0,False,False,False,False,full_record_not_early_prediction,True,discharge_readiness_trajectory_features,0.0001948545716454,0.010355761235436153,0.0001288853451949,0.004508903322626495,0.0002454347,0.0022298185435074757,0.00022071232,0.001188323081141676,0.0078749001529641,0.0015536326492561656,0.004583190542332,0.0006865152110973933,30.0,0.028011204481792718,25.0,0.024154589371980676,8,0.009086093487104844,full_record_only_not_for_early_prediction,True
num__psychotropic_orders_last_48h_before_discharge,191320,47171,100.0,100.0,False,False,False,False,full_record_not_early_prediction,True,discharge_readiness_trajectory_features,0.0004121037225544,0.02190170709863629,0.0003129543785928,0.010948343547776932,0.0002146764,0.0019503738370060476,0.00023876989,0.0012855456884720304,0.0116983381596505,0.002307955625320696,0.0080513728045635,0.0012060135509304618,55.0,0.051353874883286646,58.0,0.05603864734299517,8,0.018374057696803035,full_record_only_not_for_early_prediction,True
num__prn_psychotropic_orders_last_24h_before_discharge,191320,47171,100.0,100.0,False,False,False,False,full_record_not_early_prediction,True,discharge_readiness_trajectory_features,8.618665877731081e-05,0.004580485089167312,6.480273139241866e-05,0.0022670478978715626,0.00020221686,0.001837176667512194,0.00023697667,0.0012758909273985894,0.0198743774306219,0.003920999766356633,0.0226930380061973,0.0033991857055410157,31.0,0.028944911297852476,33.0,0.03188405797101449,8,0.009763719415339284,full_record_only_not_for_early_prediction,True
num__microbiology_test_count,191320,47171,100.0,100.0,False,False,False,False,,False,infection_microbiology_features,0.0009450862416822,0.05022765123297849,0.000727820474396,0.025461949535978527,0.00031572985,0.002868462667539813,0.0002502179,0.001347182186679927,0.0834766339872033,0.01646903725677208,0.0661974082900397,0.009915696785151232,157.0,0.1465919701213819,170.0,0.1642512077294686,8,0.05214164468949382,,False
num__positive_culture_flag,191320,47171,100.0,100.0,False,False,False,False,,False,infection_microbiology_features,,,,,,,,,,,,,,,,,0,,,False
num__blood_culture_positive,191320,47171,100.0,100.0,False,False,False,False,,False,infection_microbiology_features,,,,,,,,,,,,,,,,,0,,,False
num__urine_culture_positive,191320,47171,100.0,100.0,False,False,False,False,,False,infection_microbiology_features,,,,,,,,,,,,,,,,,0,,,False
num__respiratory_culture_positive,191320,47171,100.0,100.0,False,False,False,False,,False,infection_microbiology_features,2.258504182698944e-05,0.0012003069708740024,1.6421614620007176e-05,0.00057449101456084,0.00048500462,0.004406354502288375,0.00031624114,0.001702653689058029,0.0969210662106874,0.019121478360454452,0.0681445904417529,0.010207364817187339,35.0,0.032679738562091505,23.0,0.022222222222222223,8,0.011514326267342095,,False
num__num_positive_blood_culture,191320,47171,100.0,100.0,False,False,False,False,,False,infection_microbiology_features,3.047217556627261e-05,0.0016194773970347345,2.06693458064125e-05,0.0007230929307138723,0.000540031,0.00490627909529046,0.00035251543,0.0018979557730514675,0.0973126965473428,0.019198742791196217,0.1042189794943609,0.01561094046758121,57.0,0.05322128851540616,59.0,0.057004830917874394,8,0.019272825986018566,,False
num__num_positive_urine_culture,191320,47171,100.0,100.0,False,False,False,False,,False,infection_microbiology_features,,,,,,,,,,,,,,,,,0,,,False
num__num_positive_respiratory_culture,191320,47171,100.0,100.0,False,False,False,False,,False,infection_microbiology_features,,,,,,,,,,,,,,,,,0,,,False
num__culture_positive_first_72h,191320,47171,100.0,100.0,False,False,False,False,,False,infection_microbiology_features,,,,,,,,,,,,,,,,,0,,,False
num__abnormal_microbiology_interpretation,0,0,0.0,0.0,True,True,True,True,,False,infection_microbiology_features,,,,,,,,,,,,,,,,,0,,all_zero_in_training; very_rare_and_low_recorded_model_signal,True
num__distinct_organism_count,191320,47171,100.0,100.0,False,False,False,False,,False,distinct_organism_count,,,,,,,,,,,,,,,,,0,,,False
num__num_distinct_specimen_types,191320,47171,100.0,100.0,False,False,False,False,,False,num_distinct_specimen_types,0.0004893932666079,0.026009345207688914,0.0003632145490626,0.012706636930817214,0.00041893832,0.0038061302436936126,0.0002990968,0.0016103479449430629,0.0167591045508616,0.00330639011247853,0.0406469097630005,0.006088492629460835,50.0,0.04668534080298786,55.0,0.05314009661835749,8,0.01916909756130344,,False
num__num_distinct_organisms,191320,47171,100.0,100.0,False,False,False,False,,False,num_distinct_organisms,,,,,,,,,,,,,,,,,0,,,False
num__polymicrobial_flag,191320,47171,100.0,100.0,False,False,False,False,,False,infection_microbiology_features,,,,,,,,,,,,,,,,,0,,,False
num__has_microbiology_test,191320,47171,100.0,100.0,False,False,False,False,,False,infection_microbiology_features,,,,,,,,,,,,,,,,,0,,,False
num__suspected_infection_flag,191320,47171,100.0,100.0,False,False,False,False,,False,ed_timing_features,,,,,,,,,,,,,,,,,0,,,False
num__latest_bmi_before_admission,191320,47171,100.0,100.0,False,False,False,False,,False,latest_bmi_before_admission,0.0021144993193987,0.11237739971548735,0.0015436659687154,0.0540033516210944,0.00031653134,0.002875744348836043,0.0002073355,0.0011163018004162611,0.1359735276564742,0.026826106731285885,0.0991659579968624,0.014854049369994465,344.0,0.3211951447245565,402.0,0.3884057971014493,8,0.11520673692664005,,False
num__previous_bmi_before_admission,191320,47171,100.0,100.0,False,False,False,False,,False,prior_utilisation_features,0.0015054687573077,0.08000979841755415,0.0010957786805007,0.038334537769996124,0.0002691326,0.0024451182418068025,0.0001914133,0.0010305761020839071,0.1119576385467686,0.02208803149261634,0.1022415139832937,0.015314736297095781,241.0,0.2250233426704015,264.0,0.25507246376811593,8,0.07991482559495881,,False
num__latest_weight_kg_before_admission,191320,47171,100.0,100.0,False,False,False,False,,False,latest_weight_kg_before_admission,0.0023082653796712,0.12267531081281989,0.0017332750915093,0.06063660540547842,0.00030374434,0.0027595721461449395,0.00018709063,0.0010073026910973402,0.1463565571109879,0.02887456617145404,0.0938231524602171,0.014053751578103823,292.0,0.2726423902894491,287.0,0.2772946859903382,8,0.09749302313561072,,False
num__previous_weight_kg_before_admission,191320,47171,100.0,100.0,False,False,False,False,,False,prior_utilisation_features,0.0017202789681823,0.09142612412121419,0.0012406325886758,0.04340208262452149,0.0002881567,0.0026179556236176895,0.0001911519,0.0010291687150680378,0.0635959025422304,0.012546783912089653,0.0386088607113638,0.005783213662333429,246.0,0.22969187675070027,293.0,0.28309178743961355,8,0.08369862410614479,,False
num__latest_height_cm_before_admission,191320,47171,100.0,100.0,False,False,False,False,,False,latest_height_cm_before_admission,0.001377282180574,0.07319718134096913,0.000957766707432,0.03350635002692351,0.0003007909,0.002732739610732723,0.00019938324,0.0010734865461285092,0.1153570955005535,0.02275870759143052,0.0670589318532317,0.010044744230459757,196.0,0.1830065359477124,259.0,0.25024154589371983,8,0.07207016139850955,,False
num__previous_height_cm_before_admission,191320,47171,100.0,100.0,False,False,False,False,,False,prior_utilisation_features,0.0009319970248176,0.04953201035853538,0.00065199323875,0.022809222228364033,0.00028600273,0.0025983864174371502,0.00022041966,0.0011867473891597926,0.0365083828515386,0.007202709173188022,0.0443733536784646,0.006646675931603397,93.0,0.08683473389355742,158.0,0.15265700483091788,8,0.04118343627784538,,False
num__days_since_latest_body_measure,191320,47171,100.0,100.0,False,False,False,False,,False,days_since_latest_body_measure,0.0034886317348858,0.18540718331509373,0.0030739171360574,0.10753740207848062,0.00044636364,0.0040552942253866105,0.00046477394,0.0025023596345467103,0.5771587775749797,0.113867186024924,0.6119577382295321,0.09166502940756371,576.0,0.5378151260504201,665.0,0.642512077294686,8,0.2106702072538877,,False
num__bmi_change_recent,191320,47171,100.0,100.0,False,False,False,False,,False,bmi_change_recent,0.0013340878027262,0.07090156846451554,0.0008857987391805,0.03098863468324992,0.0002459838,0.002234807216104464,0.00015165548,0.0008165185670904998,0.0204025540741114,0.004025203306967995,0.0594000580182151,0.008897523023082374,197.0,0.1839402427637722,265.0,0.2560386473429952,8,0.06973039317097227,,False
num__weight_change_recent,191320,47171,100.0,100.0,False,False,False,False,,False,weight_change_recent,0.0016803644086284,0.08930482080732531,0.001173182611524,0.04104242392452784,0.00027603432,0.0025078216135716604,0.00020298004,0.001092851846888568,0.0775489329982488,0.01529956594760236,0.0625315374995621,0.009366586719502516,277.0,0.2586367880485528,323.0,0.3120772946859903,8,0.09116601919924519,,False
num__height_change_recent,191320,47171,100.0,100.0,False,False,False,False,,False,height_change_recent,0.0004884129706487,0.025957246297163932,0.0003080829821869,0.010777923432075039,0.00025354358,0.0023034891817305015,0.00020107403,0.0010825898203923271,0.0048834306314839,0.0009634480592868576,0.023362393281506,0.003499448300753541,75.0,0.0700280112044818,109.0,0.10531400966183575,8,0.02749077074471497,,False
num__missing_bmi_flag,191320,47171,100.0,100.0,False,False,False,False,,False,missing_bmi_flag,,,,,,,,,,,,,,,,,0,,,False
num__obesity_flag,191320,47171,100.0,100.0,False,False,False,False,,False,obesity_flag,,,,,,,,,,,,,,,,,0,,,False
num__underweight_flag,191320,47171,100.0,100.0,False,False,False,False,,False,underweight_flag,,,,,,,,,,,,,,,,,0,,,False
num__medical_to_psych_service_transfer,191320,47171,100.0,100.0,False,False,False,False,,False,psychiatric_features,0.0002157045465416,0.011463856159597417,0.0004239452548092,0.01483122976572962,0.0013117241,0.011917250177524426,0.0011730255,0.006315611545462235,0.0,0.0,0.0897803869571271,0.013448186527483235,14.0,0.013071895424836602,8.0,0.007729468599033816,8,0.009847187274958417,,False
num__psych_to_medical_service_transfer,191320,47171,100.0,100.0,False,False,False,False,,False,psychiatric_features,,,,,,,,,,,,,,,,,0,,,False
num__psych_service_involved_anytime,191320,47171,100.0,100.0,False,False,False,False,,False,psychiatric_features,0.0002465776390877,0.0131046407319438,0.0004401460583368,0.015397995962028756,0.0006008457,0.005458791620120259,0.00078873686,0.004246587665270389,0.0316056951329963,0.006235461898850514,0.0064765166362789,0.0009701161548191882,2.0,0.0018674136321195146,1.0,0.000966183574879227,8,0.006030898905003956,,False
num__medicine_service_involved_anytime,191320,47171,100.0,100.0,False,False,False,False,,False,service_transfer_features,0.0006050931699695,0.03215834424865677,0.0006357153946138,0.02223976085632115,0.0017319024,0.015734645863299285,0.0015426346,0.008305600253523488,0.1481927554457346,0.029236828248173637,0.2279625485081933,0.03414646536422912,86.0,0.08029878618113913,83.0,0.08019323671497584,8,0.0377892084662898,,False
num__medicine_and_psych_services_both_flag,191320,47171,100.0,100.0,False,False,False,False,,False,psychiatric_features,,,,,,,,,,,,,,,,,0,,,False
num__same_first_last_service,191320,47171,100.0,100.0,False,False,False,False,post_discharge_context,True,service_transfer_features,,,,,,,,,,,,,,,,,0,,post_discharge_context_review,True
num__time_to_first_transfer_hours,191320,47171,100.0,100.0,False,False,False,False,,False,service_transfer_features,0.0012346672015439,0.06561775090235403,0.0010430383802807,0.03648947994330004,0.0004688915,0.004259963899126877,0.00029317776,0.0015784796203737737,0.136534831134274,0.026936845838107775,0.1676247579681179,0.0251084795708884,222.0,0.20728291316526612,221.0,0.2135265700483092,8,0.07260006037346577,,False
num__has_cannabis_related_disorder,191320,47171,100.0,100.0,False,False,False,False,,False,ed_timing_features,,,,,,,,,,,,,,,,,0,,,False
num__has_tobacco_or_nicotine_related_disorder,191320,47171,100.0,100.0,False,False,False,False,,False,ed_timing_features,,,,,,,,,,,,,,,,,0,,,False
num__has_sedative_hypnotic_related_disorder,191320,47171,100.0,100.0,False,False,False,False,,False,ed_timing_features,,,,,,,,,,,,,,,,,0,,,False
num__has_polysubstance_related_disorder,191320,47171,100.0,100.0,False,False,False,False,,False,psychiatric_features,2.908910547080308e-05,0.0015459726105695798,1.6546277086888126e-05,0.0005788521854160395,0.00015878082,0.0014425524051379964,0.00016478979,0.0008872341652404804,0.0,0.0,0.0054727076448957,0.0008197558031698633,1.0,0.0009337068160597573,8.0,0.007729468599033816,8,0.0017421928230784416,,False
num__elixhauser_congestive_heart_failure,191320,47171,100.0,100.0,False,False,False,False,,False,comorbidity_features,0.0001272067991903,0.006760545717839812,8.801477821393673e-05,0.0030790942548893975,0.0005156805,0.004685050408215328,0.0002736956,0.0014735869691683715,0.0362383832570305,0.007149441172684444,0.0,0.0,24.0,0.022408963585434174,20.0,0.01932367149758454,8,0.008110044200727008,,False
num__elixhauser_valvular_disease,191320,47171,100.0,100.0,False,False,False,False,,False,comorbidity_features,6.571060642250334e-05,0.003492262691098253,3.4660653043805606e-05,0.0012125624789792106,0.0005406264,0.004911688411743286,0.00032862902,0.0017693504812009114,0.0989844201544866,0.01952855578261723,0.0534873523815759,0.008011860007154446,51.0,0.047619047619047616,42.0,0.04057971014492753,8,0.01589062970209606,,False
num__elixhauser_pulmonary_circulation,191320,47171,100.0,100.0,False,False,False,False,,False,comorbidity_features,3.93988705892243e-05,0.0020938964547896274,1.9949505944281088e-05,0.0006979101735802726,0.000120446304,0.0010942764089842986,0.0002513061,0.0013530410946778965,0.0,0.0,0.0,0.0,3.0,0.0028011204481792717,6.0,0.005797101449275362,8,0.0017296682536858412,,False
num__elixhauser_peripheral_vascular,191320,47171,100.0,100.0,False,False,False,False,,False,comorbidity_features,8.348962811287679e-05,0.004437148418286653,4.247742101532634e-05,0.0014860229800601735,0.00056008244,0.005088450046407102,0.0004098276,0.0022065265607687803,0.1031831029202912,0.020356910492151915,0.086939044769991,0.013022582439373652,63.0,0.058823529411764705,53.0,0.051207729468599035,8,0.019578612477176502,,False
num__elixhauser_hypertension,191320,47171,100.0,100.0,False,False,False,False,,False,comorbidity_features,0.0003366847711256,0.017893483698854195,0.0002341066591844,0.00818994814227567,0.00028342975,0.0025750104297871815,0.00018319506,0.0009863288018953098,0.0059732342919181,0.0011784545374949847,0.0141143096625434,0.0021141796719943255,24.0,0.022408963585434174,19.0,0.018357487922705314,8,0.009212982098805143,,False
num__elixhauser_paralysis,191320,47171,100.0,100.0,False,False,False,False,,False,comorbidity_features,,,,,,,,,,,,,,,,,0,,,False
num__elixhauser_other_neurological,191320,47171,100.0,100.0,False,False,False,False,,False,comorbidity_features,0.0001233507728011,0.006555612940194927,6.573668083337012e-05,0.0022997210286383168,0.00016534916,0.001502226959437213,0.0001235739,0.0006653263288460444,0.0143310493642808,0.0028273610786122647,0.0,0.0,21.0,0.0196078431372549,30.0,0.028985507246376812,8,0.00780544983992006,,False
num__elixhauser_chronic_pulmonary,191320,47171,100.0,100.0,False,False,False,False,,False,comorbidity_features,0.0002099108145436,0.011155941879081683,0.0001209225716835,0.004230334988200414,0.0002170758,0.0019721728190297463,0.00018481862,0.000995070107417441,0.0073643295857263,0.0014529025971155916,0.0,0.0,23.0,0.021475256769374416,20.0,0.01932367149758454,8,0.0075756688322254784,,False
num__elixhauser_diabetes_uncomplicated,191320,47171,100.0,100.0,False,False,False,False,,False,comorbidity_features,0.0001431065770645,0.007605556958640088,7.334109292224236e-05,0.0025657525070991736,0.00035357283,0.0032122729704251937,0.0002313032,0.0012453447605549584,0.0,0.0,0.0059243749919954,0.000887410966374616,7.0,0.006535947712418301,13.0,0.012560386473429951,8,0.004326584043617785,,False
num__elixhauser_diabetes_complicated,191320,47171,100.0,100.0,False,False,False,False,,False,comorbidity_features,8.596652071435209e-05,0.004568785608885265,4.0097763890989634e-05,0.0014027734539142158,0.00023957473,0.002176579658498968,0.00017775784,0.0009570546135616221,0.0,0.0,0.0052464089398271,0.0007858585645876358,6.0,0.0056022408963585435,8.0,0.007729468599033816,8,0.002902845174355008,,False
num__elixhauser_hypothyroidism,191320,47171,100.0,100.0,False,False,False,False,,False,comorbidity_features,0.0001215268540012,0.006458678762848754,7.067018780584889e-05,0.0024723140099952904,0.00022238438,0.0020204022263779855,0.00017277736,0.0009302395298401312,0.0,0.0,0.0064319417673076,0.000963439293951453,10.0,0.009337068160597572,7.0,0.00676328502415459,8,0.003618178375970722,,False
num__elixhauser_renal_failure,191320,47171,100.0,100.0,False,False,False,False,,False,comorbidity_features,0.0001142645246916,0.006072714257585872,7.70250264245676e-05,0.0026946306195319795,0.00023863219,0.0021680165124972105,0.00025889886,0.0013939207880161264,0.0081612035069412,0.0016101172052111945,0.0,0.0,6.0,0.0056022408963585435,3.0,0.002898550724637681,8,0.002805023875479826,,False
num__elixhauser_liver_disease,191320,47171,100.0,100.0,False,False,False,False,,False,comorbidity_features,0.0001062680809564,0.005647734431066696,9.127006344893291e-05,0.0031929766081544297,0.0009214814,0.00837182482027696,0.000877939,0.004726855200173883,0.0032960924696031,0.0006502834037603964,0.0419349726550541,0.006281431317057918,0.0,0.0,6.0,0.005797101449275362,8,0.0043335259037207054,,False
num__elixhauser_peptic_ulcer,191320,47171,100.0,100.0,False,False,False,False,,False,comorbidity_features,,,,,,,,,,,,,,,,,0,,,False
num__elixhauser_aids_hiv,191320,47171,100.0,100.0,False,False,False,False,,False,comorbidity_features,,,,,,,,,,,,,,,,,0,,,False
num__elixhauser_lymphoma,191320,47171,100.0,100.0,False,False,False,False,,False,comorbidity_features,0.0007232211144579,0.03843638421469318,0.0009902944163608,0.03464429394634048,0.0013167567,0.011962972256766095,0.0011360302,0.00611642751765735,0.1153539444705899,0.02275808592729064,0.223921819405128,0.03354120534556824,91.0,0.08496732026143791,83.0,0.08019323671497584,8,0.039077490773091215,,False
num__elixhauser_metastatic_cancer,191320,47171,100.0,100.0,False,False,False,False,,False,comorbidity_features,0.0001232818921287,0.006551952200849232,0.0001468244294192,0.005136481239584454,0.0006310355,0.005733071401523548,0.0004133066,0.002225257622085574,0.0,0.0,0.0,0.0,30.0,0.028011204481792718,35.0,0.033816425120772944,8,0.01018429900832606,,False
num__elixhauser_solid_tumour,191320,47171,100.0,100.0,False,False,False,False,,False,comorbidity_features,0.0005390517470889,0.028648499951831368,0.0007056337848333,0.02468577410551307,0.0012229381,0.011110613344167714,0.0007919239,0.004263746803430514,0.1064007532658259,0.0209917181130246,0.1804121650074435,0.027023902759583527,81.0,0.07563025210084033,76.0,0.07342995169082125,8,0.033223057358651546,,False
num__elixhauser_rheumatoid_collagen,191320,47171,100.0,100.0,False,False,False,False,,False,comorbidity_features,3.360193618630504e-05,0.0017858119789305532,1.5861987119036992e-05,0.0005549130998278508,0.00046094332,0.004187753249405647,0.0002549692,0.0013727633570261425,0.0137092173658935,0.0027046803491704977,0.0,0.0,7.0,0.006535947712418301,1.0,0.000966183574879227,8,0.0022635066652072775,,False
num__elixhauser_coagulopathy,191320,47171,100.0,100.0,False,False,False,False,,False,comorbidity_features,6.231238813930192e-05,0.003311660630445711,3.161845599329445e-05,0.001106134767059042,0.00032959535,0.0029944332373696,0.00039556224,0.0021297213486773333,0.0,0.0,0.0,0.0,5.0,0.004668534080298786,2.0,0.001932367149758454,8,0.002017856401701116,,False
num__elixhauser_obesity,191320,47171,100.0,100.0,False,False,False,False,,False,comorbidity_features,9.994164254978473e-05,0.005311508880614503,6.720038712392273e-05,0.002350927084275146,0.00021019128,0.0019096257123690007,0.00029732377,0.0016008018875568843,0.0052412971970278,0.0010340512630743876,0.0,0.0,14.0,0.013071895424836602,12.0,0.011594202898550725,8,0.004609126643909656,,False
num__elixhauser_weight_loss,191320,47171,100.0,100.0,False,False,False,False,,False,comorbidity_features,6.195569064905936e-05,0.003292703548705009,5.941022908629458e-05,0.002078397500663207,0.0005695534,0.005174495427246965,0.00046515724,0.0025044233355535303,0.0607753198607105,0.011990313447853179,0.0547497728263919,0.008200957717616544,45.0,0.04201680672268908,55.0,0.05314009661835749,8,0.016049774289835627,,False
num__elixhauser_fluid_electrolyte,191320,47171,100.0,100.0,False,False,False,False,,False,comorbidity_features,0.0001548942891686,0.008232027926353726,8.279405958332644e-05,0.0028964535090042843,0.00024783667,0.002251640874444986,0.00021998263,0.0011843944038975682,0.0,0.0,0.0176085547484165,0.0026375819570613624,10.0,0.009337068160597572,10.0,0.00966183574879227,8,0.004525125322518971,,False
num__elixhauser_blood_loss_anaemia,191320,47171,100.0,100.0,False,False,False,False,,False,comorbidity_features,,,,,,,,,,,,,,,,,0,,,False
num__elixhauser_deficiency_anaemia,191320,47171,100.0,100.0,False,False,False,False,,False,comorbidity_features,7.05204210233082e-05,0.0037478855957704294,3.475333448622701e-05,0.0012158048310328732,0.00034074552,0.0030957345441092778,0.00018749181,0.0010094626586682144,0.0,0.0,0.0,0.0,13.0,0.012138188608776844,13.0,0.012560386473429951,8,0.004220932838973449,,False
num__elixhauser_alcohol_abuse,191320,47171,100.0,100.0,False,False,False,False,,False,comorbidity_features,0.000616934369454,0.032787657862226004,0.0006836215744413,0.02391570262512284,0.0008462308,0.00768815953867634,0.0005602622,0.0030164718659620544,0.2318005850304266,0.04573174897771844,0.2339298392558653,0.03504030467321694,11.0,0.01027077497665733,8.0,0.007729468599033816,8,0.02077253613982672,,False
num__elixhauser_drug_abuse,191320,47171,100.0,100.0,False,False,False,False,,False,comorbidity_features,0.0001954514329033,0.010387482085633821,0.0001195265686265,0.0041814974511430745,0.0001590929,0.001445387708259592,0.0001289353,0.0006941922995686256,0.0069773732945131,0.0013765603049993396,0.0,0.0,10.0,0.009337068160597572,17.0,0.01642512077294686,8,0.005480913597893612,,False
num__elixhauser_psychoses,191320,47171,100.0,100.0,False,False,False,False,,False,psychiatric_features,0.0028163790599779,0.14967957306482718,0.0040356109314879,0.1411811366939926,0.0023525965,0.02137376377949322,0.0029388552,0.015822902257079427,0.5681756305569174,0.11209490825260501,0.6929690465988243,0.10379969737581332,184.0,0.17180205415499533,149.0,0.14396135265700483,8,0.10746442352947636,,False
num__elixhauser_depression,191320,47171,100.0,100.0,False,False,False,False,,False,psychiatric_features,0.0011563071248133,0.061453218152825874,0.0013378355599677,0.046802615086644725,0.0018577831,0.016878294740698047,0.0011673352,0.006284974765292372,0.1388834922475334,0.027400211279792096,0.220727430638523,0.03306271847966605,55.0,0.051353874883286646,50.0,0.04830917874396135,8,0.0364431357665209,,False
num__finer_substance_use_category_count,191320,47171,100.0,100.0,False,False,False,False,,False,psychiatric_features,0.0003850583274306,0.020464349729727396,0.000267420707038,0.009355401210893273,0.00027050579,0.0024575939207786795,0.00013616297,0.0007331063351959765,0.020506880853392,0.004045785852439518,0.0048741221251569,0.0007300937957434312,15.0,0.014005602240896359,33.0,0.03188405797101449,8,0.010459498882086141,,False
num__elixhauser_individual_group_count,191320,47171,100.0,100.0,False,False,False,False,,False,comorbidity_features,0.0016816366418226,0.0893724350443621,0.0015237937682738,0.05330814589026802,0.00061428425,0.005580883272147671,0.00048729606,0.00262361953989428,0.1584041696201741,0.03125142984925107,0.1340043903147637,0.020072491303865462,173.0,0.161531279178338,216.0,0.20869565217391303,8,0.07155449203150496,,False
num__had_mechanical_ventilation_procedure,191320,47171,100.0,100.0,False,False,False,False,,False,procedure_features,,,,,,,,,,,,,,,,,0,,,False
num__had_dialysis_procedure,191320,47171,100.0,100.0,False,False,False,False,,False,procedure_features,,,,,,,,,,,,,,,,,0,,,False
num__had_central_line_procedure,191320,47171,100.0,100.0,False,False,False,False,,False,procedure_features,7.27632159034634e-05,0.003867081404638659,5.7848545608935086e-05,0.002023763827538392,0.00047093868,0.004278562898884848,0.0002648889,0.0014261713791429013,0.0222227679193137,0.004384311816740016,0.0,0.0,27.0,0.025210084033613446,25.0,0.024154589371980676,8,0.008168070591567368,,False
num__had_ect_procedure,191320,47171,100.0,100.0,False,False,False,False,,False,procedure_features,,,,,,,,,,,,,,,,,0,,,False
num__had_restraint_related_procedure,0,0,0.0,0.0,True,True,True,True,,False,procedure_features,,,,,,,,,,,,,,,,,0,,all_zero_in_training; very_rare_and_low_recorded_model_signal,True
num__ect_procedure_count,191320,47171,100.0,100.0,False,False,False,False,,False,procedure_features,,,,,,,,,,,,,,,,,0,,,False
num__ect_within_first_72h,191320,47171,100.0,100.0,False,False,False,False,,False,ect_within_first_72h,,,,,,,,,,,,,,,,,0,,,False
num__ect_during_admission_flag,191320,47171,100.0,100.0,False,False,False,False,,False,ect_during_admission_flag,,,,,,,,,,,,,,,,,0,,,False
num__emar_administration_record_count,191320,47171,100.0,100.0,False,False,False,False,,False,emar_process_features,0.001527183735812,0.08116386491301411,0.0012865681523509,0.04500908468800804,0.00063639204,0.005781736534127209,0.00053918624,0.0029029981381465033,0.0898740234538132,0.017731173023863876,0.262298723885789,0.03928967432966595,108.0,0.10084033613445378,116.0,0.11207729468599034,8,0.05059952030590873,,False
num__emar_administered_event_count,191320,47171,100.0,100.0,False,False,False,False,,False,emar_process_features,0.0013983354086475,0.07431607837953134,0.0011401374265372,0.03988637670939661,0.0004040189,0.0036705846204611345,0.00020487797,0.0011030703703737604,0.0220525102649147,0.004350721822515074,0.0745965062574801,0.011173796019928224,89.0,0.08309990662931839,86.0,0.08309178743961353,8,0.037586540248892256,,False
num__emar_not_given_event_count,191320,47171,100.0,100.0,False,False,False,False,,False,emar_process_features,0.0009039212112894,0.04803989026644037,0.0006701364698055,0.023443941983861585,0.00026012334,0.002363267488790704,0.00017370321,0.0009352243395901036,0.0284565138357599,0.005614162480854496,0.0261324335300708,0.003914372085489782,52.0,0.04855275443510738,56.0,0.05410628019323672,8,0.023371236659171395,,False
num__emar_administration_count_first_24h,191320,47171,100.0,100.0,False,False,False,False,,False,emar_process_features,0.0016433941990766,0.08733999822343846,0.0013270059694278,0.04642375450560505,0.00050319405,0.004571608756514983,0.00031504256,0.00169620049116407,0.2292501089025599,0.04522856761586832,0.2602255645592943,0.038979136201363986,192.0,0.1792717086834734,210.0,0.2028985507246377,8,0.07580119065025825,,False
num__emar_administration_count_first_72h,191320,47171,100.0,100.0,False,False,False,False,,False,emar_process_features,0.0017375851139849,0.09234587833752027,0.0014342626430759,0.05017600400654303,0.0004261538,0.0038716841816832585,0.0003262076,0.001756313468699126,0.1656555162570358,0.032682042132234974,0.1528282629402013,0.022892115487010894,131.0,0.1223155929038282,178.0,0.17198067632850242,8,0.06225253835575277,,False
num__emar_missed_or_not_given_count_first_24h,191320,47171,100.0,100.0,False,False,False,False,,False,emar_process_features,0.0006501696952168,0.034553985925638526,0.000437963200961,0.01532163124531344,0.0002770869,0.0025173844928325193,0.00019336323,0.0010410745954421874,0.0799204551145407,0.015767441617990045,0.0509011017418125,0.0076244660318202815,87.0,0.08123249299719888,101.0,0.09758454106280193,8,0.03195537724612973,,False
num__emar_missed_or_not_given_count_first_72h,191320,47171,100.0,100.0,False,False,False,False,,False,emar_process_features,0.0008841079956019,0.04698689505450694,0.0006499744810799,0.02273859834825938,0.0003294425,0.002993044567534507,0.00018040389,0.0009713010420747878,0.0663065756535953,0.013081570406581542,0.057076489862609,0.008549476205453564,68.0,0.06349206349206349,87.0,0.08405797101449275,8,0.03035886501637087,,False
num__emar_refused_event_count,0,0,0.0,0.0,True,True,True,True,,False,emar_process_features,,,,,,,,,,,,,,,,,0,,all_zero_in_training; very_rare_and_low_recorded_model_signal,True
num__emar_psychotropic_refused_count,0,0,0.0,0.0,True,True,True,True,,False,emar_process_features,,,,,,,,,,,,,,,,,0,,all_zero_in_training; very_rare_and_low_recorded_model_signal,True
num__emar_psychotropic_not_given_count,191320,47171,100.0,100.0,False,False,False,False,,False,emar_process_features,0.0001320885604435,0.007019992306747884,6.826064930444781e-05,0.0023880191187604905,0.0003272069,0.0029727337380720665,0.00028813173,0.0015513116130911114,0.0540239780160434,0.010658346703841057,0.0120754981378038,0.0018087864941706017,41.0,0.03828197945845005,44.0,0.04251207729468599,8,0.013399155840977405,,False
num__emar_nonpsychotropic_not_given_count,191320,47171,100.0,100.0,False,False,False,False,,False,emar_process_features,0.0008716723846846,0.0463259907893984,0.0006521539854482,0.022814845763922082,0.00031849596,0.002893593276094273,0.0001727131,0.0009298935516854266,0.0118306588734406,0.00233406107137385,0.0038899220350894,0.0005826706575705695,47.0,0.04388422035480859,62.0,0.05990338164251208,8,0.022458582138420658,,False
num__emar_delayed_administration_count,191320,47171,100.0,100.0,False,False,False,False,,False,emar_process_features,0.0003295032642132,0.0175118145890794,0.0002279690957688,0.007975232652042225,0.00021003795,0.001908232681647281,0.00013640546,0.0007344119100906903,0.0156221191016579,0.003082075177520636,0.0091127935167216,0.001365003550918461,25.0,0.02334267040149393,27.0,0.02608695652173913,8,0.01025079968556647,,False
num__num_delayed_administered_events,191320,47171,100.0,100.0,False,False,False,False,,False,ed_timing_features,0.0003765048651592,0.02000976653842242,0.0002282991474762,0.007986779125676477,0.00018655493,0.0016948852069277043,9.29377e-05,0.0005003799245018165,0.0071581640335589,0.0014122283629313481,0.0140014697460174,0.0020972774030621148,3.0,0.0028011204481792717,2.0,0.001932367149758454,8,0.004804350519932451,,False
num__num_started_emar_events,191320,47171,100.0,100.0,False,False,False,False,,False,emar_process_features,0.0006795301673337,0.036114380616072646,0.0005668024668001,0.019828922535476842,0.00059242244,0.005382264782860552,0.00050370785,0.002711981208422118,0.0644415914940292,0.01271362919788484,0.1192179529069733,0.01785763374893113,111.0,0.10364145658263306,102.0,0.09855072463768116,8,0.03710012416374529,,False
num__num_stopped_emar_events,191320,47171,100.0,100.0,False,False,False,False,,False,emar_process_features,0.0005716393556108,0.030380404367709248,0.0004218214741781,0.014756931779953068,0.00038716296,0.003517445363541679,0.00022334068,0.0012024742660576317,0.0502167830929819,0.009907228312540024,0.0,0.0,31.0,0.028944911297852476,56.0,0.05410628019323672,8,0.017851959447611355,,False
num__emar_started_stopped_activity_last_24h,191320,47171,100.0,100.0,False,False,False,False,,False,emar_process_features,0.0002013985271809,0.010703546973736783,0.0001298566843176,0.004542884487755209,0.00030739323,0.0027927229703161712,0.00027405718,0.0014755337289128173,0.0079865700310121,0.0015756639087139152,0.0102075114552694,0.0015289811359070725,15.0,0.014005602240896359,22.0,0.021256038647342997,8,0.007235121761697666,,False
num__emar_delayed_or_not_given_last_24h,191320,47171,100.0,100.0,False,False,False,False,,False,emar_process_features,0.0008729651391424,0.04639469565163476,0.0005675586776944,0.019855377690706163,0.00027623455,0.0025096407392575007,0.00017775713,0.0009570507908960473,0.0309239747135119,0.0061009658314969606,0.0169129049131267,0.0025333807048740927,71.0,0.06629318394024276,100.0,0.0966183574879227,8,0.030157831604628874,,False
num__emar_total_delay_hours,191320,47171,100.0,100.0,False,False,False,False,,False,emar_process_features,0.0006826287491784,0.03627905816754711,0.0004915866137763,0.0171975837350853,0.0003281355,0.002981170236658049,0.00017269622,0.0009298026691573935,0.007231007193939,0.0014265995308246867,0.0146254459947458,0.002190742682796607,91.0,0.08496732026143791,109.0,0.10531400966183575,8,0.031410785868167854,,False
num__emar_unique_medication_count,191320,47171,100.0,100.0,False,False,False,False,,False,emar_process_features,0.001324989100544,0.07041800789646956,0.0010190821616092,0.035651399602962264,0.0003539449,0.003215653293523284,0.00027331995,0.0014715644560371116,0.0538691982723233,0.010627810334031144,0.0954957572732789,0.01430429072451631,116.0,0.10830999066293184,106.0,0.10241545893719807,8,0.04330177198845869,,False
num__emar_missed_or_not_given_flag,191320,47171,100.0,100.0,False,False,False,False,,False,emar_process_features,,,,,,,,,,,,,,,,,0,,,False
num__emar_iv_administration_count,191320,47171,100.0,100.0,False,False,False,False,,False,emar_process_features,,,,,,,,,,,,,,,,,0,,,False
num__emar_infusion_administration_count,191320,47171,100.0,100.0,False,False,False,False,,False,emar_process_features,0.0008399591907892,0.04464055810377731,0.0006394977473108,0.022372082049371137,0.0003185343,0.002893941601913557,0.00020733236,0.0011162848945431556,0.0312798180098849,0.006171169866154586,0.0324982553437445,0.004867907284573814,103.0,0.096171802054155,117.0,0.11304347826086956,8,0.03640965301441977,,False
num__emar_complete_dose_not_given_count,191320,47171,100.0,100.0,False,False,False,False,,False,emar_process_features,2.062746316694761e-05,0.0010962692927646584,5.1698118926733865e-06,0.00018085983309413045,0.00022348798,0.0020304286315465086,0.0002627818,0.0014148266768432127,0.0050736954481305,0.0010009852502867501,0.0,0.0,0.0,0.0,0.0,0.0,8,0.0007154212105669075,,False
num__emar_dose_given_record_count,191320,47171,100.0,100.0,False,False,False,False,,False,emar_process_features,0.001648723012088,0.08762320387136531,0.001394817855293,0.048796074159393486,0.0003776995,0.003431468121555354,0.00036225078,0.0019503712481277688,0.1097134322281347,0.02164527385244687,0.0705264325280882,0.010564140475453803,176.0,0.16433239962651727,180.0,0.17391304347826086,8,0.06403199685414009,,False
num__emar_new_iv_bag_count,191320,47171,100.0,100.0,False,False,False,False,,False,emar_process_features,0.0002680405392818,0.01424531024743547,0.0001700534213311,0.0059491204008052,0.00023065862,0.002095575190043805,0.00013106556,0.0007056616961425589,0.0234580284713812,0.004628015366848891,0.0198777758986728,0.00297748814743376,18.0,0.01680672268907563,27.0,0.02608695652173913,8,0.009186856282440556,,False
num__num_no_barcode_med_admins,191320,47171,100.0,100.0,False,False,False,False,,False,emar_process_features,,,,,,,,,,,,,,,,,0,,,False
num__num_nonformulary_visual_verification,191320,47171,100.0,100.0,False,False,False,False,,False,emar_process_features,,,,,,,,,,,,,,,,,0,,,False
num__num_dose_due_records,191320,47171,100.0,100.0,False,False,False,False,,False,emar_process_features,0.0014970459961096,0.07956216147902057,0.0012605749048245,0.04409974127149775,0.00055945694,0.005082767266022079,0.00046671936,0.002512833845902536,0.0710341075433047,0.014014261329842029,0.1114742087770891,0.016697699836755904,103.0,0.096171802054155,112.0,0.10821256038647344,8,0.04579422843370866,,False
num__dose_due_to_given_gap_count,0,0,0.0,0.0,True,True,True,True,,False,emar_process_features,,,,,,,,,,,,,,,,,0,,all_zero_in_training; very_rare_and_low_recorded_model_signal,True
num__num_admins_with_remaining_dose,191320,47171,100.0,100.0,False,False,False,False,,False,emar_process_features,,,,,,,,,,,,,,,,,0,,,False
num__emar_had_iv_administration,191320,47171,100.0,100.0,False,False,False,False,,False,emar_process_features,0.0,0.0,0.0,0.0,0.0,0.0,0.0,0.0,0.0,0.0,0.0,0.0,0.0,0.0,0.0,0.0,8,0.0,,False
num__emar_had_infusion_administration,191320,47171,100.0,100.0,False,False,False,False,,False,emar_process_features,0.0001663075192877,0.008838596635727287,0.0001246525762404,0.004360824842687641,0.00036571076,0.003322548255027557,0.0002442737,0.0013151783997643516,0.0109285581604474,0.002156086355072721,0.0183857097954493,0.0027539918589062156,0.0,0.0,1.0,0.000966183574879227,8,0.0029641762402581253,,False
num__emar_complete_dose_not_given_flag,191320,47171,100.0,100.0,False,False,False,False,,False,emar_process_features,1.501936405681145e-05,0.0007982206769235066,4.868852496119984e-06,0.0001703311199883599,0.00018547714,0.0016850932902671553,0.0,0.0,0.0,0.0,0.0,0.0,0.0,0.0,0.0,0.0,8,0.00033170563589737773,,False
num__emar_not_given_rate,191320,47171,100.0,100.0,False,False,False,False,,False,emar_process_features,0.0020287985518883,0.10782273785388931,0.00157857181834,0.055224492016175464,0.00045336317,0.004118886218653401,0.0003362475,0.0018103686519455992,0.322981075970311,0.0637206739098129,0.3317748460223007,0.049696489017869355,362.0,0.33800186741363214,370.0,0.357487922705314,8,0.1222354297234115,,False
num__emar_complete_dose_not_given_rate,191320,47171,100.0,100.0,False,False,False,False,,False,emar_process_features,3.499583725887832e-05,0.0018598923896260549,1.928939021868156e-05,0.0006748167956328201,0.0002998559,0.002724244966991722,0.00018081075,0.000973491590970261,0.0667616465992303,0.013171350983494671,0.0380798986608615,0.005703980540688365,32.0,0.029878618113912233,27.0,0.02608695652173913,8,0.010134168987881907,,False
num__no_barcode_med_admin_rate,191320,47171,100.0,100.0,False,False,False,False,,False,emar_process_features,0.0015580699426588,0.08280534645934305,0.0011924068169807,0.041714960307368654,0.00028836596,0.002619856788483189,0.00016894948,0.0009096300860363572,0.1345377055410007,0.026542834553379725,0.068832000830722,0.010310331884328635,259.0,0.24183006535947713,270.0,0.2608695652173913,8,0.08345032383197601,,False
num__emar_refusal_rate,0,0,0.0,0.0,True,True,True,True,,False,emar_process_features,,,,,,,,,,,,,,,,,0,,all_zero_in_training; very_rare_and_low_recorded_model_signal,True
num__emar_psychotropic_refusal_rate,0,0,0.0,0.0,True,True,True,True,,False,emar_process_features,,,,,,,,,,,,,,,,,0,,all_zero_in_training; very_rare_and_low_recorded_model_signal,True
num__delayed_administered_rate,191320,47171,100.0,100.0,False,False,False,False,,False,ed_timing_features,0.0008247716488246,0.043833399426357195,0.0006301605655939,0.022045431648554555,0.00020471992,0.0018599174193435848,0.0001787338,0.0009623092173566032,0.0834570950378767,0.01646518243334368,0.0142076048812722,0.002128154344482498,136.0,0.12698412698412698,138.0,0.13333333333333333,8,0.0434514818508623,,False
num__emar_mean_delay_hours,191320,47171,100.0,100.0,False,False,False,False,,False,emar_process_features,0.0007940376225705,0.04220000568556117,0.0006045856078893,0.021150721613089125,0.00025108815,0.0022811811570449757,0.00019783361,0.001065143282389405,0.0555369056086056,0.010956830958638933,0.0750670000035775,0.011244271185740926,138.0,0.12885154061624648,175.0,0.16908212560386474,8,0.048353977512821965,,False
num__emar_administered_to_order_ratio,191320,47171,100.0,100.0,False,False,False,False,,False,emar_process_features,0.0013829565913097,0.07349875416132688,0.001100188066147,0.03848879497869025,0.00036406805,0.0033076239382149584,0.00028338822,0.0015257723843854988,0.1659313834268508,0.03273646774190078,0.1287147499104172,0.01928015710669907,187.0,0.1746031746031746,171.0,0.16521739130434782,8,0.06358226702734249,,False
num__num_hcpcs_events,191320,47171,100.0,100.0,False,False,False,False,,False,num_hcpcs_events,0.0001509312266338,0.008021406594634718,0.0001089032515023,0.0038098531047188406,0.00020766052,0.0018866333010385452,0.0004053086,0.002182196101990225,0.0275099571186642,0.0054274170756446185,0.0103403877522079,0.0015488846503256897,17.0,0.015873015873015872,17.0,0.01642512077294686,8,0.006896815934289421,,False
num__num_unique_hcpcs_codes,191320,47171,100.0,100.0,False,False,False,False,,False,num_unique_hcpcs_codes,0.0001305976961148,0.006940758676804923,0.0001455584955419,0.0050921940209177246,0.0002079244,0.0018890306984614064,9.446522e-05,0.0005086041472044981,0.0498322701625478,0.009831368069085543,0.0174407371514916,0.002612444592181015,1.0,0.0009337068160597573,4.0,0.003864734299516908,8,0.0039591051650289715,,False
num__num_hospital_observation_hcpcs_events,191320,47171,100.0,100.0,False,False,False,False,,False,num_hospital_observation_hcpcs_events,0.0001249342123076,0.006639766580120355,0.0001198949184688,0.004194383740312133,0.0,0.0,0.0005978366,0.0032187737890266564,0.0,0.0,0.0301415755043225,0.004514900674330078,0.0,0.0,0.0,0.0,8,0.0023209780979736526,,False
num__hcpcs_observation_to_total_ratio,191320,47171,100.0,100.0,False,False,False,False,,False,healthcare_intensity_features,0.0002320009380615,0.012329945870268338,0.0001635244880234,0.005720713291837313,0.00065254496,0.005928488727471477,0.00040058963,0.002156788997528566,0.0,0.0,0.0,0.0,21.0,0.0196078431372549,29.0,0.028019323671497585,8,0.009220387961982272,,False
num__num_unique_order_providers,191320,47171,100.0,100.0,False,False,False,False,,False,care_team_complexity_features,0.0009329745068569,0.04958395972018208,0.0006840922890606,0.023932170026500096,0.00028897455,0.002625385938466436,0.00025992712,0.0013994569768950014,0.028153088361404,0.005554299915689409,0.0244970967964964,0.0036694153173834508,50.0,0.04668534080298786,63.0,0.06086956521739131,8,0.024289949239436955,,False
num__num_unique_enter_providers,191320,47171,100.0,100.0,False,False,False,False,,False,num_unique_enter_providers,0.0005348864625612,0.02842713130914427,0.0003724798272625,0.013030771871041907,0.00036847376,0.0033476506086707507,0.00027856318,0.0014997941952231,0.0483910975492207,0.009547040295807548,0.0285098048590676,0.0042704780698926675,79.0,0.07376283846872082,78.0,0.07536231884057971,8,0.0261560029573851,,False
num__num_unique_caregivers_icu,191320,47171,100.0,100.0,False,False,False,False,,False,icu_care_features,,,,,,,,,,,,,,,,,0,,,False
num__num_provider_order_changes,191320,47171,100.0,100.0,False,False,False,False,,False,care_team_complexity_features,0.0015294810778319,0.08128595968981779,0.0011490546031117,0.04019833372067986,0.00032948042,0.0029933890775779926,0.00026533182,0.0014285560763772887,0.0450091665067145,0.008879821869781809,0.0750101117706784,0.01123574990850906,113.0,0.10550887021475257,164.0,0.15845410628019324,8,0.051248098354711204,,False
num__num_care_team_touchpoints,191320,47171,100.0,100.0,False,False,False,False,,False,care_team_complexity_features,0.0012007813826535,0.06381685166384496,0.0009947332303778,0.03479958067222469,0.00036374442,0.003304683701258915,0.00025904775,0.0013947224171392816,0.0624058473522303,0.012311998891113233,0.0495871745700757,0.007427653138849761,94.0,0.08776844070961717,99.0,0.09565217391304348,8,0.03830951313838644,,False
num__num_inputevents,191320,47171,100.0,100.0,False,False,False,False,,False,icu_event_burden_features,,,,,,,,,,,,,,,,,0,,,False
num__num_outputevents,191320,47171,100.0,100.0,False,False,False,False,,False,icu_event_burden_features,0.0003053531602003,0.01622833066126238,0.0002922637999322,0.010224507810449552,0.0003498814,0.0031787356626766976,0.00021860928,0.0011770002380282324,0.0171203135682747,0.003377652745878079,0.0730997183666155,0.01094959245575738,52.0,0.04855275443510738,39.0,0.03768115942028986,8,0.016421216678681193,,False
num__num_procedureevents,191320,47171,100.0,100.0,False,False,False,False,,False,procedure_features,,,,,,,,,,,,,,,,,0,,,False
num__num_datetimeevents,191320,47171,100.0,100.0,False,False,False,False,,False,num_datetimeevents,0.0003649730239798,0.019396894113359892,0.0003963893576,0.013867218874525269,0.00047761825,0.0043392479978079275,0.00038405546,0.002067768430672487,0.0243763806136884,0.004809196314427733,0.0477979956456771,0.007159652379197832,48.0,0.04481792717086835,47.0,0.04541062801932367,8,0.017733566662522893,,False
num__num_icu_input_events,191320,47171,100.0,100.0,False,False,False,False,,False,icu_care_features,,,,,,,,,,,,,,,,,0,,,False
num__num_icu_output_events,191320,47171,100.0,100.0,False,False,False,False,,False,icu_care_features,,,,,,,,,,,,,,,,,0,,,False
num__num_icu_datetime_events,191320,47171,100.0,100.0,False,False,False,False,,False,icu_event_burden_features,,,,,,,,,,,,,,,,,0,,,False
num__num_icu_procedure_events,191320,47171,100.0,100.0,False,False,False,False,,False,icu_care_features,0.000199090205165,0.010580868652929086,0.0001742436322858,0.0060957100388092916,0.00041332035,0.003755089972359247,0.00023935495,0.0012886956725864322,0.0518951726777689,0.01023835642927114,0.0331716574491348,0.004968776053669376,37.0,0.03454715219421102,30.0,0.028985507246376812,8,0.012557519532526552,,False
num__num_icu_event_warnings,191320,47171,100.0,100.0,False,False,False,False,,False,icu_event_burden_features,,,,,,,,,,,,,,,,,0,,,False
num__num_continuous_infusion_events,191320,47171,100.0,100.0,False,False,False,False,,False,icu_event_burden_features,,,,,,,,,,,,,,,,,0,,,False
num__num_inputevent_rate_changes,191320,47171,100.0,100.0,False,False,False,False,,False,icu_event_burden_features,0.0002441805721972,0.012977245966843999,0.0002259802312817,0.007905654550043289,0.00047452655,0.004311159345343699,0.00023240717,0.0012512885748009778,0.03773816465045,0.007445331824540696,0.0183029739366034,0.002741598870860814,18.0,0.01680672268907563,31.0,0.02995169082125604,8,0.010423836580345642,,False
num__num_paused_inputevents,191320,47171,100.0,100.0,False,False,False,False,,False,icu_event_burden_features,9.82934551457388e-05,0.005223914142223586,7.91882512130068e-05,0.002770308513100344,0.00024118548,0.0021912136129436928,0.00021230767,0.0011430721427984182,0.0198998923366715,0.0039260335814287435,0.0188282784398216,0.002820284129216614,24.0,0.022408963585434174,21.0,0.020289855072463767,8,0.007596705597451167,,False
num__num_stopped_inputevents,191320,47171,100.0,100.0,False,False,False,False,,False,icu_event_burden_features,0.0001878915187314,0.009985702104474036,0.0001564702066762,0.005473927495073269,0.00035448748,0.0032205827307435963,0.00023128594,0.0012452518320932374,0.0,0.0,0.0,0.0,38.0,0.035480859010270774,28.0,0.02705314009661836,8,0.010307432908659158,,False
num__num_change_dose_rate_inputevents,191320,47171,100.0,100.0,False,False,False,False,,False,icu_event_burden_features,0.0001926425499171,0.010238200899681965,0.0001517499951149,0.0053087964046450945,0.00041488407,0.0037692966507663892,0.00021337887,0.0011488395221840321,0.0323054552739886,0.00637351700819492,0.0074482752316266,0.0011156756839417518,18.0,0.01680672268907563,16.0,0.015458937198067632,8,0.007527498257069677,,False
num__num_paused_procedureevents,191320,47171,100.0,100.0,False,False,False,False,,False,procedure_features,0.0,0.0,1.044096602482461e-06,3.652650061151008e-05,0.00014348749,0.0013036097420753604,2.7093129e-05,0.00014587038245553714,0.0,0.0,0.0009475124683195,0.00014192770651747733,0.0,0.0,0.0,0.0,8,0.0002034917914574856,,False
num__num_stopped_procedureevents,191320,47171,100.0,100.0,False,False,False,False,,False,procedure_features,7.085611369621201e-06,0.0003765726353314489,7.073716286803117e-06,0.0002474657054349559,0.0,0.0,1.3599642e-05,7.322096239966916e-05,0.0,0.0,0.0,0.0,1.0,0.0009337068160597573,0.0,0.0,8,0.0002038707649032289,,False
num__num_active_icu_interventions,191320,47171,100.0,100.0,False,False,False,False,,False,icu_care_features,,,,,,,,,,,,,,,,,0,,,False
num__icu_event_interruption_score,191320,47171,100.0,100.0,False,False,False,False,,False,icu_event_burden_features,0.0002334478232256,0.012406842178976875,0.0002176746633166,0.0076150939518813375,0.00057891454,0.005259543073567431,0.00031644647,0.0017037591931742052,0.0367543748012508,0.007251240724966897,0.0,0.0,16.0,0.014939309056956116,30.0,0.028985507246376812,8,0.009770161928237459,,False
num__icu_event_density_per_day,191320,47171,100.0,100.0,False,False,False,False,,False,icu_event_burden_features,0.0005364943872087,0.028512586238907917,0.000743413471501,0.026007452334222355,0.0005798858,0.005268367145952334,0.0004643837,0.002500258568329905,0.0236497238982889,0.004665834801784176,0.0319863793733894,0.00479123348351792,66.0,0.06162464985994398,78.0,0.07536231884057971,8,0.026091587659154786,,False
num__num_chart_warnings,191320,47171,100.0,100.0,False,False,False,False,,False,icu_event_burden_features,,,,,,,,,,,,,,,,,0,,,False
num__had_chart_warning,191320,47171,100.0,100.0,False,False,False,False,,False,icu_event_burden_features,,,,,,,,,,,,,,,,,0,,,False
num__num_outputevents_last_24h_before_discharge,191320,47171,100.0,100.0,False,False,False,False,full_record_not_early_prediction,True,discharge_readiness_trajectory_features,0.0001754931655789,0.009326777944390375,0.0001897932182868,0.006639694150263956,0.00071373396,0.006484401835351818,0.0005463814,0.002941737138762814,0.0054970821650481,0.0010845148714740069,0.0064634607653918,0.000968160518483467,7.0,0.006535947712418301,8.0,0.007729468599033816,8,0.0052138378462723185,full_record_only_not_for_early_prediction,True
num__urine_output_total,191320,47171,100.0,100.0,False,False,False,False,,False,urine_output_total,,,,,,,,,,,,,,,,,0,,,False
num__urine_output_per_icu_day,191320,47171,100.0,100.0,False,False,False,False,,False,icu_care_features,,,,,,,,,,,,,,,,,0,,,False
num__low_urine_output_flag,191320,47171,100.0,100.0,False,False,False,False,,False,low_urine_output_flag,,,,,,,,,,,,,,,,,0,,,False
num__late_icu_intervention_activity,191320,47171,100.0,100.0,False,False,False,False,,False,icu_care_features,5.232414574913843e-05,0.0027808244664247316,8.044830073488717e-05,0.002814389874462948,0.00032909916,0.002989925261671368,0.0003740107,0.002013687081010952,0.0,0.0,0.0,0.0,1.0,0.0009337068160597573,1.0,0.000966183574879227,8,0.001562339634313623,,False
num__has_drg_record,191320,47171,100.0,100.0,False,False,False,False,,False,has_drg_record,,,,,,,,,,,,,,,,,0,,,False
num__creatinine_lab_first_24h_max_missing,191320,47171,100.0,100.0,False,False,False,False,,False,laboratory_features,,,,,,,,,,,,,,,,,0,,,False
num__glucose_lab_first_24h_max_missing,191320,47171,100.0,100.0,False,False,False,False,,False,laboratory_features,,,,,,,,,,,,,,,,,0,,,False
num__hemoglobin_lab_first_24h_max_missing,191320,47171,100.0,100.0,False,False,False,False,,False,laboratory_features,,,,,,,,,,,,,,,,,0,,,False
num__platelet_lab_first_24h_max_missing,191320,47171,100.0,100.0,False,False,False,False,,False,laboratory_features,,,,,,,,,,,,,,,,,0,,,False
num__potassium_lab_first_24h_max_missing,191320,47171,100.0,100.0,False,False,False,False,,False,laboratory_features,,,,,,,,,,,,,,,,,0,,,False
num__sodium_lab_first_24h_max_missing,191320,47171,100.0,100.0,False,False,False,False,,False,laboratory_features,,,,,,,,,,,,,,,,,0,,,False
num__urea_nitrogen_lab_first_24h_max_missing,191320,47171,100.0,100.0,False,False,False,False,,False,laboratory_features,,,,,,,,,,,,,,,,,0,,,False
num__wbc_lab_first_24h_max_missing,191320,47171,100.0,100.0,False,False,False,False,,False,laboratory_features,,,,,,,,,,,,,,,,,0,,,False
num__creatinine_lab_first_24h_mean_missing,191320,47171,100.0,100.0,False,False,False,False,,False,laboratory_features,,,,,,,,,,,,,,,,,0,,,False
num__glucose_lab_first_24h_mean_missing,191320,47171,100.0,100.0,False,False,False,False,,False,laboratory_features,,,,,,,,,,,,,,,,,0,,,False
num__hemoglobin_lab_first_24h_mean_missing,191320,47171,100.0,100.0,False,False,False,False,,False,laboratory_features,,,,,,,,,,,,,,,,,0,,,False
num__platelet_lab_first_24h_mean_missing,191320,47171,100.0,100.0,False,False,False,False,,False,laboratory_features,,,,,,,,,,,,,,,,,0,,,False
num__potassium_lab_first_24h_mean_missing,191320,47171,100.0,100.0,False,False,False,False,,False,laboratory_features,,,,,,,,,,,,,,,,,0,,,False
num__sodium_lab_first_24h_mean_missing,191320,47171,100.0,100.0,False,False,False,False,,False,laboratory_features,,,,,,,,,,,,,,,,,0,,,False
num__urea_nitrogen_lab_first_24h_mean_missing,191320,47171,100.0,100.0,False,False,False,False,,False,laboratory_features,,,,,,,,,,,,,,,,,0,,,False
num__wbc_lab_first_24h_mean_missing,191320,47171,100.0,100.0,False,False,False,False,,False,laboratory_features,,,,,,,,,,,,,,,,,0,,,False
num__creatinine_lab_first_24h_min_missing,191320,47171,100.0,100.0,False,False,False,False,,False,laboratory_features,,,,,,,,,,,,,,,,,0,,,False
num__glucose_lab_first_24h_min_missing,191320,47171,100.0,100.0,False,False,False,False,,False,laboratory_features,,,,,,,,,,,,,,,,,0,,,False
num__hemoglobin_lab_first_24h_min_missing,191320,47171,100.0,100.0,False,False,False,False,,False,laboratory_features,,,,,,,,,,,,,,,,,0,,,False
num__platelet_lab_first_24h_min_missing,191320,47171,100.0,100.0,False,False,False,False,,False,laboratory_features,,,,,,,,,,,,,,,,,0,,,False
num__potassium_lab_first_24h_min_missing,191320,47171,100.0,100.0,False,False,False,False,,False,laboratory_features,,,,,,,,,,,,,,,,,0,,,False
num__sodium_lab_first_24h_min_missing,191320,47171,100.0,100.0,False,False,False,False,,False,laboratory_features,,,,,,,,,,,,,,,,,0,,,False
num__urea_nitrogen_lab_first_24h_min_missing,191320,47171,100.0,100.0,False,False,False,False,,False,laboratory_features,,,,,,,,,,,,,,,,,0,,,False
num__wbc_lab_first_24h_min_missing,191320,47171,100.0,100.0,False,False,False,False,,False,laboratory_features,,,,,,,,,,,,,,,,,0,,,False
num__creatinine_lab_first_72h_max_missing,191320,47171,100.0,100.0,False,False,False,False,,False,laboratory_features,,,,,,,,,,,,,,,,,0,,,False
num__glucose_lab_first_72h_max_missing,191320,47171,100.0,100.0,False,False,False,False,,False,laboratory_features,,,,,,,,,,,,,,,,,0,,,False
num__hemoglobin_lab_first_72h_max_missing,191320,47171,100.0,100.0,False,False,False,False,,False,laboratory_features,,,,,,,,,,,,,,,,,0,,,False
num__platelet_lab_first_72h_max_missing,191320,47171,100.0,100.0,False,False,False,False,,False,laboratory_features,,,,,,,,,,,,,,,,,0,,,False
num__potassium_lab_first_72h_max_missing,191320,47171,100.0,100.0,False,False,False,False,,False,laboratory_features,,,,,,,,,,,,,,,,,0,,,False
num__sodium_lab_first_72h_max_missing,191320,47171,100.0,100.0,False,False,False,False,,False,laboratory_features,,,,,,,,,,,,,,,,,0,,,False
num__urea_nitrogen_lab_first_72h_max_missing,191320,47171,100.0,100.0,False,False,False,False,,False,laboratory_features,,,,,,,,,,,,,,,,,0,,,False
num__wbc_lab_first_72h_max_missing,191320,47171,100.0,100.0,False,False,False,False,,False,laboratory_features,,,,,,,,,,,,,,,,,0,,,False
num__creatinine_lab_first_72h_mean_missing,191320,47171,100.0,100.0,False,False,False,False,,False,laboratory_features,,,,,,,,,,,,,,,,,0,,,False
num__glucose_lab_first_72h_mean_missing,191320,47171,100.0,100.0,False,False,False,False,,False,laboratory_features,,,,,,,,,,,,,,,,,0,,,False
num__hemoglobin_lab_first_72h_mean_missing,191320,47171,100.0,100.0,False,False,False,False,,False,laboratory_features,,,,,,,,,,,,,,,,,0,,,False
num__platelet_lab_first_72h_mean_missing,191320,47171,100.0,100.0,False,False,False,False,,False,laboratory_features,,,,,,,,,,,,,,,,,0,,,False
num__potassium_lab_first_72h_mean_missing,191320,47171,100.0,100.0,False,False,False,False,,False,laboratory_features,,,,,,,,,,,,,,,,,0,,,False
num__sodium_lab_first_72h_mean_missing,191320,47171,100.0,100.0,False,False,False,False,,False,laboratory_features,,,,,,,,,,,,,,,,,0,,,False
num__urea_nitrogen_lab_first_72h_mean_missing,191320,47171,100.0,100.0,False,False,False,False,,False,laboratory_features,,,,,,,,,,,,,,,,,0,,,False
num__wbc_lab_first_72h_mean_missing,191320,47171,100.0,100.0,False,False,False,False,,False,laboratory_features,,,,,,,,,,,,,,,,,0,,,False
num__creatinine_lab_first_72h_min_missing,191320,47171,100.0,100.0,False,False,False,False,,False,laboratory_features,,,,,,,,,,,,,,,,,0,,,False
num__glucose_lab_first_72h_min_missing,191320,47171,100.0,100.0,False,False,False,False,,False,laboratory_features,,,,,,,,,,,,,,,,,0,,,False
num__hemoglobin_lab_first_72h_min_missing,191320,47171,100.0,100.0,False,False,False,False,,False,laboratory_features,,,,,,,,,,,,,,,,,0,,,False
num__platelet_lab_first_72h_min_missing,191320,47171,100.0,100.0,False,False,False,False,,False,laboratory_features,,,,,,,,,,,,,,,,,0,,,False
num__potassium_lab_first_72h_min_missing,191320,47171,100.0,100.0,False,False,False,False,,False,laboratory_features,,,,,,,,,,,,,,,,,0,,,False
num__sodium_lab_first_72h_min_missing,191320,47171,100.0,100.0,False,False,False,False,,False,laboratory_features,,,,,,,,,,,,,,,,,0,,,False
num__urea_nitrogen_lab_first_72h_min_missing,191320,47171,100.0,100.0,False,False,False,False,,False,laboratory_features,,,,,,,,,,,,,,,,,0,,,False
num__wbc_lab_first_72h_min_missing,191320,47171,100.0,100.0,False,False,False,False,,False,laboratory_features,,,,,,,,,,,,,,,,,0,,,False
num__creatinine_lab_first_value_missing,191320,47171,100.0,100.0,False,False,False,False,,False,laboratory_features,,,,,,,,,,,,,,,,,0,,,False
num__glucose_lab_first_value_missing,191320,47171,100.0,100.0,False,False,False,False,,False,laboratory_features,,,,,,,,,,,,,,,,,0,,,False
num__hemoglobin_lab_first_value_missing,191320,47171,100.0,100.0,False,False,False,False,,False,laboratory_features,,,,,,,,,,,,,,,,,0,,,False
num__platelet_lab_first_value_missing,191320,47171,100.0,100.0,False,False,False,False,,False,laboratory_features,,,,,,,,,,,,,,,,,0,,,False
num__potassium_lab_first_value_missing,191320,47171,100.0,100.0,False,False,False,False,,False,laboratory_features,,,,,,,,,,,,,,,,,0,,,False
num__sodium_lab_first_value_missing,191320,47171,100.0,100.0,False,False,False,False,,False,laboratory_features,,,,,,,,,,,,,,,,,0,,,False
num__urea_nitrogen_lab_first_value_missing,191320,47171,100.0,100.0,False,False,False,False,,False,laboratory_features,,,,,,,,,,,,,,,,,0,,,False
num__wbc_lab_first_value_missing,191320,47171,100.0,100.0,False,False,False,False,,False,laboratory_features,,,,,,,,,,,,,,,,,0,,,False
num__creatinine_lab_last_value_missing,191320,47171,100.0,100.0,False,False,False,False,full_record_not_early_prediction,True,laboratory_features,,,,,,,,,,,,,,,,,0,,full_record_only_not_for_early_prediction,True
num__glucose_lab_last_value_missing,191320,47171,100.0,100.0,False,False,False,False,full_record_not_early_prediction,True,laboratory_features,,,,,,,,,,,,,,,,,0,,full_record_only_not_for_early_prediction,True
num__hemoglobin_lab_last_value_missing,191320,47171,100.0,100.0,False,False,False,False,full_record_not_early_prediction,True,laboratory_features,,,,,,,,,,,,,,,,,0,,full_record_only_not_for_early_prediction,True
num__platelet_lab_last_value_missing,191320,47171,100.0,100.0,False,False,False,False,full_record_not_early_prediction,True,laboratory_features,,,,,,,,,,,,,,,,,0,,full_record_only_not_for_early_prediction,True
num__potassium_lab_last_value_missing,191320,47171,100.0,100.0,False,False,False,False,full_record_not_early_prediction,True,laboratory_features,,,,,,,,,,,,,,,,,0,,full_record_only_not_for_early_prediction,True
num__sodium_lab_last_value_missing,191320,47171,100.0,100.0,False,False,False,False,full_record_not_early_prediction,True,laboratory_features,,,,,,,,,,,,,,,,,0,,full_record_only_not_for_early_prediction,True
num__urea_nitrogen_lab_last_value_missing,191320,47171,100.0,100.0,False,False,False,False,full_record_not_early_prediction,True,laboratory_features,,,,,,,,,,,,,,,,,0,,full_record_only_not_for_early_prediction,True
num__wbc_lab_last_value_missing,191320,47171,100.0,100.0,False,False,False,False,full_record_not_early_prediction,True,laboratory_features,,,,,,,,,,,,,,,,,0,,full_record_only_not_for_early_prediction,True
num__creatinine_lab_max_value_missing,191320,47171,100.0,100.0,False,False,False,False,full_record_not_early_prediction,True,laboratory_features,,,,,,,,,,,,,,,,,0,,full_record_only_not_for_early_prediction,True
num__glucose_lab_max_value_missing,191320,47171,100.0,100.0,False,False,False,False,full_record_not_early_prediction,True,laboratory_features,,,,,,,,,,,,,,,,,0,,full_record_only_not_for_early_prediction,True
num__hemoglobin_lab_max_value_missing,191320,47171,100.0,100.0,False,False,False,False,full_record_not_early_prediction,True,laboratory_features,,,,,,,,,,,,,,,,,0,,full_record_only_not_for_early_prediction,True
num__platelet_lab_max_value_missing,191320,47171,100.0,100.0,False,False,False,False,full_record_not_early_prediction,True,laboratory_features,,,,,,,,,,,,,,,,,0,,full_record_only_not_for_early_prediction,True
num__potassium_lab_max_value_missing,191320,47171,100.0,100.0,False,False,False,False,full_record_not_early_prediction,True,laboratory_features,,,,,,,,,,,,,,,,,0,,full_record_only_not_for_early_prediction,True
num__sodium_lab_max_value_missing,191320,47171,100.0,100.0,False,False,False,False,full_record_not_early_prediction,True,laboratory_features,,,,,,,,,,,,,,,,,0,,full_record_only_not_for_early_prediction,True
num__urea_nitrogen_lab_max_value_missing,191320,47171,100.0,100.0,False,False,False,False,full_record_not_early_prediction,True,laboratory_features,,,,,,,,,,,,,,,,,0,,full_record_only_not_for_early_prediction,True
num__wbc_lab_max_value_missing,191320,47171,100.0,100.0,False,False,False,False,full_record_not_early_prediction,True,laboratory_features,,,,,,,,,,,,,,,,,0,,full_record_only_not_for_early_prediction,True
num__creatinine_lab_mean_value_missing,191320,47171,100.0,100.0,False,False,False,False,full_record_not_early_prediction,True,laboratory_features,,,,,,,,,,,,,,,,,0,,full_record_only_not_for_early_prediction,True
num__glucose_lab_mean_value_missing,191320,47171,100.0,100.0,False,False,False,False,full_record_not_early_prediction,True,laboratory_features,,,,,,,,,,,,,,,,,0,,full_record_only_not_for_early_prediction,True
num__hemoglobin_lab_mean_value_missing,191320,47171,100.0,100.0,False,False,False,False,full_record_not_early_prediction,True,laboratory_features,,,,,,,,,,,,,,,,,0,,full_record_only_not_for_early_prediction,True
num__platelet_lab_mean_value_missing,191320,47171,100.0,100.0,False,False,False,False,full_record_not_early_prediction,True,laboratory_features,,,,,,,,,,,,,,,,,0,,full_record_only_not_for_early_prediction,True
num__potassium_lab_mean_value_missing,191320,47171,100.0,100.0,False,False,False,False,full_record_not_early_prediction,True,laboratory_features,,,,,,,,,,,,,,,,,0,,full_record_only_not_for_early_prediction,True
num__sodium_lab_mean_value_missing,191320,47171,100.0,100.0,False,False,False,False,full_record_not_early_prediction,True,laboratory_features,,,,,,,,,,,,,,,,,0,,full_record_only_not_for_early_prediction,True
num__urea_nitrogen_lab_mean_value_missing,191320,47171,100.0,100.0,False,False,False,False,full_record_not_early_prediction,True,laboratory_features,,,,,,,,,,,,,,,,,0,,full_record_only_not_for_early_prediction,True
num__wbc_lab_mean_value_missing,191320,47171,100.0,100.0,False,False,False,False,full_record_not_early_prediction,True,laboratory_features,,,,,,,,,,,,,,,,,0,,full_record_only_not_for_early_prediction,True
num__creatinine_lab_min_value_missing,191320,47171,100.0,100.0,False,False,False,False,full_record_not_early_prediction,True,laboratory_features,,,,,,,,,,,,,,,,,0,,full_record_only_not_for_early_prediction,True
num__glucose_lab_min_value_missing,191320,47171,100.0,100.0,False,False,False,False,full_record_not_early_prediction,True,laboratory_features,,,,,,,,,,,,,,,,,0,,full_record_only_not_for_early_prediction,True
num__hemoglobin_lab_min_value_missing,191320,47171,100.0,100.0,False,False,False,False,full_record_not_early_prediction,True,laboratory_features,,,,,,,,,,,,,,,,,0,,full_record_only_not_for_early_prediction,True
num__platelet_lab_min_value_missing,191320,47171,100.0,100.0,False,False,False,False,full_record_not_early_prediction,True,laboratory_features,,,,,,,,,,,,,,,,,0,,full_record_only_not_for_early_prediction,True
num__potassium_lab_min_value_missing,191320,47171,100.0,100.0,False,False,False,False,full_record_not_early_prediction,True,laboratory_features,,,,,,,,,,,,,,,,,0,,full_record_only_not_for_early_prediction,True
num__sodium_lab_min_value_missing,191320,47171,100.0,100.0,False,False,False,False,full_record_not_early_prediction,True,laboratory_features,,,,,,,,,,,,,,,,,0,,full_record_only_not_for_early_prediction,True
num__urea_nitrogen_lab_min_value_missing,191320,47171,100.0,100.0,False,False,False,False,full_record_not_early_prediction,True,laboratory_features,,,,,,,,,,,,,,,,,0,,full_record_only_not_for_early_prediction,True
num__wbc_lab_min_value_missing,191320,47171,100.0,100.0,False,False,False,False,full_record_not_early_prediction,True,laboratory_features,,,,,,,,,,,,,,,,,0,,full_record_only_not_for_early_prediction,True
num__creatinine_lab_std_value_missing,191320,47171,100.0,100.0,False,False,False,False,,False,laboratory_features,,,,,,,,,,,,,,,,,0,,,False
num__glucose_lab_std_value_missing,191320,47171,100.0,100.0,False,False,False,False,,False,laboratory_features,,,,,,,,,,,,,,,,,0,,,False
num__hemoglobin_lab_std_value_missing,191320,47171,100.0,100.0,False,False,False,False,,False,laboratory_features,,,,,,,,,,,,,,,,,0,,,False
num__platelet_lab_std_value_missing,191320,47171,100.0,100.0,False,False,False,False,,False,laboratory_features,,,,,,,,,,,,,,,,,0,,,False
num__potassium_lab_std_value_missing,191320,47171,100.0,100.0,False,False,False,False,,False,laboratory_features,,,,,,,,,,,,,,,,,0,,,False
num__sodium_lab_std_value_missing,191320,47171,100.0,100.0,False,False,False,False,,False,laboratory_features,,,,,,,,,,,,,,,,,0,,,False
num__urea_nitrogen_lab_std_value_missing,191320,47171,100.0,100.0,False,False,False,False,,False,laboratory_features,,,,,,,,,,,,,,,,,0,,,False
num__wbc_lab_std_value_missing,191320,47171,100.0,100.0,False,False,False,False,,False,laboratory_features,,,,,,,,,,,,,,,,,0,,,False
num__creatinine_lab_value_change_missing,191320,47171,100.0,100.0,False,False,False,False,full_record_not_early_prediction,True,laboratory_features,,,,,,,,,,,,,,,,,0,,full_record_only_not_for_early_prediction,True
num__glucose_lab_value_change_missing,191320,47171,100.0,100.0,False,False,False,False,full_record_not_early_prediction,True,laboratory_features,,,,,,,,,,,,,,,,,0,,full_record_only_not_for_early_prediction,True
num__hemoglobin_lab_value_change_missing,191320,47171,100.0,100.0,False,False,False,False,full_record_not_early_prediction,True,laboratory_features,,,,,,,,,,,,,,,,,0,,full_record_only_not_for_early_prediction,True
num__platelet_lab_value_change_missing,191320,47171,100.0,100.0,False,False,False,False,full_record_not_early_prediction,True,laboratory_features,,,,,,,,,,,,,,,,,0,,full_record_only_not_for_early_prediction,True
num__potassium_lab_value_change_missing,191320,47171,100.0,100.0,False,False,False,False,full_record_not_early_prediction,True,laboratory_features,,,,,,,,,,,,,,,,,0,,full_record_only_not_for_early_prediction,True
num__sodium_lab_value_change_missing,191320,47171,100.0,100.0,False,False,False,False,full_record_not_early_prediction,True,laboratory_features,,,,,,,,,,,,,,,,,0,,full_record_only_not_for_early_prediction,True
num__urea_nitrogen_lab_value_change_missing,191320,47171,100.0,100.0,False,False,False,False,full_record_not_early_prediction,True,laboratory_features,,,,,,,,,,,,,,,,,0,,full_record_only_not_for_early_prediction,True
num__wbc_lab_value_change_missing,191320,47171,100.0,100.0,False,False,False,False,full_record_not_early_prediction,True,laboratory_features,,,,,,,,,,,,,,,,,0,,full_record_only_not_for_early_prediction,True
num__creatinine_lab_value_range_missing,191320,47171,100.0,100.0,False,False,False,False,,False,laboratory_features,,,,,,,,,,,,,,,,,0,,,False
num__glucose_lab_value_range_missing,191320,47171,100.0,100.0,False,False,False,False,,False,laboratory_features,,,,,,,,,,,,,,,,,0,,,False
num__hemoglobin_lab_value_range_missing,191320,47171,100.0,100.0,False,False,False,False,,False,laboratory_features,,,,,,,,,,,,,,,,,0,,,False
num__platelet_lab_value_range_missing,191320,47171,100.0,100.0,False,False,False,False,,False,laboratory_features,,,,,,,,,,,,,,,,,0,,,False
num__potassium_lab_value_range_missing,191320,47171,100.0,100.0,False,False,False,False,,False,laboratory_features,,,,,,,,,,,,,,,,,0,,,False
num__sodium_lab_value_range_missing,191320,47171,100.0,100.0,False,False,False,False,,False,laboratory_features,,,,,,,,,,,,,,,,,0,,,False
num__urea_nitrogen_lab_value_range_missing,191320,47171,100.0,100.0,False,False,False,False,,False,laboratory_features,,,,,,,,,,,,,,,,,0,,,False
num__wbc_lab_value_range_missing,191320,47171,100.0,100.0,False,False,False,False,,False,laboratory_features,,,,,,,,,,,,,,,,,0,,,False
num__heart_rate_vital_first_value_missing,191320,47171,100.0,100.0,False,False,False,False,,False,vital_sign_features,,,,,,,,,,,,,,,,,0,,,False
num__mean_bp_arterial_vital_first_value_missing,191320,47171,100.0,100.0,False,False,False,False,,False,vital_sign_features,,,,,,,,,,,,,,,,,0,,,False
num__mean_bp_noninvasive_vital_first_value_missing,191320,47171,100.0,100.0,False,False,False,False,,False,vital_sign_features,,,,,,,,,,,,,,,,,0,,,False
num__respiratory_rate_vital_first_value_missing,191320,47171,100.0,100.0,False,False,False,False,,False,vital_sign_features,,,,,,,,,,,,,,,,,0,,,False
num__spo2_vital_first_value_missing,191320,47171,100.0,100.0,False,False,False,False,,False,vital_sign_features,,,,,,,,,,,,,,,,,0,,,False
num__systolic_bp_arterial_vital_first_value_missing,191320,47171,100.0,100.0,False,False,False,False,,False,vital_sign_features,,,,,,,,,,,,,,,,,0,,,False
num__systolic_bp_noninvasive_vital_first_value_missing,191320,47171,100.0,100.0,False,False,False,False,,False,vital_sign_features,,,,,,,,,,,,,,,,,0,,,False
num__heart_rate_vital_last_value_missing,191320,47171,100.0,100.0,False,False,False,False,full_record_not_early_prediction,True,vital_sign_features,,,,,,,,,,,,,,,,,0,,full_record_only_not_for_early_prediction,True
num__mean_bp_arterial_vital_last_value_missing,191320,47171,100.0,100.0,False,False,False,False,full_record_not_early_prediction,True,vital_sign_features,,,,,,,,,,,,,,,,,0,,full_record_only_not_for_early_prediction,True
num__mean_bp_noninvasive_vital_last_value_missing,191320,47171,100.0,100.0,False,False,False,False,full_record_not_early_prediction,True,vital_sign_features,,,,,,,,,,,,,,,,,0,,full_record_only_not_for_early_prediction,True
num__respiratory_rate_vital_last_value_missing,191320,47171,100.0,100.0,False,False,False,False,full_record_not_early_prediction,True,vital_sign_features,,,,,,,,,,,,,,,,,0,,full_record_only_not_for_early_prediction,True
num__spo2_vital_last_value_missing,191320,47171,100.0,100.0,False,False,False,False,full_record_not_early_prediction,True,vital_sign_features,,,,,,,,,,,,,,,,,0,,full_record_only_not_for_early_prediction,True
num__systolic_bp_arterial_vital_last_value_missing,191320,47171,100.0,100.0,False,False,False,False,full_record_not_early_prediction,True,vital_sign_features,,,,,,,,,,,,,,,,,0,,full_record_only_not_for_early_prediction,True
num__systolic_bp_noninvasive_vital_last_value_missing,191320,47171,100.0,100.0,False,False,False,False,full_record_not_early_prediction,True,vital_sign_features,,,,,,,,,,,,,,,,,0,,full_record_only_not_for_early_prediction,True
num__heart_rate_vital_max_value_missing,191320,47171,100.0,100.0,False,False,False,False,full_record_not_early_prediction,True,vital_sign_features,,,,,,,,,,,,,,,,,0,,full_record_only_not_for_early_prediction,True
num__mean_bp_arterial_vital_max_value_missing,191320,47171,100.0,100.0,False,False,False,False,full_record_not_early_prediction,True,vital_sign_features,,,,,,,,,,,,,,,,,0,,full_record_only_not_for_early_prediction,True
num__mean_bp_noninvasive_vital_max_value_missing,191320,47171,100.0,100.0,False,False,False,False,full_record_not_early_prediction,True,vital_sign_features,,,,,,,,,,,,,,,,,0,,full_record_only_not_for_early_prediction,True
num__respiratory_rate_vital_max_value_missing,191320,47171,100.0,100.0,False,False,False,False,full_record_not_early_prediction,True,vital_sign_features,,,,,,,,,,,,,,,,,0,,full_record_only_not_for_early_prediction,True
num__spo2_vital_max_value_missing,191320,47171,100.0,100.0,False,False,False,False,full_record_not_early_prediction,True,vital_sign_features,,,,,,,,,,,,,,,,,0,,full_record_only_not_for_early_prediction,True
num__systolic_bp_arterial_vital_max_value_missing,191320,47171,100.0,100.0,False,False,False,False,full_record_not_early_prediction,True,vital_sign_features,,,,,,,,,,,,,,,,,0,,full_record_only_not_for_early_prediction,True
num__systolic_bp_noninvasive_vital_max_value_missing,191320,47171,100.0,100.0,False,False,False,False,full_record_not_early_prediction,True,vital_sign_features,,,,,,,,,,,,,,,,,0,,full_record_only_not_for_early_prediction,True
num__heart_rate_vital_mean_value_missing,191320,47171,100.0,100.0,False,False,False,False,full_record_not_early_prediction,True,vital_sign_features,,,,,,,,,,,,,,,,,0,,full_record_only_not_for_early_prediction,True
num__mean_bp_arterial_vital_mean_value_missing,191320,47171,100.0,100.0,False,False,False,False,full_record_not_early_prediction,True,vital_sign_features,,,,,,,,,,,,,,,,,0,,full_record_only_not_for_early_prediction,True
num__mean_bp_noninvasive_vital_mean_value_missing,191320,47171,100.0,100.0,False,False,False,False,full_record_not_early_prediction,True,vital_sign_features,,,,,,,,,,,,,,,,,0,,full_record_only_not_for_early_prediction,True
num__respiratory_rate_vital_mean_value_missing,191320,47171,100.0,100.0,False,False,False,False,full_record_not_early_prediction,True,vital_sign_features,,,,,,,,,,,,,,,,,0,,full_record_only_not_for_early_prediction,True
num__spo2_vital_mean_value_missing,191320,47171,100.0,100.0,False,False,False,False,full_record_not_early_prediction,True,vital_sign_features,,,,,,,,,,,,,,,,,0,,full_record_only_not_for_early_prediction,True
num__systolic_bp_arterial_vital_mean_value_missing,191320,47171,100.0,100.0,False,False,False,False,full_record_not_early_prediction,True,vital_sign_features,,,,,,,,,,,,,,,,,0,,full_record_only_not_for_early_prediction,True
num__systolic_bp_noninvasive_vital_mean_value_missing,191320,47171,100.0,100.0,False,False,False,False,full_record_not_early_prediction,True,vital_sign_features,,,,,,,,,,,,,,,,,0,,full_record_only_not_for_early_prediction,True
num__heart_rate_vital_min_value_missing,191320,47171,100.0,100.0,False,False,False,False,full_record_not_early_prediction,True,vital_sign_features,,,,,,,,,,,,,,,,,0,,full_record_only_not_for_early_prediction,True
num__mean_bp_arterial_vital_min_value_missing,191320,47171,100.0,100.0,False,False,False,False,full_record_not_early_prediction,True,vital_sign_features,,,,,,,,,,,,,,,,,0,,full_record_only_not_for_early_prediction,True
num__mean_bp_noninvasive_vital_min_value_missing,191320,47171,100.0,100.0,False,False,False,False,full_record_not_early_prediction,True,vital_sign_features,,,,,,,,,,,,,,,,,0,,full_record_only_not_for_early_prediction,True
num__respiratory_rate_vital_min_value_missing,191320,47171,100.0,100.0,False,False,False,False,full_record_not_early_prediction,True,vital_sign_features,,,,,,,,,,,,,,,,,0,,full_record_only_not_for_early_prediction,True
num__spo2_vital_min_value_missing,191320,47171,100.0,100.0,False,False,False,False,full_record_not_early_prediction,True,vital_sign_features,,,,,,,,,,,,,,,,,0,,full_record_only_not_for_early_prediction,True
num__systolic_bp_arterial_vital_min_value_missing,191320,47171,100.0,100.0,False,False,False,False,full_record_not_early_prediction,True,vital_sign_features,,,,,,,,,,,,,,,,,0,,full_record_only_not_for_early_prediction,True
num__systolic_bp_noninvasive_vital_min_value_missing,191320,47171,100.0,100.0,False,False,False,False,full_record_not_early_prediction,True,vital_sign_features,,,,,,,,,,,,,,,,,0,,full_record_only_not_for_early_prediction,True
num__heart_rate_vital_value_change_missing,191320,47171,100.0,100.0,False,False,False,False,full_record_not_early_prediction,True,vital_sign_features,,,,,,,,,,,,,,,,,0,,full_record_only_not_for_early_prediction,True
num__mean_bp_arterial_vital_value_change_missing,191320,47171,100.0,100.0,False,False,False,False,full_record_not_early_prediction,True,vital_sign_features,,,,,,,,,,,,,,,,,0,,full_record_only_not_for_early_prediction,True
num__mean_bp_noninvasive_vital_value_change_missing,191320,47171,100.0,100.0,False,False,False,False,full_record_not_early_prediction,True,vital_sign_features,,,,,,,,,,,,,,,,,0,,full_record_only_not_for_early_prediction,True
num__respiratory_rate_vital_value_change_missing,191320,47171,100.0,100.0,False,False,False,False,full_record_not_early_prediction,True,vital_sign_features,,,,,,,,,,,,,,,,,0,,full_record_only_not_for_early_prediction,True
num__spo2_vital_value_change_missing,191320,47171,100.0,100.0,False,False,False,False,full_record_not_early_prediction,True,vital_sign_features,,,,,,,,,,,,,,,,,0,,full_record_only_not_for_early_prediction,True
num__systolic_bp_arterial_vital_value_change_missing,191320,47171,100.0,100.0,False,False,False,False,full_record_not_early_prediction,True,vital_sign_features,,,,,,,,,,,,,,,,,0,,full_record_only_not_for_early_prediction,True
num__systolic_bp_noninvasive_vital_value_change_missing,191320,47171,100.0,100.0,False,False,False,False,full_record_not_early_prediction,True,vital_sign_features,,,,,,,,,,,,,,,,,0,,full_record_only_not_for_early_prediction,True
num__previous_psych_admissions,191320,47171,100.0,100.0,False,False,False,False,,False,prior_utilisation_features,0.0038930573868937,0.20690083088165453,0.006039378661102,0.2112806112321286,0.0022096324,0.020074909130024923,0.0015841739,0.00852924934100745,0.3307963045634057,0.06526253400553259,0.3605518448567095,0.05400699002084566,117.0,0.1092436974789916,87.0,0.08405797101449275,8,0.09491959913808476,,False
num__has_previous_psych_admission,191320,47171,100.0,100.0,False,False,False,False,,False,prior_utilisation_features,0.0006676855117539,0.035484883324504835,0.0005665876139813,0.019821406160460752,0.0,0.0,0.0010693897,0.005757632665204973,0.0206762281353805,0.004079196240031681,0.0,0.0,0.0,0.0,0.0,0.0,8,0.00814288979877528,,False
num__days_since_previous_psych_admission_filled,191320,47171,100.0,100.0,False,False,False,False,,False,prior_utilisation_features,0.0053241969419238,0.28296032182062386,0.0056822314561311,0.1987862332504822,0.0026543129,0.024114911724752466,0.0012162057,0.006548095297652931,0.432177076227264,0.08526386402931309,0.5983867718925094,0.08963223702557467,415.0,0.38748832866479926,469.0,0.45314009661835747,8,0.1909917610539445,,False
num__recent_psych_admission_30d,191320,47171,100.0,100.0,False,False,False,False,,False,prior_utilisation_features,0.0002765660317028,0.014698406950175732,0.0003512763538469,0.012288993109536876,0.00047637455,0.004327948758855325,0.0009296407,0.005005219015316882,0.0,0.0,0.082815659008444,0.012404941296074362,3.0,0.0028011204481792717,9.0,0.008695652173913044,8,0.007527785219006437,,False
num__recent_psych_admission_90d,191320,47171,100.0,100.0,False,False,False,False,,False,prior_utilisation_features,0.0021931736135515,0.11655863189666263,0.0025353963906341,0.0886978825452816,0.000699575,0.006355765128460818,0.00033697145,0.0018142664248229471,0.0,0.0,0.0707848441515369,0.010602847901772508,3.0,0.0028011204481792717,2.0,0.001932367149758454,8,0.02859536018686728,,False
num__recent_psych_admission_365d,191320,47171,100.0,100.0,False,False,False,False,,False,prior_utilisation_features,0.0015810152945473,0.08402480250604433,0.0027433508596479,0.09597292684821183,0.015401985,0.13992981334678423,0.015625764,0.08412967623045547,0.0,0.0,0.1589350160783494,0.02380684484007468,1.0,0.0009337068160597573,0.0,0.0,8,0.05359972132345379,,False
num__has_previous_hospital_admission,191320,47171,100.0,100.0,False,False,False,False,,False,prior_utilisation_features,6.147424541343862e-05,0.0032671166103749208,9.010406715281964e-05,0.0031521855890842233,0.0021925608,0.019919810563084946,0.0007495267,0.0040354787514442,0.0356346509989502,0.007030331326293611,0.0377507107894504,0.005654671554089369,0.0,0.0,1.0,0.000966183574879227,8,0.005503222246156312,,False
num__has_previous_nonpsych_admission,191320,47171,100.0,100.0,False,False,False,False,,False,prior_utilisation_features,0.0002080064357944,0.011054731568941037,0.000156976592536,0.005491642813151757,0.00086680683,0.007875096484616609,0.00048257946,0.0025982251955979905,0.0831784972404127,0.016410218100368867,0.0696812031571367,0.010437533734000448,2.0,0.0018674136321195146,1.0,0.000966183574879227,8,0.007087630637959431,,False
num__has_multiple_previous_hospital_admissions,191320,47171,100.0,100.0,False,False,False,False,,False,prior_utilisation_features,,,,,,,,,,,,,,,,,0,,,False
num__admission_year,191320,47171,100.0,100.0,False,False,False,False,,False,admission_year,0.0044081608708318,0.23427657396102003,0.0029570477564297,0.10344886328208155,0.00022104103,0.0020081976491913823,0.00014896075,0.0008020100437038355,0.2647925209653702,0.0522407011974368,0.2391952695236432,0.03582901243878213,507.0,0.4733893557422969,572.0,0.5526570048309178,8,0.1818314648931788,,False
num__admission_month,191320,47171,100.0,100.0,False,False,False,False,,False,admission_month,0.0023083945255442,0.12268217441275514,0.0015108323015196,0.052854704108925475,0.000186771,0.0016968482418722158,0.00011249411,0.0006056723403817723,0.0304576546911218,0.006008965933375785,0.0212459877860968,0.003182432337304365,125.0,0.11671335200746966,147.0,0.14202898550724638,8,0.05572164186116635,,False
num__admission_dayofweek,191320,47171,100.0,100.0,False,False,False,False,,False,admission_dayofweek,0.001863047309134,0.09901370514839021,0.0011795063685197,0.041263653179772306,0.00020381068,0.0018516568098515336,0.0001490542,0.0008025131818699908,0.0444068189061901,0.008760985201354517,0.0321849182331747,0.004820972580327801,130.0,0.12138188608776844,142.0,0.13719806763285025,8,0.05188667997777313,,False
num__weekend_admission,191320,47171,100.0,100.0,False,False,False,False,,False,weekend_admission,,,,,,,,,,,,,,,,,0,,,False
num__admission_hour,191320,47171,100.0,100.0,False,False,False,False,,False,admission_hour,0.0035806219489983,0.19029610475687192,0.002698468571578,0.09440277240203,0.00029431784,0.0026739306924288466,0.00026316036,0.0014168648575192935,0.2884048765882754,0.05689916364254916,0.3299701921591021,0.0494261702701742,390.0,0.3641456582633053,438.0,0.42318840579710143,8,0.14780613383524752,,False
num__night_admission,191320,47171,100.0,100.0,False,False,False,False,,False,night_admission,0.0004848247953588,0.025766548761769596,0.0004076605418303,0.014261528095244537,0.00028648504,0.0026027682908304362,0.0002634257,0.0014182934576370853,0.0619828435775463,0.012228544820287929,0.0709601452610972,0.010629106220540587,19.0,0.017740429505135387,39.0,0.03768115942028986,8,0.015291047321466928,,False
num__discharge_hour,191320,47171,100.0,100.0,False,False,False,False,,False,admission_discharge_timing_features,0.0072930587255693,0.3875976539850041,0.0086175335191288,0.3014743488368495,0.0014145257,0.012851221266299721,0.0010171327,0.005476279094859554,2.0150476857795905,0.397547119788799,2.339466217157653,0.35042818514588925,1028.0,0.9598506069094305,1032.0,0.9971014492753624,8,0.4265408580378117,,False
num__discharge_month,191320,47171,100.0,100.0,False,False,False,False,,False,discharge_month,0.0022427807333617,0.11919505702127804,0.0014844546163874,0.05193191159162321,0.00025130023,0.002283107942119405,0.00015944753,0.0008584712449673396,0.1431158639579654,0.0282352124538248,0.1443312373870875,0.021619347698411,186.0,0.17366946778711484,174.0,0.1681159420289855,8,0.07073856472104052,,False
num__discharge_dayofweek,191320,47171,100.0,100.0,False,False,False,False,,False,admission_discharge_timing_features,0.0017515756437249,0.09308942047934063,0.0011534219117505,0.040351118914393254,0.00018315966,0.001664038566227695,0.00013476089,0.0007255574859717596,0.0652049344618747,0.012864228511449275,0.0259318293178034,0.0038843236199372884,143.0,0.13352007469654528,165.0,0.15942028985507245,8,0.0556898815161172,,False
num__weekend_discharge,191320,47171,100.0,100.0,False,False,False,False,,False,admission_discharge_timing_features,0.00034760877256,0.018474051809907178,0.0002152036038193,0.007528646820433343,0.00016177532,0.0014697579780603794,0.000104028455,0.000560092948921058,0.0,0.0,0.0,0.0,1.0,0.0009337068160597573,0.0,0.0,8,0.003620782046672714,,False
num__friday_discharge,191320,47171,100.0,100.0,False,False,False,False,,False,admission_discharge_timing_features,0.0001954919078298,0.010389633170267434,0.0001081171145493,0.003782351021265823,0.00019450854,0.001767145189178896,0.000112932,0.0006080299559149746,0.0047347330648902,0.0009341116372576895,0.0,0.0,45.0,0.04201680672268908,31.0,0.02995169082125604,8,0.011181221064728741,,False
num__night_discharge,191320,47171,100.0,100.0,False,False,False,False,,False,night_discharge,0.0009957701103661,0.052921301364697415,0.0014732740165581,0.051540771360411866,0.0010899463,0.009902358839916938,0.00067086774,0.0036119760774357902,0.053182021267079,0.010492237741308967,0.0488046383489292,0.007310437191991397,56.0,0.05228758169934641,44.0,0.04251207729468599,8,0.028822342696224346,,False
num__discharged_home_with_services_flag,191320,47171,100.0,100.0,False,False,False,False,,False,service_transfer_features,0.0001455270908953,0.007734197837256227,0.0001178295405926,0.004122128906728105,0.0006496386,0.005902083922355867,0.00054550177,0.0029370011791577284,0.0411801771865858,0.008124403679601202,0.1371727172705,0.020547074376236735,102.0,0.09523809523809523,70.0,0.06763285024154589,8,0.026529729422622123,,False
num__discharged_home_without_services_flag,191320,47171,100.0,100.0,False,False,False,False,,False,service_transfer_features,0.0001977257441832,0.010508352868345372,0.0001755821927275,0.006142538013037011,0.00053783,0.004886282613072339,0.0003018664,0.0016252595711066138,0.0,0.0,0.0128946543988494,0.0019314877496124782,1.0,0.0009337068160597573,2.0,0.001932367149758454,8,0.003494999347624003,,False
num__discharged_to_rehab_flag,191320,47171,100.0,100.0,False,False,False,False,,False,ed_timing_features,3.550157935682305e-05,0.0018867706115163537,1.49568981144343e-05,0.0005232496177309951,0.0003959925,0.003597663327923411,0.00030685036,0.0016520933912734573,0.0500263204293378,0.009869652088466834,0.0358948415182122,0.005376681260483774,30.0,0.028011204481792718,25.0,0.024154589371980676,8,0.009383988018896028,,False
num__discharged_to_snf_flag,191320,47171,100.0,100.0,False,False,False,False,,False,ed_timing_features,0.0001206949941002,0.006414468650438528,8.800174806743272e-05,0.003078638410427194,0.00036347634,0.0033022481460780726,0.00034837582,0.0018756679636988908,0.0188126600552435,0.0037115344084943398,0.0230117004952583,0.003446918097185205,13.0,0.012138188608776844,18.0,0.017391304347826087,8,0.006419871079115645,,False
num__discharged_to_acute_hospital_flag,191320,47171,100.0,100.0,False,False,False,False,,False,ed_timing_features,0.0001067220478642,0.0056718610033419485,5.645010034616608e-05,0.0019748408527636,0.00082595064,0.007503910625082221,0.0007900716,0.0042537739535089564,0.0843461340775718,0.01664058022273835,0.1049415470695035,0.0157191737227338,86.0,0.08029878618113913,87.0,0.08405797101449275,8,0.02701511219697509,,False
num__discharged_to_residential_care_flag,191320,47171,100.0,100.0,False,False,False,False,,False,ed_timing_features,2.2708439789952445e-05,0.001206865091787427,1.3435654697493997e-05,0.0004700306929044879,0.00024779656,0.002251276467856268,0.000290359,0.0015633033149994344,0.0149662842994449,0.002952686062554771,0.0114627357821412,0.0017170009412757832,2.0,0.0018674136321195146,6.0,0.005797101449275362,8,0.002228209706596631,,False
num__discharged_to_psych_facility_or_transfer_flag,191320,47171,100.0,100.0,False,False,False,False,,False,psychiatric_features,0.0008144597977288,0.04328536472056744,0.0011294850234023,0.03951371482284718,0.0012170309,0.011056945366085529,0.0014468769,0.007790037347442666,0.2548501061278005,0.05027917025684664,0.0652945646077674,0.009780460007321842,13.0,0.012138188608776844,15.0,0.014492753623188406,8,0.02354207934413457,,False
num__admitted_from_ed_flag,191320,47171,100.0,100.0,False,False,False,False,,False,ed_timing_features,0.0003475849006018,0.01847278310834553,0.0003087436880353,0.010801037454779673,0.00058288523,0.005295617508814441,0.00037911974,0.0020411943364032925,0.087067519165324,0.017177480074343356,0.1150818696361699,0.01723809064821439,6.0,0.0056022408963585435,10.0,0.00966183574879227,8,0.010786284972006437,,False
num__admitted_from_clinic_referral_flag,191320,47171,100.0,100.0,False,False,False,False,,False,ed_timing_features,,,,,,,,,,,,,,,,,0,,,False
num__admitted_from_emergency_transfer_flag,191320,47171,100.0,100.0,False,False,False,False,,False,service_transfer_features,0.0003705522030818,0.019693405743454923,0.0003051988463778,0.010677025308142546,0.00043537334,0.003955445366448937,0.00023729687,0.001277614895732489,0.0732500366459797,0.014451440181063011,0.10664534949389,0.01597438595321872,52.0,0.04855275443510738,43.0,0.04154589371980676,8,0.019515995700371845,,False
num__admission_source_high_acuity_flag,191320,47171,100.0,100.0,False,False,False,False,,False,admission_source_high_acuity_flag,0.0001900454172093,0.01010017341594572,0.0001773868767849,0.00620567277774123,0.00048468687,0.004403467686193505,0.00047338617,0.0025487281910871913,0.0300523525685927,0.005929004207113515,0.0448152266647315,0.00671286399942283,14.0,0.013071895424836602,28.0,0.02705314009661836,8,0.009503118224869869,,False
num__psych_diagnosis_group_count,191320,47171,100.0,100.0,False,False,False,False,,False,psychiatric_features,0.0014972574131901,0.07957339747306609,0.0019263303946691,0.06739041978640412,0.0015778247,0.01433482215214116,0.0012527738,0.006744979265269678,0.5737010200182577,0.113185007847552,0.2663619822209601,0.03989830899757873,165.0,0.15406162464985995,173.0,0.1671497584541063,8,0.08029228982824727,,False
num__has_multiple_psych_diagnosis_groups,191320,47171,100.0,100.0,False,False,False,False,,False,psychiatric_features,0.0012685724301579,0.0674196816920428,0.0018126367968241,0.0634129820078151,0.001734657,0.015759671901426516,0.0012709867,0.006843038174915162,0.2362558977215371,0.0466107339965887,0.2216503970065854,0.0332009694306474,20.0,0.018674136321195144,15.0,0.014492753623188406,8,0.033301745893477404,,False
num__has_severe_mental_illness,191320,47171,100.0,100.0,False,False,False,False,,False,has_severe_mental_illness,0.0010794976012873,0.05737109126441807,0.0012165549641524,0.04255975504220139,0.0007858565,0.00713964812732626,0.00044068403,0.0023726586913658957,0.1649021793472381,0.032533416905728335,0.1174064915537649,0.017586295308644532,19.0,0.017740429505135387,20.0,0.01932367149758454,8,0.02457837079280055,,False
num__high_drg_severity,191320,47171,100.0,100.0,False,False,False,False,,False,high_drg_severity,0.0001796725777232,0.009548897414851744,0.0001517425213313,0.005308534943051803,0.0010283703,0.009342929767194067,0.00042956343,0.00231278498039161,0.0,0.0,0.0578718188400423,0.008668608376763353,2.0,0.0018674136321195146,2.0,0.001932367149758454,8,0.0048726920330163185,,False
num__high_drg_mortality,191320,47171,100.0,100.0,False,False,False,False,,False,high_drg_mortality,,,,,,,,,,,,,,,,,0,,,False
num__high_service_transfer_burden,191320,47171,100.0,100.0,False,False,False,False,,False,service_transfer_features,,,,,,,,,,,,,,,,,0,,,False
num__multiple_services,191320,47171,100.0,100.0,False,False,False,False,,False,service_transfer_features,,,,,,,,,,,,,,,,,0,,,False
num__high_physical_transfer_burden,191320,47171,100.0,100.0,False,False,False,False,,False,service_transfer_features,,,,,,,,,,,,,,,,,0,,,False
num__multiple_careunits,191320,47171,100.0,100.0,False,False,False,False,,False,icu_care_features,,,,,,,,,,,,,,,,,0,,,False
num__had_careunit_transfer,191320,47171,100.0,100.0,False,False,False,False,,False,icu_care_features,,,,,,,,,,,,,,,,,0,,,False
num__high_procedure_burden,191320,47171,100.0,100.0,False,False,False,False,,False,procedure_features,,,,,,,,,,,,,,,,,0,,,False
num__multiple_procedure_codes,191320,47171,100.0,100.0,False,False,False,False,,False,procedure_features,,,,,,,,,,,,,,,,,0,,,False
num__has_any_psych_medication,191320,47171,100.0,100.0,False,False,False,False,,False,psychiatric_features,0.0001423084332613,0.0075631387254537314,0.0001413491114882,0.004944933634430511,0.0003564213,0.0032381518344433,0.00057554926,0.0030987779476560787,0.0,0.0,0.0,0.0,1.0,0.0009337068160597573,2.0,0.001932367149758454,8,0.0027138845134752287,,False
num__has_any_prescription,191320,47171,100.0,100.0,False,False,False,False,,False,medication_features,,,,,,,,,,,,,,,,,0,,,False
num__polypharmacy_5plus,191320,47171,100.0,100.0,False,False,False,False,,False,pharmacy_complexity_features,1.3049872530582172e-05,0.0006935498763945797,1.017626952372174e-05,0.000356004908068224,0.0,0.0,0.0,0.0,0.0,0.0,0.0,0.0,0.0,0.0,0.0,0.0,8,0.00013119434805785048,,False
num__polypharmacy_10plus,191320,47171,100.0,100.0,False,False,False,False,,False,pharmacy_complexity_features,3.751938039307748e-05,0.001994008874265935,3.872255532021754e-05,0.0013546633876791285,0.0,0.0,1.4775536e-05,7.955201805245741e-05,0.006162463245069,0.0012157873638279186,0.0,0.0,0.0,0.0,0.0,0.0,8,0.0005805014554781799,,False
num__antidepressant_antipsychotic_combination,191320,47171,100.0,100.0,False,False,False,False,,False,psychiatric_features,0.0001239645258612,0.006588231523860904,7.999452364359587e-05,0.002798515012727805,0.00043424944,0.00394523453211684,0.0002575123,0.0013864554990309541,0.0062809393141432,0.0012391614111801157,0.0300460510520164,0.004500592085382232,9.0,0.008403361344537815,17.0,0.01642512077294686,8,0.005660834022722941,,False
num__mood_stabiliser_antipsychotic_combination,191320,47171,100.0,100.0,False,False,False,False,,False,psychiatric_features,3.762669842812777e-05,0.0019997124096659638,2.224566715141766e-05,0.0007782386925479498,0.00023251247,0.00211241775186119,4.986098e-05,0.0002684533123585647,0.0,0.0,0.0,0.0,5.0,0.004668534080298786,5.0,0.004830917874396135,8,0.0018322842651410736,,False
num__num_labs_measured,191320,47171,100.0,100.0,False,False,False,False,,False,num_labs_measured,,,,,,,,,,,,,,,,,0,,,False
num__num_abnormal_labs,191320,47171,100.0,100.0,False,False,False,False,,False,num_abnormal_labs,0.0007401637843172,0.03933682110089068,0.0008729628514552,0.030539586137614677,0.00068255997,0.006201180510180126,0.0005510438,0.00296683966830677,0.0698060323749486,0.013771975378244199,0.0340416652960737,0.005099094358173849,42.0,0.0392156862745098,57.0,0.05507246376811594,8,0.024025455899504507,,False
num__any_abnormal_lab,191320,47171,100.0,100.0,False,False,False,False,,False,any_abnormal_lab,,,,,,,,,,,,,,,,,0,,,False
num__num_lab_value_missing_indicators,191320,47171,100.0,100.0,False,False,False,False,,False,laboratory_features,,,,,,,,,,,,,,,,,0,,,False
num__electrolyte_abnormality_count,191320,47171,100.0,100.0,False,False,False,False,,False,electrolyte_abnormality_count,,,,,,,,,,,,,,,,,0,,,False
num__any_electrolyte_abnormality,191320,47171,100.0,100.0,False,False,False,False,,False,any_electrolyte_abnormality,,,,,,,,,,,,,,,,,0,,,False
num__renal_lab_abnormality,191320,47171,100.0,100.0,False,False,False,False,,False,laboratory_features,,,,,,,,,,,,,,,,,0,,,False
num__hematology_lab_abnormality,191320,47171,100.0,100.0,False,False,False,False,,False,laboratory_features,,,,,,,,,,,,,,,,,0,,,False
num__multiple_icu_stays,191320,47171,100.0,100.0,False,False,False,False,,False,icu_care_features,,,,,,,,,,,,,,,,,0,,,False
num__prolonged_icu_stay_3plus_days,191320,47171,100.0,100.0,False,False,False,False,,False,icu_care_features,,,,,,,,,,,,,,,,,0,,,False
num__prolonged_icu_stay_7plus_days,191320,47171,100.0,100.0,False,False,False,False,,False,icu_care_features,,,,,,,,,,,,,,,,,0,,,False
num__num_vital_types_measured,191320,47171,100.0,100.0,False,False,False,False,,False,vital_sign_features,8.704963189873561e-05,0.004626348748010983,8.992171964350295e-05,0.0031458063743691027,0.00023966056,0.002177359439538851,0.00043347786,0.0023338604125129952,0.0112363260796665,0.002216805637654666,0.0213143200818755,0.003192667818467104,2.0,0.0018674136321195146,2.0,0.001932367149758454,8,0.0026865786515539586,,False
num__num_vital_value_missing_indicators,191320,47171,100.0,100.0,False,False,False,False,,False,vital_sign_features,,,,,,,,,,,,,,,,,0,,,False
num__tachycardia_indicator,191320,47171,100.0,100.0,False,False,False,False,,False,tachycardia_indicator,,,,,,,,,,,,,,,,,0,,,False
num__severe_tachycardia_indicator,191320,47171,100.0,100.0,False,False,False,False,,False,severe_tachycardia_indicator,,,,,,,,,,,,,,,,,0,,,False
num__tachypnoea_indicator,191320,47171,100.0,100.0,False,False,False,False,,False,tachypnoea_indicator,,,,,,,,,,,,,,,,,0,,,False
num__hypoxia_indicator,191320,47171,100.0,100.0,False,False,False,False,,False,hypoxia_indicator,,,,,,,,,,,,,,,,,0,,,False
num__minimum_systolic_bp,191320,47171,100.0,100.0,False,False,False,False,,False,minimum_systolic_bp,,,,,,,,,,,,,,,,,0,,,False
num__minimum_mean_bp,191320,47171,100.0,100.0,False,False,False,False,,False,minimum_mean_bp,,,,,,,,,,,,,,,,,0,,,False
num__hypotension_indicator,191320,47171,100.0,100.0,False,False,False,False,,False,hypotension_indicator,,,,,,,,,,,,,,,,,0,,,False
num__physiological_instability_score,191320,47171,100.0,100.0,False,False,False,False,,False,physiological_instability_score,,,,,,,,,,,,,,,,,0,,,False
num__heart_rate_72h_mean,191320,47171,100.0,100.0,False,False,False,False,,False,heart_rate_72h_mean,,,,,,,,,,,,,,,,,0,,,False
num__heart_rate_72h_min,191320,47171,100.0,100.0,False,False,False,False,,False,heart_rate_72h_min,,,,,,,,,,,,,,,,,0,,,False
num__heart_rate_72h_max,191320,47171,100.0,100.0,False,False,False,False,,False,heart_rate_72h_max,,,,,,,,,,,,,,,,,0,,,False
num__heart_rate_72h_std,191320,47171,100.0,100.0,False,False,False,False,,False,heart_rate_72h_std,0.0003939650228255,0.02093770588517955,0.000386711512822,0.013528650774254436,0.0003608397,0.0032782937958392776,0.00023462668,0.0012632384965897785,0.0817209653662288,0.016122662821815743,0.0495191748272667,0.007417467470731032,94.0,0.08776844070961717,78.0,0.07536231884057971,8,0.028209847349325842,,False
num__heart_rate_72h_observed_hours,191320,47171,100.0,100.0,False,False,False,False,,False,ed_timing_features,,,,,,,,,,,,,,,,,0,,,False
num__mean_bp_arterial_72h_mean,191320,47171,100.0,100.0,False,False,False,False,,False,mean_bp_arterial_72h_mean,,,,,,,,,,,,,,,,,0,,,False
num__mean_bp_arterial_72h_min,191320,47171,100.0,100.0,False,False,False,False,,False,mean_bp_arterial_72h_min,,,,,,,,,,,,,,,,,0,,,False
num__mean_bp_arterial_72h_max,191320,47171,100.0,100.0,False,False,False,False,,False,mean_bp_arterial_72h_max,,,,,,,,,,,,,,,,,0,,,False
num__mean_bp_arterial_72h_std,191320,47171,100.0,100.0,False,False,False,False,,False,mean_bp_arterial_72h_std,,,,,,,,,,,,,,,,,0,,,False
num__mean_bp_arterial_72h_observed_hours,191320,47171,100.0,100.0,False,False,False,False,,False,ed_timing_features,,,,,,,,,,,,,,,,,0,,,False
num__mean_bp_noninvasive_72h_mean,191320,47171,100.0,100.0,False,False,False,False,,False,mean_bp_noninvasive_72h_mean,,,,,,,,,,,,,,,,,0,,,False
num__mean_bp_noninvasive_72h_min,191320,47171,100.0,100.0,False,False,False,False,,False,mean_bp_noninvasive_72h_min,0.0002590579721486,0.013767921804725605,0.0002084586068911,0.0072926809779655525,0.0003489658,0.0031704172714368466,0.00020595547,0.0011088716691863057,0.0523825954672812,0.0103345196751623,0.0171564018062761,0.0025698540566708446,56.0,0.05228758169934641,66.0,0.06376811594202898,8,0.019287495387065354,,False
num__mean_bp_noninvasive_72h_max,191320,47171,100.0,100.0,False,False,False,False,,False,mean_bp_noninvasive_72h_max,,,,,,,,,,,,,,,,,0,,,False
num__mean_bp_noninvasive_72h_std,191320,47171,100.0,100.0,False,False,False,False,,False,mean_bp_noninvasive_72h_std,0.0003652032132631,0.019409127776838665,0.0003089833589103,0.010809422060515803,0.00035282626,0.003205490247240467,0.0002750533,0.0014808968748739797,0.054256945878465,0.01070430874402634,0.0147171103300518,0.002204473065577219,42.0,0.0392156862745098,49.0,0.04734299516908213,8,0.016796550026583052,,False
num__mean_bp_noninvasive_72h_observed_hours,191320,47171,100.0,100.0,False,False,False,False,,False,ed_timing_features,,,,,,,,,,,,,,,,,0,,,False
num__respiratory_rate_72h_mean,191320,47171,100.0,100.0,False,False,False,False,,False,respiratory_rate_72h_mean,,,,,,,,,,,,,,,,,0,,,False
num__respiratory_rate_72h_min,191320,47171,100.0,100.0,False,False,False,False,,False,respiratory_rate_72h_min,,,,,,,,,,,,,,,,,0,,,False
num__respiratory_rate_72h_max,191320,47171,100.0,100.0,False,False,False,False,,False,respiratory_rate_72h_max,,,,,,,,,,,,,,,,,0,,,False
num__respiratory_rate_72h_std,191320,47171,100.0,100.0,False,False,False,False,,False,respiratory_rate_72h_std,,,,,,,,,,,,,,,,,0,,,False
num__respiratory_rate_72h_observed_hours,191320,47171,100.0,100.0,False,False,False,False,,False,ed_timing_features,,,,,,,,,,,,,,,,,0,,,False
num__spo2_72h_mean,191320,47171,100.0,100.0,False,False,False,False,,False,spo2_72h_mean,0.000338637204451,0.017997247922476034,0.0003365396500497,0.011773446732908272,0.00032741987,0.002974668608957116,0.00015717364,0.000846228539299721,0.07257067739793,0.014317409947302287,0.0298209697084955,0.004466877195147118,63.0,0.058823529411764705,52.0,0.050241545893719805,8,0.020180119281446883,,False
num__spo2_72h_min,191320,47171,100.0,100.0,False,False,False,False,,False,spo2_72h_min,0.0001806079779352,0.009598610291348562,0.0001491439902021,0.005217628365390234,0.00039024316,0.003545429536430483,0.00020586465,0.0011083826910348853,0.01279813128875,0.0025249329176808334,0.0103327603744314,0.001547742146906731,34.0,0.031746031746031744,34.0,0.03285024154589372,8,0.011017374905089649,,False
num__spo2_72h_max,191320,47171,100.0,100.0,False,False,False,False,,False,spo2_72h_max,3.5991847088087454e-05,0.001912826431113199,3.578211721435846e-05,0.0012517955936298003,0.00039159006,0.0035576663660077607,0.00023336742,0.00125645859539007,0.010430379788855,0.0020578011491367582,0.0,0.0,9.0,0.008403361344537815,2.0,0.001932367149758454,8,0.0025465345786967325,,False
num__spo2_72h_std,191320,47171,100.0,100.0,False,False,False,False,,False,spo2_72h_std,0.0003511083191855,0.018660039077128734,0.0003442280327147,0.012042415823935807,0.00027971726,0.0025412817881379523,0.00023098031,0.0012436063091641623,0.0789298993612602,0.015572015678700408,0.05497951381007,0.00823537057443555,53.0,0.04948646125116713,43.0,0.04154589371980676,8,0.018665885527809564,,False
num__spo2_72h_observed_hours,191320,47171,100.0,100.0,False,False,False,False,,False,ed_timing_features,0.0003030582496791,0.01610636510914033,0.0002711238607775,0.009484951720883207,0.00044044227,0.004001497510297144,0.00018943027,0.0010198993971333346,0.0492073953645337,0.009708087028179057,0.0051520540115881,0.0007717251584200805,20.0,0.018674136321195144,16.0,0.015458937198067632,8,0.009403199930414491,,False
num__systolic_bp_arterial_72h_mean,191320,47171,100.0,100.0,False,False,False,False,,False,systolic_bp_arterial_72h_mean,,,,,,,,,,,,,,,,,0,,,False
num__systolic_bp_arterial_72h_min,191320,47171,100.0,100.0,False,False,False,False,,False,systolic_bp_arterial_72h_min,,,,,,,,,,,,,,,,,0,,,False
num__systolic_bp_arterial_72h_max,191320,47171,100.0,100.0,False,False,False,False,,False,systolic_bp_arterial_72h_max,,,,,,,,,,,,,,,,,0,,,False
num__systolic_bp_arterial_72h_std,191320,47171,100.0,100.0,False,False,False,False,,False,systolic_bp_arterial_72h_std,,,,,,,,,,,,,,,,,0,,,False
num__systolic_bp_arterial_72h_observed_hours,191320,47171,100.0,100.0,False,False,False,False,,False,ed_timing_features,,,,,,,,,,,,,,,,,0,,,False
num__systolic_bp_noninvasive_72h_mean,191320,47171,100.0,100.0,False,False,False,False,,False,systolic_bp_noninvasive_72h_mean,,,,,,,,,,,,,,,,,0,,,False
num__systolic_bp_noninvasive_72h_min,191320,47171,100.0,100.0,False,False,False,False,,False,systolic_bp_noninvasive_72h_min,,,,,,,,,,,,,,,,,0,,,False
num__systolic_bp_noninvasive_72h_max,191320,47171,100.0,100.0,False,False,False,False,,False,systolic_bp_noninvasive_72h_max,,,,,,,,,,,,,,,,,0,,,False
num__systolic_bp_noninvasive_72h_std,191320,47171,100.0,100.0,False,False,False,False,,False,systolic_bp_noninvasive_72h_std,,,,,,,,,,,,,,,,,0,,,False
num__systolic_bp_noninvasive_72h_observed_hours,191320,47171,100.0,100.0,False,False,False,False,,False,ed_timing_features,,,,,,,,,,,,,,,,,0,,,False
num__ed_length_of_stay_hours_missing,191320,47171,100.0,100.0,False,False,False,False,,False,ed_timing_features,,,,,,,,,,,,,,,,,0,,,False
num__ed_length_of_stay_hours_filled,191320,47171,100.0,100.0,False,False,False,False,,False,ed_timing_features,0.0043962020703708,0.23364101031378004,0.0037176222908688,0.13005667536693646,0.00042547993,0.0038655619511188217,0.00029772974,0.0016029876446602988,0.2945919476478454,0.058119805862094996,0.6180826400670604,0.09258247725074285,457.0,0.42670401493930904,515.0,0.4975845410628019,8,0.18051963429893053,,False
num__ed_to_admission_hours_missing,191320,47171,100.0,100.0,False,False,False,False,,False,ed_timing_features,,,,,,,,,,,,,,,,,0,,,False
num__ed_to_admission_hours_filled,191320,47171,100.0,100.0,False,False,False,False,,False,ed_timing_features,0.0039047928663168,0.20752452588589676,0.0030786896769378,0.10770436384904084,0.0003030339,0.0027531176705306542,0.00020340293,0.0010951287018814567,0.2659341449938363,0.05246593127392642,0.2242160813719605,0.03358528278778061,315.0,0.29411764705882354,341.0,0.3294685990338164,8,0.1285893245327121,,False
num__ed_to_ward_delay_hours_missing,191320,47171,100.0,100.0,False,False,False,False,,False,emar_process_features,,,,,,,,,,,,,,,,,0,,,False
num__ed_to_ward_delay_hours_filled,191320,47171,100.0,100.0,False,False,False,False,,False,emar_process_features,,,,,,,,,,,,,,,,,0,,,False
num__days_since_previous_hospital_admission_missing,191320,47171,100.0,100.0,False,False,False,False,,False,prior_utilisation_features,,,,,,,,,,,,,,,,,0,,,False
num__days_since_previous_icu_admission_missing,191320,47171,100.0,100.0,False,False,False,False,,False,prior_utilisation_features,0.0001337513597337,0.007108363609952925,0.0001019908542187,0.0035680309562642802,0.0,0.0,0.0,0.0,0.0,0.0,0.0157207695620715,0.002354810984800901,0.0,0.0,0.0,0.0,8,0.0016289006938772633,,False
num__time_to_first_transfer_hours_missing,191320,47171,100.0,100.0,False,False,False,False,,False,service_transfer_features,,,,,,,,,,,,,,,,,0,,,False
num__time_to_first_transfer_hours_filled,191320,47171,100.0,100.0,False,False,False,False,,False,service_transfer_features,0.0014628069476365,0.07774248946454403,0.0013045440798772,0.04563795152487037,0.0006100658,0.005542557892587001,0.0003990137,0.0021483041336421115,0.2553202756686361,0.050371929623332444,0.059326375316134,0.008886486105610533,137.0,0.12791783380018673,161.0,0.15555555555555556,8,0.0592253885125411,,False
num__first_order_hours_from_admission_missing,191320,47171,100.0,100.0,False,False,False,False,,False,first_order_hours_from_admission_missing,,,,,,,,,,,,,,,,,0,,,False
num__first_order_hours_from_admission_filled,191320,47171,100.0,100.0,False,False,False,False,,False,first_order_hours_from_admission_filled,0.0039419866007636,0.20950122794699194,0.0028102989438055,0.09831502740778442,0.00035891653,0.003260821449311597,0.00022261545,0.0011985696016141771,0.1294658599182298,0.02554221425363435,0.1036520253098967,0.015526016511652476,254.0,0.23716153127917833,284.0,0.2743961352657005,8,0.10811269296448349,,False
num__last_order_hours_from_admission_missing,191320,47171,100.0,100.0,False,False,False,False,full_record_not_early_prediction,True,last_order_hours_from_admission_missing,,,,,,,,,,,,,,,,,0,,full_record_only_not_for_early_prediction,True
num__last_order_hours_from_admission_filled,191320,47171,100.0,100.0,False,False,False,False,full_record_not_early_prediction,True,last_order_hours_from_admission_filled,0.0027509835312261,0.14620405552423202,0.002746491946487,0.09608281410392783,0.000670628,0.006092776409347706,0.0005299249,0.00285313474998448,0.1283474014529252,0.025321554492268347,0.0522245184808751,0.007822700365216576,106.0,0.09897292250233426,101.0,0.09758454106280193,8,0.06011681240126414,full_record_only_not_for_early_prediction,True
num__days_since_latest_body_measure_missing,191320,47171,100.0,100.0,False,False,False,False,,False,days_since_latest_body_measure_missing,0.0002835753733514,0.01507092614701857,0.0002532596453333,0.008859993000784624,0.00037556386,0.00341206544673286,0.00016207814,0.0008726345439643422,0.0061054508775105,0.0012045394401806661,0.0251371128161786,0.003765283191258552,11.0,0.01027077497665733,13.0,0.012560386473429951,8,0.007002075402503362,,False
num__days_since_latest_body_measure_filled,191320,47171,100.0,100.0,False,False,False,False,,False,days_since_latest_body_measure_filled,0.0035231087403346,0.18723950181563342,0.0030769607023297,0.10764387769102644,0.00045309783,0.004116475556867052,0.00039958948,0.0021514041539022386,0.5233816553197114,0.10325754129344418,0.6511891104697175,0.0975414889495245,182.0,0.16993464052287582,177.0,0.17101449275362318,8,0.10536242784211211,,False
num__latest_bmi_before_admission_missing,191320,47171,100.0,100.0,False,False,False,False,,False,latest_bmi_before_admission_missing,,,,,,,,,,,,,,,,,0,,,False
num__latest_bmi_before_admission_filled,191320,47171,100.0,100.0,False,False,False,False,,False,latest_bmi_before_admission_filled,0.002097301833546,0.11146342035212682,0.0015136727796532,0.05295407492005276,0.00032627728,0.0029642879726020028,0.00024108666,0.0012980192616042262,0.0544067268832696,0.01073385891669935,0.0889975362982025,0.01333092348105185,49.0,0.0457516339869281,48.0,0.0463768115942029,8,0.0356091288106585,,False
num__previous_bmi_before_admission_missing,191320,47171,100.0,100.0,False,False,False,False,,False,prior_utilisation_features,0.0002016067034047,0.010714610728876646,0.000152569138191,0.005337453168778741,0.0003809472,0.00346097406217316,0.00017531363,0.0009438948988789198,0.0122023921997854,0.002407400037126767,0.0,0.0,9.0,0.008403361344537815,12.0,0.011594202898550725,8,0.0053577371423653465,,False
num__previous_bmi_before_admission_filled,191320,47171,100.0,100.0,False,False,False,False,,False,prior_utilisation_features,0.001525203480968,0.08105862208408475,0.0010851447213557,0.0379625211248992,0.00023554017,0.002139924952775232,0.00015964838,0.0008595526286021422,0.0770386133258883,0.015198885394308161,0.1117838546193059,0.016744081626640366,17.0,0.015873015873015872,23.0,0.022222222222222223,8,0.024007353238318492,,False
num__bmi_change_recent_missing,191320,47171,100.0,100.0,False,False,False,False,,False,prior_utilisation_features,0.0001920331352607,0.010205812885268126,0.0001437037999051,0.0050273096594988026,0.00032682493,0.002969263471687307,0.00045440518,0.0024465338572143957,0.0,0.0,0.0,0.0,1.0,0.0009337068160597573,2.0,0.001932367149758454,8,0.0029393742299358553,,False
num__bmi_change_recent_filled,191320,47171,100.0,100.0,False,False,False,False,,False,prior_utilisation_features,0.0013581196731143,0.07217876873586974,0.0008535539818395,0.029860589494774346,0.00020241362,0.0018389642676217976,0.0002063736,0.0011111228961677346,0.0318510421710732,0.006283866216537145,0.0530253584985662,0.007942658034164092,13.0,0.012138188608776844,27.0,0.02608695652173913,8,0.019680139346956352,,False
num__latest_weight_kg_before_admission_missing,191320,47171,100.0,100.0,False,False,False,False,,False,latest_weight_kg_before_admission_missing,,,,,,,,,,,,,,,,,0,,,False
num__latest_weight_kg_before_admission_filled,191320,47171,100.0,100.0,False,False,False,False,,False,latest_weight_kg_before_admission_filled,0.002303058169032,0.1223985678571539,0.0016845232062758,0.05893107762044416,0.00031286324,0.0028424189983479505,0.00020142201,0.0010844633572468882,0.0565206207898095,0.01115090732702464,0.0599444056367897,0.008979060745946925,67.0,0.06255835667600373,77.0,0.07439613526570048,8,0.04279262348098359,,False
num__previous_weight_kg_before_admission_missing,191320,47171,100.0,100.0,False,False,False,False,,False,prior_utilisation_features,0.0002029161190417,0.010784201067867488,0.0001499104093459,0.005244440644309755,0.00028463724,0.0025859806943549046,0.00026589123,0.0014315679599677539,0.0,0.0,0.0,0.0,11.0,0.01027077497665733,10.0,0.00966183574879227,8,0.004997350136493687,,False
num__previous_weight_kg_before_admission_filled,191320,47171,100.0,100.0,False,False,False,False,,False,prior_utilisation_features,0.0017242203319092,0.09163559224584236,0.0012679126336061,0.044356443145817576,0.0002407285,0.0021870618671717542,0.00021308567,0.0011472609228226972,0.0532578416638036,0.01050719628574036,0.0935790930476729,0.014017193966637417,24.0,0.022408963585434174,43.0,0.04154589371980676,8,0.02847570071740914,,False
num__weight_change_recent_missing,191320,47171,100.0,100.0,False,False,False,False,,False,prior_utilisation_features,0.0002051075618306,0.010900667713178052,0.0001371968967636,0.004799673250174284,0.00027171164,0.0024685492856504295,0.00017332903,0.0009332097409917943,0.0,0.0,0.0082989013070008,0.001243090796690552,0.0,0.0,5.0,0.004830917874396135,8,0.003147013582635156,,False
num__weight_change_recent_filled,191320,47171,100.0,100.0,False,False,False,False,,False,prior_utilisation_features,0.0016690719888232,0.08870467269540022,0.0011152705096946,0.03901643665682101,0.00029063114,0.0026404363575839814,0.00018760559,0.0010100752542866753,0.0639549904468067,0.012617628072861996,0.0843666466020286,0.012637263423069632,24.0,0.022408963585434174,47.0,0.04541062801932367,8,0.02805576300809767,,False
num__latest_height_cm_before_admission_missing,191320,47171,100.0,100.0,False,False,False,False,,False,latest_height_cm_before_admission_missing,,,,,,,,,,,,,,,,,0,,,False
num__latest_height_cm_before_admission_filled,191320,47171,100.0,100.0,False,False,False,False,,False,latest_height_cm_before_admission_filled,0.0013846855344042,0.07359064075000225,0.0010247669727811,0.035850276084556994,0.0002720302,0.0024714434607414812,0.00016728487,0.0009006677658355671,0.0391505547951002,0.007723981127972212,0.0652725743380079,0.009777166089133935,21.0,0.0196078431372549,21.0,0.020289855072463767,8,0.02127648418599514,,False
num__previous_height_cm_before_admission_missing,191320,47171,100.0,100.0,False,False,False,False,,False,prior_utilisation_features,0.0001954013182744,0.010384818688378582,0.0001438484208388,0.005032369054013324,0.00023596743,0.0021438066869835528,0.00023296158,0.001254273538211338,0.0,0.0,0.0190500202791949,0.0028534987957814107,12.0,0.011204481792717087,17.0,0.01642512077294686,8,0.00616229616612902,,False
num__previous_height_cm_before_admission_filled,191320,47171,100.0,100.0,False,False,False,False,,False,prior_utilisation_features,0.0009180639243178,0.0487915203570596,0.0006337500243116,0.022171004670950498,0.0002700464,0.0024534202797218043,0.00019670659,0.0010590753661131034,0.0245870945011649,0.004850767885987528,0.0177059637963921,0.002652172839224367,13.0,0.012138188608776844,17.0,0.01642512077294686,8,0.013817658847597575,,False
num__height_change_recent_missing,191320,47171,100.0,100.0,False,False,False,False,,False,prior_utilisation_features,0.0001960244228441,0.010417934268341804,0.0001670626551525,0.005844491937891156,7.759139e-05,0.0007049317811968743,9.897445e-05,0.0005328820039511286,0.0,0.0,0.0307322255306722,0.004603374025760461,2.0,0.0018674136321195146,0.0,0.0,8,0.002996378456157617,,False
num__height_change_recent_filled,191320,47171,100.0,100.0,False,False,False,False,,False,prior_utilisation_features,0.0004819099258757,0.025611634806482084,0.0002947569714471,0.01031172850501658,0.00027215196,0.0024725496723157106,0.00017849157,0.0009610050423112546,0.0334780771248623,0.006604862619867577,0.0329197951936858,0.004931049655896906,4.0,0.003734827264239029,8.0,0.007729468599033816,8,0.007794640770645369,,False
num__orders_per_hospital_day,191320,47171,100.0,100.0,False,False,False,False,,False,healthcare_intensity_features,0.0026075044418445,0.13857870098742595,0.0020967804875925,0.0733534172797353,0.0003455159,0.00313907430732767,0.00021039465,0.0011327723742096706,0.0753703319396465,0.01486975151585054,0.1709970959727321,0.025613621418198874,258.0,0.24089635854341737,294.0,0.28405797101449276,8,0.09770520843008226,,False
num__new_orders_last_24h_per_hospital_day,191320,47171,100.0,100.0,False,False,False,False,,False,healthcare_intensity_features,0.0030136825510319,0.16016548482465767,0.0024924268605013,0.08719464370230455,0.0003853093,0.003500604527908584,0.0002458815,0.0013238348528787928,0.0965454216692103,0.019047367754247715,0.1007142301526722,0.015085964752098818,278.0,0.25957049486461253,257.0,0.24830917874396136,8,0.09927469675283375,,False
num__medications_per_hospital_day,191320,47171,100.0,100.0,False,False,False,False,,False,healthcare_intensity_features,0.0022432435523604,0.1192196540476926,0.0018225510341004,0.06375982002364085,0.00032123117,0.00291844315257216,0.00023412752,0.0012605510011695741,0.1042654488355109,0.020570445637869465,0.1551919457772826,0.023246171074898476,214.0,0.19981325863678806,237.0,0.2289855072463768,8,0.082471731352626,,False
num__prescriptions_per_hospital_day,191320,47171,100.0,100.0,False,False,False,False,,False,healthcare_intensity_features,0.0022707609758265,0.12068209788374436,0.0018170101949229,0.0635659802341769,0.00034760992,0.0031580988569389337,0.0002855015,0.0015371503600277968,0.1510385594925852,0.029798274615072427,0.1436069421471235,0.02151085565668416,236.0,0.2203548085901027,245.0,0.23671497584541062,8,0.08716528025526973,,False
num__procedures_per_hospital_day,191320,47171,100.0,100.0,False,False,False,False,,False,healthcare_intensity_features,0.0026195651580676,0.13921968106030855,0.0023067236626514,0.08069803414175607,0.0005568406,0.005058997344946858,0.0005064083,0.0027265205284948218,0.6042311427699837,0.11920827094569128,0.4243447558471906,0.06356251762779169,602.0,0.5620915032679739,620.0,0.5990338164251208,8,0.1964499176677605,,False
num__care_team_touchpoints_per_hospital_day,191320,47171,100.0,100.0,False,False,False,False,,False,healthcare_intensity_features,0.0038651231435936,0.20541623469555706,0.003581568830411,0.12529700390091103,0.0007261393,0.006597106588064107,0.00050679885,0.002728623263762794,0.6541915942098888,0.12906492779478132,0.5988631139896697,0.08970358821474433,601.0,0.5611577964519141,555.0,0.5362318840579711,8,0.2070246456209632,,False
num__discontinued_orders_per_hospital_day,191320,47171,100.0,100.0,False,False,False,False,,False,healthcare_intensity_features,0.0026056462676961,0.1384799462717824,0.0020740746581899,0.07255908034808836,0.00037855678,0.003439256665070098,0.0002636193,0.001419335807010736,0.1522856090520833,0.030044304008873375,0.1775307509013786,0.026592296306608598,82.0,0.0765639589169001,88.0,0.08502415458937199,8,0.05426529161421321,,False
num__discontinued_pharmacy_orders_per_hospital_day,191320,47171,100.0,100.0,False,False,False,False,,False,pharmacy_complexity_features,0.0023017385022223,0.12232843270827758,0.0017181090160479,0.060106037962487105,0.00038335982,0.003482893150282694,0.0002442009,0.0013147864419420282,0.0911521634009465,0.017983336214966356,0.1076957886711087,0.01613173103124516,205.0,0.19140989729225025,204.0,0.19710144927536233,8,0.07623232050960169,,False
num__total_selected_lab_event_count,191320,47171,100.0,100.0,False,False,False,False,,False,laboratory_features,,,,,,,,,,,,,,,,,0,,,False
num__lab_tests_per_hospital_day,191320,47171,100.0,100.0,False,False,False,False,,False,healthcare_intensity_features,0.0026496666563407,0.1408194584035489,0.002071939392458,0.07248438056946965,0.00042883077,0.0038960049372504754,0.00026686466,0.0014368089421516017,0.2009252388039634,0.03964037702089865,0.1749215689179163,0.02620146744980599,353.0,0.3295985060690943,437.0,0.4222222222222222,8,0.12953740320180523,,False
num__discontinued_order_proportion,191320,47171,100.0,100.0,False,False,False,False,,False,healthcare_intensity_features,,,,,,,,,,,,,,,,,0,,,False
num__psych_related_order_proportion,191320,47171,100.0,100.0,False,False,False,False,,False,healthcare_intensity_features,3.92680377633691e-05,0.0020869431998832995,3.527691549828374e-05,0.0012341217014370047,0.0002707774,0.0024600615466465873,0.00016168795,0.0008705337469493379,0.0224668315707455,0.004432462936118767,0.0476756185431558,0.007141321537048697,12.0,0.011204481792717087,14.0,0.01352657004830918,8,0.005369562063638745,,False
num__consult_order_proportion,191320,47171,100.0,100.0,False,False,False,False,,False,healthcare_intensity_features,0.0023436160829503,0.12455406294869133,0.0016902000789067,0.05912967638145058,0.00035532744,0.003228213918932571,0.00026842303,0.001445199262365529,0.149725916478459,0.029539304341932283,0.190108417336363,0.02847630249137708,394.0,0.3678804855275444,436.0,0.421256038647343,8,0.12943866043995458,,False
num__safety_order_proportion,191320,47171,100.0,100.0,False,False,False,False,,False,healthcare_intensity_features,0.0020655256057426,0.10977463765990608,0.0026061643210523,0.09117361596645143,0.001248169,0.011339840624130093,0.0014068271,0.00757440778161187,0.243503980879958,0.048040702430564075,0.2429940667476835,0.03639803352880455,110.0,0.10270774976657329,87.0,0.08405797101449275,8,0.06138336984656677,,False
num__followup_order_proportion,191320,47171,100.0,100.0,False,False,False,False,,False,healthcare_intensity_features,0.0012966560324009,0.06891221572398085,0.0009635935991318,0.03371019702990188,0.00031272272,0.0028411423487880727,0.00021615752,0.0011637998738735721,0.1164637166221863,0.022977031972886714,0.0327793847992202,0.004910017610489566,191.0,0.17833800186741364,215.0,0.20772946859903382,8,0.06507273437829601,,False
num__discharge_planning_order_proportion,0,0,0.0,0.0,True,True,True,True,,False,healthcare_intensity_features,,,,,,,,,,,,,,,,,0,,all_zero_in_training; very_rare_and_low_recorded_model_signal,True
num__orders_first_72h_to_total_ratio,191320,47171,100.0,100.0,False,False,False,False,,False,healthcare_intensity_features,0.0016221677070951,0.0862118928832859,0.0013825465536189,0.04836677699758171,0.0006241571,0.005670579896167289,0.00038645504,0.002080687855827576,0.1175704396488428,0.023195376459102194,0.1939810393361896,0.029056381780063742,136.0,0.12698412698412698,126.0,0.12173913043478261,8,0.05541311916136725,,False
num__orders_after_72h_to_total_ratio,191320,47171,100.0,100.0,False,False,False,False,full_record_not_early_prediction,True,healthcare_intensity_features,0.0015583089708075,0.08281804987407734,0.0015264735066343,0.05340189340810379,0.0009619681,0.008739653796478874,0.00040530766,0.002182191040996365,0.0621013533506651,0.012251925517083685,0.1036473361832758,0.015525314128296979,95.0,0.08870214752567694,80.0,0.07729468599033816,8,0.042614482660131514,full_record_only_not_for_early_prediction,True
num__creatinine_lab_coefficient_of_variation,191320,47171,100.0,100.0,False,False,False,False,,False,lab_vital_dynamics_features,0.0022419109712293,0.11914883255295429,0.0015951573337383,0.05580471690810389,0.00032482014,0.00295104959272953,0.00020780163,0.0011188114611266945,0.180574842571716,0.035625463892150135,0.1185362708490293,0.01775552472736891,309.0,0.28851540616246496,341.0,0.3294685990338164,8,0.10629855054133935,,False
num__creatinine_lab_rate_of_change_per_day,191320,47171,100.0,100.0,False,False,False,False,,False,lab_vital_dynamics_features,0.0015063277478998,0.08005545042048207,0.0010157265088983,0.035534006010735954,0.000351325,0.0031918510292055845,0.000222417,0.0011975011396658248,0.1499775447528308,0.029588947879621182,0.0554002729689167,0.008298396006192928,270.0,0.25210084033613445,280.0,0.27053140096618356,8,0.0850622992235277,,False
num__creatinine_lab_last_to_first_ratio,191320,47171,100.0,100.0,False,False,False,False,,False,lab_vital_dynamics_features,0.0012842768646056,0.06825431119087694,0.000893989133871,0.03127516607886959,0.00029518307,0.00268179146312834,0.00022639996,0.0012189455397757236,0.048168877430737,0.009503198669286367,0.0493668043002792,0.007394643919422467,164.0,0.1531279178338002,223.0,0.21545893719806763,8,0.06111436398665341,,False
num__glucose_lab_coefficient_of_variation,191320,47171,100.0,100.0,False,False,False,False,,False,lab_vital_dynamics_features,0.0023650957827118,0.12569562529573108,0.0016796015881955,0.058758900558099285,0.00033718962,0.003063428550870106,0.0002513619,0.0013533415238878642,0.1007807724307874,0.019882956662859004,0.0648326094206866,0.009711263830587076,300.0,0.2801120448179272,339.0,0.32753623188405795,8,0.10326422414050243,,False
num__glucose_lab_rate_of_change_per_day,191320,47171,100.0,100.0,False,False,False,False,,False,lab_vital_dynamics_features,0.0018161519979409,0.09652140208525763,0.0013304022725223,0.04654257020404058,0.00032416594,0.0029451060676649703,0.00019332128,0.0010408487351311097,0.0960226862290124,0.01894423770421031,0.0668045098930945,0.010006634415024824,223.0,0.20821661998132587,275.0,0.26570048309178745,8,0.08123973778555534,,False
num__glucose_lab_last_to_first_ratio,191320,47171,100.0,100.0,False,False,False,False,,False,lab_vital_dynamics_features,0.0018541618833931,0.09854147939217131,0.0013443033336314,0.04702888259687371,0.00036031194,0.0032734990009935555,0.00023284955,0.001253670364655914,0.1326688033525105,0.02617412035994176,0.0589525427977069,0.008830489806104192,177.0,0.16526610644257703,251.0,0.242512077294686,8,0.07411004065725044,,False
num__hemoglobin_lab_coefficient_of_variation,191320,47171,100.0,100.0,False,False,False,False,,False,lab_vital_dynamics_features,0.0022896513864787,0.12168604960374568,0.0016378718069841,0.05729903288367881,0.00031042664,0.002820282047610706,0.00018469982,0.0009944304839381553,0.0766255163041741,0.015117385818722547,0.1522987837983281,0.022812804910350953,301.0,0.28104575163398693,309.0,0.2985507246376812,8,0.10004080775246436,,False
num__hemoglobin_lab_rate_of_change_per_day,191320,47171,100.0,100.0,False,False,False,False,,False,lab_vital_dynamics_features,0.0018760782289233,0.09970624776043469,0.0013783867491873,0.04822125109628739,0.0003079043,0.0027973661334998222,0.00020472184,0.0011022297608298134,0.1083196556505031,0.0213702968045205,0.0470654070842389,0.007049918082476365,233.0,0.21755368814192344,270.0,0.2608695652173913,8,0.08233382037467042,,False
num__hemoglobin_lab_last_to_first_ratio,191320,47171,100.0,100.0,False,False,False,False,,False,lab_vital_dynamics_features,0.0017697844861593,0.09405714950428484,0.0012564897666703,0.04395682748274227,0.00033141073,0.00301092629229424,0.0002131595,0.001147658426202122,0.097407977523981,0.019217540697618232,0.0663633346406327,0.009940550860615006,182.0,0.16993464052287582,239.0,0.23091787439613526,8,0.07152289602284598,,False
num__platelet_lab_coefficient_of_variation,191320,47171,100.0,100.0,False,False,False,False,,False,lab_vital_dynamics_features,0.0023752920086921,0.12623751497716332,0.0016868226029092,0.059011519327022165,0.00031298195,0.0028434975001217413,0.00018588701,0.0010008223576618359,0.132103579080149,0.026062607722748213,0.1545863816419717,0.02315546374201625,299.0,0.2791783380018674,320.0,0.30917874396135264,8,0.10333356344874418,,False
num__platelet_lab_rate_of_change_per_day,191320,47171,100.0,100.0,False,False,False,False,,False,lab_vital_dynamics_features,0.0019688559090165,0.10463701995073929,0.0015208381554271,0.05320474722562752,0.00038692873,0.0035153173417198026,0.00025741765,0.001385945900021574,0.3396799946370157,0.0670151899981344,0.3425759713081367,0.051314387452858316,292.0,0.2726423902894491,406.0,0.3922705314009662,8,0.11824819119493951,,False
num__platelet_lab_last_to_first_ratio,191320,47171,100.0,100.0,False,False,False,False,,False,lab_vital_dynamics_features,0.0019951333954312,0.10603356596390272,0.0014486922378173,0.05068080653141711,0.00039044218,0.003547237669047953,0.00025676106,0.0013824107958105955,0.2171970449701347,0.042850628431212213,0.1373688630128467,0.020576455008455546,239.0,0.223155929038282,289.0,0.2792270531400966,8,0.0909317608222781,,False
num__potassium_lab_coefficient_of_variation,191320,47171,100.0,100.0,False,False,False,False,,False,lab_vital_dynamics_features,0.0022845509543447,0.12141498150957045,0.0015828553026983,0.05537434471530391,0.00029995354,0.002725132044012975,0.00019766409,0.001064230580603138,0.0871031590519914,0.017184511438610422,0.0918194682684229,0.013753620116582219,299.0,0.2791783380018674,302.0,0.29178743961352654,8,0.09781032475250964,,False
num__potassium_lab_rate_of_change_per_day,191320,47171,100.0,100.0,False,False,False,False,,False,lab_vital_dynamics_features,0.0018856091500616,0.10021277908186357,0.0012423879920827,0.04346349336320519,0.0003391159,0.003080929152309053,0.00019687439,0.0010599788073574145,0.1054091279424566,0.020796081159121654,0.0371533710153491,0.005565196146657287,235.0,0.21942110177404295,278.0,0.26859903381642514,8,0.08277482416262279,,False
num__potassium_lab_last_to_first_ratio,191320,47171,100.0,100.0,False,False,False,False,,False,lab_vital_dynamics_features,0.0016490178074868,0.08763887109814629,0.0011443804303203,0.04003481324286445,0.00034367025,0.0031223062439901528,0.00022424108,0.0012073220520908716,0.1648568857496416,0.032524480968680075,0.0988123561191799,0.014801083414191521,221.0,0.20634920634920634,221.0,0.2135265700483092,8,0.07490058167718486,,False
num__sodium_lab_coefficient_of_variation,191320,47171,100.0,100.0,False,False,False,False,,False,lab_vital_dynamics_features,0.0022111923265741,0.11751625628420567,0.0015520704702614,0.05429737329507505,0.00034072806,0.003095575916858243,0.00020395154,0.0010980824378828957,0.1402989980066195,0.027679475260262824,0.0810101651003665,0.012134496718221791,252.0,0.23529411764705882,248.0,0.2396135265700483,8,0.0863411130162017,,False
num__sodium_lab_rate_of_change_per_day,191320,47171,100.0,100.0,False,False,False,False,,False,lab_vital_dynamics_features,0.001907186112634,0.10135951056831978,0.0014074517556589,0.04923805641308879,0.00035125064,0.0031911754551857117,0.00022681152,0.001221161393640495,0.2131056194882968,0.04204343442403621,0.1979972112896385,0.029657963388107143,333.0,0.31092436974789917,364.0,0.3516908212560386,8,0.11116581158078948,,False
num__sodium_lab_last_to_first_ratio,191320,47171,100.0,100.0,False,False,False,False,,False,lab_vital_dynamics_features,0.0016301922658618,0.08663836691417956,0.0011619276391005,0.040648681854941505,0.00040186816,0.0036510447594135186,0.00029852492,0.001607268922423417,0.1381704707977331,0.027259539857613778,0.2250704498923945,0.03371325848063982,260.0,0.24276377217553688,276.0,0.26666666666666666,8,0.08786857495392689,,False
num__urea_nitrogen_lab_coefficient_of_variation,191320,47171,100.0,100.0,False,False,False,False,,False,lab_vital_dynamics_features,0.0024187512454879,0.12854720407468473,0.0017990357096407,0.06293716385254051,0.00035004452,0.003180217637315235,0.0002508903,0.0013508024125003966,0.2183965433826272,0.04308727649787727,0.2203283165920797,0.033002935265044005,466.0,0.4351073762838469,437.0,0.4222222222222222,8,0.14117939978075392,,False
num__urea_nitrogen_lab_rate_of_change_per_day,191320,47171,100.0,100.0,False,False,False,False,,False,lab_vital_dynamics_features,0.0018454294946098,0.09807738695394295,0.0013938978415175,0.04876388855161208,0.0003296143,0.002994605401539538,0.00020025716,0.001078191762887915,0.0750473441743807,0.01480602952221506,0.1340318115185545,0.020076598720595164,237.0,0.22128851540616246,340.0,0.3285024154589372,8,0.09194845397223654,,False
num__urea_nitrogen_lab_last_to_first_ratio,191320,47171,100.0,100.0,False,False,False,False,,False,lab_vital_dynamics_features,0.0018267726543827,0.0970858485919325,0.0013339642904553,0.04666718324262206,0.0003007654,0.002732507938630696,0.0002184069,0.0011759106168183178,0.122366872002491,0.02414166069888034,0.1473274849264016,0.022068155028796534,208.0,0.1942110177404295,279.0,0.26956521739130435,8,0.08220593765617679,,False
num__wbc_lab_coefficient_of_variation,191320,47171,100.0,100.0,False,False,False,False,,False,lab_vital_dynamics_features,0.0025613997441718,0.13612841595229053,0.0017460945963969,0.061085080816664375,0.00035539473,0.003228825260726509,0.00023802412,0.001281530435928706,0.2807749820536903,0.055393867952564985,0.2381615168595723,0.0356741668302825,417.0,0.38935574229691877,453.0,0.43768115942028984,8,0.13997859862070827,,False
num__wbc_lab_rate_of_change_per_day,191320,47171,100.0,100.0,False,False,False,False,,False,lab_vital_dynamics_features,0.0019551736797715,0.10390986277894057,0.0014834778824258,0.05189774169435429,0.00034303658,0.0031165492376806765,0.00023333193,0.0012562675159516873,0.1547066171479093,0.030521942727933578,0.1578383857003689,0.02364258079115909,287.0,0.2679738562091503,316.0,0.30531400966183575,8,0.09845410132712575,,False
num__wbc_lab_last_to_first_ratio,191320,47171,100.0,100.0,False,False,False,False,,False,lab_vital_dynamics_features,0.0019234847823045,0.10222572135381833,0.0014651485008445,0.05125650968005013,0.00038007423,0.0034530429721768164,0.00021775134,0.001172381058164441,0.186975842353671,0.03688831193542135,0.1471379917067308,0.022039770876642644,224.0,0.20915032679738563,289.0,0.2792270531400966,8,0.08817663972671949,,False
num__heart_rate_vital_value_range,191320,47171,100.0,100.0,False,False,False,False,,False,vital_sign_features,0.0003016520324451,0.01603163014245471,0.0002830962938636,0.009903793314085347,0.00027107957,0.0024628068156297084,0.00020586267,0.001108372030643564,0.0304971177652991,0.006016751571198608,0.0234267220068057,0.003509084087880619,47.0,0.04388422035480859,50.0,0.04830917874396135,8,0.016403229632582814,,False
num__heart_rate_vital_relative_range,191320,47171,100.0,100.0,False,False,False,False,,False,lab_vital_dynamics_features,0.0003785845014947,0.020120291106386714,0.0003265725159342,0.011424758182922372,0.00036630072,0.0033279081480986172,0.00026821982,0.001444105172405717,0.0118945264398492,0.0023466614516292855,0.0056154665997423,0.0008411396389753652,43.0,0.040149393090569564,57.0,0.05507246376811594,8,0.016840840069887945,,False
num__heart_rate_vital_rate_of_change_per_day,191320,47171,100.0,100.0,False,False,False,False,,False,lab_vital_dynamics_features,0.0019481356264016,0.10353581766598537,0.0016658865666405,0.05827909654185741,0.00033845092,0.0030748876889990094,0.0002136324,0.0011502045368364168,0.1644875126973046,0.03245160765946736,0.1078378356322085,0.01615300821764718,150.0,0.1400560224089636,158.0,0.15265700483091788,8,0.06341970619383427,,False
num__mean_bp_arterial_vital_value_range,191320,47171,100.0,100.0,False,False,False,False,,False,vital_sign_features,8.665116434206033e-05,0.004605171749995734,6.771285192928985e-05,0.0023688550671668767,0.00029786906,0.0027061941670234115,0.00021161603,0.0011393483281249065,0.0240680610492272,0.004748368198204436,0.0098773793943484,0.0014795307193468483,38.0,0.035480859010270774,36.0,0.034782608695652174,8,0.010913866991973145,,False
num__mean_bp_arterial_vital_relative_range,191320,47171,100.0,100.0,False,False,False,False,,False,lab_vital_dynamics_features,0.000104015643407,0.005528026151900602,8.542559913178393e-05,0.00298851484767487,0.00021614639,0.001963728961447582,0.00018305135,0.000985555062078743,0.0455831037075126,0.00899305347354341,0.0249121031281793,0.0037315790342899433,15.0,0.014005602240896359,19.0,0.018357487922705314,8,0.0070691934618171024,,False
num__mean_bp_arterial_vital_rate_of_change_per_day,191320,47171,100.0,100.0,False,False,False,False,,False,lab_vital_dynamics_features,0.0001415632664827,0.007523536014700792,9.823085959547324e-05,0.003436491934321266,0.00045792107,0.004160295562725176,0.0001053145,0.000567017061525587,0.0032922106647675,0.000649517565640105,0.0021866053666508,0.0003275311883736705,15.0,0.014005602240896359,15.0,0.014492753623188406,8,0.00564534314892142,,False
num__mean_bp_noninvasive_vital_value_range,191320,47171,100.0,100.0,False,False,False,False,,False,vital_sign_features,0.0002906889779355,0.015448986512624484,0.0003039331062724,0.010632744868359502,0.00033473395,0.003041118345741267,0.000222069,0.0011956274951305432,0.0471713267186881,0.009306392700267884,0.0043335833303432,0.000649126595841888,43.0,0.040149393090569564,45.0,0.043478260869565216,8,0.015487706309762542,,False
num__mean_bp_noninvasive_vital_relative_range,191320,47171,100.0,100.0,False,False,False,False,,False,lab_vital_dynamics_features,0.0004018223261209,0.02135529093948171,0.0003181867393461,0.01113139157973168,0.00039504553,0.0035890599345721644,0.00017135448,0.0009225786926666791,0.0215280918556857,0.004247259740885699,0.0469775492800568,0.007036757879245115,53.0,0.04948646125116713,43.0,0.04154589371980676,8,0.01741433671719462,,False
num__mean_bp_noninvasive_vital_rate_of_change_per_day,191320,47171,100.0,100.0,False,False,False,False,,False,lab_vital_dynamics_features,0.0019321123848409,0.10268424481132177,0.0016695595507715,0.058407591603318244,0.00038617503,0.003508469841198313,0.00026697962,0.001437427890932567,0.1078242553223403,0.021272559676514344,0.1450861342018558,0.02173242354401695,124.0,0.1157796451914099,140.0,0.13526570048309178,8,0.05751100788022548,,False
num__respiratory_rate_vital_value_range,191320,47171,100.0,100.0,False,False,False,False,,False,vital_sign_features,0.0002658280488854,0.014127725003797924,0.0001792166891893,0.006269686628326849,0.00027180932,0.002469436726078901,0.00014693002,0.0007910765202350648,0.0452072082898613,0.008918893372180218,0.0121056513281791,0.001813303134634174,22.0,0.02054154995331466,31.0,0.02995169082125604,8,0.010610420269977978,,False
num__respiratory_rate_vital_relative_range,191320,47171,100.0,100.0,False,False,False,False,,False,lab_vital_dynamics_features,0.000379555264543,0.020171883379842187,0.0003066781563685,0.010728777241011062,0.00033889644,0.003078935318602743,0.00027054374,0.0014566172413954625,0.071410080760933,0.014088436780299434,0.0236527130191652,0.0035429352372323883,60.0,0.056022408963585436,53.0,0.051207729468599035,8,0.02003721545382097,,False
num__respiratory_rate_vital_rate_of_change_per_day,191320,47171,100.0,100.0,False,False,False,False,,False,lab_vital_dynamics_features,0.0005067085841369,0.02692958686551568,0.000456068814573,0.015955034998470077,0.000512408,0.004655319155121825,0.00035288624,0.0018999522274483864,0.059025000522881,0.011644994368619802,0.0212320103030108,0.0031803386528583954,79.0,0.07376283846872082,60.0,0.057971014492753624,8,0.024499884903688575,,False
num__spo2_vital_value_range,191320,47171,100.0,100.0,False,False,False,False,,False,vital_sign_features,0.0002451520900319,0.013028878354255624,0.0002122991117617,0.007427036556913846,0.0002781143,0.0025267186072491015,0.00020921373,0.0011264142583918412,0.0272164029018189,0.005369502002848931,0.0140091938112023,0.002098434389268986,3.0,0.0028011204481792717,10.0,0.00966183574879227,8,0.005504992545737485,,False
num__spo2_vital_relative_range,191320,47171,100.0,100.0,False,False,False,False,,False,lab_vital_dynamics_features,0.0004875087399476,0.025909189958719978,0.0004633164953017,0.016208586646794053,0.00035955504,0.0032666224278945564,0.00029846097,0.0016069246133198789,0.0161075629074401,0.0031778479913205054,0.0464777928848281,0.006961899466966857,63.0,0.058823529411764705,54.0,0.05217391304347826,8,0.021016064195032345,,False
num__spo2_vital_rate_of_change_per_day,191320,47171,100.0,100.0,False,False,False,False,,False,lab_vital_dynamics_features,0.0020106410954777,0.10685773979588532,0.0017310221354903,0.06055778836957384,0.00030602724,0.0027803127046436902,0.00023305784,0.0012547918055187124,0.1176416619261642,0.023209427844294583,0.0954576262882428,0.014298579091757508,154.0,0.1437908496732026,175.0,0.16908212560386474,8,0.06522895186109262,,False
num__systolic_bp_arterial_vital_value_range,191320,47171,100.0,100.0,False,False,False,False,,False,vital_sign_features,9.057724184218396e-05,0.004813827471233251,7.850350267504685e-05,0.002746353384972298,0.0002664493,0.0024207399770471995,0.00017861293,0.000961658448922754,0.0,0.0,0.0188925086924873,0.0028299051661471878,5.0,0.004668534080298786,10.0,0.00966183574879227,8,0.003512856784676718,,False
num__systolic_bp_arterial_vital_relative_range,191320,47171,100.0,100.0,False,False,False,False,,False,lab_vital_dynamics_features,0.0001073102449557,0.005703121386855233,0.0001106453848221,0.0038707996048987186,0.00034463624,0.003131082437473971,0.0002308887,0.0012431130776242854,0.0827704290143169,0.016329710651782632,0.0117829970145541,0.001764972808372625,9.0,0.008403361344537815,8.0,0.007729468599033816,8,0.006021953738822387,,False
num__systolic_bp_arterial_vital_rate_of_change_per_day,191320,47171,100.0,100.0,False,False,False,False,,False,lab_vital_dynamics_features,0.0018901637367334,0.10045483761660041,0.0016593658221554,0.058050975909287386,0.00050255505,0.004565803326193593,0.00041587165,0.0022390679436810447,0.1121711546612262,0.022130155913259158,0.0954190614222681,0.01429280246805814,121.0,0.11297852474323063,123.0,0.11884057971014493,8,0.054194093453806914,,False
num__systolic_bp_noninvasive_vital_value_range,191320,47171,100.0,100.0,False,False,False,False,,False,vital_sign_features,0.0002944611989541,0.015649465361368176,0.0002588972134049,0.00905721673767365,0.00029412273,0.0026721580828670214,0.00013958919,0.0007515532270915862,0.0185703901270256,0.003663737171310247,0.0,0.0,44.0,0.04108309990662932,47.0,0.04541062801932367,8,0.014785982313282958,,False
num__systolic_bp_noninvasive_vital_relative_range,191320,47171,100.0,100.0,False,False,False,False,,False,lab_vital_dynamics_features,0.0003376240577282,0.01794340312186815,0.0003500630475102,0.012246547003933189,0.00024736358,0.002247342766415649,0.00017118268,0.0009216537152782843,0.0349271386567268,0.006890746791470496,0.0384801067237029,0.005763927627811792,32.0,0.029878618113912233,35.0,0.033816425120772944,8,0.013713583032682844,,False
num__systolic_bp_noninvasive_vital_rate_of_change_per_day,191320,47171,100.0,100.0,False,False,False,False,,False,lab_vital_dynamics_features,0.0019578887866458,0.10405416012994195,0.0015652674823693,0.05475905535560777,0.00037228686,0.0033822933103272337,0.00027140777,0.0014612692100386213,0.0748595672656387,0.014768983168543111,0.0735192095195712,0.01101242795316141,146.0,0.13632119514472454,159.0,0.1536231884057971,8,0.05992282158476772,,False
num__heart_rate_abnormal_anytime_flag,191320,47171,100.0,100.0,False,False,False,False,,False,lab_vital_dynamics_features,,,,,,,,,,,,,,,,,0,,,False
num__respiratory_rate_abnormal_anytime_flag,191320,47171,100.0,100.0,False,False,False,False,,False,lab_vital_dynamics_features,,,,,,,,,,,,,,,,,0,,,False
num__spo2_low_anytime_flag,191320,47171,100.0,100.0,False,False,False,False,,False,spo2_low_anytime_flag,,,,,,,,,,,,,,,,,0,,,False
num__systolic_bp_arterial_abnormal_anytime_flag,191320,47171,100.0,100.0,False,False,False,False,,False,lab_vital_dynamics_features,,,,,,,,,,,,,,,,,0,,,False
num__systolic_bp_noninvasive_abnormal_anytime_flag,191320,47171,100.0,100.0,False,False,False,False,,False,lab_vital_dynamics_features,,,,,,,,,,,,,,,,,0,,,False
num__mean_bp_arterial_abnormal_anytime_flag,191320,47171,100.0,100.0,False,False,False,False,,False,lab_vital_dynamics_features,,,,,,,,,,,,,,,,,0,,,False
num__mean_bp_noninvasive_abnormal_anytime_flag,191320,47171,100.0,100.0,False,False,False,False,,False,lab_vital_dynamics_features,,,,,,,,,,,,,,,,,0,,,False
num__vital_abnormality_burden_score,191320,47171,100.0,100.0,False,False,False,False,,False,lab_vital_dynamics_features,8.476764460519117e-05,0.004505070015083686,7.36073215697882e-05,0.002575066205500513,0.00041118337,0.003735675123394921,0.00023367793,0.001258130392414927,0.0,0.0,0.0,0.0,5.0,0.004668534080298786,5.0,0.004830917874396135,8,0.002696674211386121,,False
num__vital_72h_hourly_rows,191320,47171,100.0,100.0,False,False,False,False,,False,vital_72h_hourly_rows,0.000286304998985,0.01521599511350466,0.0002550390035547,0.00892224177068535,0.00034145438,0.003102174665138418,0.0003221464,0.00173444782161095,0.0100551655901976,0.001983775444915073,0.0156027770761989,0.0023371369135183405,22.0,0.02054154995331466,21.0,0.020289855072463767,8,0.009265897094393901,,False
num__vital_72h_abnormal_window_count,191320,47171,100.0,100.0,False,False,False,False,,False,vital_72h_abnormal_window_count,0.0002738225434588,0.014552601239962307,0.0002489598785404,0.008709570679692115,0.0004852781,0.004408839117443764,0.00026519352,0.001427811464195595,0.0064427112254779,0.0012710772600544105,0.0208553863602697,0.003123924226452357,21.0,0.0196078431372549,21.0,0.020289855072463767,8,0.009173940274689901,,False
num__vital_72h_abnormal_window_percentage,191320,47171,100.0,100.0,False,False,False,False,,False,vital_72h_abnormal_window_percentage,0.0003801944001913,0.020205850949168176,0.0003767351398968,0.013179639015297877,0.00035633767,0.003237392040800455,0.00033671487,0.0018128849888606987,0.0193704927852604,0.003821588774307695,0.0286043859333824,0.004284645350436497,31.0,0.028944911297852476,28.0,0.02705314009661836,8,0.01281750656416778,,False
num__vital_72h_max_instability_score,191320,47171,100.0,100.0,False,False,False,False,,False,vital_72h_max_instability_score,6.979860875316127e-05,0.003709524086141326,6.301332111819567e-05,0.0022044474686390135,1.8290615e-05,0.00016617353821263246,0.00017934716,0.0009656115696903969,0.0,0.0,0.0,0.0,3.0,0.0028011204481792717,4.0,0.003864734299516908,8,0.0017139514262974435,,False
num__vital_72h_mean_instability_score,191320,47171,100.0,100.0,False,False,False,False,,False,vital_72h_mean_instability_score,0.0003342340220274,0.01776323593358695,0.00034942862758,0.012224352563386876,0.0004216555,0.0038308163143675952,0.00026787337,0.001442239873126268,0.0947836159382243,0.01869978253384639,0.0218461000847418,0.003272323040643264,58.0,0.05415499533146592,60.0,0.057971014492753624,8,0.02116984501039711,,False
num__vital_72h_hours_with_2plus_instability_indicators,191320,47171,100.0,100.0,False,False,False,False,,False,vital_72h_hours_with_2plus_instability_indicators,0.0001555601079158,0.008267413598416007,0.0001237676678437,0.0043298673555965585,0.00025327038,0.002301007110425644,0.0001293599,0.0006964783612631099,0.0069710445680925,0.0013753117157087752,0.0,0.0,22.0,0.02054154995331466,23.0,0.022222222222222223,8,0.007466731289618372,,False
num__vital_72h_hours_with_3plus_instability_indicators,191320,47171,100.0,100.0,False,False,False,False,,False,vital_72h_hours_with_3plus_instability_indicators,3.828654206966743e-05,0.002034780528144295,3.236596714194125e-05,0.0011322855718440014,0.00014984256,0.0013613466999353862,0.00024361614,0.0013116380730384327,0.0,0.0,8.968359152460854e-05,1.3433687558659011e-05,4.0,0.003734827264239029,3.0,0.002898550724637681,8,0.0015608578186746855,,False
num__tachycardia_72h_hour_percentage,191320,47171,100.0,100.0,False,False,False,False,,False,tachycardia_72h_hour_percentage,0.0001737131369465,0.009232176358429538,0.0001367946620908,0.004785601539772136,0.00027448448,0.0024937410374694644,0.00019598595,0.0010551954143949848,0.0280209201758553,0.005528224561809003,0.016266698858878,0.002436585626937134,35.0,0.032679738562091505,30.0,0.028985507246376812,8,0.010899596293410072,,False
num__severe_tachycardia_72h_hour_percentage,191320,47171,100.0,100.0,False,False,False,False,,False,severe_tachycardia_72h_hour_percentage,,,,,,,,,,,,,,,,,0,,,False
num__tachypnoea_72h_hour_percentage,191320,47171,100.0,100.0,False,False,False,False,,False,tachypnoea_72h_hour_percentage,,,,,,,,,,,,,,,,,0,,,False
num__hypoxia_72h_hour_percentage,191320,47171,100.0,100.0,False,False,False,False,,False,hypoxia_72h_hour_percentage,,,,,,,,,,,,,,,,,0,,,False
num__hypotension_72h_hour_percentage,191320,47171,100.0,100.0,False,False,False,False,,False,hypotension_72h_hour_percentage,0.0002618240646437,0.013914928842807917,0.0002325028189606,0.008133839664596394,0.00036928977,0.003355064206787429,0.00033253353,0.0017903725036849687,0.0612180968819253,0.012077668566411829,0.06574403929392,0.009847786732274015,62.0,0.05788982259570495,47.0,0.04541062801932367,8,0.019052513891448897,,False
num__vital_72h_longest_abnormal_run_hours,191320,47171,100.0,100.0,False,False,False,False,,False,vital_72h_longest_abnormal_run_hours,0.0002518709880422,0.013385961603431504,0.0002182592477402,0.007635544955414282,0.00035466507,0.003222196167943558,0.00020079048,0.001081063176978594,0.0,0.0,0.0064671018336303,0.0009687059133797267,19.0,0.017740429505135387,22.0,0.021256038647342997,8,0.008161242496203255,,False
num__has_first_72h_vital_burden_data,191320,47171,100.0,100.0,False,False,False,False,,False,vital_sign_features,,,,,,,,,,,,,,,,,0,,,False
num__age_65plus,191320,47171,100.0,100.0,False,False,False,False,,False,age_65plus,0.0003633285333191,0.01930949584247351,0.0004064612002915,0.014219570531790899,0.00081716955,0.007424132837694341,0.00088337355,0.004756115013131394,0.1485146530687411,0.029300335168529014,0.0798520590185903,0.01196102423570981,6.0,0.0056022408963585435,6.0,0.005797101449275362,8,0.012296251996870358,,False
num__recent_psych_admission_90d_x_severe_mental_illness,191320,47171,100.0,100.0,False,False,False,False,,False,prior_utilisation_features,5.423636086777612e-05,0.0028824512490667115,4.125694389712017e-05,0.0014433260130376794,0.00022180771,0.002015163075355394,0.00045548982,0.00245237359804413,0.0,0.0,0.0,0.0,4.0,0.003734827264239029,6.0,0.005797101449275362,8,0.0022906553311272887,,False
num__recent_psych_admission_90d_x_substance_use,191320,47171,100.0,100.0,False,False,False,False,,False,prior_utilisation_features,0.0002104314951897,0.011183614026598636,0.0001956532856877,0.006844701766411295,0.00032213173,0.002926624902697717,0.00031899835,0.0017174986070152803,0.0081625459449034,0.0016103820537054184,0.0276574809650689,0.004142808641225592,17.0,0.015873015873015872,13.0,0.012560386473429951,8,0.007107379043012471,,False
num__prior_psych_365d_x_self_harm,191320,47171,100.0,100.0,False,False,False,False,,False,psychiatric_features,0.0001134563074133,0.006029760658449074,0.000135229766341,0.004730855489046452,0.0002497331,0.0022688702832468544,0.0002043146,0.0011000371660006523,0.0,0.0,0.0132917432159911,0.001990967605535235,6.0,0.0056022408963585435,4.0,0.003864734299516908,8,0.003198433299769215,,False
num__prior_psych_90d_x_self_harm,191320,47171,100.0,100.0,False,False,False,False,,False,psychiatric_features,5.01951773303262e-05,0.0026676780904540147,4.1721210848679685e-05,0.0014595678502869556,6.500971e-05,0.0005906249477602122,0.000104169645,0.0005608531209668522,0.0,0.0,0.0,0.0,2.0,0.0018674136321195146,1.0,0.000966183574879227,8,0.001014040152058347,,False
num__prior_psych_365d_x_smi,191320,47171,100.0,100.0,False,False,False,False,,False,psychiatric_features,0.0001251588850404,0.006651707060435203,8.79563934629626e-05,0.0030770517325431996,0.00014530694,0.0013201397736845204,0.00014537526,0.0007827056363911731,0.0062211564326374,0.0012273668950884972,0.0131088481960753,0.0019635717964266155,11.0,0.01027077497665733,16.0,0.015458937198067632,8,0.005094031883661771,,False
num__prior_psych_90d_x_substance_use,191320,47171,100.0,100.0,False,False,False,False,,False,psychiatric_features,0.0007393850674052,0.03929543533127505,0.0006717499687891,0.023500388361975457,0.00031563442,0.0028675956687674027,0.0007041793,0.003791326716388957,0.0108506387608316,0.002140713700067314,0.0565157183689431,0.008465478353565092,14.0,0.013071895424836602,16.0,0.015458937198067632,8,0.01357397134436794,,False
num__self_harm_x_discharged_to_psych_facility,191320,47171,100.0,100.0,False,False,False,False,,False,psychiatric_features,,,,,,,,,,,,,,,,,0,,,False
num__smi_x_antipsychotic_polypharmacy,191320,47171,100.0,100.0,False,False,False,False,,False,pharmacy_complexity_features,2.895432615192927e-05,0.0015388096149367553,3.024528283024247e-05,0.0010580959071866197,0.00026720596,0.0024276143697028857,0.0005779716,0.0031118199134710037,0.0,0.0,0.0,0.0,10.0,0.009337068160597572,15.0,0.014492753623188406,8,0.003995770198635406,,False
num__severe_mental_illness_x_antipsychotic,191320,47171,100.0,100.0,False,False,False,False,,False,psychiatric_features,7.874283769372671e-05,0.004184875003296779,0.0001040398646592,0.0036397131942200074,0.0004665783,0.004238948059659836,0.00022976448,0.0012370602366488426,0.0,0.0,0.0071386579605643,0.00106929817372491,5.0,0.004668534080298786,8.0,0.007729468599033816,8,0.003345987168360372,,False
num__substance_use_x_benzodiazepine,191320,47171,100.0,100.0,False,False,False,False,,False,psychiatric_features,0.0001519045410921,0.008073134465590166,0.0001220488339065,0.004269735957113941,0.00060287054,0.0054771876569464925,0.00020703093,0.0011146619845653686,0.0161208758624425,0.0031804744933901247,0.0043671038517927,0.0006541476281656475,18.0,0.01680672268907563,23.0,0.022222222222222223,8,0.0077247858871336995,,False
num__frequent_psych_admitter_x_discharged_against_advice,191320,47171,100.0,100.0,False,False,False,False,,False,psychiatric_features,,,,,,,,,,,,,,,,,0,,,False
num__polypharmacy_10plus_x_age_65plus,191320,47171,100.0,100.0,False,False,False,False,,False,pharmacy_complexity_features,0.0002273869065434,0.01208472807357648,0.0001734530202494,0.006068051399788371,0.0006313305,0.005735751529762688,0.00078910793,0.004248585519516673,0.0,0.0,0.0358000528170546,0.005362482879555945,18.0,0.01680672268907563,9.0,0.008695652173913044,8,0.0073752467831486035,,False
num__icu_utilisation_x_physiological_instability,191320,47171,100.0,100.0,False,False,False,False,,False,icu_care_features,,,,,,,,,,,,,,,,,0,,,False
num__lab_abnormality_burden_x_icu_use,191320,47171,100.0,100.0,False,False,False,False,,False,icu_care_features,,,,,,,,,,,,,,,,,0,,,False
num__safety_order_and_self_harm_flag,191320,47171,100.0,100.0,False,False,False,False,,False,safety_observation_features,0.0001251952080704,0.006653637487947635,0.0001278785922815,0.004473683247377219,0.00014867782,0.0013507648268328261,8.5255e-05,0.00045901599096386463,0.0,0.0,0.0230028700634168,0.003445595388534156,6.0,0.0056022408963585435,1.0,0.000966183574879227,8,0.002868890176611684,,False
num__prn_psychotropic_and_self_harm_flag,191320,47171,100.0,100.0,False,False,False,False,,False,psychiatric_features,5.113142496257795e-05,0.0027174360040352554,3.49601986707135e-05,0.0012230417330045679,0.00022339888,0.0020296191419664836,0.000109658904,0.0005904074891510329,0.0,0.0,0.0001071269468788,1.6046524330908165e-05,2.0,0.0018674136321195146,8.0,0.007729468599033816,8,0.002021679140455197,,False
num__substance_use_and_withdrawal_treatment_flag,191320,47171,100.0,100.0,False,False,False,False,,False,psychiatric_features,0.0001029885749959,0.005473441467805193,7.368927100557203e-05,0.002577933110832025,0.00041753234,0.00379335666165407,0.00018593986,0.0010011069039655416,0.0,0.0,0.0113703002292098,0.001703155037958546,11.0,0.01027077497665733,18.0,0.017391304347826087,8,0.0052763840633373495,,False
num__psychosis_and_previous_psych_365d,191320,47171,100.0,100.0,False,False,False,False,,False,prior_utilisation_features,6.34302608987388e-05,0.0033710712118376297,3.758598469214365e-05,0.0013149017912495848,0.00011107,0.0010090909949871608,7.983586e-05,0.0004298391460014353,0.0,0.0,0.0017032623744379,0.00025513133650919873,6.0,0.0056022408963585435,4.0,0.003864734299516908,8,0.001980876209557558,,False
num__depression_and_previous_psych_365d,191320,47171,100.0,100.0,False,False,False,False,,False,prior_utilisation_features,0.0003928339667456,0.0208775946616736,0.0003406935473021,0.01191876597843516,0.00021711123,0.001972494706973857,0.00010090545,0.0005432785775075327,0.0152541377268214,0.003009476431230631,0.0622795568933007,0.009328842593985105,34.0,0.031746031746031744,46.0,0.044444444444444446,8,0.01548011614253526,,False
num__frequent_psych_admitter_and_discharge_planning,191320,47171,100.0,100.0,False,False,False,False,,False,psychiatric_features,0.0001425515926609,0.007576061700076016,0.000144726008557,0.005063070435714281,0.00030767993,0.002795327691557396,0.0002664582,0.0014346205468705369,0.0133340126301479,0.0026306565118789887,0.0261004348566186,0.003909579010478614,7.0,0.006535947712418301,11.0,0.010628019323671498,8,0.005071660366583203,,False
num__order_activity_ratio_24_to_72h,191320,47171,100.0,100.0,False,False,False,False,,False,order_activity_ratio_24_to_72h,0.0024583012962022,0.13064913516405133,0.0019070912208162,0.06671735975169846,0.00035126458,0.003191302102601487,0.00021636477,0.0011649157153389086,0.099149378519296,0.019561100284307114,0.1194794144044377,0.01789679801527958,300.0,0.2801120448179272,343.0,0.3314009661835749,8,0.10633670275434737,,False
num__last_order_after_72h_flag,191320,47171,100.0,100.0,False,False,False,False,full_record_not_early_prediction,True,last_order_after_72h_flag,,,,,,,,,,,,,,,,,0,,full_record_only_not_for_early_prediction,True
num__late_order_activity_flag,191320,47171,100.0,100.0,False,False,False,False,,False,discharge_readiness_trajectory_features,3.36978888325002e-05,0.0017909114881979758,2.5292542692919823e-05,0.0008848300760131052,0.0,0.0,0.0,0.0,0.0,0.0,0.0,0.0,0.0,0.0,0.0,0.0,8,0.00033446769552638515,,False
num__last_order_close_to_discharge_hours_filled,191320,47171,100.0,100.0,False,False,False,False,full_record_not_early_prediction,True,discharge_readiness_trajectory_features,0.0057993198852178,0.3082112549482505,0.0052008779754019,0.18194664372743996,0.00095425546,0.008669583070165939,0.00074820255,0.004028349480147094,1.1720789469701864,0.2312385026028874,1.0116862239521809,0.15154028076857226,109.0,0.10177404295051354,109.0,0.10531400966183575,8,0.13659033340122656,full_record_only_not_for_early_prediction,True
num__high_poe_order_activity,191320,47171,100.0,100.0,False,False,False,False,,False,high_poe_order_activity,,,,,,,,,,,,,,,,,0,,,False
num__poe_order_density_first_72h,191320,47171,100.0,100.0,False,False,False,False,,False,poe_order_density_first_72h,0.0020952414959463,0.1113539214367731,0.001607298845644,0.05622947352640315,0.0004110649,0.0037345988020644435,0.00040373218,0.0021737085999261204,0.0441152824450184,0.008703468209935335,0.1187675456422195,0.01779016733321346,29.0,0.02707749766573296,27.0,0.02608695652173913,8,0.03164372401197346,,False
num__orders_after_72h_per_hospital_day,191320,47171,100.0,100.0,False,False,False,False,full_record_not_early_prediction,True,healthcare_intensity_features,0.0017729114804293,0.09422333706545546,0.0018048829289114,0.06314172199185353,0.0015045234,0.013668866612833943,0.0010787804,0.005808192532266662,0.0723389121960042,0.014271685179028517,0.0964678284081752,0.014449897068876469,140.0,0.13071895424836602,147.0,0.14202898550724638,8,0.05978895502574087,full_record_only_not_for_early_prediction,True
num__late_order_activity_x_high_poe_orders,191320,47171,100.0,100.0,False,False,False,False,,False,discharge_readiness_trajectory_features,3.6592138180982266e-05,0.0019447295636765476,2.8008988662677534e-05,0.00097986176670109,0.0,0.0,0.0,0.0,0.0093420665378545,0.0018430887125941732,0.0,0.0,0.0,0.0,0.0,0.0,8,0.0005959600053714764,,False
num__high_order_activity_and_late_last_order,191320,47171,100.0,100.0,False,False,False,False,full_record_not_early_prediction,True,high_order_activity_and_late_last_order,3.184329749600443e-05,0.001692347185046754,2.3758481237744277e-05,0.0008311627270845323,0.00031508398,0.0028625948220285828,0.0,0.0,0.0,0.0,0.1492534470530722,0.022356644517449585,0.0,0.0,0.0,0.0,8,0.0034678436564511816,full_record_only_not_for_early_prediction,True
num__high_ed_los_flag,191320,47171,100.0,100.0,False,False,False,False,,False,ed_timing_features,,,,,,,,,,,,,,,,,0,,,False
num__ed_los_high_x_high_order_activity,191320,47171,100.0,100.0,False,False,False,False,,False,ed_timing_features,,,,,,,,,,,,,,,,,0,,,False
num__late_orders_without_self_harm_flag,191320,47171,100.0,100.0,False,False,False,False,,False,discharge_readiness_trajectory_features,0.0004304192438017,0.022875105686813956,0.0006657190481368,0.02328940364430619,0.00050726434,0.004608588075736972,0.00033771186,0.0018182528189331995,0.0468967599895236,0.00925222365348081,0.0648592844475345,0.009715259477619066,5.0,0.004668534080298786,9.0,0.008695652173913044,8,0.010615377451387752,,False
num__late_orders_and_self_harm_flag,191320,47171,100.0,100.0,False,False,False,False,,False,discharge_readiness_trajectory_features,0.000146888871011,0.007806571144252675,0.0001555156132556,0.005440532158781219,0.0003678649,0.0033421190056887764,0.0005393171,0.0029037026931002016,0.0469248055102085,0.00925775673145705,0.0622706600523312,0.009327509937923816,2.0,0.0018674136321195146,2.0,0.001932367149758454,8,0.005234746556635213,,False
num__late_orders_without_prior_psych_history_flag,191320,47171,100.0,100.0,False,False,False,False,,False,discharge_readiness_trajectory_features,0.0118135682505649,0.6278451211502143,0.0178917221117618,0.625921008748052,0.11006936,1.0,0.064193994,0.34562277602297087,2.3361911694213484,0.46090525660198745,1.76550825295635,0.2644551344260301,79.0,0.07376283846872082,86.0,0.08309178743961353,8,0.4352004903571986,,False
num__late_orders_and_psych_facility_discharge_flag,191320,47171,100.0,100.0,False,False,False,False,,False,discharge_readiness_trajectory_features,1.3420667180694088e-06,7.132561672529946e-05,4.837989546055125e-06,0.0001692514157141225,0.000640361,0.005817795252012004,0.00035022368,0.0018856169085005152,0.1055201933492086,0.020817993162928823,0.035872816951138,0.005373382204907834,46.0,0.04295051353874883,40.0,0.03864734299516908,8,0.014466652636838313,,False
num__late_safety_orders_and_self_harm_flag,191320,47171,100.0,100.0,False,False,False,False,full_record_not_early_prediction,True,safety_observation_features,3.104003236375118e-05,0.001649656773176389,3.060229890812718e-05,0.0010705856978402521,9.146889e-05,0.0008310113731923215,0.0002568916,0.0013831136278727669,0.0,0.0,0.0,0.0,2.0,0.0018674136321195146,2.0,0.001932367149758454,8,0.0010917685317449622,full_record_only_not_for_early_prediction,True
num__safety_orders_without_self_harm_flag,191320,47171,100.0,100.0,False,False,False,False,,False,safety_observation_features,6.153516593699194e-05,0.0032703542988259983,3.531835030187466e-05,0.0012355712496637714,0.00028017297,0.002545421995730692,0.00024906098,0.0013409532877266,0.0078405518045191,0.0015468560915150374,0.0,0.0,1.0,0.0009337068160597573,7.0,0.00676328502415459,8,0.0022045185954595557,,False
num__safety_orders_without_prior_readmission_history_flag,191320,47171,100.0,100.0,False,False,False,False,,False,safety_observation_features,6.030149583059551e-05,0.003204789539645568,6.005365826315512e-05,0.002100907119185268,0.00044636498,0.004055306399528443,0.0,0.0,0.0,0.0,0.0362471314600614,0.005429450701675943,0.0,0.0,2.0,0.001932367149758454,8,0.0020903526137242097,,False
num__late_lab_orders_without_psych_safety_orders_flag,191320,47171,100.0,100.0,False,False,False,False,,False,safety_observation_features,0.0001518369792841,0.008069543818748401,8.966377849285362e-05,0.0031367826043706896,0.00017463196,0.0015865628727195287,0.0003167023,0.0017051365911094382,0.006511693526635,0.00128468672217034,0.0,0.0,5.0,0.004668534080298786,5.0,0.004830917874396135,8,0.003160270570476665,,False
num__late_medication_orders_and_psychotropic_change_flag,191320,47171,100.0,100.0,False,False,False,False,,False,psychiatric_features,6.771713860782235e-05,0.0035989020583295024,4.8420413744445945e-05,0.0016939316419964942,0.0003846762,0.0034948527001519764,0.00010078308,0.0005426197330196522,0.0163982670889806,0.003235200782967852,0.0141903544430624,0.002125570404731414,10.0,0.009337068160597572,12.0,0.011594202898550725,8,0.004452793547543149,,False
num__late_medication_order_share_last_12h,191320,47171,100.0,100.0,False,False,False,False,,False,discharge_readiness_specificity_features,0.0016851597512574,0.08955967458308585,0.0012382603185926,0.043319091525385024,0.00033517976,0.0030451686100473373,0.00024048377,0.0012947732801275715,0.1687104203838169,0.03328474168391475,0.1462658875671189,0.02190913856887044,234.0,0.2184873949579832,234.0,0.22608695652173913,8,0.07962336746639417,,False
num__late_lab_order_share_last_12h,191320,47171,100.0,100.0,False,False,False,False,,False,discharge_readiness_specificity_features,0.0008049683147566,0.042780929383996615,0.0005407496386038,0.018917494758793025,0.00038221592,0.0034725006123411638,0.00026655965,0.0014351667573248598,0.1165237510969973,0.022988876125616984,0.0757496986771745,0.011346532485962122,140.0,0.13071895424836602,141.0,0.13623188405797101,8,0.04598654230379648,,False
num__late_imaging_order_share_last_12h,191320,47171,100.0,100.0,False,False,False,False,,False,discharge_readiness_specificity_features,0.0002362033216188,0.012553286181822935,0.0001424886787614,0.004984800064991084,0.00033582843,0.0030510618940638883,0.00024170046,0.0013013239829138693,0.0575224214676386,0.011348551768336877,0.061383310931279,0.009194594087376115,64.0,0.059757236227824466,51.0,0.04927536231884058,8,0.018933277065771227,,False
num__late_consult_order_share_last_12h,191320,47171,100.0,100.0,False,False,False,False,,False,discharge_readiness_specificity_features,0.000449227648365,0.023874699102725588,0.000268748963985,0.00940186872938867,0.00029377936,0.0026690385044484677,0.00015335872,0.0008256888726027781,0.044653766456743,0.008809705282846397,0.0381206169279729,0.005710079721921027,58.0,0.05415499533146592,57.0,0.05507246376811594,8,0.020064817414189348,,False
num__late_discharge_admin_order_share_last_12h,191320,47171,100.0,100.0,False,False,False,False,,False,discharge_readiness_specificity_features,0.001776434519796,0.09441057288033274,0.001621724212886,0.056734128157146506,0.00053363614,0.004848180638099467,0.00042821665,0.00230553386835935,0.226749803933667,0.04473528448118536,0.3155720548358829,0.04726947610863718,242.0,0.22595704948646125,281.0,0.2714975845410628,8,0.09346972627016059,,False
num__late_routine_care_order_share_last_12h,191320,47171,100.0,100.0,False,False,False,False,,False,discharge_readiness_specificity_features,0.0009356600313226,0.049726684881433725,0.0006440633125543,0.022531803018927106,0.00031788513,0.00288804377530677,0.00017522369,0.0009434106586791979,0.0401193158614095,0.007915107211187353,0.0320669888517837,0.004803307961453143,100.0,0.09337068160597572,113.0,0.10917874396135266,8,0.03641972288428946,,False
num__late_psych_safety_order_share_last_12h,191320,47171,100.0,100.0,False,False,False,False,,False,discharge_readiness_specificity_features,0.00025090828853,0.013334797875500314,0.0001992073454147,0.006969036396447397,0.00066785276,0.006067562853095539,0.00044660733,0.002404549951928634,0.1012021887888926,0.019966097553557972,0.0193116739103631,0.002892691841799619,13.0,0.012138188608776844,13.0,0.012560386473429951,8,0.009541663944317033,,False
num__late_followup_aftercare_order_share_last_12h,191320,47171,100.0,100.0,False,False,False,False,,False,discharge_readiness_specificity_features,0.0003180647871391,0.016903904102421922,0.0002100492111845,0.007348326412073286,0.00028817344,0.002618107709538785,0.00017591308,0.0009471223592716628,0.0288382155341599,0.005689468098626368,0.0248301506348982,0.0037193033864186234,73.0,0.06816059757236227,68.0,0.06570048309178744,8,0.02138591409156254,,False
num__late_medical_to_psych_order_ratio_last_12h,191320,47171,100.0,100.0,False,False,False,False,,False,discharge_readiness_specificity_features,0.001012484369572,0.05380959911466493,0.0007421835868202,0.025964426254606238,0.0003322836,0.0030188564737725376,0.00024833332,0.0013370355400756145,0.0507160859015186,0.010005735357726612,0.0516390495872063,0.007735003094632777,60.0,0.056022408963585436,75.0,0.07246376811594203,8,0.02879460411437577,,False
num__late_admin_to_total_late_order_ratio,191320,47171,100.0,100.0,False,False,False,False,,False,discharge_readiness_specificity_features,0.0016273733433688,0.08648855216756006,0.0015865099902215,0.05550219969130292,0.0005333124,0.004845239401773572,0.00047665896,0.0025663490103361108,0.173080192611666,0.034146850494328536,0.1509233871448708,0.022606784515787466,21.0,0.0196078431372549,25.0,0.024154589371980676,8,0.03123980097379053,,False
num__late_safety_to_total_late_order_ratio,191320,47171,100.0,100.0,False,False,False,False,,False,discharge_readiness_specificity_features,0.0002234180223362,0.011873797342653458,0.0002336236354487,0.008173050120832566,0.00048997987,0.004451555546429996,0.00050667353,0.0027279485363686513,0.0214596529796463,0.004233757490669462,0.0779222625852811,0.011671960407018504,1.0,0.0009337068160597573,2.0,0.001932367149758454,8,0.005749767926223856,,False
num__late_followup_to_total_late_order_ratio,191320,47171,100.0,100.0,False,False,False,False,,False,discharge_readiness_specificity_features,0.0002957043444747,0.01571553370189274,0.0002037093154521,0.007126532561968014,0.00023006351,0.002090168508293316,0.00013398979,0.0007214058557960251,0.0766575527880847,0.015123706270589121,0.0240455671174858,0.0036017807754547236,7.0,0.006535947712418301,5.0,0.004830917874396135,8,0.006968249157601048,,False
num__late_nonroutine_order_share_last_12h,191320,47171,100.0,100.0,False,False,False,False,,False,discharge_readiness_specificity_features,0.0020796963588565,0.11052775797181191,0.0017159990186292,0.06003222216630389,0.0006757626,0.006139425176997486,0.0004306657,0.0023187196417763936,0.3119825013051391,0.061550774055443194,0.1007978476877726,0.015098489806257201,294.0,0.27450980392156865,291.0,0.2811594202898551,8,0.10141707662875171,,False
num__late_lab_order_share_last_6h,191320,47171,100.0,100.0,False,False,False,False,,False,discharge_readiness_specificity_features,0.0003506287729831,0.018634553065014776,0.0002062723054379,0.007216195774223501,0.00039419218,0.003581307095816674,0.00021893057,0.001178730074961395,0.0458776239358557,0.009051159129962178,0.0127068250919729,0.001903352834629217,54.0,0.05042016806722689,69.0,0.06666666666666667,8,0.019831516588562664,,False
num__abnormal_labs_last_24h_before_discharge,191320,47171,100.0,100.0,False,False,False,False,full_record_not_early_prediction,True,discharge_readiness_trajectory_features,0.0011478447522144,0.06100347602268492,0.0010528470284259,0.03683262404665398,0.0003589398,0.0032610328614611733,0.0004987524,0.002685300887122231,0.0669132313315839,0.013201257012109481,0.0708410039513707,0.010611260067158604,11.0,0.01027077497665733,13.0,0.012560386473429951,8,0.01880326404340971,full_record_only_not_for_early_prediction,True
num__new_abnormal_lab_last_24h_flag,191320,47171,100.0,100.0,False,False,False,False,,False,laboratory_features,,,,,,,,,,,,,,,,,0,,,False
num__abnormal_labs_last_12h_before_discharge,191320,47171,100.0,100.0,False,False,False,False,full_record_not_early_prediction,True,discharge_readiness_trajectory_features,0.0001255575703397,0.006672895630622524,0.0001214406471825,0.004248459254658173,0.000111690984,0.0010147327466971735,0.00012244558,0.0006592514133229156,0.03857707167402,0.007610839109229007,0.0,0.0,0.0,0.0,0.0,0.0,8,0.002525772269316224,full_record_only_not_for_early_prediction,True
num__had_followup_or_discharge_planning_order,191320,47171,100.0,100.0,False,False,False,False,,False,had_followup_or_discharge_planning_order,3.542148059458851e-05,0.0018825136744070495,2.6758445779034905e-05,0.0009361129839778368,0.00052476785,0.004767610622974459,0.0005023841,0.00270485409073942,0.0,0.0,0.0,0.0,2.0,0.0018674136321195146,0.0,0.0,8,0.001519813125527285,,False
num__discharge_planning_order_density_per_day,0,0,0.0,0.0,True,True,True,True,,False,discharge_planning_order_density_per_day,,,,,,,,,,,,,,,,,0,,all_zero_in_training; very_rare_and_low_recorded_model_signal,True
num__discharge_planning_and_psych_followup_flag,0,0,0.0,0.0,True,True,True,True,,False,psychiatric_features,,,,,,,,,,,,,,,,,0,,all_zero_in_training; very_rare_and_low_recorded_model_signal,True
num__discharge_planning_and_social_work_flag,191320,47171,100.0,100.0,False,False,False,False,,False,discharge_planning_and_social_work_flag,0.000135585885601,0.00720586151160115,9.205068451278292e-05,0.003220285724665566,0.00021820005,0.001982386833175009,0.00024354132,0.0013112352394633472,0.0375324536704046,0.007404747272520856,0.0128401478669726,0.001923323226908923,2.0,0.0018674136321195146,0.0,0.0,8,0.0031144066800567957,,False
num__home_discharge_without_followup_order_flag,191320,47171,100.0,100.0,False,False,False,False,,False,home_discharge_without_followup_order_flag,0.0002103101948078,0.011177167383945523,0.0001805418531809,0.0063160459433887345,0.00054150214,0.004919644667689536,0.00037482416,0.0020180667789525325,0.0,0.0,0.0247673138561026,0.0037098910776653437,12.0,0.011204481792717087,5.0,0.004830917874396135,8,0.005522026939844361,,False
num__home_discharge_without_discharge_planning_order_flag,191320,47171,100.0,100.0,False,False,False,False,,False,home_discharge_without_discharge_planning_order_flag,6.991842220144846e-05,0.003715891704066732,4.708841760072559e-05,0.0016473333120695008,0.00022777847,0.0020694085075083565,0.000725644,0.0039068934343672816,0.0,0.0,0.0,0.0,0.0,0.0,1.0,0.000966183574879227,8,0.001538213816611387,,False
num__home_discharge_and_late_orders_flag,191320,47171,100.0,100.0,False,False,False,False,,False,discharge_readiness_trajectory_features,0.0001369799491117,0.007279950555250149,9.895098660151532e-05,0.003461684736849328,0.000496338,0.004509320304942266,0.0002645589,0.0014243946472559965,0.0,0.0,0.0140103510186774,0.002098607727149381,4.0,0.003734827264239029,10.0,0.00966183574879227,8,0.004021327623059802,,False
num__facility_discharge_and_late_orders_flag,191320,47171,100.0,100.0,False,False,False,False,,False,discharge_readiness_trajectory_features,0.0001348175284233,0.0071650263214970405,0.0001000745903896,0.0035009927035211763,0.0004647906,0.004222706482530651,0.00031016048,0.001669915196587038,0.0,0.0,0.0150500085046279,0.0022543378177585158,9.0,0.008403361344537815,14.0,0.01352657004830918,8,0.005092863739342677,,False
num__psych_facility_discharge_and_self_harm_flag,191320,47171,100.0,100.0,False,False,False,False,,False,psychiatric_features,,,,,,,,,,,,,,,,,0,,,False
num__psych_facility_discharge_and_safety_orders_flag,191320,47171,100.0,100.0,False,False,False,False,,False,safety_observation_features,0.0,0.0,0.0,0.0,0.0,0.0,0.0,0.0,0.0,0.0,0.0,0.0,0.0,0.0,0.0,0.0,8,0.0,,False
num__late_orders_but_followup_present_flag,191320,47171,100.0,100.0,False,False,False,False,,False,discharge_readiness_specificity_features,0.0001258203523041,0.006686861468104939,8.116464571525424e-05,0.002839450367238442,0.00024981744,0.002269636527367834,0.00017569248,0.0009459346409254469,0.0178905842310923,0.003529618818751672,0.015867325333665,0.0023767635450411438,2.0,0.0018674136321195146,1.0,0.000966183574879227,8,0.002685232821803527,,False
num__late_orders_but_discharge_planning_present_flag,191320,47171,100.0,100.0,False,False,False,False,,False,discharge_readiness_specificity_features,0.0002545576634621,0.013528747933414215,0.0004351453110191,0.015223050655700126,0.0018855562,0.017130618366455477,0.0007932273,0.004270764355980186,0.0073448230244938,0.0014490541635079452,0.0817315474133055,0.012242552433181715,0.0,0.0,0.0,0.0,8,0.007980598488529958,,False
num__late_orders_but_supervised_discharge_flag,191320,47171,100.0,100.0,False,False,False,False,,False,discharge_readiness_specificity_features,0.0001420086063195,0.007547204091767629,0.0001185869830813,0.004148627147849572,0.0002607901,0.0023693251237219873,0.00024518897,0.0013201062464132224,0.0,0.0,0.0253467119070616,0.0037966789979120867,0.0,0.0,3.0,0.002898550724637681,8,0.0027600615415377724,,False
num__late_orders_but_psych_facility_discharge_flag,191320,47171,100.0,100.0,False,False,False,False,,False,discharge_readiness_specificity_features,3.001764895344785e-06,0.00015953210786182973,0.0,0.0,0.0005437498,0.004940065064428466,0.00033622741,0.0018102604866619392,0.1319464444991941,0.026031606769014618,0.0,0.0,2.0,0.0018674136321195146,1.0,0.000966183574879227,8,0.004471882704370699,,False
num__late_orders_but_facility_discharge_flag,191320,47171,100.0,100.0,False,False,False,False,,False,discharge_readiness_specificity_features,0.0001195144263342,0.0063517260737378034,0.0001188666687619,0.0041584116248406635,0.0,0.0,0.00051410554,0.002767962745916518,0.0259104614283195,0.005111853871211011,0.0540573558913403,0.008097240720920943,0.0,0.0,0.0,0.0,8,0.0033108993795783674,,False
num__home_discharge_with_followup_order_flag,191320,47171,100.0,100.0,False,False,False,False,,False,safe_discharge_buffer_features,0.0001045157648863,0.0055546056598105775,6.111394470273883e-05,0.002138000002345455,0.0003474658,0.003156789500729358,0.0002140727,0.0011525751278964296,0.0201555403743126,0.003976470174945169,0.0,0.0,13.0,0.012138188608776844,18.0,0.017391304347826087,8,0.00568849167779124,,False
num__home_discharge_with_discharge_planning_order_flag,191320,47171,100.0,100.0,False,False,False,False,,False,safe_discharge_buffer_features,0.0001599817708655,0.008502407755258252,0.0001225328458704,0.0042866685505668235,0.0005749991,0.005223970594541478,0.00018492312,0.0009956327391816276,0.0086316881908542,0.0017029387460185496,0.0,0.0,2.0,0.0018674136321195146,1.0,0.000966183574879227,8,0.0029431519490706838,,False
num__psych_facility_discharge_with_followup_order_flag,191320,47171,100.0,100.0,False,False,False,False,,False,safe_discharge_buffer_features,0.0001020870569099,0.005425529294284147,0.0001748611177584,0.006117312047128154,0.00015021305,0.001364712668448331,0.00040535734,0.002182458519905885,0.0,0.0,0.0,0.0,3.0,0.0028011204481792717,0.0,0.0,8,0.0022363916222432234,,False
num__facility_discharge_with_discharge_planning_flag,191320,47171,100.0,100.0,False,False,False,False,,False,safe_discharge_buffer_features,0.0001392671292077,0.007401505265394293,0.0001082078016507,0.0037855236036273276,0.00035933146,0.003264591163244703,0.00037204003,0.0020030769227455977,0.0112208319635003,0.0022137488160722213,0.0222194533325982,0.0033282475503049586,16.0,0.014939309056956116,9.0,0.008695652173913044,8,0.005703956819032283,,False
num__low_late_order_activity_flag,191320,47171,100.0,100.0,False,False,False,False,,False,discharge_readiness_trajectory_features,0.0089674176312215,0.47658330570948443,0.0139511681249976,0.4880653282822698,0.07992319,0.7261166050206888,0.18573427,1.0,0.6665965459031703,0.13151229062970862,1.101027707731149,0.16492272407520922,0.0,0.0,0.0,0.0,8,0.3734000317146701,,False
num__low_order_activity_with_self_harm_flag,191320,47171,100.0,100.0,False,False,False,False,,False,discharge_readiness_specificity_features,0.0026896392007436,0.14294384338622515,0.0037810089366431,0.13227418316279718,0.011732148,0.10658868190021273,0.014632904,0.07878408222672101,0.5801660910268835,0.11446049645104622,0.6792977148945416,0.10175187128517633,94.0,0.08776844070961717,60.0,0.057971014492753624,8,0.10281782670181869,,False
num__low_order_activity_with_smi_flag,191320,47171,100.0,100.0,False,False,False,False,,False,discharge_readiness_specificity_features,0.0011307260804732,0.06009368532225277,0.001852723724076,0.06481537635456298,0.0071012713,0.06451633133871224,0.014002592,0.07539045971430043,0.1577910151242854,0.03113046109722285,0.4299981095313499,0.06440933236570004,46.0,0.04295051353874883,38.0,0.03671497584541063,8,0.05500264194711385,,False
num__low_order_activity_with_psychosis_flag,191320,47171,100.0,100.0,False,False,False,False,,False,discharge_readiness_specificity_features,0.0003735337169257,0.019851861586840342,0.0006787102173527,0.02374388453159245,0.006587931,0.05985254206983669,0.0046635983,0.02510898123431933,0.0,0.0,0.0,0.0,29.0,0.02707749766573296,15.0,0.014492753623188406,8,0.021265940088938774,,False
num__low_order_activity_with_recent_psych_admission_flag,191320,47171,100.0,100.0,False,False,False,False,,False,discharge_readiness_specificity_features,0.0001237370169927,0.006576140313984558,0.0002249299582841,0.00786891197545979,0.00014645234,0.0013305459393967586,2.1995524e-05,0.0001184246935150955,0.0,0.0,0.0,0.0,0.0,0.0,0.0,0.0,8,0.0019867528652945253,,False
num__low_order_activity_with_prior_psych_365d_flag,191320,47171,100.0,100.0,False,False,False,False,,False,discharge_readiness_specificity_features,0.0004531491703096,0.024083112713937666,0.000618876264891,0.0216506635633554,0.00023161192,0.0021042360925874375,0.00021303521,0.0011469892443650813,0.0,0.0,0.0126263422593531,0.0018912973269396799,1.0,0.0009337068160597573,3.0,0.002898550724637681,8,0.006838569560235338,,False
num__no_late_orders_but_self_harm_flag,191320,47171,100.0,100.0,False,False,False,False,,False,discharge_readiness_specificity_features,0.002572271993468,0.13670623363884948,0.0040054849437262,0.14012721418549695,0.009124337,0.08289624832923531,0.009433185,0.05078860783203875,1.4475099726498035,0.2855780657467958,1.0340367888467457,0.15488816749399104,11.0,0.01027077497665733,6.0,0.005797101449275362,8,0.10838155170654251,,False
num__no_late_orders_but_recent_psych_admission_flag,191320,47171,100.0,100.0,False,False,False,False,,False,discharge_readiness_specificity_features,0.0001790271732624,0.009514596682567704,0.0002978813481959,0.010421031177733159,0.0,0.0,0.003018829,0.01625348407700959,0.0,0.0,0.0,0.0,1.0,0.0009337068160597573,0.0,0.0,8,0.004640352344171275,,False
num__no_late_orders_but_psychosis_flag,191320,47171,100.0,100.0,False,False,False,False,,False,discharge_readiness_specificity_features,0.0005227202805858,0.02778054614247244,0.0007456160587463,0.026084507277386683,0.010697069,0.09718480238278845,0.003014716,0.01623133953685553,0.2603191841531869,0.05135816021437283,0.2290177005336088,0.03430451637886125,1.0,0.0009337068160597573,2.0,0.001932367149758454,8,0.03197624323731943,,False
num__home_discharge_low_activity_prior_psych_flag,191320,47171,100.0,100.0,False,False,False,False,,False,psychiatric_features,,,,,,,,,,,,,,,,,0,,,False
num__self_harm_without_safety_order_flag,191320,47171,100.0,100.0,False,False,False,False,,False,psychiatric_acuity_specificity_features,0.0004895818332655,0.02601936679079359,0.0006437693439621,0.022521518870949584,0.0010757501,0.009773383800905174,0.00064367015,0.0034655432731934715,0.1397989018590655,0.027580811697866456,0.0180060927507382,0.0026971290963440013,5.0,0.004668534080298786,15.0,0.014492753623188406,8,0.013902380154192434,,False
num__self_harm_with_late_safety_order_flag,191320,47171,100.0,100.0,False,False,False,False,full_record_not_early_prediction,True,psychiatric_acuity_specificity_features,3.1090241752626776e-05,0.0016523252065550993,1.8836553374442932e-05,0.0006589748273430378,9.583906e-05,0.0008707151563341514,0.0,0.0,0.0,0.0,0.0,0.0,0.0,0.0,0.0,0.0,8,0.00039775189877903607,full_record_only_not_for_early_prediction,True
num__self_harm_without_followup_order_flag,191320,47171,100.0,100.0,False,False,False,False,,False,psychiatric_acuity_specificity_features,0.0011678288974252,0.06206555547275778,0.001642489227595,0.05746056795271996,0.0026331882,0.02392299001284281,0.0013063438,0.007033402074910569,0.0,0.0,0.0,0.0,10.0,0.009337068160597572,11.0,0.010628019323671498,8,0.021305950374687525,,False
num__smi_without_followup_order_flag,191320,47171,100.0,100.0,False,False,False,False,,False,psychiatric_acuity_specificity_features,0.0008035371493914,0.04270486852134768,0.0011456636749827,0.04007970605913684,0.0007659603,0.006958887559626039,0.006912548,0.03721740742836527,0.0065930545706287,0.0013007383763971685,0.2423769309172384,0.03630559287398111,13.0,0.012138188608776844,17.0,0.01642512077294686,8,0.024141313775072226,,False
num__psychosis_without_followup_order_flag,191320,47171,100.0,100.0,False,False,False,False,,False,psychiatric_acuity_specificity_features,0.0003501128296569,0.018607132687591624,0.0004502967494958,0.015753106040870997,0.0003616763,0.003285894457821868,0.00022621185,0.0012179327487598277,0.0,0.0,0.0,0.0,9.0,0.008403361344537815,9.0,0.008695652173913044,8,0.006995384931686898,,False
num__psychosis_with_late_safety_order_flag,191320,47171,100.0,100.0,False,False,False,False,full_record_not_early_prediction,True,psychiatric_acuity_specificity_features,1.981069533012643e-05,0.0010528612647595658,1.3962378127526458e-05,0.0004884574971325962,4.7024503e-05,0.0004272260963450682,0.00022854535,0.0012304963968146536,0.0029549831401044,0.0005829862214493821,0.0,0.0,1.0,0.0009337068160597573,0.0,0.0,8,0.0005894667865701279,full_record_only_not_for_early_prediction,True
num__smi_with_psych_facility_discharge_flag,191320,47171,100.0,100.0,False,False,False,False,,False,psychiatric_acuity_specificity_features,,,,,,,,,,,,,,,,,0,,,False
num__late_lab_activity_without_followup_flag,191320,47171,100.0,100.0,False,False,False,False,,False,laboratory_activity_features,0.0001228671458,0.006529910049530826,7.830605614445445e-05,0.0027394459486265836,0.00022848298,0.0020758091080024447,0.00019746087,0.0010631364368029659,0.0269516354821361,0.005317266253863126,0.0112347833494541,0.0016828559911584084,9.0,0.008403361344537815,13.0,0.012560386473429951,8,0.005046521450744015,,False
num__late_lab_activity_without_facility_discharge_flag,191320,47171,100.0,100.0,False,False,False,False,,False,laboratory_activity_features,0.0001262028719832,0.006707190898567696,9.915198610204488e-05,0.003468716469700053,0.00020260726,0.0018407235219683297,0.0002728756,0.001469172059631214,0.0,0.0,0.0341975082985432,0.005122438050902793,9.0,0.008403361344537815,10.0,0.00966183574879227,8,0.004584179761762522,,False
num__medical_workup_near_discharge_score,191320,47171,100.0,100.0,False,False,False,False,full_record_not_early_prediction,True,discharge_readiness_trajectory_features,0.0014713215641042,0.07819500815274436,0.0013685448364335,0.0478769432694394,0.0009758281,0.008865574397816068,0.0006452938,0.003474285063278844,0.2853158797957378,0.05628973797655801,0.2850309609998107,0.04269473166186842,174.0,0.16246498599439776,179.0,0.17294685990338166,8,0.07160101580243557,full_record_only_not_for_early_prediction,True
num__provider_changes_last_24h_before_discharge,191320,47171,100.0,100.0,False,False,False,False,full_record_not_early_prediction,True,care_team_complexity_features,0.0031901995946288,0.1695466778961815,0.0025110823538669,0.08784728435663333,0.00041236493,0.0037464098092330144,0.0002706745,0.0014573212579455585,0.299439920777086,0.05907625853958954,0.4807777707370515,0.07201560784346983,453.0,0.42296918767507,517.0,0.4995169082125604,8,0.1645219569488354,full_record_only_not_for_early_prediction,True
num__care_team_touchpoints_last_12h_before_discharge,191320,47171,100.0,100.0,False,False,False,False,full_record_not_early_prediction,True,care_team_complexity_features,0.007539006091598,0.4006687981597103,0.0092550572560089,0.3237773724360421,0.0013438291,0.012208929896567036,0.0006955618,0.0037449297859786456,0.4418782576642024,0.08717780222840407,1.5581986963477383,0.23340227666174157,344.0,0.3211951447245565,415.0,0.40096618357487923,8,0.22289267968348492,full_record_only_not_for_early_prediction,True
num__care_team_touchpoints_last_6h_before_discharge,191320,47171,100.0,100.0,False,False,False,False,full_record_not_early_prediction,True,care_team_complexity_features,0.0045925277136087,0.24407495327235215,0.0049199550277676,0.17211888239371428,0.0006573495,0.005972138840454781,0.00043654922,0.0023503967253862197,0.6259173104830509,0.12348671734397156,0.6881369384410045,0.10307589684398485,428.0,0.3996265172735761,459.0,0.4434782608695652,8,0.18677297044537566,full_record_only_not_for_early_prediction,True
num__late_care_team_touchpoint_share,191320,47171,100.0,100.0,False,False,False,False,full_record_not_early_prediction,True,care_team_complexity_features,0.001704108510657,0.0905667273116566,0.0012636462012821,0.04420718699220015,0.00033703053,0.0030619831895088694,0.00025147074,0.0013539275223683812,0.1725188845583219,0.034036110484801235,0.1393486301062529,0.02087300393250745,194.0,0.1811391223155929,234.0,0.22608695652173913,8,0.07516562728379683,full_record_only_not_for_early_prediction,True
num__service_change_last_24h_before_discharge_flag,191320,47171,100.0,100.0,False,False,False,False,full_record_not_early_prediction,True,care_team_complexity_features,6.741293645531974e-05,0.0035827348992424905,4.862619828798329e-05,0.0017011307739901091,0.00024685895,0.0022427581117942363,0.00025886844,0.00139375700564037,0.0096318441349193,0.001900258699143579,0.0,0.0,15.0,0.014005602240896359,13.0,0.012560386473429951,8,0.004673328525517137,full_record_only_not_for_early_prediction,True
num__careunit_change_last_24h_before_discharge_flag,191320,47171,100.0,100.0,False,False,False,False,full_record_not_early_prediction,True,care_team_complexity_features,0.0001239619860307,0.006588096541766236,9.360668306175348e-05,0.003274720517208085,0.00036539897,0.0033197155866082984,0.0001755054,0.0009449273954666524,0.0154178400944525,0.003041773138258273,0.011446300739962,0.001714539139535961,12.0,0.011204481792717087,7.0,0.00676328502415459,8,0.004606442391964398,full_record_only_not_for_early_prediction,True
num__late_care_fragmentation_score,191320,47171,100.0,100.0,False,False,False,False,,False,care_team_complexity_features,0.0045620365122089,0.24245446472639925,0.0043853977453105,0.15341801998487944,0.00034222458,0.00310917207113769,0.00024344432,0.0013107129879693176,0.3324859617989689,0.06559588510792527,0.1022359737902465,0.015313906432667456,496.0,0.4631185807656396,505.0,0.48792270531400966,8,0.17903043092382848,,False
num__num_psychotropic_pharmacy_orders,191320,47171,100.0,100.0,False,False,False,False,,False,pharmacy_complexity_features,0.0010566099920721,0.056154704015809354,0.0009039909507886,0.03162506796619334,0.001021906,0.009284200435071121,0.0006852926,0.003689640043272574,0.0532144084253443,0.010498627377433897,0.1472620755447777,0.022058357370370915,152.0,0.1419234360410831,141.0,0.13623188405797101,8,0.05143323966340066,,False
num__psychotropic_pharmacy_orders_per_day,191320,47171,100.0,100.0,False,False,False,False,,False,pharmacy_complexity_features,0.0025325107796216,0.1345930800518053,0.0020114353975226,0.07036771894759275,0.00046410935,0.004216517203334334,0.00027332932,0.0014716149044546277,0.1812694149760558,0.03576249551714776,0.2581808306443943,0.03867285590988142,61.0,0.05695611577964519,66.0,0.06376811594202898,8,0.0507260642819863,,False
num__medical_complexity_score,191320,47171,100.0,100.0,False,False,False,False,,False,medication_features,0.0012663534032797,0.06730174905986688,0.0014659665758357,0.05128512907848058,0.0003868103,0.0035142413837965444,0.0002606272,0.00140322623283253,0.0606958613705753,0.011974637146930409,0.2141817341852606,0.03208223989364933,119.0,0.1111111111111111,122.0,0.1178743961352657,8,0.049568341255241635,,False
num__older_medical_complexity_score,191320,47171,100.0,100.0,False,False,False,False,,False,medication_features,0.0006309306179563,0.033531503933979544,0.0005869536121621,0.020533886828663576,0.0007388125,0.0067122448972175355,0.00046026884,0.002478104013868846,0.0780310803620641,0.015394688409046432,0.1105369798002443,0.016557312492406516,83.0,0.07749766573295985,94.0,0.09082125603864734,8,0.0329408327933487,,False
num__age_65plus_x_charlson,191320,47171,100.0,100.0,False,False,False,False,,False,comorbidity_features,0.0004414497165902,0.023461332335473543,0.0004037516673618,0.014124780685738069,0.0002521685,0.0022909963317675327,0.00032265726,0.001737198310252599,0.0313895146336988,0.006192811823888654,0.0244459717003007,0.00366175729926638,32.0,0.029878618113912233,43.0,0.04154589371980676,8,0.01536167357751322,,False
num__age_65plus_x_elixhauser_group_count,191320,47171,100.0,100.0,False,False,False,False,,False,comorbidity_features,0.0003446997635156,0.018319449314101472,0.0003225597119762,0.01128437492156776,0.00046498104,0.004224436664299674,0.00030328362,0.0016328899346361875,0.0205840186815215,0.004061004311841774,0.0522595111715755,0.007827941913483261,24.0,0.022408963585434174,31.0,0.02995169082125604,8,0.012463843933327542,,False
num__age_65plus_x_discharge_to_facility,191320,47171,100.0,100.0,False,False,False,False,,False,age_65plus_x_discharge_to_facility,0.000123280740199,0.00655189098027415,9.054806191267372e-05,0.0031677182273753142,0.00043016858,0.003908159182537265,0.00016211685,0.0008728429599987121,0.0085502166371622,0.0016868652894231828,0.0079869237144224,0.0011963597343774323,1.0,0.0009337068160597573,5.0,0.004830917874396135,8,0.0028935576330552434,,False
num__age_65plus_x_hospital_los_7plus,191320,47171,100.0,100.0,False,False,False,False,,False,age_65plus_x_hospital_los_7plus,,,,,,,,,,,,,,,,,0,,,False
num__transfer_from_hospital_x_high_comorbidity,191320,47171,100.0,100.0,False,False,False,False,,False,comorbidity_features,,,,,,,,,,,,,,,,,0,,,False
num__infection_or_positive_culture_x_older_age,191320,47171,100.0,100.0,False,False,False,False,,False,infection_microbiology_features,,,,,,,,,,,,,,,,,0,,,False
num__num_unique_services_during_admission,191320,47171,100.0,100.0,False,False,False,False,,False,service_transfer_features,,,,,,,,,,,,,,,,,0,,,False
num__service_change_count,191320,47171,100.0,100.0,False,False,False,False,,False,service_transfer_features,,,,,,,,,,,,,,,,,0,,,False
num__careunit_change_count,191320,47171,100.0,100.0,False,False,False,False,,False,icu_care_features,,,,,,,,,,,,,,,,,0,,,False
num__service_or_careunit_change_flag,191320,47171,100.0,100.0,False,False,False,False,,False,icu_care_features,,,,,,,,,,,,,,,,,0,,,False
num__high_care_team_touchpoints,191320,47171,100.0,100.0,False,False,False,False,,False,care_team_complexity_features,,,,,,,,,,,,,,,,,0,,,False
num__icu_or_procedure_complexity_flag,191320,47171,100.0,100.0,False,False,False,False,,False,icu_care_features,,,,,,,,,,,,,,,,,0,,,False
num__older_age_x_no_recent_psych_history,191320,47171,100.0,100.0,False,False,False,False,,False,prior_utilisation_features,0.0001376533212277,0.007315737659432577,0.0001360582625846,0.004759839462824872,0.00042059878,0.0038212158224595833,0.0007498453,0.004037194105320466,0.0243711151069889,0.004808157486891597,0.0122466844158438,0.001834428453133497,8.0,0.007469654528478058,4.0,0.003864734299516908,8,0.004738870227257195,,False
num__medical_complexity_without_prior_psych_flag,191320,47171,100.0,100.0,False,False,False,False,,False,psychiatric_features,0.0001120495714374,0.00595499812265274,0.0001534844151486,0.005369473064516347,0.00028686697,0.002606238193807977,0.00012428095,0.0006691331115146386,0.0187812605794621,0.0037053396314437196,0.0741726506969778,0.011110306778775055,7.0,0.006535947712418301,3.0,0.002898550724637681,8,0.004856248417470807,,False
num__medical_complexity_without_psych_history_flag,191320,47171,100.0,100.0,False,False,False,False,,False,psychiatric_features,9.730373477106786e-05,0.005171314360738395,7.80607652721632e-05,0.0027308647338468005,0.00041579033,0.003777530186420635,0.00026251815,0.001413407175746296,0.0084114154389709,0.0016594813138708436,0.0,0.0,1.0,0.0009337068160597573,2.0,0.001932367149758454,8,0.0022023339670551477,,False
num__icu_complexity_without_psych_history_flag,191320,47171,100.0,100.0,False,False,False,False,,False,psychiatric_features,8.589072308475706e-05,0.004564757260216461,0.0001284458816565,0.0044935292038275855,0.0005209432,0.004732862987483528,0.0,0.0,0.0,0.0,0.0209442056039382,0.0031372284435154264,0.0,0.0,4.0,0.003864734299516908,8,0.0025991390243199886,,False
num__abnormal_labs_without_psych_history_flag,191320,47171,100.0,100.0,False,False,False,False,,False,psychiatric_features,0.0001034578984387,0.005498384180079218,0.0001137935836807,0.003980935666313342,0.0005447206,0.004948884957630352,0.00035043195,0.001886738241682593,0.0139853266656425,0.00275915372845415,0.0,0.0,7.0,0.006535947712418301,9.0,0.008695652173913044,8,0.004288212082561376,,False
num__high_medical_activity_low_psych_activity_flag,191320,47171,100.0,100.0,False,False,False,False,,False,psychiatric_features,0.0001966497430542,0.01045116760095908,0.0001399890135393,0.0048973521956593375,0.00023147874,0.002103026128252222,8.412167e-05,0.00045291410142027095,0.0,0.0,0.006504332833075,0.0009742827374735687,5.0,0.004668534080298786,4.0,0.003864734299516908,8,0.003426501392947522,,False
num__no_recent_psych_history_and_high_charlson,191320,47171,100.0,100.0,False,False,False,False,,False,prior_utilisation_features,0.0006886652905004,0.03659987681753105,0.000809840219584,0.028331314559906673,0.010837911,0.09846437737077784,0.006629479,0.03569335373595836,0.0783649141932922,0.015460550214218275,0.087543799954317,0.013113168599646745,8.0,0.007469654528478058,6.0,0.005797101449275362,8,0.030116174659474047,,False
num__no_recent_psych_history_and_long_ed_los,191320,47171,100.0,100.0,False,False,False,False,,False,prior_utilisation_features,0.0001507574207166,0.008012169487367332,0.0001517378070719,0.005308370020190788,0.00024798856,0.0022530208225068266,0.00020048037,0.0010793935335681455,0.1953447531892057,0.0385394075506345,0.0207395338638107,0.003106570703763719,46.0,0.04295051353874883,34.0,0.03285024154589372,8,0.01676246090033423,,False
num__no_recent_psych_history_and_discharge_to_facility,191320,47171,100.0,100.0,False,False,False,False,,False,prior_utilisation_features,7.303512012617724e-05,0.003881532054605731,8.760515332594414e-05,0.003064764006437121,0.00053542596,0.004864441475811252,0.00019205565,0.0010340345376219477,0.0795145292401768,0.015687356832235367,0.0268137645309419,0.004016428522282006,14.0,0.013071895424836602,14.0,0.01352657004830918,8,0.0073933778627674005,,False
num__num_safety_observation_orders,191320,47171,100.0,100.0,False,False,False,False,,False,num_safety_observation_orders,0.0005180463072456,0.02753214267149826,0.000636529458495,0.02226823993075139,0.00016318633,0.0014825772585576947,0.0020694793,0.011142151095756319,0.1660321976122067,0.032756357290572476,0.3162864225632952,0.04737648111020888,0.0,0.0,3.0,0.002898550724637681,8,0.01818206251024784,,False
num__num_order_provider_changes,191320,47171,100.0,100.0,False,False,False,False,,False,num_order_provider_changes,,,,,,,,,,,,,,,,,0,,,False
num__late_order_activity_and_high_poe_orders,191320,47171,100.0,100.0,False,False,False,False,,False,discharge_readiness_trajectory_features,3.0979251408829745e-05,0.0016464265022542695,2.7015705757762427e-05,0.0009451129239718623,0.0,0.0,0.0,0.0,0.0,0.0,0.0,0.0,0.0,0.0,0.0,0.0,8,0.0003239424282782665,,False
num__self_harm_and_previous_psych_365d,191320,47171,100.0,100.0,False,False,False,False,,False,prior_utilisation_features,0.0001163376115791,0.006182890747908779,0.0001155550885247,0.0040425598566502935,0.00035341483,0.0032108375119106716,0.0002545281,0.0013703884587373133,0.0063503776594963,0.0012528608458847316,0.0114541332918972,0.001715712375951851,1.0,0.0009337068160597573,1.0,0.000966183574879227,8,0.002459392523497828,,False
num__self_harm_and_previous_psych_90d,191320,47171,100.0,100.0,False,False,False,False,,False,prior_utilisation_features,4.677985118028681e-05,0.0024861668133395456,3.755602556544752e-05,0.001313853706180651,0.00038297073,0.0034793581974129767,0.00016902343,0.0009100282355001045,0.0,0.0,0.007015328147504,0.0010508246252512712,0.0,0.0,0.0,0.0,8,0.0011550289472105687,,False
num__self_harm_and_psych_facility_discharge,191320,47171,100.0,100.0,False,False,False,False,,False,psychiatric_features,,,,,,,,,,,,,,,,,0,,,False
num__smi_and_previous_psych_365d,191320,47171,100.0,100.0,False,False,False,False,,False,prior_utilisation_features,0.0001212573024656,0.006444353149034577,9.232581262373577e-05,0.0032299107604037043,0.0002501143,0.002272333554042651,0.000118126074,0.0006359950374263188,0.0,0.0,0.0138929812739986,0.0020810269361479193,4.0,0.003734827264239029,2.0,0.001932367149758454,8,0.0025413517313815815,,False
num__older_age_and_no_recent_psych_history,191320,47171,100.0,100.0,False,False,False,False,,False,prior_utilisation_features,0.000154400983574,0.008205810656157577,0.0001571707501035,0.005498435188963684,0.0006311042,0.005733695553421951,1.0099395e-05,5.437550646953844e-05,0.0,0.0,0.021525107087146,0.0032242415625834105,1.0,0.0009337068160597573,3.0,0.002898550724637681,8,0.0033186020010367,,False
num__underweight_or_weight_loss_flag,191320,47171,100.0,100.0,False,False,False,False,,False,underweight_or_weight_loss_flag,,,,,,,,,,,,,,,,,0,,,False
num__previous_ed_visits_without_admission_30d,0,0,0.0,0.0,True,True,True,True,,False,utilisation_trajectory_features,,,,,,,,,,,,,,,,,0,,all_zero_in_training; very_rare_and_low_recorded_model_signal,True
num__previous_ed_visits_without_admission_90d,0,0,0.0,0.0,True,True,True,True,,False,utilisation_trajectory_features,,,,,,,,,,,,,,,,,0,,all_zero_in_training; very_rare_and_low_recorded_model_signal,True
num__prior_ed_only_high_use_flag,0,0,0.0,0.0,True,True,True,True,,False,ed_timing_features,,,,,,,,,,,,,,,,,0,,all_zero_in_training; very_rare_and_low_recorded_model_signal,True
num__ed_visit_to_admission_ratio_365d,191320,47171,100.0,100.0,False,False,False,False,,False,ed_timing_features,0.0015254489006918,0.08107166518613096,0.0023988373298174,0.08392052324100956,0.0006940972,0.006305998326873164,0.0005333386,0.0028715142337491085,0.2038889129819283,0.040225077890142125,0.3982235234714739,0.05964982336101246,192.0,0.1792717086834734,237.0,0.2289855072463768,8,0.08528772727109596,,False
num__ed_admission_with_self_harm_flag,191320,47171,100.0,100.0,False,False,False,False,,False,psychiatric_features,0.0004832101824132,0.02568073837502278,0.000698421240713,0.02443345167041051,0.0007259855,0.006595709287307567,0.0006213237,0.0033452291814536975,0.0094680608992518,0.0018679460377267778,0.0259552434085997,0.0038878308119986277,34.0,0.031746031746031744,45.0,0.043478260869565216,8,0.017629399747439614,,False
num__ed_admission_with_psychosis_flag,191320,47171,100.0,100.0,False,False,False,False,,False,psychiatric_features,0.0001136860060019,0.00604196824341653,0.0001069282513267,0.003740760029470569,0.00024860978,0.0022586647183194305,0.00020453281,0.001101212016500778,0.0,0.0,0.0,0.0,5.0,0.004668534080298786,9.0,0.008695652173913044,8,0.003313348907739892,,False
num__ed_admission_with_smi_flag,191320,47171,100.0,100.0,False,False,False,False,,False,ed_timing_features,0.0003410227141792,0.018124028469431872,0.0004653860574326,0.016280987861643465,0.0003123394,0.0028376598174096766,0.00026017983,0.0014008175766378494,0.0,0.0,0.0055008721091675,0.0008239745527410217,15.0,0.014005602240896359,20.0,0.01932367149758454,8,0.009099592752043098,,False
num__emergency_admission_with_recent_psych_history_flag,191320,47171,100.0,100.0,False,False,False,False,,False,prior_utilisation_features,0.0002366220574108,0.01257554035757086,0.0001779521193546,0.0062254471290979045,0.00042595714,0.003869897490091702,0.00016400135,0.0008829891758801432,0.0,0.0,0.0882387127040948,0.01321725944393995,16.0,0.014939309056956116,20.0,0.01932367149758454,8,0.008879264268890151,,False
num__transfer_admission_with_psych_history_flag,191320,47171,100.0,100.0,False,False,False,False,,False,psychiatric_features,6.252074827447556e-05,0.003322734159758475,4.6654163945251645e-05,0.0016321414549420028,0.00035923786,0.0032637407903525558,0.0002225472,0.001198202141155749,0.0215441407973175,0.004250426023533205,0.0255051000599916,0.003820403928228586,7.0,0.006535947712418301,18.0,0.017391304347826087,8,0.005176862569776871,,False
num__psych_and_medical_comorbidity_flag,191320,47171,100.0,100.0,False,False,False,False,,False,psychiatric_features,0.0001705589642151,0.009064544367935908,0.000165219570702,0.005780013780268395,0.0004823817,0.004382524800725651,0.00017640853,0.0009497898799182294,0.0266783214477303,0.005263344350206615,0.0,0.0,0.0,0.0,2.0,0.001932367149758454,8,0.0034215730411016566,,False
num__psychosis_and_substance_use_flag,191320,47171,100.0,100.0,False,False,False,False,,False,psychiatric_features,2.723156985449701e-05,0.0014472518304187768,1.7693539583495504e-05,0.0006189878243830248,0.00027600108,0.0025075196221727826,6.961247e-05,0.0003747960459854824,0.0,0.0,0.0,0.0,0.0,0.0,2.0,0.001932367149758454,8,0.0008601153090898151,,False
num__depression_and_substance_use_flag,191320,47171,100.0,100.0,False,False,False,False,,False,psychiatric_features,0.0002131699886248,0.011329154282181213,0.0002300057531721,0.008046482733414196,0.00038572584,0.0035043888689822488,0.00019189433,0.0010331659849310522,0.0,0.0,0.0,0.0,12.0,0.011204481792717087,6.0,0.005797101449275362,8,0.0051143468889376445,,False
num__self_harm_and_substance_use_flag,191320,47171,100.0,100.0,False,False,False,False,,False,psychiatric_features,6.591505491107682e-05,0.003503128331635883,4.6228437705106506e-05,0.0016172479194836702,0.00030579453,0.0027781984922961305,0.00031597406,0.0017012157207175606,0.0313233931780739,0.0061797667756620395,0.0123566152037851,0.0018508949642664215,24.0,0.022408963585434174,19.0,0.018357487922705314,8,0.007299612964025148,,False
num__smi_and_high_charlson_flag,191320,47171,100.0,100.0,False,False,False,False,,False,comorbidity_features,2.573802808770881e-05,0.001367875905074019,1.1839105251101455e-05,0.000414177274560525,9.364963e-05,0.0008508237896540871,0.00023447383,0.0012624155466839802,0.0,0.0,0.0,0.0,4.0,0.003734827264239029,3.0,0.002898550724637681,8,0.0013160838131061653,,False
num__psych_diagnosis_without_psych_discharge_flag,191320,47171,100.0,100.0,False,False,False,False,,False,psychiatric_features,0.0008713799355007,0.046310448254797375,0.0012291645043938,0.04300088508538252,0.0016778636,0.0152436936128274,0.0020731403,0.01116186205162892,0.2928526957255002,0.05777667026426523,0.096739947800735,0.014490657779237822,2.0,0.0018674136321195146,0.0,0.0,8,0.02373145383503235,,False
num__new_self_harm_this_admission_flag,191320,47171,100.0,100.0,False,False,False,False,,False,psychiatric_features,0.0003270675033671,0.017382363391009802,0.0006505212750038,0.022757727295282307,3.4998586e-05,0.0003179684700628767,0.000140329,0.0007555363907802259,0.0,0.0,0.0269127409075791,0.004031254174297374,3.0,0.0028011204481792717,1.0,0.000966183574879227,8,0.006126519218061385,,False
num__new_psychosis_this_admission_flag,191320,47171,100.0,100.0,False,False,False,False,,False,psychiatric_features,0.0001148600525511,0.006104364242854144,9.986675674042223e-05,0.003493721885959147,0.00029913796,0.0027177223525238995,0.00023734767,0.0012778884047623521,0.0,0.0,0.0,0.0,4.0,0.003734827264239029,3.0,0.002898550724637681,8,0.002528384359372032,,False
num__new_substance_use_this_admission_flag,191320,47171,100.0,100.0,False,False,False,False,,False,psychiatric_features,0.0010194936276493,0.0541821138700188,0.0014848079139297,0.051944271293650965,0.0015500309,0.014082310463147963,0.0011984223,0.006452348831478435,0.2244417669459988,0.04427993374021343,0.2127716487879415,0.03187102347895641,105.0,0.09803921568627451,89.0,0.08599033816425121,8,0.048355194440998964,,False
num__new_smi_this_admission_flag,191320,47171,100.0,100.0,False,False,False,False,,False,new_smi_this_admission_flag,0.000350424699639,0.01862370736194417,0.0004692136530696,0.01641489182612633,0.0014625043,0.013287115506077259,0.0012718345,0.006847602760653702,0.3012410917794482,0.059431610102378574,0.0150328608671965,0.002251769276515836,25.0,0.02334267040149393,11.0,0.010628019323671498,8,0.018853423319857662,,False
num__psych_diagnosis_group_count_increased_from_previous_flag,191320,47171,100.0,100.0,False,False,False,False,,False,prior_utilisation_features,0.0002217086942215,0.011782953213725014,0.0001476787839229,0.005166369834401875,0.00019333758,0.0017565068062538021,0.00014119965,0.0007602240017418433,0.0567266147810166,0.011191547714086496,0.0,0.0,14.0,0.013071895424836602,17.0,0.01642512077294686,8,0.007519327220999062,,False
num__current_psych_group_not_seen_previous_flag,191320,47171,100.0,100.0,False,False,False,False,,False,prior_utilisation_features,0.0003313998707587,0.017612611836877654,0.0002694823761591,0.009427526298010252,0.001602575,0.014559683094368859,0.00052388234,0.0028206013892858863,0.0155584159540404,0.0030695072353148314,0.0992775154670283,0.014870759541538298,1.0,0.0009337068160597573,2.0,0.001932367149758454,8,0.00815334542015175,,False
num__late_order_discontinuation_share,191320,47171,100.0,100.0,False,False,False,False,,False,discharge_readiness_trajectory_features,1.466609409856254e-05,0.0007794457551529473,1.9540917718286844e-05,0.0006836161915376624,0.0,0.0,0.0,0.0,0.0,0.0,0.0,0.0,0.0,0.0,0.0,0.0,8,0.0001828827433363262,,False
num__self_harm_no_psych_followup_flag,191320,47171,100.0,100.0,False,False,False,False,,False,psychiatric_features,0.0017040584895858,0.09056406888662857,0.0027214247190201,0.0952058664180321,0.0058897682,0.05350960703323795,0.003557403,0.019153185892942643,0.1935023199514468,0.038175915394968306,0.4089937459161297,0.06126309286549102,1.0,0.0009337068160597573,2.0,0.001932367149758454,8,0.045092226307139854,,False
num__psychosis_home_discharge_no_followup_flag,191320,47171,100.0,100.0,False,False,False,False,,False,psychiatric_features,2.270489053060289e-05,0.0012066764624826267,2.0614949274411084e-05,0.000721189931552023,0.000110189925,0.0010010953547835656,0.00029674574,0.0015976897532157096,0.0086969889681694,0.0017158218832886156,0.0,0.0,1.0,0.0009337068160597573,3.0,0.002898550724637681,8,0.0012593413657524975,,False
num__smi_home_discharge_no_followup_flag,191320,47171,100.0,100.0,False,False,False,False,,False,smi_home_discharge_no_followup_flag,4.647237257680137e-05,0.0024698255236494317,5.097797248821062e-05,0.0017834048485905773,0.00026693876,0.002425186809480858,0.00024778282,0.001334071628246096,0.0096956829830952,0.0019128534136022318,0.0,0.0,0.0,0.0,3.0,0.002898550724637681,8,0.0016029866185258595,,False
num__substance_use_home_discharge_no_followup_flag,191320,47171,100.0,100.0,False,False,False,False,,False,psychiatric_features,8.829363124860084e-05,0.004692462466234059,6.202674800127522e-05,0.0021699333600088216,0.00027412624,0.002490486362417297,0.00033064748,0.0017802179425477052,0.0196560461409825,0.003877925363716708,0.0053889771569914,0.000807213829833171,7.0,0.006535947712418301,4.0,0.003864734299516908,8,0.0032773651670866214,,False
num__prior_psych_admission_no_followup_flag,191320,47171,100.0,100.0,False,False,False,False,,False,psychiatric_features,0.0004181915601332,0.02222525194479416,0.0005448352404914,0.01906042477072007,0.0,0.0,0.00017856994,0.0009614269892142144,0.0,0.0,0.043509487908653,0.006517277647625383,0.0,0.0,0.0,0.0,8,0.006095547669044229,,False
num__no_psychotropic_discharge_med_in_psychosis_flag,191320,47171,100.0,100.0,False,False,False,False,,False,psychiatric_features,0.0001531575189691,0.008139725357545778,0.0001220412397242,0.0042694702835127,0.00012268142,0.001114582841219391,9.120599e-05,0.0004910563354840224,0.0301390633590944,0.005946111308479815,0.0875363470359803,0.013112052228473007,1.0,0.0009337068160597573,2.0,0.001932367149758454,8,0.004492384040066615,,False
num__mostly_psych_readmission_pattern_flag,191320,47171,100.0,100.0,False,False,False,False,,False,psychiatric_features,0.0082791346224133,0.4400037456743397,0.0114638570896909,0.40104965575145896,0.023956789,0.2176517515864542,0.031341556,0.16874406645580267,0.1644546006574974,0.032445114469889735,0.6300081995514253,0.09436880446346606,9.0,0.008403361344537815,3.0,0.002898550724637681,8,0.17069563130882334,,False
num__mostly_medical_readmission_pattern_flag,191320,47171,100.0,100.0,False,False,False,False,,False,medication_features,,,,,,,,,,,,,,,,,0,,,False
num__mixed_psych_medical_readmission_pattern_flag,191320,47171,100.0,100.0,False,False,False,False,,False,psychiatric_features,8.343201632248901e-05,0.0044340865761109014,7.441257107625878e-05,0.002603236919321996,0.00014759741,0.0013409491069994411,0.00017722236,0.0009541715699531378,0.003481322636162,0.0006868273127374194,0.0,0.0,6.0,0.0056022408963585435,8.0,0.007729468599033816,8,0.002918872622564407,,False
num__rapid_recurrent_readmission_pattern_flag,191320,47171,100.0,100.0,False,False,False,False,,False,rapid_recurrent_readmission_pattern_flag,,,,,,,,,,,,,,,,,0,,,False
num__long_gap_recurrent_readmission_pattern_flag,191320,47171,100.0,100.0,False,False,False,False,,False,long_gap_recurrent_readmission_pattern_flag,,,,,,,,,,,,,,,,,0,,,False
num__holiday_period_discharge_flag,191320,47171,100.0,100.0,False,False,False,False,,False,holiday_period_discharge_flag,2.24649496554018e-05,0.0011939245398912186,8.846028745531581e-06,0.000309467987554842,0.00024181014,0.0021968887617771194,7.445692e-05,0.000400878739287047,0.0,0.0,0.0,0.0,0.0,0.0,0.0,0.0,8,0.0005126450035637783,,False
num__month_end_discharge_flag,191320,47171,100.0,100.0,False,False,False,False,,False,month_end_discharge_flag,0.0001662621484817,0.008836185354174958,8.846096903858018e-05,0.003094703719943147,0.00018796921,0.001707734195965162,0.00012654584,0.0006813273608580688,0.0,0.0,0.0,0.0,23.0,0.021475256769374416,23.0,0.022222222222222223,8,0.007252178702817247,,False
num__weekend_or_friday_discharge_with_no_followup_flag,191320,47171,100.0,100.0,False,False,False,False,,False,admission_discharge_timing_features,0.0003855025705593,0.020487959521032023,0.0002401711476671,0.00840210719129964,0.00025044047,0.002275296867357092,0.0002114591,0.001138503411352143,0.0729970910864799,0.014401536757262098,0.0628316083560462,0.009411534274154814,31.0,0.028944911297852476,40.0,0.03864734299516908,8,0.015463649039434922,,False
num__night_discharge_flag,191320,47171,100.0,100.0,False,False,False,False,,False,night_discharge_flag,0.0007151277892772,0.03800625551684258,0.0007153039974598,0.025024075203874528,0.00076019356,0.006906495685992904,0.0004984646,0.002683751361555409,0.157973853432786,0.03116653311846802,0.2088621154114104,0.03128541524240338,62.0,0.05788982259570495,75.0,0.07246376811594203,8,0.03317826460509797,,False
num__friday_evening_discharge_flag,191320,47171,100.0,100.0,False,False,False,False,,False,friday_evening_discharge_flag,5.228243493396429e-05,0.0027786076991237066,4.023267740917171e-05,0.0014074932458306552,0.00019334225,0.0017565492340466046,0.000110942594,0.0005973189223507326,0.0,0.0,0.0084878293723138,0.0012713902944841962,8.0,0.007469654528478058,10.0,0.00966183574879227,8,0.0031178562091382775,,False
num__late_discharge_hour_with_late_orders_flag,191320,47171,100.0,100.0,False,False,False,False,,False,discharge_readiness_trajectory_features,0.0004533340517345,0.02409293844128378,0.0004265346431622,0.014921816494040403,0.0005378627,0.004886579698473762,0.00045446667,0.0024468649215893218,0.0168615198231066,0.003326595538280964,0.0099229166266335,0.0014863517324263287,12.0,0.011204481792717087,21.0,0.020289855072463767,8,0.010331935461409428,,False
num__late_discharge_hour_with_no_followup_flag,191320,47171,100.0,100.0,False,False,False,False,,False,admission_discharge_timing_features,0.000759504913285,0.04036472674314992,0.0007399562673656,0.025886506083975434,0.00051213754,0.00465286197721146,0.0004055556,0.002183525958887393,0.1353754232776735,0.026708107204622925,0.1102076802294335,0.01650798677437638,43.0,0.040149393090569564,40.0,0.03864734299516908,8,0.024387556353495272,,False
num__spo2_low_last_24h_before_discharge_flag,191320,47171,100.0,100.0,False,False,False,False,full_record_not_early_prediction,True,discharge_readiness_trajectory_features,9.200035306989196e-06,0.0004889460287857291,7.81434720190001e-06,0.00027337581328213117,0.00035072825,0.003186429447759122,0.00034874078,0.0018776329214850874,0.0,0.0,0.0,0.0,0.0,0.0,1.0,0.000966183574879227,8,0.0008490709732739121,full_record_only_not_for_early_prediction,True
num__tachycardia_last_24h_before_discharge_flag,191320,47171,100.0,100.0,False,False,False,False,full_record_not_early_prediction,True,discharge_readiness_trajectory_features,2.6110391017315543e-06,0.0001387665543876809,1.67712307396909e-06,5.8672192631657075e-05,0.00033287198,0.0030242020122584518,0.0,0.0,0.0,0.0,0.0,0.0,0.0,0.0,0.0,0.0,8,0.00040270509490972374,full_record_only_not_for_early_prediction,True
num__hypotension_last_24h_before_discharge_flag,191320,47171,100.0,100.0,False,False,False,False,full_record_not_early_prediction,True,discharge_readiness_trajectory_features,5.389988759235667e-06,0.000286456900554055,3.218073343528669e-06,0.00011258053868847714,0.0006572034,0.005970811495587872,0.0,0.0,0.0,0.0,0.0,0.0,0.0,0.0,1.0,0.000966183574879227,8,0.0009170040637137039,full_record_only_not_for_early_prediction,True
num__vital_instability_near_discharge_score,191320,47171,100.0,100.0,False,False,False,False,full_record_not_early_prediction,True,discharge_readiness_trajectory_features,4.041444852684854e-05,0.0021478704649922336,4.428216174516718e-05,0.0015491597273835666,0.00030545946,0.0027751543208754917,0.00016277336,0.0008763776334868089,0.0,0.0,0.0,0.0,2.0,0.0018674136321195146,1.0,0.000966183574879227,8,0.0012727699192171052,full_record_only_not_for_early_prediction,True
num__vital_instability_home_discharge_flag,191320,47171,100.0,100.0,False,False,False,False,,False,vital_instability_home_discharge_flag,,,,,,,,,,,,,,,,,0,,,False
num__late_order_type_diversity_last_12h,191320,47171,100.0,100.0,False,False,False,False,,False,discharge_readiness_trajectory_features,0.0037657213761458,0.20013341807299892,0.0053680967479241,0.18779659724923653,0.00027469837,0.0024956842667205477,0.00021156041,0.0011390488680414227,0.3795114655221692,0.07487350850796058,0.0948713256174544,0.014210757229442346,37.0,0.03454715219421102,47.0,0.04541062801932367,8,0.0700758493009919,,False
num__late_clinical_order_count_last_12h,191320,47171,100.0,100.0,False,False,False,False,,False,late_clinical_order_count_last_12h,0.0009671306871962,0.05139922761624142,0.0007594871682188,0.026569771847183142,0.00036696653,0.003333957152108452,0.00026668343,0.0014358331933035297,0.0189792215129781,0.0037443951830841956,0.0255392576724849,0.0038255203902946575,47.0,0.04388422035480859,62.0,0.05990338164251208,8,0.024262038422442008,,False
num__late_admin_aftercare_order_count_last_12h,191320,47171,100.0,100.0,False,False,False,False,,False,late_admin_aftercare_order_count_last_12h,0.000562274280084,0.029882687094316976,0.0006970453116956,0.024385316400191297,0.0004276786,0.003885537264866444,0.00021303158,0.0011469697003143253,0.0159579854986449,0.0031483379859386738,0.0359833813047801,0.0053899436177226355,40.0,0.03734827264239029,39.0,0.03768115942028986,8,0.017858528015753813,,False
num__late_nonroutine_order_count_last_12h,191320,47171,100.0,100.0,False,False,False,False,,False,late_nonroutine_order_count_last_12h,0.0052610994631244,0.2796069366806863,0.0064784688430092,0.22664166859004758,0.011753274,0.106780615422857,0.0029351024,0.015802697046700103,0.2523579263847892,0.04978749014137244,0.1755771801049527,0.026299671320735848,77.0,0.0718954248366013,75.0,0.07246376811594203,8,0.10615978401936783,,False
num__late_order_severity_score_last_12h,191320,47171,100.0,100.0,False,False,False,False,,False,discharge_readiness_trajectory_features,0.0063089271598231,0.3352948959174637,0.0081807894910436,0.2861953689311607,0.0003866452,0.003512741420500673,0.0011502458,0.006192964820116395,0.3029014621550393,0.059759183223976206,1.4009758803740575,0.20985190193903178,105.0,0.09803921568627451,129.0,0.1246376811594203,8,0.14043549413724304,,False
num__late_order_severity_per_late_order_last_12h,191320,47171,100.0,100.0,False,False,False,False,,False,discharge_readiness_trajectory_features,0.0073296260277276,0.3895410636108483,0.0093814456774967,0.3281989237980382,0.0038438425,0.03492200281713276,0.0038404467,0.020677103369238215,1.64667551823325,0.3248712743227662,0.7089304317162833,0.10619055011739358,326.0,0.30438842203548083,393.0,0.37971014492753624,8,0.2360624356248043,,False
num__late_order_intensity_score_last_12h,191320,47171,100.0,100.0,False,False,False,False,,False,discharge_readiness_trajectory_features,0.0118324412201439,0.6288481459451339,0.0161343613190025,0.5644417932054034,0.0064625316,0.058713265889798937,0.0029373395,0.015814741673682513,0.2195143893174287,0.04330781541359827,0.9322058313036966,0.13963492836543726,251.0,0.23436041083099907,292.0,0.2821256038647343,8,0.24590583814859845,,False
num__late_order_type_diversity_last_6h,191320,47171,100.0,100.0,False,False,False,False,,False,discharge_readiness_trajectory_features,0.0018646337553421,0.09909801858279012,0.002730013639014,0.0955063397560963,0.00030390063,0.0027609920690008553,0.0004804706,0.0025868710173949047,0.529779174640257,0.10451970267931339,0.3495242233567884,0.052355164762437706,38.0,0.035480859010270774,41.0,0.03961352657004831,8,0.05399018430591905,,False
num__late_clinical_order_count_last_6h,191320,47171,100.0,100.0,False,False,False,False,,False,late_clinical_order_count_last_6h,0.0007873485066146,0.04184450523653138,0.0006082524384074,0.021279001397587257,0.00030862968,0.002803956341710354,0.00029715602,0.0015998987155143743,0.0481277238117374,0.009495079505249885,0.0189343921392792,0.002836178879415325,63.0,0.058823529411764705,58.0,0.05603864734299517,8,0.024340099603846053,,False
num__aftercare_quality_score,191320,47171,100.0,100.0,False,False,False,False,,False,aftercare_quality_score,0.0004700975340154,0.024983852205890663,0.0005185743498941,0.018141718173858797,0.0005176933,0.0047033370594686845,0.00045610286,0.0024556742274863975,0.0217936094916341,0.0042996434994286535,0.0445256209949099,0.006669484023025118,38.0,0.035480859010270774,31.0,0.02995169082125604,8,0.01583578237758564,,False
num__protective_aftercare_present_flag,191320,47171,100.0,100.0,False,False,False,False,,False,protective_aftercare_present_flag,0.0002441338436458,0.012974762526414095,0.0002940847290801,0.010288210890678093,0.0007817819,0.007102629650976439,0.00042526735,0.0022896547309228395,0.0089087463044178,0.0017575993160083433,0.0341693383136038,0.005118218474391921,3.0,0.0028011204481792717,0.0,0.0,8,0.005291524504696375,,False
num__low_aftercare_quality_flag,191320,47171,100.0,100.0,False,False,False,False,,False,low_aftercare_quality_flag,4.337586915014422e-05,0.002305258431995422,8.752333627073337e-05,0.0030619017322853974,0.0,0.0,0.0,0.0,0.0,0.0,0.0879441535916889,0.013173137492350502,0.0,0.0,0.0,0.0,8,0.0023175372070789154,,False
num__late_activity_with_low_aftercare_quality_flag,191320,47171,100.0,100.0,False,False,False,False,,False,late_activity_with_low_aftercare_quality_flag,2.228746531071201e-05,0.0011844919385356801,3.781342332257532e-05,0.001322858466191148,0.0,0.0,0.00012300356,0.0006622555977418707,0.0,0.0,0.0158440996407664,0.0023732845730638943,0.0,0.0,0.0,0.0,8,0.0006928613219415742,,False
num__home_discharge_low_aftercare_quality_flag,191320,47171,100.0,100.0,False,False,False,False,,False,home_discharge_low_aftercare_quality_flag,6.0527167442209646e-05,0.0032167831064772714,8.756273566922325e-05,0.0030632800742411244,0.0007827895,0.007111783878819683,0.0008690482,0.004678986812719053,0.0630690463302634,0.012442840878339918,0.0515639628792871,0.007723755871402227,35.0,0.032679738562091505,20.0,0.01932367149758454,8,0.011280105085209415,,False
num__psychosis_or_self_harm_low_aftercare_quality_flag,191320,47171,100.0,100.0,False,False,False,False,,False,psychiatric_features,0.0022860099858692,0.12149252335000617,0.0035494577647531,0.12417363575987808,0.0031513493,0.028630577119736135,0.002423331,0.013047301394621465,0.9051566608244136,0.17857762176440753,0.989554442764768,0.1482251656116739,46.0,0.04295051353874883,34.0,0.03285024154589372,8,0.08624344751062074,,False
num__late_order_type_diversity_x_low_aftercare_flag,191320,47171,100.0,100.0,False,False,False,False,,False,discharge_readiness_trajectory_features,8.425690658411298e-05,0.0044779262793453725,4.281814541812709e-05,0.0014979428254822038,0.0002826916,0.002568304203822026,0.0001503366,0.0008094176696632237,0.0,0.0,0.0,0.0,8.0,0.007469654528478058,3.0,0.002898550724637681,8,0.0024652245289285704,,False
num__late_order_severity_x_low_aftercare_score,191320,47171,100.0,100.0,False,False,False,False,,False,discharge_readiness_trajectory_features,0.0002209648867672,0.011743422745762035,0.0001435089488729,0.005020493023633994,0.00020766989,0.0018867184291795646,0.0002526693,0.00136038061258162,0.0143928562787602,0.002839554914523801,0.0,0.0,13.0,0.012138188608776844,12.0,0.011594202898550725,8,0.005822870154126073,,False
num__late_psych_safety_activity_score_near_discharge,191320,47171,100.0,100.0,False,False,False,False,full_record_not_early_prediction,True,discharge_readiness_trajectory_features,0.0009331120569696,0.04959126997271041,0.0011551927239199,0.04041306871064263,0.0016765689,0.015231931029670744,0.0016647545,0.008963098193995109,0.3914896603426732,0.07723667682639081,0.2187699364079663,0.032769505803365497,96.0,0.0896358543417367,126.0,0.12173913043478261,8,0.05444756691416182,full_record_only_not_for_early_prediction,True
num__late_psych_safety_without_followup_flag,191320,47171,100.0,100.0,False,False,False,False,,False,psychiatric_features,5.2223528099111294e-05,0.0027754770303807475,8.723698381842738e-05,0.0030518840260699057,0.0001710394,0.0015539238167642656,9.467979e-05,0.0005097593998135078,0.0,0.0,0.0,0.0,1.0,0.0009337068160597573,1.0,0.000966183574879227,8,0.0012238668329959262,,False
num__late_psych_safety_home_discharge_flag,191320,47171,100.0,100.0,False,False,False,False,,False,psychiatric_features,7.13076300965801e-19,3.789722690668096e-17,0.0,0.0,0.00038651997,0.0035116036833502074,0.0,0.0,0.0,0.0,0.0,0.0,0.0,0.0,0.0,0.0,8,0.00043895046041878065,,False
num__late_psych_safety_without_psych_facility_discharge_flag,191320,47171,100.0,100.0,False,False,False,False,,False,psychiatric_features,0.0002610794088648,0.013875353289697927,0.0005168495139944,0.01808137680372566,0.0018942743,0.017209823878325446,0.0016619901,0.008948214564818866,0.0,0.0,0.2058296300958047,0.030831179862625013,12.0,0.011204481792717087,8.0,0.007729468599033816,8,0.013484987348867977,,False
num__late_medication_change_intensity_score,191320,47171,100.0,100.0,False,False,False,False,,False,medication_features,0.0013894581193249,0.07384428504224168,0.0010148600412987,0.03550369365340102,0.00040257027,0.0036574235554744754,0.00020472909,0.001102268795090965,0.0758962925247175,0.014973517852098068,0.048777369220308,0.0073063525545714785,138.0,0.12885154061624648,171.0,0.16521739130434782,8,0.053807059171684005,,False
num__late_medication_change_without_followup_flag,191320,47171,100.0,100.0,False,False,False,False,,False,medication_features,5.352233693158084e-05,0.0028445036590400282,2.701321008099073e-05,0.0009450256156338111,0.0001632485,0.0014831420842276177,0.000121666766,0.0006550582506933157,0.0,0.0,0.0,0.0,1.0,0.0009337068160597573,0.0,0.0,8,0.0008576795532068164,,False
num__late_medication_change_home_discharge_flag,191320,47171,100.0,100.0,False,False,False,False,,False,medication_features,0.0001542428500876,0.008197406477519851,9.238791854167157e-05,0.0032320834634314384,0.00020004831,0.001817474999400378,0.0002108256,0.0011350926245328877,0.0109056071950743,0.002151558377772314,0.02921420441957,0.0043759899417008955,22.0,0.02054154995331466,23.0,0.022222222222222223,8,0.007959172257486831,,False
num__quiet_self_harm_low_activity_score,191320,47171,100.0,100.0,False,False,False,False,,False,psychiatric_features,0.0006061406420658,0.032214013309117946,0.000649335571719,0.02271624685022162,0.00026607534,0.0024173424829580185,0.00030862208,0.0016616323955724486,0.0340365997947002,0.006715053103347328,0.1017273649824809,0.015237722019254102,12.0,0.011204481792717087,6.0,0.005797101449275362,8,0.012245449175307989,,False
num__quiet_smi_psychosis_low_activity_score,191320,47171,100.0,100.0,False,False,False,False,,False,psychiatric_features,0.0016393412603791,0.08712460032387287,0.0027237594275781,0.09528754347106409,0.0019268938,0.017506177922720727,0.0012757991,0.006868948309862256,0.4650093176202413,0.09174131024267104,0.2859373064800251,0.04283049297332373,88.0,0.08216619981325864,93.0,0.08985507246376812,8,0.06417254319006768,,False
num__quiet_prior_psych_low_activity_score,191320,47171,100.0,100.0,False,False,False,False,,False,psychiatric_features,0.0047655351324363,0.2532696234625808,0.0071389550213898,0.24974800639552686,0.00037639923,0.0034196549339434693,0.00073284004,0.00394563717293529,0.0526508881007949,0.01038745091071897,0.0409612173097646,0.006135572695153776,9.0,0.008403361344537815,6.0,0.005797101449275362,8,0.06763830104558405,,False
num__quiet_medical_frailty_low_psych_history_score,191320,47171,100.0,100.0,False,False,False,False,,False,psychiatric_features,0.000292288650252,0.015534002863150547,0.0002471843610994,0.00864745627500941,0.00043311832,0.003934958102781737,0.00024261053,0.0013062238325754316,0.0365079857695622,0.007202630833207706,0.0416758968707343,0.006242624406212786,39.0,0.036414565826330535,31.0,0.02995169082125604,8,0.013654269120065524,,False
num__quiet_risk_summary_score,191320,47171,100.0,100.0,False,False,False,False,,False,quiet_risk_summary_score,0.0024722027767517,0.13138794468837528,0.0032067057274773,0.11218285591308594,0.0005318595,0.004832039543066299,0.0004125159,0.0022210004648038294,0.0517390111973524,0.010207547457751681,0.2238260337876568,0.03352685763674161,71.0,0.06629318394024276,104.0,0.10048309178743961,8,0.05764181517893838,,False
num__quiet_risk_flag,191320,47171,100.0,100.0,False,False,False,False,,False,quiet_risk_flag,0.0023802464325894,0.12650082330247653,0.00389974342813,0.13642797071999446,0.00014860046,0.0013500619972715386,0.00014428826,0.000776853189236429,0.2897769837352453,0.057169865546116506,0.3009706627857721,0.045082336461482735,0.0,0.0,1.0,0.000966183574879227,8,0.04603426184893218,,False
num__quiet_home_discharge_psych_risk_flag,191320,47171,100.0,100.0,False,False,False,False,,False,psychiatric_features,3.722992168599652e-05,0.0019786252718555,3.213821276615759e-05,0.0011243178509199446,0.00028403144,0.0025804768920251737,0.00030197215,0.0016258289329158266,0.0186562260350947,0.0036806716678326576,0.0127660462550726,0.001912223561017594,1.0,0.0009337068160597573,3.0,0.002898550724637681,8,0.002091800214658017,,False
num__late_transport_or_placement_activity_flag,0,0,0.0,0.0,True,True,True,True,,False,late_transport_or_placement_activity_flag,,,,,,,,,,,,,,,,,0,,all_zero_in_training; very_rare_and_low_recorded_model_signal,True
num__discharge_medication_continuity_score,191320,47171,100.0,100.0,False,False,False,False,,False,discharge_continuity_and_mixed_risk_features,0.0007433605678798,0.03950671769103021,0.0007166520765936,0.025071236178431894,0.0011980208,0.010884235176801246,0.0006352384,0.003420146427474047,0.1574536798907796,0.031063908503242116,0.227614870692358,0.03409438677248665,158.0,0.14752567693744165,168.0,0.16231884057971013,8,0.056735643533327246,,False
num__psychiatric_aftercare_planning_score,191320,47171,100.0,100.0,False,False,False,False,,False,discharge_continuity_and_mixed_risk_features,0.0005347954398887,0.02842229380876919,0.000715777600695,0.025040643660106467,0.0021387504,0.019430933367832793,0.001234977,0.006649160653012499,0.221684084729389,0.043735872857563966,0.1267528026828516,0.018986277416851216,120.0,0.11204481792717087,100.0,0.0966183574879227,8,0.04386604464740372,,False
num__unmanaged_psychiatric_discharge_risk_score,191320,47171,100.0,100.0,False,False,False,False,,False,discharge_continuity_and_mixed_risk_features,0.0047909339834976,0.25461947343029867,0.0066134435573648,0.23136360138316867,0.007059871,0.06414020214163142,0.007429142,0.03999876813255841,1.201286701778745,0.23700087680454188,0.815014540191747,0.12208086788870219,202.0,0.18860877684407096,206.0,0.19903381642512077,8,0.16710579788126162,,False
num__psychosis_without_antipsychotic_continuity_flag,191320,47171,100.0,100.0,False,False,False,False,,False,discharge_continuity_and_mixed_risk_features,0.0001731951876593,0.009204649371995426,0.0002050152090105,0.007172217723423431,0.00038882717,0.0035325650117344187,0.0,0.0,0.0057488779766944,0.0011341914624555954,0.0,0.0,1.0,0.0009337068160597573,1.0,0.000966183574879227,8,0.002867939245068482,,False
num__bipolar_without_mood_stabiliser_continuity_flag,191320,47171,100.0,100.0,False,False,False,False,,False,discharge_continuity_and_mixed_risk_features,0.000113046427082,0.006007977115932204,8.960526609565783e-05,0.0031347356164704594,0.00021896022,0.0019892931148141496,0.00011186256,0.0006022720524327578,0.0,0.0,0.0,0.0,6.0,0.0056022408963585435,5.0,0.004830917874396135,8,0.0027709295838005315,,False
num__depression_without_antidepressant_continuity_flag,191320,47171,100.0,100.0,False,False,False,False,,False,discharge_continuity_and_mixed_risk_features,0.0006365206398801,0.03382859181780437,0.0008010208228,0.028022778260432087,0.0008070654,0.007332334811431628,0.00040496484,0.0021803452857676723,0.1031730528684143,0.02035492772558734,0.1732853539443117,0.025956379130298038,63.0,0.058823529411764705,50.0,0.04830917874396135,8,0.028101008148380898,,False
num__smi_without_psychotropic_continuity_flag,191320,47171,100.0,100.0,False,False,False,False,,False,discharge_continuity_and_mixed_risk_features,0.0003811741307412,0.020257919810391975,0.0005329463872305,0.01864450712011962,0.0004862307,0.004417493660361067,0.001492795,0.008037262051855051,0.0,0.0,0.0,0.0,3.0,0.0028011204481792717,8.0,0.007729468599033816,8,0.0077359714612426,,False
num__self_harm_without_aftercare_or_safety_plan_flag,191320,47171,100.0,100.0,False,False,False,False,,False,discharge_continuity_and_mixed_risk_features,0.0004830330663742,0.025671325347679554,0.0005800927557177,0.020293867776292353,0.00032080754,0.002914594397568951,0.00056829513,0.003059721450435614,0.0275520373948063,0.005435719059115414,0.0464816239662857,0.006962473323905883,7.0,0.006535947712418301,10.0,0.00966183574879227,8,0.010066935602026043,,False
num__substance_use_without_followup_or_withdrawal_plan_flag,191320,47171,100.0,100.0,False,False,False,False,,False,discharge_continuity_and_mixed_risk_features,0.0007002440668279,0.037215243662833096,0.0008827133370293,0.03088069549132591,0.0013709477,0.012455307271705768,0.0008889043,0.004785892770354119,0.1923356536561392,0.0379457447500117,0.1038643636345678,0.015557822627597086,34.0,0.031746031746031744,38.0,0.03671497584541063,8,0.02591271427065876,,False
num__late_medication_change_without_discharge_med_plan_flag,191320,47171,100.0,100.0,False,False,False,False,,False,discharge_continuity_and_mixed_risk_features,0.0001637808256059,0.008704312711758477,0.0001151117879934,0.004027051505134626,0.00031996003,0.0029068946162674153,0.00019069799,0.0010267248472777802,0.0119909421116089,0.002365683221129367,0.0117032347849529,0.0017530252396677016,4.0,0.003734827264239029,11.0,0.010628019323671498,8,0.004393317341143237,,False
num__home_discharge_without_medication_or_followup_plan_flag,191320,47171,100.0,100.0,False,False,False,False,,False,discharge_continuity_and_mixed_risk_features,0.0001897248936416,0.010083138837237084,0.0002367902389599,0.008283830047530201,0.0004502129,0.004090265447168949,0.0004035555,0.0021727573484419433,0.0557176378218189,0.010992487470057025,0.0377524511819873,0.0056549322471456205,3.0,0.0028011204481792717,22.0,0.021256038647342997,8,0.008166821311637887,,False
num__psychotropic_change_with_aftercare_plan_flag,191320,47171,100.0,100.0,False,False,False,False,,False,psychiatric_features,0.0001453723652067,0.007725974769793146,9.799792285451518e-05,0.0034283429144022107,0.00026037183,0.0023655250652861066,0.00022445341,0.0012084652444591941,0.0109064971628274,0.002151733958786821,0.0081153035061622,0.0012155897181655476,10.0,0.009337068160597572,14.0,0.01352657004830918,8,0.005119908734974973,,False
num__psychotropic_change_without_aftercare_plan_flag,191320,47171,100.0,100.0,False,False,False,False,,False,psychiatric_features,6.535584233626996e-05,0.0034734083622471636,5.313068935813456e-05,0.0018587151348981182,0.00012555298,0.001140671482054588,0.00034398458,0.001852025369362369,0.0,0.0,0.0,0.0,1.0,0.0009337068160597573,6.0,0.005797101449275362,8,0.0018819535767371698,,False
num__prior_ed_only_use_with_current_self_harm_flag,0,0,0.0,0.0,True,True,True,True,,False,psychiatric_features,,,,,,,,,,,,,,,,,0,,all_zero_in_training; very_rare_and_low_recorded_model_signal,True
num__prior_ed_only_use_with_current_smi_flag,0,0,0.0,0.0,True,True,True,True,,False,ed_timing_features,,,,,,,,,,,,,,,,,0,,all_zero_in_training; very_rare_and_low_recorded_model_signal,True
num__prior_ed_only_use_with_current_psychosis_flag,0,0,0.0,0.0,True,True,True,True,,False,psychiatric_features,,,,,,,,,,,,,,,,,0,,all_zero_in_training; very_rare_and_low_recorded_model_signal,True
num__prior_ed_only_use_with_substance_use_flag,0,0,0.0,0.0,True,True,True,True,,False,psychiatric_features,,,,,,,,,,,,,,,,,0,,all_zero_in_training; very_rare_and_low_recorded_model_signal,True
num__ed_heavy_low_inpatient_psych_history_flag,0,0,0.0,0.0,True,True,True,True,,False,discharge_continuity_and_mixed_risk_features,,,,,,,,,,,,,,,,,0,,all_zero_in_training; very_rare_and_low_recorded_model_signal,True
num__ed_heavy_home_discharge_no_followup_flag,0,0,0.0,0.0,True,True,True,True,,False,discharge_continuity_and_mixed_risk_features,,,,,,,,,,,,,,,,,0,,all_zero_in_training; very_rare_and_low_recorded_model_signal,True
num__ed_only_crisis_pattern_score,191320,47171,100.0,100.0,False,False,False,False,,False,discharge_continuity_and_mixed_risk_features,0.0011621819755899,0.06176544358034626,0.0014792018328881,0.05174814909374406,0.0016098266,0.014625565189077141,0.0012038088,0.00648134994150514,0.1634645029898087,0.0322497789059341,0.1485343803232041,0.02224893565322302,113.0,0.10550887021475257,119.0,0.11497584541062802,8,0.05120049224865129,,False
num__older_medical_complexity_home_discharge_flag,191320,47171,100.0,100.0,False,False,False,False,,False,discharge_continuity_and_mixed_risk_features,7.418372893114397e-05,0.003942576137055083,5.501289620127447e-05,0.0019245619437503606,0.00034020148,0.0030907918425254768,0.0001797823,0.0009679543791245417,0.0069149437237525,0.001364243625736275,0.0,0.0,5.0,0.004668534080298786,3.0,0.002898550724637681,8,0.0023571515916410257,,False
num__medical_complexity_no_aftercare_flag,191320,47171,100.0,100.0,False,False,False,False,,False,discharge_continuity_and_mixed_risk_features,0.0001868592766751,0.00993084246129527,0.0001665349191167,0.005826029708832528,0.00018358839,0.0016679336556513092,0.00024105373,0.0012978419652980573,0.0,0.0,0.0,0.0,0.0,0.0,5.0,0.004830917874396135,8,0.0029441957081841625,,False
num__medical_complexity_late_workup_home_discharge_flag,191320,47171,100.0,100.0,False,False,False,False,,False,medication_features,0.0001454779770564,0.007731587628089929,0.0001132955886575,0.003963513891856654,0.00043854708,0.00398427936711906,0.00024535402,0.001320994881558476,0.0134152864620337,0.002646690960099949,0.0077431808122151,0.0011598495329322195,4.0,0.003734827264239029,5.0,0.004830917874396135,8,0.0036715826750364313,,False
num__low_psych_marker_medical_instability_flag,191320,47171,100.0,100.0,False,False,False,False,,False,discharge_continuity_and_mixed_risk_features,0.0007833392456808,0.0416314286399168,0.001187291085697,0.041535992421238094,0.0014167357,0.012871299515142088,0.0008218943,0.00442510851659201,0.0206270483202386,0.004069493594283205,0.0,0.0,11.0,0.01027077497665733,9.0,0.008695652173913044,8,0.01543746872971782,,False
num__icu_or_procedure_without_psych_marker_flag,191320,47171,100.0,100.0,False,False,False,False,,False,discharge_continuity_and_mixed_risk_features,0.0001181379682378,0.0062785726892596525,7.586381952621454e-05,0.002654007151950592,0.0005473221,0.004972520054627372,0.00047274286,0.002545264586874571,0.0,0.0,0.0,0.0,8.0,0.007469654528478058,5.0,0.004830917874396135,8,0.0035938671106982975,,False
cat__gender_F,97356,23700,50.8864729249425,50.24273388310615,False,False,False,False,,False,gender_F,0.0004648521687295,0.024705081479421503,0.0003872081265632,0.01354602422617306,0.00041377166,0.0037591902051579114,0.0002880447,0.0015508430404362103,0.1747274678383353,0.03447184008464112,0.0539418429809078,0.008079938064756513,87.0,0.08123249299719888,79.0,0.07632850241545894,8,0.03045923906415552,,False
cat__gender_M,93964,23471,49.1135270750575,49.75726611689385,False,False,False,False,,False,gender_M,0.0004683022707689,0.024888440959551828,0.0003607248501536,0.012619537721313185,0.00028468607,0.0025864243237173363,0.0002676181,0.0014408654902512065,0.0296578522033845,0.0058511735507717644,0.0773066094598307,0.011579741846284982,7.0,0.006535947712418301,8.0,0.007729468599033816,8,0.009153950025417803,,False
cat__anchor_year_group_2008 - 2010,77334,18830,40.42128371315074,39.918594051429906,False,False,False,False,,False,anchor_year_group,0.0005060469668154,0.026894424482858566,0.0004072028727296,0.014245517076104317,0.0004608557,0.00418695720589272,0.00027950585,0.0015048695644589445,0.0887980976946241,0.017518904505510316,0.0591344295350194,0.008857734584759712,71.0,0.06629318394024276,81.0,0.0782608695652174,8,0.02722030761563059,,False
cat__anchor_year_group_2011 - 2013,39123,9805,20.448985992055196,20.78607619087999,False,False,False,False,,False,anchor_year_group,0.0002968297703192,0.015775345700325294,0.0001846484576801,0.0064597107071611825,0.00023479878,0.002133189290825349,0.0001638123,0.0008819713238703874,0.0903052460265676,0.01781624857467899,0.0333433877834359,0.004994499506712757,43.0,0.040149393090569564,36.0,0.034782608695652174,8,0.015374120861224461,,False
cat__anchor_year_group_2014 - 2016,33840,8303,17.687643738239597,17.60191643170592,False,False,False,False,,False,anchor_year_group,,,,,,,,,,,,,,,,,0,,,False
cat__anchor_year_group_2017 - 2019,25494,6204,13.325318837549656,13.152148565856141,False,False,False,False,,False,anchor_year_group,,,,,,,,,,,,,,,,,0,,,False
cat__anchor_year_group_2020 - 2022,15529,4029,8.116767719004809,8.541264760128044,False,False,False,False,,False,anchor_year_group,0.0001210125368928,0.00643134481256514,6.967505956099643e-05,0.002437500610202866,0.00020808136,0.0018904567083882378,0.00015668038,0.0008435728096920401,0.034258859506774,0.006758902541255714,0.0,0.0,20.0,0.018674136321195144,18.0,0.017391304347826087,8,0.006803402268890653,,False
cat__admission_type_AMBULATORY OBSERVATION,1442,375,0.7537110600041814,0.794979966504844,False,False,False,False,,False,admission_type,,,,,,,,,,,,,,,,,0,,,False
cat__admission_type_DIRECT EMER.,7137,1638,3.7303993309638304,3.472472493693159,False,False,False,False,,False,admission_type,,,,,,,,,,,,,,,,,0,,,False
cat__admission_type_DIRECT OBSERVATION,6815,1569,3.5620949195065856,3.3261961798562676,False,False,False,False,,False,admission_type,,,,,,,,,,,,,,,,,0,,,False
cat__admission_type_ELECTIVE,3455,775,1.8058749738657747,1.6429585974433445,False,False,False,False,,False,admission_type,,,,,,,,,,,,,,,,,0,,,False
cat__admission_type_EU OBSERVATION,48319,11830,25.255592724231654,25.078968010006147,False,False,False,False,,False,admission_type,,,,,,,,,,,,,,,,,0,,,False
cat__admission_type_EW EMER.,64855,16364,33.89870374242108,34.690805791694046,False,False,False,False,,False,admission_type,,,,,,,,,,,,,,,,,0,,,False
cat__admission_type_OBSERVATION ADMIT,32523,8074,16.999268241689315,17.11644866549363,False,False,False,False,,False,admission_type,,,,,,,,,,,,,,,,,0,,,False
cat__admission_type_SURGICAL SAME DAY ADMISSION,10427,2530,5.450031361070458,5.363464840686015,False,False,False,False,,False,admission_type,8.533102715269959e-05,0.004535011602273265,8.226374011975821e-05,0.0028779009017414463,0.00069244165,0.00629095735634331,0.0004205908,0.002264476017269188,0.0145799035489477,0.0028764573183984914,0.0,0.0,26.0,0.02427637721755369,13.0,0.012560386473429951,8,0.006960195860876168,,False
cat__admission_type_URGENT,16347,4016,8.544323646247125,8.513705454622544,False,False,False,False,,False,admission_type,,,,,,,,,,,,,,,,,0,,,False
cat__admission_location_AMBULATORY SURGERY TRANSFER,107,28,0.055927242316537736,0.05935850416569503,False,False,False,True,,False,admission_location,,,,,,,,,,,,,,,,,0,,,False
cat__admission_location_CLINIC REFERRAL,3834,842,2.003972402257997,1.7849950181255432,False,False,False,False,,False,admission_location,1.902234568761238e-05,0.0010109635530508878,1.3629040907576003e-05,0.00047679608367773936,0.0003690111,0.003352532439545392,0.00033273044,0.001791432674217849,0.0831725260533355,0.0164090400497247,0.0545233708681698,0.008167045012764735,25.0,0.02334267040149393,16.0,0.015458937198067632,8,0.008751177176567858,,False
cat__admission_location_EMERGENCY ROOM,90978,22833,47.55279113527075,48.40474020054695,False,False,False,False,,False,admission_location,0.0003684751953209,0.019583020873988426,0.0003114587474066,0.010896020636939526,0.00075980264,0.006902944107242924,0.0006598985,0.003552917294153631,0.0130920318337576,0.002582916317278112,0.0679629476986124,0.010180156586370916,0.0,0.0,0.0,0.0,8,0.006712246976996692,,False
cat__admission_location_INFORMATION NOT AVAILABLE,171,42,0.08937905080493415,0.08903775624854254,False,False,False,True,,False,admission_location,,,,,,,,,,,,,,,,,0,,,False
cat__admission_location_INTERNAL TRANSFER TO OR FROM PSYCH,4644,1181,2.427346853439264,2.5036569078459223,False,False,False,False,,False,admission_location,,,,,,,,,,,,,,,,,0,,,False
cat__admission_location_PACU,1261,338,0.6591051641229354,0.7165419431430328,False,False,False,False,,False,admission_location,,,,,,,,,,,,,,,,,0,,,False
cat__admission_location_PHYSICIAN REFERRAL,47632,11264,24.896508467489024,23.87907824722817,False,False,False,False,,False,admission_location,,,,,,,,,,,,,,,,,0,,,False
cat__admission_location_PROCEDURE SITE,1881,464,0.9831695588542756,0.9836552118886605,False,False,False,False,,False,admission_location,,,,,,,,,,,,,,,,,0,,,False
cat__admission_location_TRANSFER FROM HOSPITAL,21278,5443,11.121680953376542,11.538869220495643,False,False,False,False,,False,admission_location,,,,,,,,,,,,,,,,,0,,,False
cat__admission_location_TRANSFER FROM SKILLED NURSING FACILITY,3094,736,1.6171858666109136,1.5602806809268406,False,False,False,False,,False,admission_location,,,,,,,,,,,,,,,,,0,,,False
cat__admission_location_WALK-IN/SELF REFERRAL,16440,4000,8.592933305456826,8.479786309385004,False,False,False,False,,False,admission_location,,,,,,,,,,,,,,,,,0,,,False
cat__discharge_location_ACUTE HOSPITAL,1080,279,0.5644992682416893,0.591465095079604,False,False,False,False,post_discharge_context,True,discharge_location,8.105576734312307e-05,0.0043077982018712435,6.478984310539716e-05,0.0022665970161977285,0.00051920867,0.004717104469400021,0.00060635625,0.0032646438915123204,0.0585665460737902,0.011554546263060506,0.0606341054485152,0.009082370745273212,4.0,0.003734827264239029,14.0,0.01352657004830918,8,0.006556807237482905,post_discharge_context_review,True
cat__discharge_location_AGAINST ADVICE,2048,527,1.070457871628685,1.1172118462614742,False,False,False,False,post_discharge_context,True,discharge_location,6.315666692331108e-05,0.0033565307580979077,5.9148844401165536e-05,0.0020692532626314913,0.0011655311,0.010589060388831189,0.00059209974,0.0031878863281396587,0.0774948965569567,0.015288905142028917,0.1026456953226145,0.015375278540522619,11.0,0.01027077497665733,14.0,0.01352657004830918,8,0.009208032430652286,post_discharge_context_review,True
cat__discharge_location_ASSISTED LIVING,388,99,0.2028015889609032,0.20987471115727885,False,False,False,True,post_discharge_context,True,discharge_location,,,,,,,,,,,,,,,,,0,,post_discharge_context_review,True
cat__discharge_location_CHRONIC/LONG TERM ACUTE CARE,3474,795,1.8158059795107673,1.6853575289902694,False,False,False,False,post_discharge_context,True,discharge_location,2.8055667602851312e-05,0.0014910494146609793,1.625817287207927e-05,0.000568773195834641,0.00039144777,0.0035563736356784485,0.0004981952,0.002682300902251372,0.0292842524405289,0.005777466357276956,0.0232458087124906,0.003481985121060475,7.0,0.006535947712418301,8.0,0.007729468599033816,8,0.003977920617276873,post_discharge_context_review,True
cat__discharge_location_HEALTHCARE FACILITY,19,7,0.009931005644992682,0.014839626041423757,False,False,True,True,post_discharge_context,True,discharge_location,,,,,,,,,,,,,,,,,0,,post_discharge_context_review; very_rare_and_low_recorded_model_signal,True
cat__discharge_location_HOME,58034,14459,30.3334727158687,30.65230756184944,False,False,False,False,post_discharge_context,True,discharge_location,0.0001814400285785,0.00964283054096881,0.0001405010511476,0.0049152652335604455,0.00048400255,0.00439725051549314,0.00021702367,0.0011684632566730953,0.0095372168820219,0.001881589765346941,0.1172299562345184,0.017559852117849984,0.0,0.0,0.0,0.0,8,0.004945656428736552,post_discharge_context_review,True
cat__discharge_location_HOME HEALTH CARE,33080,8114,17.29040351243989,17.20124652858748,False,False,False,False,post_discharge_context,True,discharge_location,0.0001439018691539,0.007647823634349628,0.0001424325973236,0.004982838121367068,0.0006119716,0.005559872429529889,0.0004937333,0.002658277871929612,0.0765726872480775,0.015106963217192779,0.0403713488970435,0.006047216421475297,7.0,0.006535947712418301,11.0,0.010628019323671498,8,0.0073958698414917584,post_discharge_context_review,True
cat__discharge_location_OTHER FACILITY,897,224,0.46884800334518084,0.4748680333255602,False,False,False,True,post_discharge_context,True,discharge_location,7.202020938173954e-07,3.8275935031212825e-05,0.0,0.0,0.00011494567,0.0010443021563857552,0.00016763713,0.0009025643463642977,0.0256051632568216,0.005051621843149193,0.0269240401675719,0.004032946688232275,20.0,0.018674136321195144,13.0,0.012560386473429951,8,0.0052880292204734785,post_discharge_context_review,True
cat__discharge_location_PSYCH FACILITY,2362,571,1.2345808070248798,1.2104894956647092,False,False,False,False,post_discharge_context,True,discharge_location,0.000833320694231,0.04428774787849765,0.0011868983752222,0.04152225390378307,0.0031245658,0.028387244188573458,0.0031454687,0.016935316783488582,0.1027563254647479,0.020272711914897705,0.3889933251238998,0.05826723376354147,0.0,0.0,0.0,0.0,8,0.02620906355409774,post_discharge_context_review,True
cat__discharge_location_REHAB,4882,1244,2.5517457662554883,2.637213542218736,False,False,False,False,post_discharge_context,True,discharge_location,3.4950605822728235e-05,0.0018574885150381977,1.911440971256325e-05,0.0006686953069233114,0.0003847463,0.00349548957130304,0.00022324949,0.0012019832958128837,0.022717024042158,0.00448182320540907,0.0168037100810375,0.0025170244324236968,3.0,0.0028011204481792717,3.0,0.002898550724637681,8,0.002490271937465894,post_discharge_context_review,True
cat__discharge_location_SKILLED NURSING FACILITY,22542,5597,11.782354171022371,11.865340993406965,False,False,False,False,post_discharge_context,True,discharge_location,0.0001308413113822,0.006953705879024496,9.891881208734288e-05,0.0034605591490360927,0.0004286655,0.0038945034294739244,0.00026978078,0.0014525094372729382,0.0399431230140212,0.007880346267562585,0.0,0.0,3.0,0.0028011204481792717,3.0,0.002898550724637681,8,0.0036676619168983736,post_discharge_context_review,True
cat__discharge_location_Unknown,56081,13650,29.31266987246498,28.937270780776323,False,False,False,False,post_discharge_context,True,discharge_location,0.0001247905307739,0.006632130466456848,0.0001710121454288,0.005982660244012857,0.0035650893,0.032389479688080314,0.0012538495,0.006750770872817386,0.0057791689907917,0.001140167552001687,0.0,0.0,3.0,0.0028011204481792717,4.0,0.003864734299516908,8,0.007445132946383159,post_discharge_context_review,True
cat__discharge_location_Unknown / not modelled,6433,1605,3.36242943759147,3.4025142566407327,False,False,False,False,post_discharge_context,True,discharge_location,0.0085322648812728,0.4534566326149834,0.0126456066807123,0.44239178545139735,0.0041675055,0.03786253958413131,0.0030137734,0.016226264544502208,5.068701508515784,1.0,6.676021839349747,1.0,510.0,0.47619047619047616,470.0,0.45410628019323673,8,0.4850292473223409,post_discharge_context_review,True
cat__insurance_Medicaid,48790,11809,25.501777127325948,25.03444913188188,False,False,False,False,,False,insurance,0.0004597008536495,0.0244313091549309,0.0004404309151114,0.015407961343705971,0.00047295555,0.004296886526822723,0.00042893892,0.0023094225960561825,0.0667951197764825,0.013177954879422646,0.1634966459719466,0.02449013048583307,63.0,0.058823529411764705,12.0,0.011594202898550725,8,0.019316424662135866,,False
cat__insurance_Medicare,84938,21195,44.39577670917834,44.932267706853786,False,False,False,False,,False,insurance,,,,,,,,,,,,,,,,,0,,,False
cat__insurance_No charge,34,7,0.01777127325946059,0.014839626041423757,False,False,True,True,,False,insurance,,,,,,,,,,,,,,,,,0,,very_rare_and_low_recorded_model_signal,True
cat__insurance_Other,4900,1115,2.5611540873928496,2.3637404337410697,False,False,False,False,,False,insurance,,,,,,,,,,,,,,,,,0,,,False
cat__insurance_Private,48063,11924,25.121785490278068,25.278242988276695,False,False,False,False,,False,insurance,0.0003880154300762,0.020621508213040984,0.0003285529072074,0.011494039859425847,0.00032692426,0.002970165902663557,0.00033736372,0.001816378420632875,0.0300893290244327,0.005936299262026074,0.0164771608584562,0.0024681106885146285,28.0,0.026143790849673203,29.0,0.028019323671497585,8,0.012433702108434344,,False
cat__insurance_Unknown,4595,1121,2.4017353125653353,2.3764601132051473,False,False,False,False,,False,insurance,,,,,,,,,,,,,,,,,0,,,False
cat__language_American Sign Language,220,46,0.11499059167886264,0.09751754255792754,False,False,False,True,,False,language,,,,,,,,,,,,,,,,,0,,,False
cat__language_Amharic,49,5,0.025611540873928498,0.010599732886731255,False,False,True,True,,False,language,,,,,,,,,,,,,,,,,0,,very_rare_and_low_recorded_model_signal,True
cat__language_Arabic,162,51,0.0846748902362534,0.1081172754446588,False,False,False,True,,False,language,,,,,,,,,,,,,,,,,0,,,False
cat__language_Armenian,27,15,0.014112481706042233,0.03179919866019376,False,False,True,True,,False,language,,,,,,,,,,,,,,,,,0,,very_rare_and_low_recorded_model_signal,True
cat__language_Bengali,14,7,0.007317583106836713,0.014839626041423757,False,False,True,True,,False,language,,,,,,,,,,,,,,,,,0,,very_rare_and_low_recorded_model_signal,True
cat__language_Chinese,1099,308,0.574430273886682,0.6529435458226452,False,False,False,False,,False,language,,,,,,,,,,,,,,,,,0,,,False
cat__language_English,177160,43738,92.5987873719423,92.72222339997032,False,False,False,False,,False,language,,,,,,,,,,,,,,,,,0,,,False
cat__language_French,57,12,0.02979301693497805,0.02543935892815501,False,False,True,True,,False,language,,,,,,,,,,,,,,,,,0,,very_rare_and_low_recorded_model_signal,True
cat__language_Haitian,624,159,0.3261551327618649,0.3370715057980539,False,False,False,True,,False,language,,,,,,,,,,,,,,,,,0,,,False
cat__language_Hindi,38,17,0.019862011289985364,0.036039091814886265,False,False,True,True,,False,language,,,,,,,,,,,,,,,,,0,,very_rare_and_low_recorded_model_signal,True
cat__language_Italian,290,60,0.1515785072130462,0.12719679464077505,False,False,False,True,,False,language,,,,,,,,,,,,,,,,,0,,,False
cat__language_Japanese,37,9,0.01933932678235417,0.01907951919611626,False,False,True,True,,False,language,,,,,,,,,,,,,,,,,0,,very_rare_and_low_recorded_model_signal,True
cat__language_Kabuverdianu,1042,294,0.544637256951704,0.6232642937397977,False,False,False,False,,False,language,,,,,,,,,,,,,,,,,0,,,False
cat__language_Khmer,78,7,0.040769391595233115,0.014839626041423757,False,False,True,True,,False,language,,,,,,,,,,,,,,,,,0,,very_rare_and_low_recorded_model_signal,True
cat__language_Korean,86,19,0.044950867656282666,0.04027898496957877,False,False,True,True,,False,language,,,,,,,,,,,,,,,,,0,,very_rare_and_low_recorded_model_signal,True
cat__language_Modern Greek (1453-),253,69,0.13223918043069202,0.1462763138368913,False,False,False,True,,False,language,,,,,,,,,,,,,,,,,0,,,False
cat__language_Other,300,81,0.15680535228935813,0.17171567276504632,False,False,False,True,,False,language,,,,,,,,,,,,,,,,,0,,,False
cat__language_Persian,158,19,0.08258415220572862,0.04027898496957877,False,False,False,True,,False,language,,,,,,,,,,,,,,,,,0,,,False
cat__language_Polish,164,11,0.08572025925151579,0.023319412350808758,False,False,False,True,,False,language,,,,,,,,,,,,,,,,,0,,,False
cat__language_Portuguese,740,186,0.38678653564708343,0.3943100633864027,False,False,False,True,,False,language,,,,,,,,,,,,,,,,,0,,,False
cat__language_Russian,2395,569,1.2518293957767093,1.2062496025100167,False,False,False,False,,False,language,,,,,,,,,,,,,,,,,0,,,False
cat__language_Somali,40,17,0.020907380305247754,0.036039091814886265,False,False,True,True,,False,language,,,,,,,,,,,,,,,,,0,,very_rare_and_low_recorded_model_signal,True
cat__language_Spanish,5730,1361,2.9949822287267405,2.8852472917682475,False,False,False,False,,False,language,,,,,,,,,,,,,,,,,0,,,False
cat__language_Thai,60,5,0.03136107045787163,0.010599732886731255,False,False,True,True,,False,language,,,,,,,,,,,,,,,,,0,,very_rare_and_low_recorded_model_signal,True
cat__language_Unknown,284,64,0.14844240016725904,0.13567658095016005,False,False,False,True,,False,language,,,,,,,,,,,,,,,,,0,,,False
cat__language_Vietnamese,213,42,0.11133180012544429,0.08903775624854254,False,False,False,True,,False,language,,,,,,,,,,,,,,,,,0,,,False
cat__marital_status_DIVORCED,17442,4289,9.116663182103283,9.09245087023807,False,False,False,False,,False,marital_status,,,,,,,,,,,,,,,,,0,,,False
cat__marital_status_MARRIED,58566,14808,30.611540873928497,31.392168917343284,False,False,False,False,,False,marital_status,,,,,,,,,,,,,,,,,0,,,False
cat__marital_status_SINGLE,91140,22190,47.637466025507,47.04161455131331,False,False,False,False,,False,marital_status,0.0004512286441824,0.023981044233574302,0.0003784258580493,0.013238786815879118,0.00028559568,0.002594688294726162,0.0001547709,0.0008332921005908063,0.0,0.0,0.0099038672115164,0.0014834983242776585,28.0,0.026143790849673203,29.0,0.028019323671497585,8,0.012036803036277355,,False
cat__marital_status_Unknown,5537,1389,2.89410411875392,2.9446057959339424,False,False,False,False,,False,marital_status,0.0013301421160418,0.07069187059154057,0.0017671351579957,0.061821160298464996,0.002689045,0.02443045912141217,0.0014856386,0.00799873173647491,0.3615999307289855,0.07133975636984571,0.5105334142044265,0.07647269983379101,91.0,0.08496732026143791,82.0,0.07922705314009662,8,0.059618631419132984,,False
cat__marital_status_WIDOWED,18635,4495,9.740225799707297,9.529159865171398,False,False,False,False,,False,marital_status,,,,,,,,,,,,,,,,,0,,,False
cat__race_AMERICAN INDIAN/ALASKA NATIVE,439,101,0.2294584988500941,0.21411460431197135,False,False,False,True,,False,race,,,,,,,,,,,,,,,,,0,,,False
cat__race_ASIAN,1769,456,0.9246288939995818,0.9666956392698904,False,False,False,False,,False,race,,,,,,,,,,,,,,,,,0,,,False
cat__race_ASIAN - ASIAN INDIAN,365,105,0.19077984528538575,0.22259439062135633,False,False,False,True,,False,race,,,,,,,,,,,,,,,,,0,,,False
cat__race_ASIAN - CHINESE,1262,374,0.6596278486305666,0.7928600199274978,False,False,False,False,,False,race,,,,,,,,,,,,,,,,,0,,,False
cat__race_ASIAN - KOREAN,209,44,0.1092410620949195,0.09327764940323503,False,False,False,True,,False,race,,,,,,,,,,,,,,,,,0,,,False
cat__race_ASIAN - SOUTH EAST ASIAN,373,68,0.1949613213464353,0.14415636725954506,False,False,False,True,,False,race,,,,,,,,,,,,,,,,,0,,,False
cat__race_BLACK/AFRICAN,1011,324,0.5284340372151369,0.6868626910601853,False,False,False,False,,False,race,,,,,,,,,,,,,,,,,0,,,False
cat__race_BLACK/AFRICAN AMERICAN,26792,6481,14.003763328454944,13.739373767781052,False,False,False,False,,False,race,,,,,,,,,,,,,,,,,0,,,False
cat__race_BLACK/CAPE VERDEAN,1540,368,0.8049341417520385,0.7801403404634203,False,False,False,False,,False,race,,,,,,,,,,,,,,,,,0,,,False
cat__race_BLACK/CARIBBEAN ISLAND,882,226,0.46100773573071296,0.4791079264802527,False,False,False,True,,False,race,,,,,,,,,,,,,,,,,0,,,False
cat__race_HISPANIC OR LATINO,2676,550,1.3987037424210746,1.165970617540438,False,False,False,False,,False,race,,,,,,,,,,,,,,,,,0,,,False
cat__race_HISPANIC/LATINO - CENTRAL AMERICAN,154,49,0.08049341417520385,0.10387738228996629,False,False,False,True,,False,race,,,,,,,,,,,,,,,,,0,,,False
cat__race_HISPANIC/LATINO - COLUMBIAN,269,83,0.14060213255279114,0.17595556591973882,False,False,False,True,,False,race,,,,,,,,,,,,,,,,,0,,,False
cat__race_HISPANIC/LATINO - CUBAN,257,78,0.1343299184612168,0.16535583303300758,False,False,False,True,,False,race,,,,,,,,,,,,,,,,,0,,,False
cat__race_HISPANIC/LATINO - DOMINICAN,1744,440,0.911561781308802,0.9327764940323504,False,False,False,False,,False,race,,,,,,,,,,,,,,,,,0,,,False
cat__race_HISPANIC/LATINO - GUATEMALAN,445,117,0.23259460589588124,0.24803374954951135,False,False,False,True,,False,race,,,,,,,,,,,,,,,,,0,,,False
cat__race_HISPANIC/LATINO - HONDURAN,252,50,0.13171649592306084,0.10599732886731254,False,False,False,True,,False,race,,,,,,,,,,,,,,,,,0,,,False
cat__race_HISPANIC/LATINO - MEXICAN,284,108,0.14844240016725904,0.2289542303533951,False,False,False,True,,False,race,,,,,,,,,,,,,,,,,0,,,False
cat__race_HISPANIC/LATINO - PUERTO RICAN,4588,1226,2.3980765210119173,2.5990545038265034,False,False,False,False,,False,race,,,,,,,,,,,,,,,,,0,,,False
cat__race_HISPANIC/LATINO - SALVADORAN,376,90,0.19652937486932887,0.19079519196116257,False,False,False,True,,False,race,,,,,,,,,,,,,,,,,0,,,False
cat__race_MULTIPLE RACE/ETHNICITY,165,90,0.08624294375914698,0.19079519196116257,False,False,False,True,,False,race,,,,,,,,,,,,,,,,,0,,,False
cat__race_NATIVE HAWAIIAN OR OTHER PACIFIC ISLANDER,230,35,0.12021743675517457,0.07419813020711878,False,False,False,True,,False,race,,,,,,,,,,,,,,,,,0,,,False
cat__race_OTHER,5981,1419,3.12617604014217,3.00820419325433,False,False,False,False,,False,race,3.914099270213544e-05,0.0020801912499076457,2.078141976998952e-05,0.0007270137074785866,0.00042915705,0.003898969249934768,0.0003377049,0.001818215346042494,0.0562665304724045,0.011100778054867241,0.0397440416247613,0.005953252188376966,31.0,0.028944911297852476,19.0,0.018357487922705314,8,0.009110102377145685,,False
cat__race_PATIENT DECLINED TO ANSWER,545,122,0.28486305665900064,0.2586334824362426,False,False,False,True,,False,race,,,,,,,,,,,,,,,,,0,,,False
cat__race_PORTUGUESE,784,248,0.40978465398285596,0.5257467511818702,False,False,False,True,,False,race,,,,,,,,,,,,,,,,,0,,,False
cat__race_SOUTH AMERICAN,203,30,0.10610495504913234,0.06359839732038752,False,False,False,True,,False,race,,,,,,,,,,,,,,,,,0,,,False
cat__race_UNABLE TO OBTAIN,1189,279,0.6214718795734895,0.591465095079604,False,False,False,False,,False,race,1.7411551941605525e-05,0.0009253561418809965,2.6092647257609675e-05,0.0009128208000533233,0.00087003905,0.007904461786640714,0.0005145328,0.002770263129146818,0.098169261814877,0.01936773385648091,0.0710040978403741,0.01063568986875723,66.0,0.06162464985994398,56.0,0.05410628019323672,8,0.019780906954517587,,False
cat__race_UNKNOWN,5013,1278,2.6202174367551745,2.7092917258485087,False,False,False,False,,False,race,0.0014665804775694,0.0779430378769826,0.0022628059359548,0.07916162374905349,0.0025650053,0.023303536061261735,0.0017456796,0.009398801847391974,0.5868244152210897,0.11577411181841787,0.7852061658321127,0.11761587734838698,162.0,0.15126050420168066,145.0,0.14009661835748793,8,0.08931926390758291,,False
cat__race_WHITE,123548,30368,64.57662554881874,64.37853766085095,False,False,False,False,,False,race,0.0006325136980321,0.033615638471563784,0.0005100898398693,0.017844897496660562,0.00048678953,0.004422570731764044,0.00021170497,0.0011398271842886075,0.1101506082634484,0.021731523957050428,0.0534732969239996,0.008009754642924891,50.0,0.04668534080298786,45.0,0.043478260869565216,8,0.022115976769600674,,False
cat__race_WHITE - BRAZILIAN,378,80,0.19757474388459126,0.16959572618770008,False,False,False,True,,False,race,,,,,,,,,,,,,,,,,0,,,False
cat__race_WHITE - EASTERN EUROPEAN,704,122,0.36796989337236047,0.2586334824362426,False,False,False,True,,False,race,,,,,,,,,,,,,,,,,0,,,False
cat__race_WHITE - OTHER EUROPEAN,4865,1262,2.542860129625758,2.6753725806109685,False,False,False,False,,False,race,,,,,,,,,,,,,,,,,0,,,False
cat__race_WHITE - RUSSIAN,2028,500,1.060004181476061,1.0599732886731255,False,False,False,False,,False,race,,,,,,,,,,,,,,,,,0,,,False
cat__first_icu_careunit_Cardiac Vascular Intensive Care Unit (CVICU),3820,946,1.9966548191511604,2.0054694621695535,False,False,False,False,,False,first_icu_careunit,,,,,,,,,,,,,,,,,0,,,False
cat__first_icu_careunit_Coronary Care Unit (CCU),3399,781,1.7766046414384278,1.6556782769074219,False,False,False,False,,False,first_icu_careunit,,,,,,,,,,,,,,,,,0,,,False
cat__first_icu_careunit_Intensive Care Unit (ICU),7,6,0.0036587915534183565,0.012719679464077505,False,False,True,True,,False,first_icu_careunit,,,,,,,,,,,,,,,,,0,,very_rare_and_low_recorded_model_signal,True
cat__first_icu_careunit_Med/Surg,1,0,0.0005226845076311938,0.0,False,True,True,True,,False,first_icu_careunit,,,,,,,,,,,,,,,,,0,,very_rare_and_low_recorded_model_signal,True
cat__first_icu_careunit_Medical Intensive Care Unit (MICU),8515,2161,4.450658582479615,4.581204553645248,False,False,False,False,,False,first_icu_careunit,,,,,,,,,,,,,,,,,0,,,False
cat__first_icu_careunit_Medical/Surgical Intensive Care Unit (MICU/SICU),5747,1444,3.003867865356471,3.061202857687986,False,False,False,False,,False,first_icu_careunit,,,,,,,,,,,,,,,,,0,,,False
cat__first_icu_careunit_Medicine,3,5,0.0015680535228935815,0.010599732886731255,False,False,True,True,,False,first_icu_careunit,,,,,,,,,,,,,,,,,0,,very_rare_and_low_recorded_model_signal,True
cat__first_icu_careunit_Neuro Intermediate,1792,466,0.9366506376750993,0.9878951050433529,False,False,False,False,,False,first_icu_careunit,,,,,,,,,,,,,,,,,0,,,False
cat__first_icu_careunit_Neuro Stepdown,464,116,0.24252561154087393,0.2459138029721651,False,False,False,True,,False,first_icu_careunit,,,,,,,,,,,,,,,,,0,,,False
cat__first_icu_careunit_Neuro Surgical Intensive Care Unit (Neuro SICU),633,157,0.3308592933305457,0.33283161264336136,False,False,False,True,,False,first_icu_careunit,,,,,,,,,,,,,,,,,0,,,False
cat__first_icu_careunit_No ICU,158904,39101,83.05665900062722,82.89203112081576,False,False,False,False,,False,first_icu_careunit,,,,,,,,,,,,,,,,,0,,,False
cat__first_icu_careunit_PACU,35,10,0.018293957767091782,0.02119946577346251,False,False,True,True,,False,first_icu_careunit,,,,,,,,,,,,,,,,,0,,very_rare_and_low_recorded_model_signal,True
cat__first_icu_careunit_Surgery/Trauma,7,0,0.0036587915534183565,0.0,False,True,True,True,,False,first_icu_careunit,,,,,,,,,,,,,,,,,0,,very_rare_and_low_recorded_model_signal,True
cat__first_icu_careunit_Surgery/Vascular/Intermediate,52,14,0.027179594396822077,0.029679252082847513,False,False,True,True,,False,first_icu_careunit,,,,,,,,,,,,,,,,,0,,very_rare_and_low_recorded_model_signal,True
cat__first_icu_careunit_Surgical Intensive Care Unit (SICU),4239,1044,2.2156596278486305,2.2132242267494857,False,False,False,False,,False,first_icu_careunit,,,,,,,,,,,,,,,,,0,,,False
cat__first_icu_careunit_Trauma SICU (TSICU),3702,920,1.9349780472506795,1.9503508511585508,False,False,False,False,,False,first_icu_careunit,,,,,,,,,,,,,,,,,0,,,False
cat__last_icu_careunit_Cardiac Vascular Intensive Care Unit (CVICU),3834,939,2.003972402257997,1.9906298361281296,False,False,False,False,post_discharge_context,True,last_icu_careunit,,,,,,,,,,,,,,,,,0,,post_discharge_context_review,True
cat__last_icu_careunit_Coronary Care Unit (CCU),3340,794,1.7457662554881874,1.683237582412923,False,False,False,False,post_discharge_context,True,last_icu_careunit,,,,,,,,,,,,,,,,,0,,post_discharge_context_review,True
cat__last_icu_careunit_Intensive Care Unit (ICU),6,4,0.003136107045787163,0.008479786309385003,False,False,True,True,post_discharge_context,True,last_icu_careunit,,,,,,,,,,,,,,,,,0,,post_discharge_context_review; very_rare_and_low_recorded_model_signal,True
cat__last_icu_careunit_Med/Surg,1,0,0.0005226845076311938,0.0,False,True,True,True,post_discharge_context,True,last_icu_careunit,,,,,,,,,,,,,,,,,0,,post_discharge_context_review; very_rare_and_low_recorded_model_signal,True
cat__last_icu_careunit_Medical Intensive Care Unit (MICU),8567,2174,4.477838176876437,4.608763859150749,False,False,False,False,post_discharge_context,True,last_icu_careunit,,,,,,,,,,,,,,,,,0,,post_discharge_context_review,True
cat__last_icu_careunit_Medical/Surgical Intensive Care Unit (MICU/SICU),5738,1436,2.99916370478779,3.044243285069216,False,False,False,False,post_discharge_context,True,last_icu_careunit,3.3178723731871064e-05,0.001763319886017502,2.4369510994717795e-05,0.00085253888972952,0.0004234471,0.003847093323700619,0.00030580434,0.0016464615819148506,0.0612235594877333,0.012078746279470849,0.0452814402570071,0.006782698041835282,22.0,0.02054154995331466,25.0,0.024154589371980676,8,0.008958374665995495,post_discharge_context_review,True
cat__last_icu_careunit_Medicine,3,5,0.0015680535228935815,0.010599732886731255,False,False,True,True,post_discharge_context,True,last_icu_careunit,,,,,,,,,,,,,,,,,0,,post_discharge_context_review; very_rare_and_low_recorded_model_signal,True
cat__last_icu_careunit_Neuro Intermediate,1799,465,0.9403094292285177,0.9857751584660066,False,False,False,False,post_discharge_context,True,last_icu_careunit,,,,,,,,,,,,,,,,,0,,post_discharge_context_review,True
cat__last_icu_careunit_Neuro Stepdown,467,117,0.2440936650637675,0.24803374954951135,False,False,False,True,post_discharge_context,True,last_icu_careunit,,,,,,,,,,,,,,,,,0,,post_discharge_context_review,True
cat__last_icu_careunit_Neuro Surgical Intensive Care Unit (Neuro SICU),641,150,0.3350407693915952,0.3179919866019376,False,False,False,True,post_discharge_context,True,last_icu_careunit,,,,,,,,,,,,,,,,,0,,post_discharge_context_review,True
cat__last_icu_careunit_No ICU,158904,39101,83.05665900062722,82.89203112081576,False,False,False,False,post_discharge_context,True,last_icu_careunit,,,,,,,,,,,,,,,,,0,,post_discharge_context_review,True
cat__last_icu_careunit_PACU,35,8,0.018293957767091782,0.016959572618770007,False,False,True,True,post_discharge_context,True,last_icu_careunit,,,,,,,,,,,,,,,,,0,,post_discharge_context_review; very_rare_and_low_recorded_model_signal,True
cat__last_icu_careunit_Surgery/Trauma,5,1,0.0026134225381559692,0.002119946577346251,False,False,True,True,post_discharge_context,True,last_icu_careunit,,,,,,,,,,,,,,,,,0,,post_discharge_context_review; very_rare_and_low_recorded_model_signal,True
cat__last_icu_careunit_Surgery/Vascular/Intermediate,52,14,0.027179594396822077,0.029679252082847513,False,False,True,True,post_discharge_context,True,last_icu_careunit,,,,,,,,,,,,,,,,,0,,post_discharge_context_review; very_rare_and_low_recorded_model_signal,True
cat__last_icu_careunit_Surgical Intensive Care Unit (SICU),4225,1053,2.208342044741794,2.232303745945602,False,False,False,False,post_discharge_context,True,last_icu_careunit,,,,,,,,,,,,,,,,,0,,post_discharge_context_review,True
cat__last_icu_careunit_Trauma SICU (TSICU),3703,910,1.9355007317583106,1.9291513853850883,False,False,False,False,post_discharge_context,True,last_icu_careunit,,,,,,,,,,,,,,,,,0,,post_discharge_context_review,True
cat__icu_type_Cardiac ICU,7219,1727,3.773259460589588,3.6611477390769753,False,False,False,False,,False,icu_type,,,,,,,,,,,,,,,,,0,,,False
cat__icu_type_Medical ICU,8515,2161,4.450658582479615,4.581204553645248,False,False,False,False,,False,icu_type,,,,,,,,,,,,,,,,,0,,,False
cat__icu_type_Neuro ICU,2889,739,1.5100355425465188,1.5666405206588794,False,False,False,False,,False,icu_type,,,,,,,,,,,,,,,,,0,,,False
cat__icu_type_No ICU,158904,39101,83.05665900062722,82.89203112081576,False,False,False,False,,False,icu_type,,,,,,,,,,,,,,,,,0,,,False
cat__icu_type_Other ICU,98,35,0.051223081747856995,0.07419813020711878,False,False,False,True,,False,icu_type,,,,,,,,,,,,,,,,,0,,,False
cat__icu_type_Surgical/Trauma ICU,13695,3408,7.158164332009199,7.224777935596023,False,False,False,False,,False,icu_type,,,,,,,,,,,,,,,,,0,,,False
cat__first_service_CMED,13091,3298,6.842462889399958,6.991583812087935,False,False,False,False,,False,first_service,,,,,,,,,,,,,,,,,0,,,False
cat__first_service_CSURG,2295,534,1.1995609450135898,1.132051472302898,False,False,False,False,,False,first_service,,,,,,,,,,,,,,,,,0,,,False
cat__first_service_DENT,12,4,0.006272214091574326,0.008479786309385003,False,False,True,True,,False,first_service,,,,,,,,,,,,,,,,,0,,very_rare_and_low_recorded_model_signal,True
cat__first_service_ENT,395,110,0.20646038051432156,0.2331941235080876,False,False,False,True,,False,first_service,,,,,,,,,,,,,,,,,0,,,False
cat__first_service_EYE,13,4,0.006794898599205519,0.008479786309385003,False,False,True,True,,False,first_service,,,,,,,,,,,,,,,,,0,,very_rare_and_low_recorded_model_signal,True
cat__first_service_GU,1299,279,0.6789671754129207,0.591465095079604,False,False,False,False,,False,first_service,,,,,,,,,,,,,,,,,0,,,False
cat__first_service_GYN,1526,392,0.7976165586452018,0.8310190583197303,False,False,False,False,,False,first_service,,,,,,,,,,,,,,,,,0,,,False
cat__first_service_MED,114654,28316,59.9278695379469,60.02840728413644,False,False,False,False,,False,first_service,0.0003144694581296,0.016712826374705194,0.0003110608019808,0.0108820989808358,0.0014510764,0.013183290972165187,0.00096179853,0.005178357930391629,0.12675289501237,0.025006975612869686,0.1491721784741452,0.022344471312975032,78.0,0.07282913165266107,70.0,0.06763285024154589,8,0.029221250384768686,,False
cat__first_service_NMED,7998,1984,4.180430692034288,4.205974009454962,False,False,False,False,,False,first_service,0.0001485497623214,0.007894841045765755,0.0001558243230368,0.005451332010044952,0.0013024448,0.011832946062373761,0.0009098156,0.004898479962798465,0.1684115605158786,0.03322577986352817,0.1887841895315455,0.028277946668600673,76.0,0.07096171802054155,63.0,0.06086956521739131,8,0.02792657610638058,,False
cat__first_service_NSURG,4612,1158,2.410620949195066,2.4548981365669587,False,False,False,False,,False,first_service,5.5923741288262585e-05,0.0029721289435665223,5.325729881174544e-05,0.0018631444188108761,0.0006385073,0.005800954052971689,0.0003943676,0.002123289363885297,0.1971696107596504,0.03889943221718447,0.0326538374763404,0.004891211901655632,58.0,0.05415499533146592,53.0,0.051207729468599035,8,0.02023911071226743,,False
cat__first_service_OBS,2573,556,1.3448672381350617,1.1786902970045154,False,False,False,False,,False,first_service,8.081219792699496e-05,0.004294853436468112,7.73817375231334e-05,0.0027071097408402156,0.0013964347,0.01268686126638694,0.0007977863,0.004295310176199578,0.3850302284198069,0.07596230075354178,0.4729269774302277,0.07083963905610761,91.0,0.08496732026143791,89.0,0.08599033816425121,8,0.04271796660690417,,False
cat__first_service_OMED,8297,1963,4.336713359816015,4.1614551313306904,False,False,False,False,,False,first_service,0.0010233740504356,0.05438834322110941,0.001405047498978,0.04915394630017747,0.002263142,0.020561053502991204,0.0018645753,0.010038940578924934,0.0390843396984582,0.00771091760538546,0.1012123310017655,0.01516057518044664,37.0,0.03454715219421102,22.0,0.021256038647342997,8,0.02660212090382364,,False
cat__first_service_ORTHO,7276,1837,3.803052477524566,3.8943418625850628,False,False,False,False,,False,first_service,9.438720073998102e-05,0.005016311941211265,0.0001077048004254,0.003767926693035121,0.00087505835,0.007950063032982112,0.0006022568,0.0032425723050463436,0.119005702992372,0.023478538397345716,0.1278554968006035,0.019151449752156116,44.0,0.04108309990662932,26.0,0.025120772946859903,8,0.016101341871908238,,False
cat__first_service_PSURG,971,245,0.5075266569098892,0.5193869114498315,False,False,False,False,,False,first_service,,,,,,,,,,,,,,,,,0,,,False
cat__first_service_PSYCH,7668,1880,4.007944804515994,3.9854995654109517,False,False,False,False,,False,first_service,0.000246814948426,0.013117252798602652,0.00036781219745,0.012867480291704115,0.00049801863,0.00452458913179835,0.00047798472,0.0025734869499312108,0.0137154908221804,0.0027059180342613167,0.0190427254424641,0.002852406103620369,3.0,0.0028011204481792717,9.0,0.008695652173913044,8,0.006267238241501291,,False
cat__first_service_SURG,11048,2743,5.774618440309429,5.815013461660766,False,False,False,False,,False,first_service,7.217318827709806e-05,0.0038357237353299294,5.215699770812678e-05,0.0018246516693482158,0.00065696496,0.00596864522515621,0.00036889754,0.0019861576433902045,0.1422183172739408,0.028058136198196672,0.133939899209616,0.020062831193892846,53.0,0.04948646125116713,56.0,0.05410628019323672,8,0.020666110888714742,,False
cat__first_service_TRAUM,3032,751,1.5847794271377795,1.5920798795870343,False,False,False,False,,False,first_service,,,,,,,,,,,,,,,,,0,,,False
cat__first_service_TSURG,1491,360,0.77932260087811,0.7631807678446503,False,False,False,False,,False,first_service,,,,,,,,,,,,,,,,,0,,,False
cat__first_service_Unknown,7,3,0.0036587915534183565,0.0063598397320387525,False,False,True,True,,False,first_service,,,,,,,,,,,,,,,,,0,,very_rare_and_low_recorded_model_signal,True
cat__first_service_VSURG,3062,754,1.6004599623667155,1.5984397193190731,False,False,False,False,,False,first_service,6.677346777130141e-05,0.003548749630365743,7.959247184936522e-05,0.002784449700118888,0.0010739018,0.009756591661839406,0.00061534066,0.003313016278579069,0.0180334669155727,0.003557808027415932,0.0285076565655962,0.004270156277435558,31.0,0.028944911297852476,37.0,0.035748792270531404,8,0.01149055939301731,,False
cat__last_service_CMED,13119,3281,6.857098055613632,6.955544720273049,False,False,False,False,post_discharge_context,True,last_service,,,,,,,,,,,,,,,,,0,,post_discharge_context_review,True
cat__last_service_CSURG,3303,782,1.7264269287058331,1.6577982234847681,False,False,False,False,post_discharge_context,True,last_service,,,,,,,,,,,,,,,,,0,,post_discharge_context_review,True
cat__last_service_DENT,10,2,0.0052268450763119385,0.004239893154692502,False,False,True,True,post_discharge_context,True,last_service,,,,,,,,,,,,,,,,,0,,post_discharge_context_review; very_rare_and_low_recorded_model_signal,True
cat__last_service_ENT,379,106,0.19809742839222244,0.2247143371987026,False,False,False,True,post_discharge_context,True,last_service,,,,,,,,,,,,,,,,,0,,post_discharge_context_review,True
cat__last_service_EYE,3,0,0.0015680535228935815,0.0,False,True,True,True,post_discharge_context,True,last_service,,,,,,,,,,,,,,,,,0,,post_discharge_context_review; very_rare_and_low_recorded_model_signal,True
cat__last_service_GU,1294,278,0.6763537528747648,0.5893451485022577,False,False,False,False,post_discharge_context,True,last_service,,,,,,,,,,,,,,,,,0,,post_discharge_context_review,True
cat__last_service_GYN,1535,387,0.8023207192138825,0.8204193254329991,False,False,False,False,post_discharge_context,True,last_service,,,,,,,,,,,,,,,,,0,,post_discharge_context_review,True
cat__last_service_MED,114280,28269,59.73238553209283,59.928769795001166,False,False,False,False,post_discharge_context,True,last_service,0.0003050539791665,0.01621243035506971,0.0003010908589006,0.010533312162499453,0.001108377,0.010069805075635945,0.0005354965,0.0028831324450786597,0.124748973715711,0.02461162360934526,0.0845496113571328,0.012664669677798425,26.0,0.02427637721755369,38.0,0.03671497584541063,8,0.01724579079854897,post_discharge_context_review,True
cat__last_service_NMED,8058,2035,4.21179176249216,4.314091284899621,False,False,False,False,post_discharge_context,True,last_service,0.0001023505050719,0.005439530537573175,0.0001128232548623,0.003946989845500992,0.00094261544,0.00856383138777222,0.0006465078,0.003480821283008246,0.0850302967608654,0.01677555812233338,0.0913310920731252,0.013680466342216306,18.0,0.01680672268907563,14.0,0.01352657004830918,8,0.01027756128197364,post_discharge_context_review,True
cat__last_service_NSURG,4271,1064,2.2323855320928288,2.255623158296411,False,False,False,False,post_discharge_context,True,last_service,,,,,,,,,,,,,,,,,0,,post_discharge_context_review,True
cat__last_service_OBS,2612,568,1.3652519339326783,1.2041296559326704,False,False,False,False,post_discharge_context,True,last_service,,,,,,,,,,,,,,,,,0,,post_discharge_context_review,True
cat__last_service_OMED,8522,2028,4.4543173740330335,4.299251658858196,False,False,False,False,post_discharge_context,True,last_service,0.0017880352191598,0.09502710484959138,0.0028281075430275,0.09893804045928359,0.004328592,0.03932603950817921,0.004720233,0.025413904499153546,0.4387694335706707,0.08656446485031846,0.5582586413410126,0.08362145223230541,123.0,0.11484593837535013,111.0,0.1072463768115942,8,0.08137291519822198,post_discharge_context_review,True
cat__last_service_ORTHO,7000,1800,3.658791553418357,3.8159038392232514,False,False,False,False,post_discharge_context,True,last_service,,,,,,,,,,,,,,,,,0,,post_discharge_context_review,True
cat__last_service_PSURG,1012,260,0.5289567217227681,0.5511861101100253,False,False,False,False,post_discharge_context,True,last_service,,,,,,,,,,,,,,,,,0,,post_discharge_context_review,True
cat__last_service_PSYCH,7672,1880,4.010035542546519,3.9854995654109517,False,False,False,False,post_discharge_context,True,last_service,0.0002659449846891,0.014133939686126215,0.0004261041369308,0.01490675573616886,0.0013820552,0.012556220913794719,0.001274275,0.006860742500562766,0.0539507617984428,0.010643901935791964,0.0146196072505084,0.0021898680984441432,0.0,0.0,0.0,0.0,8,0.007661428608861083,post_discharge_context_review,True
cat__last_service_SURG,11376,2762,5.94605895881246,5.855292446630345,False,False,False,False,post_discharge_context,True,last_service,,,,,,,,,,,,,,,,,0,,post_discharge_context_review,True
cat__last_service_TRAUM,2417,570,1.2633284549445953,1.208369549087363,False,False,False,False,post_discharge_context,True,last_service,1.50965578990201e-05,0.000802323228852406,3.2590394235117734e-05,0.0011401368916707873,0.0007979346,0.007249379845581005,0.00044472763,0.0023944295794201035,0.0859007056673047,0.01694728038788343,0.0383243888780902,0.0057406026823038445,47.0,0.04388422035480859,40.0,0.03864734299516908,8,0.014600714495711153,post_discharge_context_review,True
cat__last_service_TSURG,1368,330,0.7150324064394732,0.6995823705242628,False,False,False,False,post_discharge_context,True,last_service,,,,,,,,,,,,,,,,,0,,post_discharge_context_review,True
cat__last_service_Unknown,7,3,0.0036587915534183565,0.0063598397320387525,False,False,True,True,post_discharge_context,True,last_service,,,,,,,,,,,,,,,,,0,,post_discharge_context_review; very_rare_and_low_recorded_model_signal,True
cat__last_service_VSURG,3082,766,1.6109136525193393,1.623879078247228,False,False,False,False,post_discharge_context,True,last_service,7.78731983166507e-05,0.004138657058940198,7.124173387705546e-05,0.002492308881992572,0.0009307885,0.008456381503444736,0.0004987431,0.0026852508155872363,0.1315978388063252,0.025962830635268486,0.1494585643876964,0.022387369002713427,69.0,0.06442577030812324,55.0,0.05314009661835749,8,0.022961083103053424,post_discharge_context_review,True
cat__infection_burden_category_0 tests,116774,28789,61.03596069412502,61.031142015221214,False,False,False,False,,False,infection_microbiology_features,,,,,,,,,,,,,,,,,0,,,False
cat__infection_burden_category_1-2 tests,28718,7045,15.010453690152623,14.935023637404337,False,False,False,False,,False,infection_microbiology_features,,,,,,,,,,,,,,,,,0,,,False
cat__infection_burden_category_3-5 tests,16242,4110,8.48944177294585,8.71298043289309,False,False,False,False,,False,infection_microbiology_features,,,,,,,,,,,,,,,,,0,,,False
cat__infection_burden_category_6+ tests,29586,7227,15.4641438427765,15.320853914481354,False,False,False,False,,False,infection_microbiology_features,,,,,,,,,,,,,,,,,0,,,False
cat__bmi_category_Missing,83966,21278,43.88772736776082,45.10822327277353,False,False,False,False,,False,bmi_category_Missing,,,,,,,,,,,,,,,,,0,,,False
cat__bmi_category_Normal,33319,8023,17.415325109763746,17.00833139004897,False,False,False,False,,False,bmi_category_Normal,,,,,,,,,,,,,,,,,0,,,False
cat__bmi_category_Obese,38553,9261,20.151055822705416,19.63282525280363,False,False,False,False,,False,bmi_category_Obese,,,,,,,,,,,,,,,,,0,,,False
cat__bmi_category_Overweight,31211,7584,16.31350616767719,16.077674842593968,False,False,False,False,,False,bmi_category_Overweight,,,,,,,,,,,,,,,,,0,,,False
cat__bmi_category_Underweight,4271,1025,2.2323855320928288,2.172945241779907,False,False,False,False,,False,bmi_category_Underweight,,,,,,,,,,,,,,,,,0,,,False
cat__last_careunit_before_discharge_No transfer record,3,1,0.0015680535228935815,0.002119946577346251,False,False,True,True,full_record_not_early_prediction,True,icu_care_features,,,,,,,,,,,,,,,,,0,,full_record_only_not_for_early_prediction; very_rare_and_low_recorded_model_signal,True
cat__last_careunit_before_discharge_UNKNOWN,191317,47170,99.99843194647711,99.99788005342265,False,False,False,False,full_record_not_early_prediction,True,icu_care_features,0.0,0.0,0.0,0.0,0.0,0.0,0.0,0.0,7.299577303692007e-05,1.440127672033595e-05,0.0,0.0,0.0,0.0,0.0,0.0,8,1.8001595900419937e-06,full_record_only_not_for_early_prediction,True
cat__time_since_previous_psych_category_0-30 days,38294,9380,20.015680535228935,19.885098895507834,False,False,False,False,,False,time_since_previous_psych_category,0.0002723584893131,0.014474792466780375,0.0002524951394299,0.00883324765434671,0.001670017,0.015172405835738482,0.0003231733,0.0017399766882008364,0.0758517063910256,0.014964721490028416,0.1136736424827987,0.017027152579517424,0.0,0.0,1.0,0.000966183574879227,8,0.009147310036186435,,False
cat__time_since_previous_psych_category_181-365 days,11881,2934,6.210014635166214,6.2199232579339,False,False,False,False,,False,time_since_previous_psych_category,6.990045334398563e-05,0.003714936729307929,7.235227357693665e-05,0.0025311598167914885,0.00058757357,0.005338211923826939,0.00035939607,0.0019350013866584771,0.0970485158743464,0.019146622800987174,0.1309576599788729,0.019616122165296623,31.0,0.028944911297852476,24.0,0.02318840579710145,8,0.01305192148972782,,False
cat__time_since_previous_psych_category_31-90 days,18698,4437,9.773154923688061,9.406202963685315,False,False,False,False,,False,time_since_previous_psych_category,7.794536854535276e-05,0.004142492625385646,8.868381187149683e-05,0.003102499616274433,0.0003120526,0.002835054187650405,0.00014542171,0.0007829557248643451,0.014272220625652,0.002815754804593176,0.0068740702520999,0.0010296656328448207,3.0,0.0028011204481792717,12.0,0.011594202898550725,8,0.003637968242292853,,False
cat__time_since_previous_psych_category_365+ days,24142,5897,12.618649383232281,12.501324966610841,False,False,False,False,,False,time_since_previous_psych_category,9.516400237862576e-05,0.00505759592151089,9.031727062603712e-05,0.0031596442636707875,0.00022536774,0.002047506590389914,0.00017577379,0.000946372416894308,0.104348166824555,0.020586765002682157,0.0254664010467781,0.003814607210640665,11.0,0.01027077497665733,12.0,0.011594202898550725,8,0.007184683660124596,,False
cat__time_since_previous_psych_category_91-180 days,11965,2937,6.253920133807234,6.226283097665939,False,False,False,False,,False,time_since_previous_psych_category,5.53079197402345e-05,0.002939400427826994,5.295861998768052e-05,0.0018526954888709517,0.00011088157,0.001007379074430886,0.00010058015,0.0005415271505899261,0.0,0.0,0.0109776689315545,0.0016443428730041033,3.0,0.0028011204481792717,6.0,0.005797101449275362,8,0.0020729458640221868,,False
cat__time_since_previous_psych_category_No previous psychiatric admission,86340,21586,45.128580388877275,45.76116681859617,False,False,False,False,,False,time_since_previous_psych_category,,,,,,,,,,,,,,,,,0,,,False
cat__age_group_18-29,24615,6085,12.865879155341835,12.899874923151936,False,False,False,False,,False,age_group_18-29,,,,,,,,,,,,,,,,,0,,,False
cat__age_group_30-39,20965,4942,10.958080702487978,10.476775985245173,False,False,False,False,,False,age_group_30-39,,,,,,,,,,,,,,,,,0,,,False
cat__age_group_40-49,29045,7211,15.181371524148025,15.286934769243816,False,False,False,False,,False,age_group_40-49,,,,,,,,,,,,,,,,,0,,,False
cat__age_group_50-59,38874,9637,20.31883754965503,20.42992516588582,False,False,False,False,,False,age_group_50-59,,,,,,,,,,,,,,,,,0,,,False
cat__age_group_60-69,34330,8206,17.943759146978884,17.396281613703334,False,False,False,False,,False,age_group_60-69,,,,,,,,,,,,,,,,,0,,,False
cat__age_group_70-79,22767,5614,11.89995818523939,11.901380085221852,False,False,False,False,,False,age_group_70-79,,,,,,,,,,,,,,,,,0,,,False
cat__age_group_80+,20724,5476,10.83211373614886,11.60882745754807,False,False,False,False,,False,age_group_80+,,,,,,,,,,,,,,,,,0,,,False
cat__hospital_los_category_0-1 days,43350,10612,22.658373405812252,22.496873078798416,False,False,False,False,,False,hospital_los_category_0-1 days,,,,,,,,,,,,,,,,,0,,,False
cat__hospital_los_category_1-3 days,52019,12824,27.18952540246707,27.18619490788832,False,False,False,False,,False,hospital_los_category_1-3 days,,,,,,,,,,,,,,,,,0,,,False
cat__hospital_los_category_3-7 days,55179,13552,28.841208446581643,28.729516016196392,False,False,False,False,,False,hospital_los_category_3-7 days,,,,,,,,,,,,,,,,,0,,,False
cat__hospital_los_category_7+ days,40772,10183,21.310892745139036,21.587415997116874,False,False,False,False,,False,hospital_los_category_7+ days,,,,,,,,,,,,,,,,,0,,,False
cat__admission_season_autumn,47838,11886,25.00418147606105,25.197685018337538,False,False,False,False,,False,admission_season_autumn,,,,,,,,,,,,,,,,,0,,,False
cat__admission_season_spring,48080,11817,25.1306711269078,25.051408704500645,False,False,False,False,,False,admission_season_spring,,,,,,,,,,,,,,,,,0,,,False
cat__admission_season_summer,48271,11917,25.230503867865355,25.263403362235273,False,False,False,False,,False,admission_season_summer,,,,,,,,,,,,,,,,,0,,,False
cat__admission_season_winter,47131,11551,24.634643529165796,24.487502914926544,False,False,False,False,,False,admission_season_winter,,,,,,,,,,,,,,,,,0,,,False
cat__discharge_season_autumn,47704,11905,24.93414175203847,25.237964003307116,False,False,False,False,,False,admission_discharge_timing_features,0.0003191160691458,0.016959775644775608,0.0001815419961017,0.00635103477576434,0.00036460385,0.003312491777911673,0.00020594615,0.0011088214899705909,0.060749617312016,0.0119852426129162,0.0599622798251024,0.008981738117103405,35.0,0.032679738562091505,30.0,0.028985507246376812,8,0.013795543778363766,,False
cat__discharge_season_spring,47994,11836,25.085720259251516,25.091687689470227,False,False,False,False,,False,admission_discharge_timing_features,0.0003336470193729,0.017732039029746113,0.0001904287903887,0.0066619288981919845,0.00020802104,0.0018899086903021874,0.00018007745,0.0009695434773561173,0.0,0.0,0.0,0.0,8.0,0.007469654528478058,16.0,0.015458937198067632,8,0.006272751477767761,,False
cat__discharge_season_summer,48442,11930,25.31988291867029,25.29096266774077,False,False,False,False,,False,admission_discharge_timing_features,0.0003496433831002,0.018582183432293523,0.0002093278546951,0.00732309059750542,0.00014994873,0.001362311273546062,0.0001215282,0.0006543122063580405,0.0,0.0,0.0,0.0,17.0,0.015873015873015872,15.0,0.014492753623188406,8,0.007285958375738416,,False
cat__discharge_season_winter,47180,11500,24.660255070039725,24.379385639481885,False,False,False,False,,False,admission_discharge_timing_features,0.0003284874568644,0.0174578283865667,0.0002065340966854,0.007225354235365086,0.00021785627,0.001979263529832462,0.00017406304,0.0009371616772715126,0.0080033882731497,0.0015789819660328053,0.0326927957595477,0.004897047455244997,16.0,0.014939309056956116,27.0,0.02608695652173913,8,0.0093877378536261,,False
cat__discharge_location_grouped_Facility / rehab / long-term care,30898,7636,16.149905916788626,16.187912064615972,False,False,False,False,post_discharge_context,True,discharge_location,0.0002144487384488,0.011397114852699923,0.000186386402302,0.006520510670635509,0.00055231934,0.005017920881887565,0.0006108772,0.0032889848491611156,0.1551384828885836,0.030607145168824748,0.1906802361222288,0.02856195511499425,110.0,0.10270774976657329,117.0,0.11304347826086956,8,0.037643107445705745,post_discharge_context_review,True
cat__discharge_location_grouped_Home,58034,14459,30.3334727158687,30.65230756184944,False,False,False,False,post_discharge_context,True,discharge_location,,,,,,,,,,,,,,,,,0,,post_discharge_context_review,True
cat__discharge_location_grouped_Home health care,33080,8114,17.29040351243989,17.20124652858748,False,False,False,False,post_discharge_context,True,discharge_location,0.0001552123424836,0.008248931220756657,0.0001027810883505,0.003595676374733989,0.0007400952,0.0067238984582085335,0.00037965982,0.002044102146577473,0.0283515084846051,0.00559344606048956,0.0935666581876907,0.01401533135140316,5.0,0.004668534080298786,0.0,0.0,8,0.005611239961558521,post_discharge_context_review,True
cat__discharge_location_grouped_Other,4432,1136,2.316537737821451,2.408259311865341,False,False,False,False,post_discharge_context,True,discharge_location,0.0001491487186657,0.007926673241642115,0.0001308860578473,0.004578895918855226,0.00079352467,0.007209314835663621,0.0006067933,0.003266996984455265,0.0869156177460076,0.01714751156681511,0.1165488454542589,0.01745782866785992,80.0,0.07469654528478058,56.0,0.05410628019323672,8,0.023298755836663573,post_discharge_context_review,True
cat__discharge_location_grouped_Psych facility,2362,571,1.2345808070248798,1.2104894956647092,False,False,False,False,post_discharge_context,True,discharge_location,0.0008092188027257,0.04300682625760036,0.0012846464101412,0.04494185478051588,0.0,0.0,0.00054050767,0.002910112764865633,0.0,0.0,0.1321162465093088,0.019789666614118972,0.0,0.0,0.0,0.0,8,0.013831057552137606,post_discharge_context_review,True
cat__discharge_location_grouped_Unknown / not modelled,62514,15255,32.67509931005645,32.33978503741706,False,False,False,False,post_discharge_context,True,discharge_location,0.0013861637232143,0.07366920072552158,0.0018691175493189,0.06538889519021099,0.002959753,0.02688989015653402,0.001535168,0.008265399810169657,0.0,0.0,0.0889004742122329,0.013316384570259574,11.0,0.01027077497665733,17.0,0.01642512077294686,8,0.0267782082752875,post_discharge_context_review,True
cat__admission_location_grouped_Emergency room,90978,22833,47.55279113527075,48.40474020054695,False,False,False,False,,False,admission_location,,,,,,,,,,,,,,,,,0,,,False
cat__admission_location_grouped_Internal transfer involving psych,4644,1181,2.427346853439264,2.5036569078459223,False,False,False,False,,False,admission_location,7.30693881781066e-05,0.0038833532680408963,8.397857361626189e-05,0.0029378923494769844,0.0,0.0,0.0,0.0,0.0,0.0,0.0,0.0,0.0,0.0,2.0,0.001932367149758454,8,0.001094201595909542,,False
cat__admission_location_grouped_Other,19689,4830,10.291135270750575,10.239341968582393,False,False,False,False,,False,admission_location,,,,,,,,,,,,,,,,,0,,,False
cat__admission_location_grouped_Physician / clinic referral,51466,12106,26.90048086974702,25.664073265353714,False,False,False,False,,False,admission_location,,,,,,,,,,,,,,,,,0,,,False
cat__admission_location_grouped_Transfer from hospital,21278,5443,11.121680953376542,11.538869220495643,False,False,False,False,,False,admission_location,,,,,,,,,,,,,,,,,0,,,False
cat__admission_location_grouped_Transfer from skilled nursing facility,3094,736,1.6171858666109136,1.5602806809268406,False,False,False,False,,False,admission_location,,,,,,,,,,,,,,,,,0,,,False
cat__admission_location_grouped_Unknown,171,42,0.08937905080493415,0.08903775624854254,False,False,False,True,,False,admission_location,,,,,,,,,,,,,,,,,0,,,False
cat__insurance_grouped_Medicaid,48790,11809,25.501777127325948,25.03444913188188,False,False,False,False,,False,insurance,,,,,,,,,,,,,,,,,0,,,False
cat__insurance_grouped_Medicare,84938,21195,44.39577670917834,44.932267706853786,False,False,False,False,,False,insurance,,,,,,,,,,,,,,,,,0,,,False
cat__insurance_grouped_Other / unknown,9529,2243,4.9806606732176455,4.75504017298764,False,False,False,False,,False,insurance,,,,,,,,,,,,,,,,,0,,,False
cat__insurance_grouped_Private,48063,11924,25.121785490278068,25.278242988276695,False,False,False,False,,False,insurance,0.0003840867168677,0.020412712414173254,0.0003079008217918,0.010771550763332324,0.0004220823,0.003834693869392899,0.00024970912,0.0013444428968332014,0.0,0.0,0.0243587315343665,0.0036486896119469667,2.0,0.0018674136321195146,3.0,0.002898550724637681,8,0.005597256739054481,,False
cat__psych_diagnosis_burden_category_1 diagnosis,106295,25837,55.558749738657745,54.773059718895084,False,False,False,False,,False,psychiatric_features,0.0007284092232514,0.03871211198169023,0.0009280954713224,0.03246833647403507,0.0014752877,0.013403255002118664,0.00067321555,0.0036246167710460753,0.0702036812639627,0.013850427204288012,0.1743122330481049,0.026110195149553785,11.0,0.01027077497665733,18.0,0.017391304347826087,8,0.019478877738401908,,False
cat__psych_diagnosis_burden_category_2 diagnoses,48973,12420,25.597428392222454,26.329736490640435,False,False,False,False,,False,psychiatric_features,0.0003192114531013,0.016964844930348475,0.0002321272395994,0.008120700459149383,0.0001893992,0.0017207259131878298,0.0001046645,0.0005635174381119865,0.0202181645864551,0.003988825254848234,0.03161790436323,0.0047360396841226666,29.0,0.02707749766573296,17.0,0.01642512077294686,8,0.00994965901480605,,False
cat__psych_diagnosis_burden_category_3-4 diagnoses,29342,7248,15.336608822914489,15.365372792605626,False,False,False,False,,False,psychiatric_features,0.0002735869917388,0.01454008258386757,0.0002417820869623,0.008458464021703383,0.0002804853,0.002548259570147405,0.00023661958,0.0012739683419758776,0.00607920571444,0.001199361553294566,0.0658564354797214,0.009864622534868146,20.0,0.018674136321195144,27.0,0.02608695652173913,8,0.010330731431098902,,False
cat__psych_diagnosis_burden_category_5+ diagnoses,6710,1666,3.5072130462053104,3.531830997858854,False,False,False,False,,False,psychiatric_features,4.638597114873503e-05,0.0024652336244093973,4.641106429530145e-05,0.0016236368975174778,8.85707e-05,0.0008046807940011643,0.00015657967,0.000843030583424373,0.0,0.0,0.0,0.0,0.0,0.0,1.0,0.000966183574879227,8,0.0008378456842789549,,False
cat__nonpsych_diagnosis_burden_category_0,5956,1525,3.1131089274513903,3.232918530453033,False,False,False,False,,False,psychiatric_features,,,,,,,,,,,,,,,,,0,,,False
cat__nonpsych_diagnosis_burden_category_1-5,44320,10884,23.165377378214508,23.073498547836593,False,False,False,False,,False,psychiatric_features,0.0002745940591782,0.01459360429425057,0.0001846940737795,0.006461306533139993,6.185749e-05,0.0005619864601738394,0.00014348049,0.0007725041264598073,0.0,0.0,0.0,0.0,0.0,0.0,8.0,0.007729468599033816,8,0.003764858751632253,,False
cat__nonpsych_diagnosis_burden_category_11+,91620,22653,47.88835458916998,48.023149816624624,False,False,False,False,,False,psychiatric_features,0.0001566559523294,0.00832565345905977,0.0001067514049487,0.0037345732654117626,0.00010945158,0.0009943873572082185,0.00023991076,0.0012916881736472219,0.0079698666014888,0.0015723685026823636,0.0197228156856664,0.0029542766875650947,0.0,0.0,0.0,0.0,8,0.002359118430696804,,False
cat__nonpsych_diagnosis_burden_category_6-10,49424,12109,25.83315910516412,25.670433105085753,False,False,False,False,,False,psychiatric_features,0.0003119253617149,0.0165776175632922,0.0002200909717349,0.007699625680754686,0.00026422663,0.0024005466189682577,0.00020395058,0.0010980772692083158,0.0199785835380315,0.003941558504572826,0.0,0.0,16.0,0.014939309056956116,14.0,0.01352657004830918,8,0.007522913092757698,,False
cat__total_diagnosis_burden_category_0-5,32573,8040,17.025402467070876,17.044370481863858,False,False,False,False,,False,total_diagnosis_burden_category,,,,,,,,,,,,,,,,,0,,,False
cat__total_diagnosis_burden_category_11-20,75535,18524,39.48097428392222,39.26989039876195,False,False,False,False,,False,total_diagnosis_burden_category,,,,,,,,,,,,,,,,,0,,,False
cat__total_diagnosis_burden_category_21+,33607,8298,17.56585824796153,17.59131669881919,False,False,False,False,,False,total_diagnosis_burden_category,,,,,,,,,,,,,,,,,0,,,False
cat__total_diagnosis_burden_category_6-10,49605,12309,25.92776500104537,26.094422420555002,False,False,False,False,,False,total_diagnosis_burden_category,,,,,,,,,,,,,,,,,0,,,False
cat__drg_severity_category_Extreme,21022,5132,10.987873719422955,10.87956583494096,False,False,False,False,,False,drg_severity_category,,,,,,,,,,,,,,,,,0,,,False
cat__drg_severity_category_Major,46459,11434,24.28339954003763,24.23946916537703,False,False,False,False,,False,drg_severity_category,0.0002108259540728,0.011204577979233087,0.000145275246576,0.005082284886550697,0.00027743442,0.0025205417747500305,0.00016178163,0.0008710381234437781,0.006926093158912,0.0013664432887349283,0.0,0.0,27.0,0.025210084033613446,14.0,0.01352657004830918,8,0.007472692516829393,,False
cat__drg_severity_category_Minor,17010,4278,8.890863474806606,9.069131457887261,False,False,False,False,,False,drg_severity_category,0.0001538771847641,0.008177972790384526,0.0001372843629299,0.004802733151881892,0.00049625075,0.004508527622946113,0.00032737208,0.0017625830709647712,0.0443304265532328,0.008745913816142948,0.0399888396087362,0.005989920430312907,38.0,0.035480859010270774,28.0,0.02705314009661836,8,0.012065206248690286,,False
cat__drg_severity_category_Moderate,42622,10696,22.277859084256743,22.6749485912955,False,False,False,False,,False,drg_severity_category,,,,,,,,,,,,,,,,,0,,,False
cat__drg_severity_category_No DRG record,64207,15631,33.56000418147606,33.136884950499244,False,False,False,False,,False,drg_severity_category,,,,,,,,,,,,,,,,,0,,,False
cat__drg_mortality_category_Extreme,16587,4112,8.669767928078612,8.717220326047784,False,False,False,False,,False,drg_mortality_category,,,,,,,,,,,,,,,,,0,,,False
cat__drg_mortality_category_Major,31170,7700,16.29207610286431,16.323588645566133,False,False,False,False,,False,drg_mortality_category,,,,,,,,,,,,,,,,,0,,,False
cat__drg_mortality_category_Minor,43385,10755,22.676667363579345,22.80002543935893,False,False,False,False,,False,drg_mortality_category,0.0002156510065247,0.011461010716316944,0.000189134446651,0.0066166477937288585,0.00041096643,0.003733704184343399,0.00033833814,0.0018216247330123839,0.0232823775069795,0.004593361330878022,0.0157502711615741,0.0023592300235956384,23.0,0.021475256769374416,28.0,0.02705314009661836,8,0.009889246955983503,,False
cat__drg_mortality_category_Moderate,35971,8973,18.80148442400167,19.02228063852791,False,False,False,False,,False,drg_mortality_category,0.0001864795293745,0.009910660371947261,0.0001290233843106,0.004513732459922834,0.00022083029,0.0020062830382587852,0.00025126763,0.0013528339708121714,0.0086445124926639,0.001705468842097033,0.0094820922222738,0.00142032073148481,18.0,0.01680672268907563,22.0,0.021256038647342997,8,0.0073715075938676905,,False
cat__drg_mortality_category_No DRG record,64207,15631,33.56000418147606,33.136884950499244,False,False,False,False,,False,drg_mortality_category,,,,,,,,,,,,,,,,,0,,,False
cat__service_transfer_category_0 transfers,177771,43869,92.91814760610495,92.99993640160268,False,False,False,False,,False,service_transfer_features,,,,,,,,,,,,,,,,,0,,,False
cat__service_transfer_category_1 transfer,10998,2648,5.74848421492787,5.613618536812872,False,False,False,False,,False,service_transfer_features,5.890845210739524e-05,0.0031307546937285945,3.550517460864795e-05,0.0012421070799110631,0.0003694304,0.0033563418557171587,0.00028548585,0.0015370660998640692,0.0221474571548484,0.004369453817242754,0.0,0.0,9.0,0.008403361344537815,13.0,0.012560386473429951,8,0.004324933920553926,,False
cat__service_transfer_category_2+ transfers,2551,654,1.3333681789671754,1.3864450615844481,False,False,False,False,,False,service_transfer_features,,,,,,,,,,,,,,,,,0,,,False
cat__physical_transfer_category_0-2 transfer events,18344,4305,9.58812460798662,9.12637001547561,False,False,False,False,,False,service_transfer_features,,,,,,,,,,,,,,,,,0,,,False
cat__physical_transfer_category_3-4 transfer events,133446,32863,69.75015680535229,69.66780437132984,False,False,False,False,,False,service_transfer_features,,,,,,,,,,,,,,,,,0,,,False
cat__physical_transfer_category_5+ transfer events,39530,10003,20.66171858666109,21.20582561319455,False,False,False,False,,False,service_transfer_features,,,,,,,,,,,,,,,,,0,,,False
cat__procedure_burden_category_0 procedures,103865,25467,54.28862638511394,53.98867948527697,False,False,False,False,,False,procedure_features,,,,,,,,,,,,,,,,,0,,,False
cat__procedure_burden_category_1-2 procedures,50393,12573,26.33964039305875,26.654088316974413,False,False,False,False,,False,procedure_features,,,,,,,,,,,,,,,,,0,,,False
cat__procedure_burden_category_3+ procedures,37062,9131,19.371733221827306,19.357232197748615,False,False,False,False,,False,procedure_features,,,,,,,,,,,,,,,,,0,,,False
cat__psych_medication_burden_category_0 classes,63956,15783,33.42881037006063,33.45911683025588,False,False,False,False,,False,psychiatric_features,,,,,,,,,,,,,,,,,0,,,False
cat__psych_medication_burden_category_1 class,51751,12634,27.049445954421913,26.783405058192532,False,False,False,False,,False,psychiatric_features,0.0002345448376823,0.01246514422285235,0.0001787278512639,0.0062525852042454,0.00026910641,0.00244488030093025,0.00021567164,0.0011611838784517257,0.0066608079963669,0.001314105394680721,0.0,0.0,16.0,0.014939309056956116,23.0,0.022222222222222223,8,0.007599928785042348,,False
cat__psych_medication_burden_category_2 classes,44831,11151,23.43246916161405,23.63952428398804,False,False,False,False,,False,psychiatric_features,0.0002176428440689,0.011566869120630137,0.0001539422955974,0.00538549147742309,0.00013621448,0.00123753313365318,0.00024092529,0.0012971504397115297,0.0204103750080095,0.004026746292658701,0.0,0.0,14.0,0.013071895424836602,13.0,0.012560386473429951,8,0.006143259045292898,,False
cat__psych_medication_burden_category_3+ classes,30782,7603,16.08927451390341,16.117953827563547,False,False,False,False,,False,psychiatric_features,0.000169305298155,0.008997916901730026,0.0001344342677365,0.004703025899145825,0.00047138467,0.004282614798523403,0.00067736243,0.003646943722340524,0.0115543040811101,0.0022795392590583673,0.0138259374642964,0.002070984457061492,2.0,0.0018674136321195146,2.0,0.001932367149758454,8,0.0037226007274672006,,False
cat__unique_drug_burden_category_0 drugs,35833,8752,18.72935396194857,18.55377244493439,False,False,False,False,,False,unique_drug_burden_category,,,,,,,,,,,,,,,,,0,,,False
cat__unique_drug_burden_category_1-4 drugs,1541,368,0.8054568262596696,0.7801403404634203,False,False,False,False,,False,unique_drug_burden_category,,,,,,,,,,,,,,,,,0,,,False
cat__unique_drug_burden_category_10+ drugs,142659,35280,74.56564917415848,74.79171524877573,False,False,False,False,,False,unique_drug_burden_category,,,,,,,,,,,,,,,,,0,,,False
cat__unique_drug_burden_category_5-9 drugs,11287,2771,5.899540037633285,5.8743719658264615,False,False,False,False,,False,unique_drug_burden_category,,,,,,,,,,,,,,,,,0,,,False
cat__lab_abnormal_burden_category_0 abnormal labs,54684,13333,28.5824796153042,28.265247715757564,False,False,False,False,,False,lab_abnormal_burden_category_0 abnormal labs,,,,,,,,,,,,,,,,,0,,,False
cat__lab_abnormal_burden_category_1 abnormal lab,15438,3824,8.06920342881037,8.106675711772063,False,False,False,False,,False,lab_abnormal_burden_category_1 abnormal lab,,,,,,,,,,,,,,,,,0,,,False
cat__lab_abnormal_burden_category_2 abnormal labs,21570,5316,11.274304829604851,11.26963600517267,False,False,False,False,,False,lab_abnormal_burden_category_2 abnormal labs,,,,,,,,,,,,,,,,,0,,,False
cat__lab_abnormal_burden_category_3+ abnormal labs,99628,24698,52.07401212628058,52.358440567297706,False,False,False,False,,False,lab_abnormal_burden_category_3+ abnormal labs,,,,,,,,,,,,,,,,,0,,,False
cat__icu_utilisation_category_Multiple ICU stays,3161,826,1.6522057286222036,1.7510758728880031,False,False,False,False,,False,icu_care_features,,,,,,,,,,,,,,,,,0,,,False
cat__icu_utilisation_category_No ICU,158904,39101,83.05665900062722,82.89203112081576,False,False,False,False,,False,icu_care_features,,,,,,,,,,,,,,,,,0,,,False
cat__icu_utilisation_category_Single ICU stay,29255,7244,15.291135270750575,15.356893006296241,False,False,False,False,,False,icu_care_features,,,,,,,,,,,,,,,,,0,,,False
cat__physiological_instability_category_0 indicators,158989,39122,83.10108718377587,82.93654999894002,False,False,False,False,,False,physiological_instability_category_0 indicators,,,,,,,,,,,,,,,,,0,,,False
cat__physiological_instability_category_1 indicator,1304,354,0.6815805979510767,0.7504610883805728,False,False,False,False,,False,physiological_instability_category_1 indicator,,,,,,,,,,,,,,,,,0,,,False
cat__physiological_instability_category_2 indicators,5549,1391,2.9003763328454943,2.948845689088635,False,False,False,False,,False,physiological_instability_category_2 indicators,,,,,,,,,,,,,,,,,0,,,False
cat__physiological_instability_category_3+ indicators,25478,6304,13.316955885427555,13.364143223590766,False,False,False,False,,False,physiological_instability_category_3+ indicators,,,,,,,,,,,,,,,,,0,,,False
