processed_feature_name,model_family,model_name,model_mean_abs_shap,model_mean_signed_shap
num__anchor_age,LightGBM,Targeted LightGBM - lgbm_127_lr0023_500trees,0.029065398411212827,0.004083102423214739
num__hospital_los_days,LightGBM,Targeted LightGBM - lgbm_127_lr0023_500trees,0.011309314180176371,0.004031912430365065
num__discharged_against_advice,LightGBM,Targeted LightGBM - lgbm_127_lr0023_500trees,0.003763315811275505,-7.58129054319891e-05
num__not_married_flag,LightGBM,Targeted LightGBM - lgbm_127_lr0023_500trees,0.006703171314054691,0.0011513996087883407
num__single_or_divorced_or_widowed,LightGBM,Targeted LightGBM - lgbm_127_lr0023_500trees,0.0023479117879668296,0.0003242136732306988
num__non_english_language_flag,LightGBM,Targeted LightGBM - lgbm_127_lr0023_500trees,5.8171701352982685e-05,4.613043627429655e-06
num__public_insurance_flag,LightGBM,Targeted LightGBM - lgbm_127_lr0023_500trees,0.017407493285205113,0.0007164785671719715
num__medicaid_flag,LightGBM,Targeted LightGBM - lgbm_127_lr0023_500trees,0.004498795795183031,0.0010490694826195206
num__medicare_flag,LightGBM,Targeted LightGBM - lgbm_127_lr0023_500trees,0.0007388053422403551,2.9269177104858462e-05
num__insurance_missing_flag,LightGBM,Targeted LightGBM - lgbm_127_lr0023_500trees,0.0,0.0
num__admitted_from_facility_flag,LightGBM,Targeted LightGBM - lgbm_127_lr0023_500trees,0.0003470167235277187,4.261746331650688e-05
num__admitted_from_hospital_transfer_flag,LightGBM,Targeted LightGBM - lgbm_127_lr0023_500trees,0.0015088989349501915,0.0001635032024496712
num__emergency_room_admission_flag,LightGBM,Targeted LightGBM - lgbm_127_lr0023_500trees,0.005629116277374161,0.00014270736334135107
num__transfer_from_hospital_flag,LightGBM,Targeted LightGBM - lgbm_127_lr0023_500trees,0.0007498521042038709,0.00018756243931916577
num__transfer_from_snf_flag,LightGBM,Targeted LightGBM - lgbm_127_lr0023_500trees,5.261887441953333e-05,-4.377121739130866e-08
num__internal_transfer_from_psych_flag,LightGBM,Targeted LightGBM - lgbm_127_lr0023_500trees,0.00016051185645682759,1.7350015154131678e-05
num__discharged_home_flag,LightGBM,Targeted LightGBM - lgbm_127_lr0023_500trees,0.00319945577903081,0.00010645732959458916
num__discharged_to_facility_flag,LightGBM,Targeted LightGBM - lgbm_127_lr0023_500trees,0.0002527111895815292,-1.5091452859867429e-05
num__discharged_to_psych_facility_flag,LightGBM,Targeted LightGBM - lgbm_127_lr0023_500trees,0.03688806393528922,0.025056216715511156
num__los_under_2_days,LightGBM,Targeted LightGBM - lgbm_127_lr0023_500trees,0.0,0.0
num__los_under_7_days,LightGBM,Targeted LightGBM - lgbm_127_lr0023_500trees,0.0,0.0
num__los_7_to_30_days,LightGBM,Targeted LightGBM - lgbm_127_lr0023_500trees,0.0002777898954310708,-5.103318126160771e-05
num__los_30plus_days,LightGBM,Targeted LightGBM - lgbm_127_lr0023_500trees,0.0,0.0
num__los_60plus_days,LightGBM,Targeted LightGBM - lgbm_127_lr0023_500trees,0.0,0.0
num__previous_total_admissions,LightGBM,Targeted LightGBM - lgbm_127_lr0023_500trees,0.0040460309087421795,0.0013230643181623382
num__previous_psych_admissions_from_all_hosp,LightGBM,Targeted LightGBM - lgbm_127_lr0023_500trees,0.02925761062827882,0.00763244875726202
num__previous_nonpsych_admissions,LightGBM,Targeted LightGBM - lgbm_127_lr0023_500trees,0.00314829466423056,1.572586398973939e-05
num__icu_stay_count,LightGBM,Targeted LightGBM - lgbm_127_lr0023_500trees,0.00010051451313955726,4.325622494786457e-05
num__total_icu_los_days,LightGBM,Targeted LightGBM - lgbm_127_lr0023_500trees,0.00046329111905023403,0.00018833693907841092
num__had_icu_stay,LightGBM,Targeted LightGBM - lgbm_127_lr0023_500trees,3.056654008053415e-05,-1.4169817673480373e-05
num__num_service_records,LightGBM,Targeted LightGBM - lgbm_127_lr0023_500trees,0.0006125030498281063,-1.766630662419921e-05
num__num_unique_services,LightGBM,Targeted LightGBM - lgbm_127_lr0023_500trees,0.00012782628283315416,6.533962258077148e-06
num__num_service_transfers,LightGBM,Targeted LightGBM - lgbm_127_lr0023_500trees,0.00010950440837772655,-6.230431831174363e-06
num__had_service_transfer,LightGBM,Targeted LightGBM - lgbm_127_lr0023_500trees,4.6692573493846826e-05,6.697214633744797e-06
num__num_transfer_events,LightGBM,Targeted LightGBM - lgbm_127_lr0023_500trees,0.002182867175242632,0.00010303526829420383
num__num_careunit_transfers,LightGBM,Targeted LightGBM - lgbm_127_lr0023_500trees,0.0012233663901096167,0.00022087610535774616
num__had_ed_transfer_record,LightGBM,Targeted LightGBM - lgbm_127_lr0023_500trees,0.0005806145123992859,8.388824033643902e-05
num__had_unknown_transfer_careunit,LightGBM,Targeted LightGBM - lgbm_127_lr0023_500trees,0.0,0.0
num__num_unique_careunits,LightGBM,Targeted LightGBM - lgbm_127_lr0023_500trees,0.018681279951575723,0.00041818128591699424
num__num_procedures,LightGBM,Targeted LightGBM - lgbm_127_lr0023_500trees,0.004335589734072039,0.00025548069641433455
num__num_unique_procedure_codes,LightGBM,Targeted LightGBM - lgbm_127_lr0023_500trees,0.0025433968910997464,0.00016333780769463397
num__had_procedure,LightGBM,Targeted LightGBM - lgbm_127_lr0023_500trees,0.0006921013560913763,3.335979708860915e-05
num__drg_severity,LightGBM,Targeted LightGBM - lgbm_127_lr0023_500trees,0.003917155429051045,-7.245398365304242e-05
num__drg_mortality,LightGBM,Targeted LightGBM - lgbm_127_lr0023_500trees,0.0026423237287329614,0.0002513614217107138
num__drg_code_count,LightGBM,Targeted LightGBM - lgbm_127_lr0023_500trees,0.0,0.0
num__num_total_diagnoses,LightGBM,Targeted LightGBM - lgbm_127_lr0023_500trees,0.004212033851297257,-7.221640687438733e-05
num__num_psych_diagnoses,LightGBM,Targeted LightGBM - lgbm_127_lr0023_500trees,0.016761338547572852,0.0015194598170029173
num__num_nonpsych_diagnoses,LightGBM,Targeted LightGBM - lgbm_127_lr0023_500trees,0.0038564433589400194,0.0006976736698915524
num__has_anxiety_ptsd,LightGBM,Targeted LightGBM - lgbm_127_lr0023_500trees,0.0003384268019896301,3.130152618939967e-05
num__has_bipolar_disorder,LightGBM,Targeted LightGBM - lgbm_127_lr0023_500trees,0.0006958163381659612,0.00018899424299972315
num__has_cognitive_delirium,LightGBM,Targeted LightGBM - lgbm_127_lr0023_500trees,0.00089237962393096,0.00011707456428691499
num__has_depression,LightGBM,Targeted LightGBM - lgbm_127_lr0023_500trees,0.026539571420243935,0.0038633022883787092
num__has_eating_disorder,LightGBM,Targeted LightGBM - lgbm_127_lr0023_500trees,0.0,0.0
num__has_neurodevelopmental_disorder,LightGBM,Targeted LightGBM - lgbm_127_lr0023_500trees,0.0,0.0
num__has_other_psych_diagnosis,LightGBM,Targeted LightGBM - lgbm_127_lr0023_500trees,0.00014550426814266,4.2732641487731624e-05
num__has_personality_disorder,LightGBM,Targeted LightGBM - lgbm_127_lr0023_500trees,0.00022130778822827048,2.115730635511319e-05
num__has_psychotic_disorder,LightGBM,Targeted LightGBM - lgbm_127_lr0023_500trees,0.00026052450401677844,7.986548442237034e-05
num__has_substance_use,LightGBM,Targeted LightGBM - lgbm_127_lr0023_500trees,0.0014760182124977546,0.00014230528833086142
num__num_prescription_rows,LightGBM,Targeted LightGBM - lgbm_127_lr0023_500trees,0.0033467498970103024,-0.0001884608924934516
num__num_unique_drugs,LightGBM,Targeted LightGBM - lgbm_127_lr0023_500trees,0.0014673179836036424,-0.00017888115209033656
num__had_antidepressant,LightGBM,Targeted LightGBM - lgbm_127_lr0023_500trees,0.001936221764494055,2.4014459433489205e-05
num__had_antipsychotic,LightGBM,Targeted LightGBM - lgbm_127_lr0023_500trees,0.000871710847810813,0.00017643759837660366
num__had_mood_stabiliser,LightGBM,Targeted LightGBM - lgbm_127_lr0023_500trees,6.350762351708248e-05,2.406572717272852e-07
num__had_benzodiazepine,LightGBM,Targeted LightGBM - lgbm_127_lr0023_500trees,0.0007548588481098395,-4.1712862987727174e-05
num__had_stimulant,LightGBM,Targeted LightGBM - lgbm_127_lr0023_500trees,0.0,0.0
num__had_sedative_hypnotic,LightGBM,Targeted LightGBM - lgbm_127_lr0023_500trees,3.082363788195784e-05,6.556021409588946e-06
num__num_psych_med_classes,LightGBM,Targeted LightGBM - lgbm_127_lr0023_500trees,0.00260283271837658,4.6839559408179904e-05
num__creatinine_lab_abnormal,LightGBM,Targeted LightGBM - lgbm_127_lr0023_500trees,0.0008446004145636877,9.230131191419358e-05
num__glucose_lab_abnormal,LightGBM,Targeted LightGBM - lgbm_127_lr0023_500trees,0.00011272241829201026,-4.1699424130372494e-05
num__hemoglobin_lab_abnormal,LightGBM,Targeted LightGBM - lgbm_127_lr0023_500trees,0.0027665450255064455,-0.00011854606396645628
num__platelet_lab_abnormal,LightGBM,Targeted LightGBM - lgbm_127_lr0023_500trees,8.232067662997014e-05,-6.389127802158666e-06
num__potassium_lab_abnormal,LightGBM,Targeted LightGBM - lgbm_127_lr0023_500trees,0.0,0.0
num__sodium_lab_abnormal,LightGBM,Targeted LightGBM - lgbm_127_lr0023_500trees,0.0035078236441034656,-0.00030338828649376147
num__urea_nitrogen_lab_abnormal,LightGBM,Targeted LightGBM - lgbm_127_lr0023_500trees,0.0,0.0
num__wbc_lab_abnormal,LightGBM,Targeted LightGBM - lgbm_127_lr0023_500trees,0.00011047431634152838,6.063062179911473e-05
num__creatinine_lab_count,LightGBM,Targeted LightGBM - lgbm_127_lr0023_500trees,0.0006490832335220845,0.00029056855809141884
num__glucose_lab_count,LightGBM,Targeted LightGBM - lgbm_127_lr0023_500trees,0.0010136428797762208,-0.0004578454377450144
num__hemoglobin_lab_count,LightGBM,Targeted LightGBM - lgbm_127_lr0023_500trees,0.0009012072610135987,-0.00029320331438416553
num__platelet_lab_count,LightGBM,Targeted LightGBM - lgbm_127_lr0023_500trees,0.00046833436524609383,-4.574181627670344e-05
num__potassium_lab_count,LightGBM,Targeted LightGBM - lgbm_127_lr0023_500trees,0.00044868194636181355,-0.00012292638590389479
num__sodium_lab_count,LightGBM,Targeted LightGBM - lgbm_127_lr0023_500trees,0.001610561018075781,0.0003570084748436326
num__urea_nitrogen_lab_count,LightGBM,Targeted LightGBM - lgbm_127_lr0023_500trees,0.0006775671870037732,-0.00023215443008926998
num__wbc_lab_count,LightGBM,Targeted LightGBM - lgbm_127_lr0023_500trees,0.0008864876741338957,-0.00032794609447259833
num__creatinine_lab_first_24h_count,LightGBM,Targeted LightGBM - lgbm_127_lr0023_500trees,0.0001254309862033779,-5.7333197838951945e-06
num__glucose_lab_first_24h_count,LightGBM,Targeted LightGBM - lgbm_127_lr0023_500trees,0.0013048507325394542,-7.269379554562028e-05
num__hemoglobin_lab_first_24h_count,LightGBM,Targeted LightGBM - lgbm_127_lr0023_500trees,0.0009006416446030021,-0.00017989660440514543
num__platelet_lab_first_24h_count,LightGBM,Targeted LightGBM - lgbm_127_lr0023_500trees,0.00022970815527617678,-1.535280779112054e-05
num__potassium_lab_first_24h_count,LightGBM,Targeted LightGBM - lgbm_127_lr0023_500trees,0.001301005179437314,0.00024923492776998847
num__sodium_lab_first_24h_count,LightGBM,Targeted LightGBM - lgbm_127_lr0023_500trees,0.0005823236374900957,-1.918774719486726e-05
num__urea_nitrogen_lab_first_24h_count,LightGBM,Targeted LightGBM - lgbm_127_lr0023_500trees,0.00027862410374913054,-5.6591732693136964e-05
num__wbc_lab_first_24h_count,LightGBM,Targeted LightGBM - lgbm_127_lr0023_500trees,0.0001376610823572857,-2.5684839852189765e-06
num__creatinine_lab_first_24h_max,LightGBM,Targeted LightGBM - lgbm_127_lr0023_500trees,0.000739751928202634,0.00014327569456340275
num__glucose_lab_first_24h_max,LightGBM,Targeted LightGBM - lgbm_127_lr0023_500trees,0.002353363993630075,-0.0006002786181419252
num__hemoglobin_lab_first_24h_max,LightGBM,Targeted LightGBM - lgbm_127_lr0023_500trees,0.002836455675184394,-8.379099902750744e-05
num__platelet_lab_first_24h_max,LightGBM,Targeted LightGBM - lgbm_127_lr0023_500trees,0.0031632403209936257,-0.0002442950521446401
num__potassium_lab_first_24h_max,LightGBM,Targeted LightGBM - lgbm_127_lr0023_500trees,0.0015420150514727827,-5.262626713102536e-05
num__sodium_lab_first_24h_max,LightGBM,Targeted LightGBM - lgbm_127_lr0023_500trees,0.002314563219627121,7.345039564786647e-06
num__urea_nitrogen_lab_first_24h_max,LightGBM,Targeted LightGBM - lgbm_127_lr0023_500trees,0.0010618796351139848,3.650445328461289e-05
num__wbc_lab_first_24h_max,LightGBM,Targeted LightGBM - lgbm_127_lr0023_500trees,0.002476826314322703,0.00010886715604495345
num__creatinine_lab_first_24h_mean,LightGBM,Targeted LightGBM - lgbm_127_lr0023_500trees,0.0014344544519902013,0.00026935828990282004
num__glucose_lab_first_24h_mean,LightGBM,Targeted LightGBM - lgbm_127_lr0023_500trees,0.0016360630406661674,0.00015498825877952908
num__hemoglobin_lab_first_24h_mean,LightGBM,Targeted LightGBM - lgbm_127_lr0023_500trees,0.0023013191921841545,-7.035499990235124e-05
num__platelet_lab_first_24h_mean,LightGBM,Targeted LightGBM - lgbm_127_lr0023_500trees,0.0015667860687632157,2.555500164311397e-05
num__potassium_lab_first_24h_mean,LightGBM,Targeted LightGBM - lgbm_127_lr0023_500trees,0.003560700472452048,-0.00023889188041120667
num__sodium_lab_first_24h_mean,LightGBM,Targeted LightGBM - lgbm_127_lr0023_500trees,0.0023178636829062358,3.2917309788084023e-05
num__urea_nitrogen_lab_first_24h_mean,LightGBM,Targeted LightGBM - lgbm_127_lr0023_500trees,0.002537287183893962,-5.739661858834941e-05
num__wbc_lab_first_24h_mean,LightGBM,Targeted LightGBM - lgbm_127_lr0023_500trees,0.0016495063977426862,0.0001400314468086688
num__creatinine_lab_first_24h_min,LightGBM,Targeted LightGBM - lgbm_127_lr0023_500trees,0.0009562672877339621,-4.491253366217881e-05
num__glucose_lab_first_24h_min,LightGBM,Targeted LightGBM - lgbm_127_lr0023_500trees,0.0021846621729780624,0.00039344578559496487
num__hemoglobin_lab_first_24h_min,LightGBM,Targeted LightGBM - lgbm_127_lr0023_500trees,0.0032063893699736234,-6.076504063932199e-05
num__platelet_lab_first_24h_min,LightGBM,Targeted LightGBM - lgbm_127_lr0023_500trees,0.001695026185309504,0.00019153612374445865
num__potassium_lab_first_24h_min,LightGBM,Targeted LightGBM - lgbm_127_lr0023_500trees,0.0021551769487772677,-0.00022143370316325589
num__sodium_lab_first_24h_min,LightGBM,Targeted LightGBM - lgbm_127_lr0023_500trees,0.0009474060069284415,0.00029695714406529803
num__urea_nitrogen_lab_first_24h_min,LightGBM,Targeted LightGBM - lgbm_127_lr0023_500trees,0.001312907581354599,-0.0001523682802506525
num__wbc_lab_first_24h_min,LightGBM,Targeted LightGBM - lgbm_127_lr0023_500trees,0.0016596634139261334,0.00013898804910840947
num__creatinine_lab_first_72h_count,LightGBM,Targeted LightGBM - lgbm_127_lr0023_500trees,0.0003455272987111644,8.60128848978501e-05
num__glucose_lab_first_72h_count,LightGBM,Targeted LightGBM - lgbm_127_lr0023_500trees,0.0015473739460565347,-0.0003579832345590081
num__hemoglobin_lab_first_72h_count,LightGBM,Targeted LightGBM - lgbm_127_lr0023_500trees,0.00028671683219660716,2.2774357925320536e-05
num__platelet_lab_first_72h_count,LightGBM,Targeted LightGBM - lgbm_127_lr0023_500trees,0.00045396976956216424,-9.106916074627663e-05
num__potassium_lab_first_72h_count,LightGBM,Targeted LightGBM - lgbm_127_lr0023_500trees,0.0012050472767882693,-5.792903328495441e-05
num__sodium_lab_first_72h_count,LightGBM,Targeted LightGBM - lgbm_127_lr0023_500trees,0.000627323316158544,0.0001002142984310338
num__urea_nitrogen_lab_first_72h_count,LightGBM,Targeted LightGBM - lgbm_127_lr0023_500trees,0.00015541040927810493,-1.035900181237805e-05
num__wbc_lab_first_72h_count,LightGBM,Targeted LightGBM - lgbm_127_lr0023_500trees,0.0003406901711154828,-5.9472187902442516e-05
num__creatinine_lab_first_72h_max,LightGBM,Targeted LightGBM - lgbm_127_lr0023_500trees,0.0008407202629952408,-0.00010435186502458238
num__glucose_lab_first_72h_max,LightGBM,Targeted LightGBM - lgbm_127_lr0023_500trees,0.00192336271777184,0.00035331336256703836
num__hemoglobin_lab_first_72h_max,LightGBM,Targeted LightGBM - lgbm_127_lr0023_500trees,0.0018229518235604275,0.00027558654865172494
num__platelet_lab_first_72h_max,LightGBM,Targeted LightGBM - lgbm_127_lr0023_500trees,0.001954024341558528,0.00037123137828045505
num__potassium_lab_first_72h_max,LightGBM,Targeted LightGBM - lgbm_127_lr0023_500trees,0.0015282172932373289,-0.00015799783357309979
num__sodium_lab_first_72h_max,LightGBM,Targeted LightGBM - lgbm_127_lr0023_500trees,0.0012086791560049679,2.3648826823023626e-05
num__urea_nitrogen_lab_first_72h_max,LightGBM,Targeted LightGBM - lgbm_127_lr0023_500trees,0.0009635764262283688,-8.629743549191331e-05
num__wbc_lab_first_72h_max,LightGBM,Targeted LightGBM - lgbm_127_lr0023_500trees,0.0023314063774880177,0.0001269777234673998
num__creatinine_lab_first_72h_mean,LightGBM,Targeted LightGBM - lgbm_127_lr0023_500trees,0.0019826270635318636,5.0290211931413575e-05
num__glucose_lab_first_72h_mean,LightGBM,Targeted LightGBM - lgbm_127_lr0023_500trees,0.003524629617150459,-0.00014389028184688668
num__hemoglobin_lab_first_72h_mean,LightGBM,Targeted LightGBM - lgbm_127_lr0023_500trees,0.002759911499374835,-0.0005555692477100705
num__platelet_lab_first_72h_mean,LightGBM,Targeted LightGBM - lgbm_127_lr0023_500trees,0.002291292774584492,0.0001756213470393408
num__potassium_lab_first_72h_mean,LightGBM,Targeted LightGBM - lgbm_127_lr0023_500trees,0.001552109189828545,5.096037846517389e-05
num__sodium_lab_first_72h_mean,LightGBM,Targeted LightGBM - lgbm_127_lr0023_500trees,0.0035782533371647523,0.00030787779569103646
num__urea_nitrogen_lab_first_72h_mean,LightGBM,Targeted LightGBM - lgbm_127_lr0023_500trees,0.002078240483198516,-6.414187801286117e-05
num__wbc_lab_first_72h_mean,LightGBM,Targeted LightGBM - lgbm_127_lr0023_500trees,0.0016055193127784623,4.6156747910436636e-05
num__creatinine_lab_first_72h_min,LightGBM,Targeted LightGBM - lgbm_127_lr0023_500trees,0.0006730440089608335,6.517495117101647e-05
num__glucose_lab_first_72h_min,LightGBM,Targeted LightGBM - lgbm_127_lr0023_500trees,0.005405417487230801,-0.00041394119562257855
num__hemoglobin_lab_first_72h_min,LightGBM,Targeted LightGBM - lgbm_127_lr0023_500trees,0.0018629097898291483,2.780831703952686e-05
num__platelet_lab_first_72h_min,LightGBM,Targeted LightGBM - lgbm_127_lr0023_500trees,0.001455346984189972,8.324826891610487e-05
num__potassium_lab_first_72h_min,LightGBM,Targeted LightGBM - lgbm_127_lr0023_500trees,0.0010914167349458396,2.725925627919362e-05
num__sodium_lab_first_72h_min,LightGBM,Targeted LightGBM - lgbm_127_lr0023_500trees,0.002708078575561952,0.00029488559158863614
num__urea_nitrogen_lab_first_72h_min,LightGBM,Targeted LightGBM - lgbm_127_lr0023_500trees,0.0011161529159806867,0.000137734525405629
num__wbc_lab_first_72h_min,LightGBM,Targeted LightGBM - lgbm_127_lr0023_500trees,0.0018704541962607305,0.00026272171247623355
num__creatinine_lab_first_value,LightGBM,Targeted LightGBM - lgbm_127_lr0023_500trees,0.000755907056954518,-5.606085126441282e-05
num__glucose_lab_first_value,LightGBM,Targeted LightGBM - lgbm_127_lr0023_500trees,0.0019750052455006074,9.712119834442023e-05
num__hemoglobin_lab_first_value,LightGBM,Targeted LightGBM - lgbm_127_lr0023_500trees,0.0023257051519673506,0.0003776242102327489
num__platelet_lab_first_value,LightGBM,Targeted LightGBM - lgbm_127_lr0023_500trees,0.0016307305275805246,5.387698617027223e-06
num__potassium_lab_first_value,LightGBM,Targeted LightGBM - lgbm_127_lr0023_500trees,0.0014639755161208938,2.142447784123433e-05
num__sodium_lab_first_value,LightGBM,Targeted LightGBM - lgbm_127_lr0023_500trees,0.0023398931738579307,0.00025497828494577135
num__urea_nitrogen_lab_first_value,LightGBM,Targeted LightGBM - lgbm_127_lr0023_500trees,0.0011768972833537995,0.00029476195504764
num__wbc_lab_first_value,LightGBM,Targeted LightGBM - lgbm_127_lr0023_500trees,0.0023243485675368083,1.9523824681347272e-05
num__creatinine_lab_last_value,LightGBM,Targeted LightGBM - lgbm_127_lr0023_500trees,0.0007748526532235477,3.292791852193602e-05
num__glucose_lab_last_value,LightGBM,Targeted LightGBM - lgbm_127_lr0023_500trees,0.0029031270026634113,0.00011921653598634608
num__hemoglobin_lab_last_value,LightGBM,Targeted LightGBM - lgbm_127_lr0023_500trees,0.01757038779714165,0.0018999615383757512
num__platelet_lab_last_value,LightGBM,Targeted LightGBM - lgbm_127_lr0023_500trees,0.004423178569252984,0.0007666558875233892
num__potassium_lab_last_value,LightGBM,Targeted LightGBM - lgbm_127_lr0023_500trees,0.0016309345385812058,0.00011400526073701094
num__sodium_lab_last_value,LightGBM,Targeted LightGBM - lgbm_127_lr0023_500trees,0.009450924510380635,-0.0006646426624938987
num__urea_nitrogen_lab_last_value,LightGBM,Targeted LightGBM - lgbm_127_lr0023_500trees,0.0016102874436060646,2.451921548665786e-05
num__wbc_lab_last_value,LightGBM,Targeted LightGBM - lgbm_127_lr0023_500trees,0.011312770550882171,-0.00043914707006074776
num__creatinine_lab_max_value,LightGBM,Targeted LightGBM - lgbm_127_lr0023_500trees,0.0007131067265012365,2.2737707823421396e-05
num__glucose_lab_max_value,LightGBM,Targeted LightGBM - lgbm_127_lr0023_500trees,0.002164603654755997,0.0003396521495891384
num__hemoglobin_lab_max_value,LightGBM,Targeted LightGBM - lgbm_127_lr0023_500trees,0.002164241842321286,-0.0001137770859486014
num__platelet_lab_max_value,LightGBM,Targeted LightGBM - lgbm_127_lr0023_500trees,0.002968819103532055,0.00034553280362382467
num__potassium_lab_max_value,LightGBM,Targeted LightGBM - lgbm_127_lr0023_500trees,0.0025132850640367742,-0.0001022484917213484
num__sodium_lab_max_value,LightGBM,Targeted LightGBM - lgbm_127_lr0023_500trees,0.0023815343133675566,-0.00020568720396701523
num__urea_nitrogen_lab_max_value,LightGBM,Targeted LightGBM - lgbm_127_lr0023_500trees,0.001427734240354464,8.869769367392731e-05
num__wbc_lab_max_value,LightGBM,Targeted LightGBM - lgbm_127_lr0023_500trees,0.0022500080947329723,0.00037517696340392273
num__creatinine_lab_mean_value,LightGBM,Targeted LightGBM - lgbm_127_lr0023_500trees,0.0045124617575962225,0.0007924635888761357
num__glucose_lab_mean_value,LightGBM,Targeted LightGBM - lgbm_127_lr0023_500trees,0.0032903569044918334,3.502208528245108e-05
num__hemoglobin_lab_mean_value,LightGBM,Targeted LightGBM - lgbm_127_lr0023_500trees,0.003954745490571803,-5.5284270759728584e-05
num__platelet_lab_mean_value,LightGBM,Targeted LightGBM - lgbm_127_lr0023_500trees,0.0024497179376491095,1.3376897660525985e-05
num__potassium_lab_mean_value,LightGBM,Targeted LightGBM - lgbm_127_lr0023_500trees,0.004178112655008314,-8.8041009091663e-05
num__sodium_lab_mean_value,LightGBM,Targeted LightGBM - lgbm_127_lr0023_500trees,0.0031261791352816797,-1.2325052853257388e-05
num__urea_nitrogen_lab_mean_value,LightGBM,Targeted LightGBM - lgbm_127_lr0023_500trees,0.002849052336136104,-8.22356909741463e-05
num__wbc_lab_mean_value,LightGBM,Targeted LightGBM - lgbm_127_lr0023_500trees,0.0025924430011014413,0.00021090260916171725
num__creatinine_lab_measured,LightGBM,Targeted LightGBM - lgbm_127_lr0023_500trees,0.0,0.0
num__glucose_lab_measured,LightGBM,Targeted LightGBM - lgbm_127_lr0023_500trees,0.0,0.0
num__hemoglobin_lab_measured,LightGBM,Targeted LightGBM - lgbm_127_lr0023_500trees,0.0,0.0
num__platelet_lab_measured,LightGBM,Targeted LightGBM - lgbm_127_lr0023_500trees,0.0,0.0
num__potassium_lab_measured,LightGBM,Targeted LightGBM - lgbm_127_lr0023_500trees,0.0,0.0
num__sodium_lab_measured,LightGBM,Targeted LightGBM - lgbm_127_lr0023_500trees,0.0,0.0
num__urea_nitrogen_lab_measured,LightGBM,Targeted LightGBM - lgbm_127_lr0023_500trees,0.0,0.0
num__wbc_lab_measured,LightGBM,Targeted LightGBM - lgbm_127_lr0023_500trees,0.0,0.0
num__creatinine_lab_min_value,LightGBM,Targeted LightGBM - lgbm_127_lr0023_500trees,0.0007821902877081466,4.371934407195867e-05
num__glucose_lab_min_value,LightGBM,Targeted LightGBM - lgbm_127_lr0023_500trees,0.0028405793948223733,2.18906865750758e-05
num__hemoglobin_lab_min_value,LightGBM,Targeted LightGBM - lgbm_127_lr0023_500trees,0.009913550025399348,0.00010495677788259417
num__platelet_lab_min_value,LightGBM,Targeted LightGBM - lgbm_127_lr0023_500trees,0.0024258311392797317,0.00034511351582460506
num__potassium_lab_min_value,LightGBM,Targeted LightGBM - lgbm_127_lr0023_500trees,0.0010149352772320928,0.0001749491166312065
num__sodium_lab_min_value,LightGBM,Targeted LightGBM - lgbm_127_lr0023_500trees,0.006554982356974989,-0.0005368640432649541
num__urea_nitrogen_lab_min_value,LightGBM,Targeted LightGBM - lgbm_127_lr0023_500trees,0.0016031883255719149,-0.00027255078130208736
num__wbc_lab_min_value,LightGBM,Targeted LightGBM - lgbm_127_lr0023_500trees,0.0028189000530464705,-0.0004947006989010227
num__creatinine_lab_severe_abnormal,LightGBM,Targeted LightGBM - lgbm_127_lr0023_500trees,0.0,0.0
num__glucose_lab_severe_abnormal,LightGBM,Targeted LightGBM - lgbm_127_lr0023_500trees,2.335246859192374e-05,-2.1363936707308794e-06
num__hemoglobin_lab_severe_abnormal,LightGBM,Targeted LightGBM - lgbm_127_lr0023_500trees,2.4516653191470568e-05,4.746432193327249e-06
num__platelet_lab_severe_abnormal,LightGBM,Targeted LightGBM - lgbm_127_lr0023_500trees,0.0,0.0
num__potassium_lab_severe_abnormal,LightGBM,Targeted LightGBM - lgbm_127_lr0023_500trees,0.0,0.0
num__urea_nitrogen_lab_severe_abnormal,LightGBM,Targeted LightGBM - lgbm_127_lr0023_500trees,0.0,0.0
num__wbc_lab_severe_abnormal,LightGBM,Targeted LightGBM - lgbm_127_lr0023_500trees,3.884553140903068e-05,-1.6021521150277604e-06
num__creatinine_lab_std_value,LightGBM,Targeted LightGBM - lgbm_127_lr0023_500trees,0.001567404079554333,-0.00014684347658651926
num__glucose_lab_std_value,LightGBM,Targeted LightGBM - lgbm_127_lr0023_500trees,0.0018254790674553504,-1.6009529197218878e-05
num__hemoglobin_lab_std_value,LightGBM,Targeted LightGBM - lgbm_127_lr0023_500trees,0.0031472757920005382,0.00033005355662042577
num__platelet_lab_std_value,LightGBM,Targeted LightGBM - lgbm_127_lr0023_500trees,0.0067762849586580545,0.00037056129983180553
num__potassium_lab_std_value,LightGBM,Targeted LightGBM - lgbm_127_lr0023_500trees,0.002645142031886931,0.00039903082124517335
num__sodium_lab_std_value,LightGBM,Targeted LightGBM - lgbm_127_lr0023_500trees,0.0023717686352424305,-0.00046020339823873703
num__urea_nitrogen_lab_std_value,LightGBM,Targeted LightGBM - lgbm_127_lr0023_500trees,0.009737385755106543,0.0014046914016556525
num__wbc_lab_std_value,LightGBM,Targeted LightGBM - lgbm_127_lr0023_500trees,0.0024310672887173776,-0.00024451181466859023
num__creatinine_lab_value_change,LightGBM,Targeted LightGBM - lgbm_127_lr0023_500trees,0.0005563917576551743,-9.957329708452086e-05
num__glucose_lab_value_change,LightGBM,Targeted LightGBM - lgbm_127_lr0023_500trees,0.0016394473683901552,-1.574565484343644e-05
num__hemoglobin_lab_value_change,LightGBM,Targeted LightGBM - lgbm_127_lr0023_500trees,0.0017823316624092896,0.0003465527774591038
num__platelet_lab_value_change,LightGBM,Targeted LightGBM - lgbm_127_lr0023_500trees,0.0022768816698955654,-0.00017359014907330047
num__potassium_lab_value_change,LightGBM,Targeted LightGBM - lgbm_127_lr0023_500trees,0.002722379419690064,0.0003846333563915542
num__sodium_lab_value_change,LightGBM,Targeted LightGBM - lgbm_127_lr0023_500trees,0.0009633852472433429,4.5301520169835474e-05
num__urea_nitrogen_lab_value_change,LightGBM,Targeted LightGBM - lgbm_127_lr0023_500trees,0.0009933476192537673,-1.2950633133491823e-05
num__wbc_lab_value_change,LightGBM,Targeted LightGBM - lgbm_127_lr0023_500trees,0.0024936297607422065,0.00025674511211209257
num__creatinine_lab_value_range,LightGBM,Targeted LightGBM - lgbm_127_lr0023_500trees,0.0009509520889780413,0.00010991944862719112
num__glucose_lab_value_range,LightGBM,Targeted LightGBM - lgbm_127_lr0023_500trees,0.0019510760995901314,3.94628686230992e-05
num__hemoglobin_lab_value_range,LightGBM,Targeted LightGBM - lgbm_127_lr0023_500trees,0.002523894335618445,-2.5230324514375476e-05
num__platelet_lab_value_range,LightGBM,Targeted LightGBM - lgbm_127_lr0023_500trees,0.0022142188900056677,0.0005680119964300994
num__potassium_lab_value_range,LightGBM,Targeted LightGBM - lgbm_127_lr0023_500trees,0.0020660977648049323,0.0001034319910864663
num__sodium_lab_value_range,LightGBM,Targeted LightGBM - lgbm_127_lr0023_500trees,0.00479559527138338,0.0006147566575284924
num__urea_nitrogen_lab_value_range,LightGBM,Targeted LightGBM - lgbm_127_lr0023_500trees,0.002460063141724395,-0.00012156029810637443
num__wbc_lab_value_range,LightGBM,Targeted LightGBM - lgbm_127_lr0023_500trees,0.0015747335378209415,1.206251189961552e-05
num__num_lab_events_first_24h,LightGBM,Targeted LightGBM - lgbm_127_lr0023_500trees,0.002051062723710334,-0.0003247131487370047
num__num_lab_events_first_72h,LightGBM,Targeted LightGBM - lgbm_127_lr0023_500trees,0.0012147229609116605,0.00039729180944480825
num__num_lab_events_last_24h_before_discharge,LightGBM,Targeted LightGBM - lgbm_127_lr0023_500trees,0.003337746963012758,-0.0011202091647641986
num__num_lab_events_last_48h_before_discharge,LightGBM,Targeted LightGBM - lgbm_127_lr0023_500trees,0.0037666019345779893,-0.00015171549704137886
num__num_abnormal_lab_flags,LightGBM,Targeted LightGBM - lgbm_127_lr0023_500trees,0.0043841488987630605,-0.0003791724857693034
num__num_abnormal_lab_flags_last_48h,LightGBM,Targeted LightGBM - lgbm_127_lr0023_500trees,0.008438161217526158,-0.0005605426356001076
num__num_critical_or_priority_labs,LightGBM,Targeted LightGBM - lgbm_127_lr0023_500trees,0.004677729060066144,0.0001769878241225246
num__lab_activity_last_24h_flag,LightGBM,Targeted LightGBM - lgbm_127_lr0023_500trees,0.00016954138976723042,8.735719162437826e-06
num__lab_activity_near_discharge_flag,LightGBM,Targeted LightGBM - lgbm_127_lr0023_500trees,0.00046617032049399833,0.00023469471633146853
num__abnormal_lab_burden_score,LightGBM,Targeted LightGBM - lgbm_127_lr0023_500trees,0.005070286054179835,0.00022079687128784
num__num_oxygen_support_chart_events,LightGBM,Targeted LightGBM - lgbm_127_lr0023_500trees,0.000323899619925096,9.121738024839307e-05
num__max_oxygen_flow_rate,LightGBM,Targeted LightGBM - lgbm_127_lr0023_500trees,0.0013104755058464162,-0.00023340645841223595
num__mean_oxygen_flow_rate,LightGBM,Targeted LightGBM - lgbm_127_lr0023_500trees,0.004406585870932529,8.842233588812077e-05
num__high_oxygen_flow_flag,LightGBM,Targeted LightGBM - lgbm_127_lr0023_500trees,0.0,0.0
num__num_gcs_chart_events,LightGBM,Targeted LightGBM - lgbm_127_lr0023_500trees,0.0005189828964733111,0.00012046407811839519
num__gcs_min_score,LightGBM,Targeted LightGBM - lgbm_127_lr0023_500trees,0.0009038689038173855,0.00013692846944131877
num__low_gcs_flag,LightGBM,Targeted LightGBM - lgbm_127_lr0023_500trees,0.0,0.0
num__num_orientation_chart_events,LightGBM,Targeted LightGBM - lgbm_127_lr0023_500trees,0.000622320638104891,-3.9480166702434485e-05
num__impaired_orientation_flag,LightGBM,Targeted LightGBM - lgbm_127_lr0023_500trees,2.9027591592257846e-05,1.15581298011994e-05
num__num_pain_chart_events,LightGBM,Targeted LightGBM - lgbm_127_lr0023_500trees,0.001165732401828669,0.00010110586013294023
num__pain_max_score,LightGBM,Targeted LightGBM - lgbm_127_lr0023_500trees,0.002621788433935818,0.0002495910887294476
num__high_pain_flag,LightGBM,Targeted LightGBM - lgbm_127_lr0023_500trees,0.0011835524519505146,0.000205759720116508
num__num_rass_sedation_chart_events,LightGBM,Targeted LightGBM - lgbm_127_lr0023_500trees,0.0002654226401141206,-1.2250832787688991e-05
num__rass_extreme_flag,LightGBM,Targeted LightGBM - lgbm_127_lr0023_500trees,0.0024325781654700725,0.00035148155219185697
num__num_cam_delirium_chart_events,LightGBM,Targeted LightGBM - lgbm_127_lr0023_500trees,0.0009055098620189975,0.0003241890693052567
num__delirium_or_cam_positive_flag,LightGBM,Targeted LightGBM - lgbm_127_lr0023_500trees,0.0,0.0
num__agitation_chart_event_flag,LightGBM,Targeted LightGBM - lgbm_127_lr0023_500trees,0.00025074951908535617,8.163967574659405e-05
num__num_restraint_chart_events,LightGBM,Targeted LightGBM - lgbm_127_lr0023_500trees,0.00036641523976561197,-0.00018686381668509645
num__had_restraint_chart_event,LightGBM,Targeted LightGBM - lgbm_127_lr0023_500trees,0.0,0.0
num__num_fall_mobility_chart_events,LightGBM,Targeted LightGBM - lgbm_127_lr0023_500trees,0.0015562699377567578,1.4877434882346438e-05
num__fall_or_mobility_risk_flag,LightGBM,Targeted LightGBM - lgbm_127_lr0023_500trees,0.0,0.0
num__num_selected_neuro_behavioral_chart_events,LightGBM,Targeted LightGBM - lgbm_127_lr0023_500trees,0.0003772570291861982,-0.00022663052651124773
num__num_selected_resp_support_chart_events,LightGBM,Targeted LightGBM - lgbm_127_lr0023_500trees,0.00021565373419722396,8.237280921512526e-05
num__chart_acuity_event_density_per_day,LightGBM,Targeted LightGBM - lgbm_127_lr0023_500trees,0.001375347616925694,0.00039892650765042557
num__heart_rate_vital_first_value,LightGBM,Targeted LightGBM - lgbm_127_lr0023_500trees,0.000993151612652553,-6.695147289380478e-05
num__mean_bp_arterial_vital_first_value,LightGBM,Targeted LightGBM - lgbm_127_lr0023_500trees,0.00022047277169820966,1.64902245830714e-05
num__mean_bp_noninvasive_vital_first_value,LightGBM,Targeted LightGBM - lgbm_127_lr0023_500trees,0.0016594275620417335,-0.00016952695319375491
num__respiratory_rate_vital_first_value,LightGBM,Targeted LightGBM - lgbm_127_lr0023_500trees,0.0023272607412281607,-1.1373907691435003e-05
num__spo2_vital_first_value,LightGBM,Targeted LightGBM - lgbm_127_lr0023_500trees,0.0008678206084737839,-8.299075916314433e-05
num__systolic_bp_arterial_vital_first_value,LightGBM,Targeted LightGBM - lgbm_127_lr0023_500trees,0.0007781447461253328,0.00012909735935386616
num__systolic_bp_noninvasive_vital_first_value,LightGBM,Targeted LightGBM - lgbm_127_lr0023_500trees,0.00308072177893943,0.0005058643453406833
num__heart_rate_vital_last_value,LightGBM,Targeted LightGBM - lgbm_127_lr0023_500trees,0.001589641799231024,0.00023087149283924444
num__mean_bp_arterial_vital_last_value,LightGBM,Targeted LightGBM - lgbm_127_lr0023_500trees,0.0011752585470947681,0.0001277164413484147
num__mean_bp_noninvasive_vital_last_value,LightGBM,Targeted LightGBM - lgbm_127_lr0023_500trees,0.00031975010118666646,8.565570235239425e-05
num__respiratory_rate_vital_last_value,LightGBM,Targeted LightGBM - lgbm_127_lr0023_500trees,0.0014808257293248972,-2.115748302591165e-05
num__spo2_vital_last_value,LightGBM,Targeted LightGBM - lgbm_127_lr0023_500trees,0.0011298881122813118,0.00016189147184246923
num__systolic_bp_arterial_vital_last_value,LightGBM,Targeted LightGBM - lgbm_127_lr0023_500trees,0.0004298841303534146,4.1502653343972046e-05
num__systolic_bp_noninvasive_vital_last_value,LightGBM,Targeted LightGBM - lgbm_127_lr0023_500trees,0.0016155341959404484,0.0002789038831110647
num__heart_rate_vital_max_value,LightGBM,Targeted LightGBM - lgbm_127_lr0023_500trees,0.001609984151587612,0.00015638900548846244
num__mean_bp_arterial_vital_max_value,LightGBM,Targeted LightGBM - lgbm_127_lr0023_500trees,0.0009857797454546884,0.00024726429454866456
num__mean_bp_noninvasive_vital_max_value,LightGBM,Targeted LightGBM - lgbm_127_lr0023_500trees,0.0004637709498921429,7.673679430948924e-05
num__respiratory_rate_vital_max_value,LightGBM,Targeted LightGBM - lgbm_127_lr0023_500trees,0.000267517064710443,8.254077424193828e-05
num__spo2_vital_max_value,LightGBM,Targeted LightGBM - lgbm_127_lr0023_500trees,6.929510230900931e-05,4.5753856052935745e-06
num__systolic_bp_arterial_vital_max_value,LightGBM,Targeted LightGBM - lgbm_127_lr0023_500trees,0.00014047241535855638,5.424336932445753e-05
num__systolic_bp_noninvasive_vital_max_value,LightGBM,Targeted LightGBM - lgbm_127_lr0023_500trees,0.0008447620561055879,0.00016877026166356327
num__heart_rate_vital_mean_value,LightGBM,Targeted LightGBM - lgbm_127_lr0023_500trees,0.0007976247096811253,4.7397527015537405e-05
num__mean_bp_arterial_vital_mean_value,LightGBM,Targeted LightGBM - lgbm_127_lr0023_500trees,7.319281708157452e-05,2.936530541648621e-05
num__mean_bp_noninvasive_vital_mean_value,LightGBM,Targeted LightGBM - lgbm_127_lr0023_500trees,0.0020162663634703437,-0.0001211976264376162
num__respiratory_rate_vital_mean_value,LightGBM,Targeted LightGBM - lgbm_127_lr0023_500trees,0.001589582086234306,0.0005973486208750587
num__spo2_vital_mean_value,LightGBM,Targeted LightGBM - lgbm_127_lr0023_500trees,0.0033123535431812123,0.00044216378250641375
num__systolic_bp_arterial_vital_mean_value,LightGBM,Targeted LightGBM - lgbm_127_lr0023_500trees,0.00026827297703682076,-2.8944307369097666e-06
num__systolic_bp_noninvasive_vital_mean_value,LightGBM,Targeted LightGBM - lgbm_127_lr0023_500trees,0.0005332110811911222,-7.037046583094621e-05
num__heart_rate_vital_measured,LightGBM,Targeted LightGBM - lgbm_127_lr0023_500trees,0.0,0.0
num__mean_bp_arterial_vital_measured,LightGBM,Targeted LightGBM - lgbm_127_lr0023_500trees,0.0,0.0
num__mean_bp_noninvasive_vital_measured,LightGBM,Targeted LightGBM - lgbm_127_lr0023_500trees,0.0,0.0
num__respiratory_rate_vital_measured,LightGBM,Targeted LightGBM - lgbm_127_lr0023_500trees,0.0,0.0
num__spo2_vital_measured,LightGBM,Targeted LightGBM - lgbm_127_lr0023_500trees,0.0,0.0
num__systolic_bp_arterial_vital_measured,LightGBM,Targeted LightGBM - lgbm_127_lr0023_500trees,0.0,0.0
num__systolic_bp_noninvasive_vital_measured,LightGBM,Targeted LightGBM - lgbm_127_lr0023_500trees,0.0,0.0
num__heart_rate_vital_min_value,LightGBM,Targeted LightGBM - lgbm_127_lr0023_500trees,0.0015138820590266241,0.00018736136846328694
num__mean_bp_arterial_vital_min_value,LightGBM,Targeted LightGBM - lgbm_127_lr0023_500trees,0.00021840106966070482,-6.279569772136798e-05
num__mean_bp_noninvasive_vital_min_value,LightGBM,Targeted LightGBM - lgbm_127_lr0023_500trees,0.0014132812976979147,4.1550257630137655e-05
num__respiratory_rate_vital_min_value,LightGBM,Targeted LightGBM - lgbm_127_lr0023_500trees,0.0007485351134710036,0.00019895424434653058
num__spo2_vital_min_value,LightGBM,Targeted LightGBM - lgbm_127_lr0023_500trees,9.93879993310132e-05,4.252945302401133e-06
num__systolic_bp_arterial_vital_min_value,LightGBM,Targeted LightGBM - lgbm_127_lr0023_500trees,6.338340107370987e-05,2.466064709730534e-05
num__systolic_bp_noninvasive_vital_min_value,LightGBM,Targeted LightGBM - lgbm_127_lr0023_500trees,0.00046163023195573683,-7.652412518705967e-05
num__heart_rate_vital_value_change,LightGBM,Targeted LightGBM - lgbm_127_lr0023_500trees,0.0010100410110516639,0.00041979963289311557
num__mean_bp_arterial_vital_value_change,LightGBM,Targeted LightGBM - lgbm_127_lr0023_500trees,0.0003699993914341932,-2.9370442574298846e-05
num__mean_bp_noninvasive_vital_value_change,LightGBM,Targeted LightGBM - lgbm_127_lr0023_500trees,0.0005449890437904632,1.6566062709171708e-05
num__respiratory_rate_vital_value_change,LightGBM,Targeted LightGBM - lgbm_127_lr0023_500trees,0.000977070986309408,0.00011496697830818756
num__spo2_vital_value_change,LightGBM,Targeted LightGBM - lgbm_127_lr0023_500trees,0.0008942605685457331,0.00010252520567112717
num__systolic_bp_arterial_vital_value_change,LightGBM,Targeted LightGBM - lgbm_127_lr0023_500trees,0.0001818425687623408,0.00011566870262500064
num__systolic_bp_noninvasive_vital_value_change,LightGBM,Targeted LightGBM - lgbm_127_lr0023_500trees,0.000817103395916736,-1.1900982651630192e-05
num__previous_total_admissions_7d,LightGBM,Targeted LightGBM - lgbm_127_lr0023_500trees,0.00011773078884119499,-2.9069279929661955e-05
num__previous_psych_admissions_7d,LightGBM,Targeted LightGBM - lgbm_127_lr0023_500trees,0.0001602023248563955,1.7536714338215075e-05
num__previous_nonpsych_admissions_7d,LightGBM,Targeted LightGBM - lgbm_127_lr0023_500trees,0.0,0.0
num__previous_ed_visits_7d,LightGBM,Targeted LightGBM - lgbm_127_lr0023_500trees,1.760063783450636e-05,7.941425520534774e-06
num__previous_total_admissions_14d,LightGBM,Targeted LightGBM - lgbm_127_lr0023_500trees,0.0002983075736379972,9.776745707707266e-05
num__previous_psych_admissions_14d,LightGBM,Targeted LightGBM - lgbm_127_lr0023_500trees,0.00033712398091408194,2.3945069823887037e-05
num__previous_nonpsych_admissions_14d,LightGBM,Targeted LightGBM - lgbm_127_lr0023_500trees,0.0,0.0
num__previous_ed_visits_14d,LightGBM,Targeted LightGBM - lgbm_127_lr0023_500trees,0.000369034019304584,3.6769450081997266e-05
num__previous_total_admissions_30d,LightGBM,Targeted LightGBM - lgbm_127_lr0023_500trees,0.0005679530631722661,-2.291246400440313e-05
num__previous_psych_admissions_30d,LightGBM,Targeted LightGBM - lgbm_127_lr0023_500trees,0.0005245110160107425,-1.870581265300815e-05
num__previous_nonpsych_admissions_30d,LightGBM,Targeted LightGBM - lgbm_127_lr0023_500trees,0.00020779731531280103,2.830954275513843e-05
num__previous_ed_visits_30d,LightGBM,Targeted LightGBM - lgbm_127_lr0023_500trees,0.0015604430882847143,0.0010412828940722977
num__previous_total_admissions_60d,LightGBM,Targeted LightGBM - lgbm_127_lr0023_500trees,0.0038759045345839725,-0.0002784707503648551
num__previous_psych_admissions_60d,LightGBM,Targeted LightGBM - lgbm_127_lr0023_500trees,0.015805107714147594,-0.0008682903354496587
num__previous_nonpsych_admissions_60d,LightGBM,Targeted LightGBM - lgbm_127_lr0023_500trees,0.0002198965902642761,6.361628415645962e-05
num__previous_ed_visits_60d,LightGBM,Targeted LightGBM - lgbm_127_lr0023_500trees,0.0016457150092653418,0.00045417762324224953
num__previous_total_admissions_90d,LightGBM,Targeted LightGBM - lgbm_127_lr0023_500trees,0.009272702349016467,0.0006964077589025881
num__previous_psych_admissions_90d,LightGBM,Targeted LightGBM - lgbm_127_lr0023_500trees,0.016486895457859394,-0.0011545101114812098
num__previous_nonpsych_admissions_90d,LightGBM,Targeted LightGBM - lgbm_127_lr0023_500trees,0.0002610358144936137,3.59859933160369e-05
num__previous_ed_visits_90d,LightGBM,Targeted LightGBM - lgbm_127_lr0023_500trees,0.0012372404980051292,0.0005125884742952215
num__previous_total_admissions_180d,LightGBM,Targeted LightGBM - lgbm_127_lr0023_500trees,0.011765048750795398,0.0006163612601402048
num__previous_psych_admissions_180d,LightGBM,Targeted LightGBM - lgbm_127_lr0023_500trees,0.07897903674539097,0.005061506398440709
num__previous_nonpsych_admissions_180d,LightGBM,Targeted LightGBM - lgbm_127_lr0023_500trees,0.0005028017089492365,4.2164096266995736e-05
num__previous_ed_visits_180d,LightGBM,Targeted LightGBM - lgbm_127_lr0023_500trees,0.003878281881784321,0.0019522599372827616
num__previous_total_admissions_365d,LightGBM,Targeted LightGBM - lgbm_127_lr0023_500trees,0.002781464474891397,0.00053692501973356
num__previous_psych_admissions_365d,LightGBM,Targeted LightGBM - lgbm_127_lr0023_500trees,0.0707046252321339,0.004148136342021835
num__previous_nonpsych_admissions_365d,LightGBM,Targeted LightGBM - lgbm_127_lr0023_500trees,0.0006853745849080325,0.00010250830863993428
num__previous_ed_visits_365d,LightGBM,Targeted LightGBM - lgbm_127_lr0023_500trees,0.006186562784567303,-0.0003828528484121951
num__days_since_previous_hospital_admission,LightGBM,Targeted LightGBM - lgbm_127_lr0023_500trees,0.03205595074543096,0.005126286245325896
num__prior_near_30d_readmission_flag,LightGBM,Targeted LightGBM - lgbm_127_lr0023_500trees,8.410067744857082e-05,2.008273479452217e-05
num__previous_admission_within_27_33d_flag,LightGBM,Targeted LightGBM - lgbm_127_lr0023_500trees,1.7440334145210954e-05,-4.6091722586948553e-07
num__days_since_previous_admission_near_30d_flag,LightGBM,Targeted LightGBM - lgbm_127_lr0023_500trees,0.0,0.0
num__previous_discharge_against_advice_flag,LightGBM,Targeted LightGBM - lgbm_127_lr0023_500trees,0.0,0.0
num__previous_discharge_to_psych_facility_flag,LightGBM,Targeted LightGBM - lgbm_127_lr0023_500trees,0.0,0.0
num__previous_discharge_to_facility_flag,LightGBM,Targeted LightGBM - lgbm_127_lr0023_500trees,0.0005360498447972252,8.093004942005241e-05
num__previous_short_los_flag,LightGBM,Targeted LightGBM - lgbm_127_lr0023_500trees,0.00043076484129285915,7.689201704885494e-05
num__previous_long_los_flag,LightGBM,Targeted LightGBM - lgbm_127_lr0023_500trees,4.9678212034075317e-05,-2.1671193377097765e-06
num__previous_admission_los_days,LightGBM,Targeted LightGBM - lgbm_127_lr0023_500trees,0.002905327268088625,0.00035277903117519194
num__mean_previous_los_days,LightGBM,Targeted LightGBM - lgbm_127_lr0023_500trees,0.006294325211543693,-0.00024819252155828533
num__max_previous_los_days,LightGBM,Targeted LightGBM - lgbm_127_lr0023_500trees,0.003135488202544807,0.00039906704443917653
num__time_between_last_two_admissions_days,LightGBM,Targeted LightGBM - lgbm_127_lr0023_500trees,0.00952671549586997,0.0005178162048067105
num__mean_previous_admission_gap_days,LightGBM,Targeted LightGBM - lgbm_127_lr0023_500trees,0.007624682682359975,0.00039778327670260004
num__min_previous_admission_gap_days,LightGBM,Targeted LightGBM - lgbm_127_lr0023_500trees,0.010559401335324283,0.0014542116671876818
num__std_previous_admission_gap_days,LightGBM,Targeted LightGBM - lgbm_127_lr0023_500trees,0.0024526179180136437,0.0003093557041039564
num__admissions_per_30d,LightGBM,Targeted LightGBM - lgbm_127_lr0023_500trees,0.00012966660059251524,7.0868376594547855e-06
num__admissions_per_90d,LightGBM,Targeted LightGBM - lgbm_127_lr0023_500trees,0.002946163194516981,-0.0005715312401417887
num__admissions_per_365d,LightGBM,Targeted LightGBM - lgbm_127_lr0023_500trees,0.008598616004055733,0.0027825322412239222
num__admission_frequency_acceleration,LightGBM,Targeted LightGBM - lgbm_127_lr0023_500trees,0.0023099238161080906,0.00014409571569590484
num__increasing_admission_frequency_flag,LightGBM,Targeted LightGBM - lgbm_127_lr0023_500trees,8.9093290060392e-05,4.987227408008772e-07
num__decreasing_admission_frequency_flag,LightGBM,Targeted LightGBM - lgbm_127_lr0023_500trees,3.622241164671212e-05,-2.0394353607906496e-06
num__frequent_ed_user_flag,LightGBM,Targeted LightGBM - lgbm_127_lr0023_500trees,0.0005044018525832499,6.591288456974382e-05
num__previous_admission_los_days_filled,LightGBM,Targeted LightGBM - lgbm_127_lr0023_500trees,0.0037877465151014336,0.0004578784137447837
num__mean_previous_los_days_filled,LightGBM,Targeted LightGBM - lgbm_127_lr0023_500trees,0.005388088373133301,0.0009796648822526072
num__max_previous_los_days_filled,LightGBM,Targeted LightGBM - lgbm_127_lr0023_500trees,0.002830616321505159,-0.0002834502534872466
num__time_between_last_two_admissions_days_filled,LightGBM,Targeted LightGBM - lgbm_127_lr0023_500trees,0.0024924850750923716,0.0005079270680144947
num__mean_previous_admission_gap_days_filled,LightGBM,Targeted LightGBM - lgbm_127_lr0023_500trees,0.010703624037055081,0.0013322922337460328
num__min_previous_admission_gap_days_filled,LightGBM,Targeted LightGBM - lgbm_127_lr0023_500trees,0.011526049602472534,0.003053031382786986
num__std_previous_admission_gap_days_filled,LightGBM,Targeted LightGBM - lgbm_127_lr0023_500trees,0.0015008935723778418,6.124853503735445e-05
num__days_since_previous_hospital_admission_filled,LightGBM,Targeted LightGBM - lgbm_127_lr0023_500trees,0.01931978413922722,0.0013547147107614865
num__high_utiliser_previous_year,LightGBM,Targeted LightGBM - lgbm_127_lr0023_500trees,9.857294256926856e-05,-2.755777059231976e-05
num__previous_psych_to_total_admission_ratio,LightGBM,Targeted LightGBM - lgbm_127_lr0023_500trees,0.017682849685796108,0.0013461382293656194
num__previous_2plus_psych_admissions,LightGBM,Targeted LightGBM - lgbm_127_lr0023_500trees,0.004647141573426279,0.0008820735205473128
num__previous_3plus_psych_admissions,LightGBM,Targeted LightGBM - lgbm_127_lr0023_500trees,0.00011022349908191564,2.2661741081679786e-05
num__previous_2plus_total_admissions_365d,LightGBM,Targeted LightGBM - lgbm_127_lr0023_500trees,0.0,0.0
num__previous_3plus_total_admissions_365d,LightGBM,Targeted LightGBM - lgbm_127_lr0023_500trees,8.903142368095704e-05,3.757635084289508e-05
num__frequent_psych_admitter_flag,LightGBM,Targeted LightGBM - lgbm_127_lr0023_500trees,0.0037879859025487434,0.0008817553125118846
num__has_ed_timing,LightGBM,Targeted LightGBM - lgbm_127_lr0023_500trees,0.0003414558444519189,2.4267571855273448e-05
num__ed_length_of_stay_hours,LightGBM,Targeted LightGBM - lgbm_127_lr0023_500trees,0.018444556196381707,0.0030951816999317972
num__ed_to_admission_hours,LightGBM,Targeted LightGBM - lgbm_127_lr0023_500trees,0.011715128792951732,0.0007138791452707695
num__ed_to_ward_delay_hours,LightGBM,Targeted LightGBM - lgbm_127_lr0023_500trees,0.0,0.0
num__previous_icu_admissions,LightGBM,Targeted LightGBM - lgbm_127_lr0023_500trees,0.0028766924964297984,0.00038285144316689416
num__has_previous_icu_admission,LightGBM,Targeted LightGBM - lgbm_127_lr0023_500trees,9.310168894327438e-05,-7.13839064483772e-06
num__days_since_previous_icu_admission,LightGBM,Targeted LightGBM - lgbm_127_lr0023_500trees,0.002467162998215202,0.00022207483763826938
num__previous_icu_admissions_7d,LightGBM,Targeted LightGBM - lgbm_127_lr0023_500trees,4.8145373189711156e-05,-2.9360978131987107e-06
num__recent_icu_admission_7d_flag,LightGBM,Targeted LightGBM - lgbm_127_lr0023_500trees,0.0,0.0
num__previous_icu_admissions_14d,LightGBM,Targeted LightGBM - lgbm_127_lr0023_500trees,0.0,0.0
num__recent_icu_admission_14d_flag,LightGBM,Targeted LightGBM - lgbm_127_lr0023_500trees,0.0,0.0
num__previous_icu_admissions_30d,LightGBM,Targeted LightGBM - lgbm_127_lr0023_500trees,6.235690943634353e-05,6.336626567179021e-06
num__recent_icu_admission_30d_flag,LightGBM,Targeted LightGBM - lgbm_127_lr0023_500trees,1.006527822443805e-05,6.03229451388331e-06
num__previous_icu_admissions_60d,LightGBM,Targeted LightGBM - lgbm_127_lr0023_500trees,0.00012220967659702978,-4.902772732876681e-06
num__recent_icu_admission_60d_flag,LightGBM,Targeted LightGBM - lgbm_127_lr0023_500trees,0.0,0.0
num__previous_icu_admissions_90d,LightGBM,Targeted LightGBM - lgbm_127_lr0023_500trees,0.00014772059177267923,3.336373916110579e-06
num__recent_icu_admission_90d_flag,LightGBM,Targeted LightGBM - lgbm_127_lr0023_500trees,0.00012908292745143906,-4.808515269374742e-07
num__previous_icu_admissions_180d,LightGBM,Targeted LightGBM - lgbm_127_lr0023_500trees,0.0,0.0
num__recent_icu_admission_180d_flag,LightGBM,Targeted LightGBM - lgbm_127_lr0023_500trees,0.0,0.0
num__previous_icu_admissions_365d,LightGBM,Targeted LightGBM - lgbm_127_lr0023_500trees,0.00010081582745598241,-8.928230537875036e-06
num__recent_icu_admission_365d_flag,LightGBM,Targeted LightGBM - lgbm_127_lr0023_500trees,0.0,0.0
num__days_since_previous_icu_admission_filled,LightGBM,Targeted LightGBM - lgbm_127_lr0023_500trees,0.001793375125848657,-3.662607752778063e-05
num__has_self_harm_or_suicidal_ideation,LightGBM,Targeted LightGBM - lgbm_127_lr0023_500trees,0.009669036701050725,0.004595923324696091
num__has_alcohol_related_disorder,LightGBM,Targeted LightGBM - lgbm_127_lr0023_500trees,0.005562811480895373,0.0008040176519920702
num__has_opioid_related_disorder,LightGBM,Targeted LightGBM - lgbm_127_lr0023_500trees,0.0012588480110873486,0.00017478000757339824
num__has_stimulant_related_disorder,LightGBM,Targeted LightGBM - lgbm_127_lr0023_500trees,0.0,0.0
num__has_diabetes,LightGBM,Targeted LightGBM - lgbm_127_lr0023_500trees,9.27055371180806e-05,-3.669597744396825e-05
num__has_chronic_kidney_disease,LightGBM,Targeted LightGBM - lgbm_127_lr0023_500trees,0.00017829874450306997,2.3724116640638214e-05
num__has_copd,LightGBM,Targeted LightGBM - lgbm_127_lr0023_500trees,0.000624170457823429,-2.252731508877326e-05
num__has_heart_failure,LightGBM,Targeted LightGBM - lgbm_127_lr0023_500trees,0.0005967049504901465,0.00019567091846438221
num__has_liver_disease,LightGBM,Targeted LightGBM - lgbm_127_lr0023_500trees,0.0014442456171817708,-0.00014191322814135042
num__has_cancer,LightGBM,Targeted LightGBM - lgbm_127_lr0023_500trees,0.019925237732485213,0.0006264470572309067
num__has_dementia,LightGBM,Targeted LightGBM - lgbm_127_lr0023_500trees,0.00720549052977761,0.0006678109860995449
num__physical_comorbidity_count,LightGBM,Targeted LightGBM - lgbm_127_lr0023_500trees,0.0021216117229687654,5.50628102429108e-06
num__charlson_comorbidity_index_simplified,LightGBM,Targeted LightGBM - lgbm_127_lr0023_500trees,0.023763666745647307,0.0015569302034202284
num__elixhauser_comorbidity_group_count_simplified,LightGBM,Targeted LightGBM - lgbm_127_lr0023_500trees,0.0005582051027397478,-9.050833737192183e-06
num__psychosis_on_current_and_previous_admission_flag,LightGBM,Targeted LightGBM - lgbm_127_lr0023_500trees,2.5214449926965333e-05,7.459132235090696e-06
num__depression_on_current_and_previous_admission_flag,LightGBM,Targeted LightGBM - lgbm_127_lr0023_500trees,4.493968078182317e-05,5.021033189075917e-06
num__substance_use_on_current_and_previous_admission_flag,LightGBM,Targeted LightGBM - lgbm_127_lr0023_500trees,0.0025513714302064197,-4.0448985193678824e-05
num__self_harm_recurrent_flag,LightGBM,Targeted LightGBM - lgbm_127_lr0023_500trees,0.00234153269920091,0.0005143090437410276
num__num_recurrent_psych_diagnosis_groups,LightGBM,Targeted LightGBM - lgbm_127_lr0023_500trees,0.001273246613882912,-0.00024084819186951162
num__num_antibiotic_prescriptions,LightGBM,Targeted LightGBM - lgbm_127_lr0023_500trees,0.0014099916558321258,-3.874018311905062e-05
num__had_antibiotic_exposure,LightGBM,Targeted LightGBM - lgbm_127_lr0023_500trees,0.00037595906179477756,9.442499466607333e-05
num__num_opioid_prescriptions,LightGBM,Targeted LightGBM - lgbm_127_lr0023_500trees,0.016077691457700514,0.0009482390573020222
num__had_opioid_exposure,LightGBM,Targeted LightGBM - lgbm_127_lr0023_500trees,0.0006140709309216043,0.0001225776334560814
num__num_steroid_prescriptions,LightGBM,Targeted LightGBM - lgbm_127_lr0023_500trees,0.01709296159051069,0.00020027017911018158
num__had_steroid_exposure,LightGBM,Targeted LightGBM - lgbm_127_lr0023_500trees,0.005715733021860724,-0.00014721337531015092
num__antipsychotic_prescription_count,LightGBM,Targeted LightGBM - lgbm_127_lr0023_500trees,0.0016134146310078218,0.0002330887303138239
num__had_long_acting_injectable_antipsychotic,LightGBM,Targeted LightGBM - lgbm_127_lr0023_500trees,8.46064990112669e-06,-7.767439919085029e-06
num__new_antipsychotic_started_flag,LightGBM,Targeted LightGBM - lgbm_127_lr0023_500trees,0.00012993514516058486,3.08563086850604e-05
num__new_antidepressant_started_flag,LightGBM,Targeted LightGBM - lgbm_127_lr0023_500trees,0.008969104838826694,0.0002858271047403376
num__had_benzodiazepine_order,LightGBM,Targeted LightGBM - lgbm_127_lr0023_500trees,0.0036005859303914725,-4.4977251019434364e-05
num__new_benzodiazepine_started_flag,LightGBM,Targeted LightGBM - lgbm_127_lr0023_500trees,0.0013615588067033045,1.937763025761116e-05
num__had_mood_stabiliser_order,LightGBM,Targeted LightGBM - lgbm_127_lr0023_500trees,1.4786577825619418e-05,-3.9161967617267325e-06
num__new_mood_stabiliser_started_flag,LightGBM,Targeted LightGBM - lgbm_127_lr0023_500trees,0.0,0.0
num__psychotropic_medication_change_count,LightGBM,Targeted LightGBM - lgbm_127_lr0023_500trees,0.0014133709785519757,0.00025730605115341197
num__psychotropic_started_after_72h_flag,LightGBM,Targeted LightGBM - lgbm_127_lr0023_500trees,5.684468976808499e-05,-5.158917188555547e-06
num__late_psychotropic_change_flag,LightGBM,Targeted LightGBM - lgbm_127_lr0023_500trees,9.273909594398883e-05,2.7338459264905442e-06
num__num_iv_prescription_rows,LightGBM,Targeted LightGBM - lgbm_127_lr0023_500trees,0.011472241715702814,0.0019158936600205032
num__had_iv_prescription,LightGBM,Targeted LightGBM - lgbm_127_lr0023_500trees,0.0019660230521953742,0.0007424655911557002
num__medication_order_count_first_24h,LightGBM,Targeted LightGBM - lgbm_127_lr0023_500trees,0.0058109570509807295,0.00014657052868750206
num__medication_order_count_first_72h,LightGBM,Targeted LightGBM - lgbm_127_lr0023_500trees,0.0033987411625647865,-0.0003694639105459217
num__num_unique_antipsychotics,LightGBM,Targeted LightGBM - lgbm_127_lr0023_500trees,0.0005603196326502813,4.0839130985187384e-05
num__antipsychotic_polypharmacy_2plus,LightGBM,Targeted LightGBM - lgbm_127_lr0023_500trees,0.0,0.0
num__antipsychotic_polypharmacy_3plus,LightGBM,Targeted LightGBM - lgbm_127_lr0023_500trees,0.0,0.0
num__antipsychotic_plus_benzodiazepine,LightGBM,Targeted LightGBM - lgbm_127_lr0023_500trees,0.004797844837054903,0.0004182395993357075
num__antipsychotic_plus_mood_stabiliser,LightGBM,Targeted LightGBM - lgbm_127_lr0023_500trees,8.504479824704349e-05,1.9010911529361478e-05
num__num_orders_first_6h,LightGBM,Targeted LightGBM - lgbm_127_lr0023_500trees,0.002610734482932382,0.00024837652610957124
num__num_orders_first_12h,LightGBM,Targeted LightGBM - lgbm_127_lr0023_500trees,0.002709201581904809,-0.00020879249625980494
num__num_orders_first_24h,LightGBM,Targeted LightGBM - lgbm_127_lr0023_500trees,0.0045837182704163235,0.0011906342406165203
num__num_orders_first_72h,LightGBM,Targeted LightGBM - lgbm_127_lr0023_500trees,0.0052199577493997305,0.0005548682270338213
num__orders_24_to_72h,LightGBM,Targeted LightGBM - lgbm_127_lr0023_500trees,0.0028142454383143323,-0.0005827488177915564
num__orders_after_72h_count,LightGBM,Targeted LightGBM - lgbm_127_lr0023_500trees,0.003949881844316195,0.00027535391858753204
num__order_activity_slope_24_to_72h,LightGBM,Targeted LightGBM - lgbm_127_lr0023_500trees,0.00611233824645402,0.0004763762633699459
num__first_order_hours_from_admission,LightGBM,Targeted LightGBM - lgbm_127_lr0023_500trees,0.007356729234083497,0.0005781764481508347
num__last_order_hours_from_admission,LightGBM,Targeted LightGBM - lgbm_127_lr0023_500trees,0.003596501352062369,0.000606502540507119
num__num_total_poe_orders,LightGBM,Targeted LightGBM - lgbm_127_lr0023_500trees,0.0037778478575478795,0.0009474108560874409
num__num_unique_order_types,LightGBM,Targeted LightGBM - lgbm_127_lr0023_500trees,0.0016450110438478139,6.407352394282842e-05
num__num_unique_order_subtypes,LightGBM,Targeted LightGBM - lgbm_127_lr0023_500trees,0.002151437306711171,-0.0005831659535190223
num__num_unique_poe_order_categories,LightGBM,Targeted LightGBM - lgbm_127_lr0023_500trees,0.0014673071548481347,-0.0003681214202144338
num__num_unique_order_providers_first_24h,LightGBM,Targeted LightGBM - lgbm_127_lr0023_500trees,0.000839279504118538,-0.0001074665267744735
num__num_unique_order_providers_first_72h,LightGBM,Targeted LightGBM - lgbm_127_lr0023_500trees,0.0011958433029540002,-1.6271531167001687e-05
num__num_discontinued_orders,LightGBM,Targeted LightGBM - lgbm_127_lr0023_500trees,0.0021746298268431104,0.0009807021018045665
num__num_psych_related_poe_orders,LightGBM,Targeted LightGBM - lgbm_127_lr0023_500trees,0.00012541593081139612,1.1312510401583475e-05
num__num_consult_orders,LightGBM,Targeted LightGBM - lgbm_127_lr0023_500trees,0.0008939156956109337,0.0001593908553679798
num__num_social_work_case_management_orders,LightGBM,Targeted LightGBM - lgbm_127_lr0023_500trees,0.003287720787578046,-5.216126448145643e-05
num__num_observation_safety_orders,LightGBM,Targeted LightGBM - lgbm_127_lr0023_500trees,0.0031918176352897284,0.0015841497406400814
num__num_followup_referral_orders,LightGBM,Targeted LightGBM - lgbm_127_lr0023_500trees,0.0002739394848604298,-5.696055589119289e-06
num__had_sitter_or_constant_observation_order,LightGBM,Targeted LightGBM - lgbm_127_lr0023_500trees,0.00024131337551371322,-2.593742426874726e-05
num__had_psych_consult_order,LightGBM,Targeted LightGBM - lgbm_127_lr0023_500trees,7.627677428685504e-05,1.6427690747373048e-05
num__had_social_work_case_management_order,LightGBM,Targeted LightGBM - lgbm_127_lr0023_500trees,0.0008295604503892642,9.322188173293991e-05
num__had_followup_or_outpatient_referral_order,LightGBM,Targeted LightGBM - lgbm_127_lr0023_500trees,0.00017340899150991356,-1.5360321342442796e-05
num__had_discharge_planning_order,LightGBM,Targeted LightGBM - lgbm_127_lr0023_500trees,0.006152217403042015,-0.0005707910618654753
num__late_discharge_planning_after_72h_flag,LightGBM,Targeted LightGBM - lgbm_127_lr0023_500trees,0.0,0.0
num__had_outpatient_followup_order,LightGBM,Targeted LightGBM - lgbm_127_lr0023_500trees,0.0005873072785849614,0.0001471903027705742
num__had_clinic_referral_order,LightGBM,Targeted LightGBM - lgbm_127_lr0023_500trees,0.00033171336943654844,0.0001449399182702816
num__had_case_management_order,LightGBM,Targeted LightGBM - lgbm_127_lr0023_500trees,0.0012381099432867326,-2.210723301929861e-05
num__num_followup_related_orders,LightGBM,Targeted LightGBM - lgbm_127_lr0023_500trees,0.0001393042264454345,1.963277220200353e-05
num__followup_order_first_72h_flag,LightGBM,Targeted LightGBM - lgbm_127_lr0023_500trees,0.0004846541441947586,-5.523040505843085e-05
num__late_followup_order_flag,LightGBM,Targeted LightGBM - lgbm_127_lr0023_500trees,1.498966488911287e-05,-1.4828639036796377e-06
num__had_constant_observation_order,LightGBM,Targeted LightGBM - lgbm_127_lr0023_500trees,0.00014838325364482482,4.989179102312966e-07
num__orders_last_24h_before_discharge,LightGBM,Targeted LightGBM - lgbm_127_lr0023_500trees,0.0014613396370621052,0.00018183848720397706
num__orders_last_48h_before_discharge,LightGBM,Targeted LightGBM - lgbm_127_lr0023_500trees,0.006879853076150301,-0.0010940023458916553
num__orders_last_12h_before_discharge,LightGBM,Targeted LightGBM - lgbm_127_lr0023_500trees,0.10695679587022562,0.07537856016235628
num__orders_last_6h_before_discharge,LightGBM,Targeted LightGBM - lgbm_127_lr0023_500trees,0.004340186457446974,0.002619016776279819
num__new_orders_last_24h_before_discharge_flag,LightGBM,Targeted LightGBM - lgbm_127_lr0023_500trees,0.0,0.0
num__new_orders_last_12h_before_discharge_flag,LightGBM,Targeted LightGBM - lgbm_127_lr0023_500trees,0.006211888194037029,0.0045596087741940185
num__order_activity_last_24h_to_total_ratio,LightGBM,Targeted LightGBM - lgbm_127_lr0023_500trees,0.004579747781580062,6.38463693762643e-05
num__order_activity_last_48h_to_total_ratio,LightGBM,Targeted LightGBM - lgbm_127_lr0023_500trees,0.009197711786517288,-0.0014112783245342061
num__order_activity_last_12h_to_total_ratio,LightGBM,Targeted LightGBM - lgbm_127_lr0023_500trees,0.005590982739771707,-0.0016662848877678996
num__order_activity_last_6h_to_total_ratio,LightGBM,Targeted LightGBM - lgbm_127_lr0023_500trees,0.022474617396009568,0.013467489382472619
num__last_order_within_6h_of_discharge_flag,LightGBM,Targeted LightGBM - lgbm_127_lr0023_500trees,0.0,0.0
num__last_order_within_12h_of_discharge_flag,LightGBM,Targeted LightGBM - lgbm_127_lr0023_500trees,0.04641672199522273,0.03380394050992042
num__last_order_within_24h_of_discharge_flag,LightGBM,Targeted LightGBM - lgbm_127_lr0023_500trees,0.0,0.0
num__last_order_close_to_discharge_hours,LightGBM,Targeted LightGBM - lgbm_127_lr0023_500trees,0.12529846941762965,0.10345268540264108
num__order_activity_duration_hours,LightGBM,Targeted LightGBM - lgbm_127_lr0023_500trees,0.0042990373320939915,0.000828737290812343
num__safety_orders_first_24h,LightGBM,Targeted LightGBM - lgbm_127_lr0023_500trees,0.007981040724633407,0.004515171596285793
num__safety_orders_first_72h,LightGBM,Targeted LightGBM - lgbm_127_lr0023_500trees,0.0008915646758531981,0.00035859752148268873
num__safety_orders_after_72h,LightGBM,Targeted LightGBM - lgbm_127_lr0023_500trees,0.0,0.0
num__safety_orders_last_24h_before_discharge,LightGBM,Targeted LightGBM - lgbm_127_lr0023_500trees,0.008527344512467913,0.005047213445792658
num__safety_order_density_per_day,LightGBM,Targeted LightGBM - lgbm_127_lr0023_500trees,0.007787576530731783,0.004177130132457963
num__late_safety_order_flag,LightGBM,Targeted LightGBM - lgbm_127_lr0023_500trees,0.0,0.0
num__safety_order_near_discharge_flag,LightGBM,Targeted LightGBM - lgbm_127_lr0023_500trees,0.005139570874560773,0.0030972316221862194
num__self_harm_and_late_safety_order_flag,LightGBM,Targeted LightGBM - lgbm_127_lr0023_500trees,0.0,0.0
num__care_team_touchpoints_after_72h,LightGBM,Targeted LightGBM - lgbm_127_lr0023_500trees,0.003343352187674151,0.00022251081657116475
num__care_team_touchpoints_last_24h_before_discharge,LightGBM,Targeted LightGBM - lgbm_127_lr0023_500trees,0.0019757210206132205,-0.00024265173241149002
num__care_team_touchpoint_density_per_day,LightGBM,Targeted LightGBM - lgbm_127_lr0023_500trees,0.0026400808897304455,0.00045159929419878297
num__late_care_team_activity_flag,LightGBM,Targeted LightGBM - lgbm_127_lr0023_500trees,0.0,0.0
num__high_care_team_touchpoints_near_discharge_flag,LightGBM,Targeted LightGBM - lgbm_127_lr0023_500trees,9.687224141214963e-05,-1.8345478418465713e-05
num__late_medication_orders_last_12h,LightGBM,Targeted LightGBM - lgbm_127_lr0023_500trees,0.0007711130493414899,3.186096964711572e-05
num__late_lab_orders_last_12h,LightGBM,Targeted LightGBM - lgbm_127_lr0023_500trees,0.000180078000709547,-8.89396982148523e-06
num__late_imaging_orders_last_12h,LightGBM,Targeted LightGBM - lgbm_127_lr0023_500trees,0.00011147754782088213,1.0387789321169753e-05
num__late_consult_orders_last_12h,LightGBM,Targeted LightGBM - lgbm_127_lr0023_500trees,4.232291979114661e-05,-8.435918517328397e-06
num__late_discharge_admin_orders_last_12h,LightGBM,Targeted LightGBM - lgbm_127_lr0023_500trees,0.0008955483371222391,-1.0972295838179111e-05
num__late_routine_care_orders_last_12h,LightGBM,Targeted LightGBM - lgbm_127_lr0023_500trees,0.0004506541781932604,1.4466417460670141e-05
num__late_psych_safety_orders_last_12h,LightGBM,Targeted LightGBM - lgbm_127_lr0023_500trees,0.0006774234286844004,0.0003803617287689366
num__late_social_work_or_case_management_orders_last_12h,LightGBM,Targeted LightGBM - lgbm_127_lr0023_500trees,0.0,0.0
num__late_followup_or_aftercare_orders_last_12h,LightGBM,Targeted LightGBM - lgbm_127_lr0023_500trees,0.00027974456409108413,-3.477428277134531e-06
num__late_medication_orders_last_6h,LightGBM,Targeted LightGBM - lgbm_127_lr0023_500trees,0.0011497331912717033,3.665782403089662e-05
num__late_lab_orders_last_6h,LightGBM,Targeted LightGBM - lgbm_127_lr0023_500trees,0.00016020985838258547,-7.624342114290937e-06
num__late_imaging_orders_last_6h,LightGBM,Targeted LightGBM - lgbm_127_lr0023_500trees,0.0,0.0
num__late_consult_orders_last_6h,LightGBM,Targeted LightGBM - lgbm_127_lr0023_500trees,0.00010176992609339469,-4.688364539945109e-07
num__late_discharge_admin_orders_last_6h,LightGBM,Targeted LightGBM - lgbm_127_lr0023_500trees,0.0007688545217768199,0.00029174537791037145
num__late_routine_care_orders_last_6h,LightGBM,Targeted LightGBM - lgbm_127_lr0023_500trees,0.0007527198016609141,6.677570048795198e-05
num__late_psych_safety_orders_last_6h,LightGBM,Targeted LightGBM - lgbm_127_lr0023_500trees,0.0001500080798572281,0.0001076345548974738
num__late_social_work_or_case_management_orders_last_6h,LightGBM,Targeted LightGBM - lgbm_127_lr0023_500trees,0.0,0.0
num__late_followup_or_aftercare_orders_last_6h,LightGBM,Targeted LightGBM - lgbm_127_lr0023_500trees,0.0004921871842706104,5.228342230389745e-05
num__discontinued_orders_last_24h_before_discharge,LightGBM,Targeted LightGBM - lgbm_127_lr0023_500trees,0.0008985460874222934,2.7124534021922227e-06
num__discontinued_orders_last_12h_before_discharge,LightGBM,Targeted LightGBM - lgbm_127_lr0023_500trees,0.030895124301456144,0.021889607135117128
num__cancelled_orders_last_24h_before_discharge,LightGBM,Targeted LightGBM - lgbm_127_lr0023_500trees,0.0,0.0
num__late_discontinued_medication_orders,LightGBM,Targeted LightGBM - lgbm_127_lr0023_500trees,0.0030891294666857824,-0.00020160443632443435
num__late_discontinued_lab_orders,LightGBM,Targeted LightGBM - lgbm_127_lr0023_500trees,0.0015941067416843952,8.10362685172525e-05
num__late_discontinued_safety_orders,LightGBM,Targeted LightGBM - lgbm_127_lr0023_500trees,0.002890722685759931,0.0018317623511213967
num__had_therapy_or_counselling_followup_order,LightGBM,Targeted LightGBM - lgbm_127_lr0023_500trees,0.00010457532805173041,2.147594579580043e-05
num__had_substance_use_followup_order,LightGBM,Targeted LightGBM - lgbm_127_lr0023_500trees,0.0,0.0
num__followup_order_last_48h_before_discharge,LightGBM,Targeted LightGBM - lgbm_127_lr0023_500trees,0.00042536985216079417,5.634295107777756e-05
num__followup_order_last_24h_before_discharge,LightGBM,Targeted LightGBM - lgbm_127_lr0023_500trees,0.0006349671928536797,5.4146196027824845e-05
num__safety_orders_last_12h_before_discharge,LightGBM,Targeted LightGBM - lgbm_127_lr0023_500trees,0.0002787639964866756,0.00015883007592426402
num__safety_orders_last_6h_before_discharge,LightGBM,Targeted LightGBM - lgbm_127_lr0023_500trees,0.00016953421498686833,4.012657752656321e-05
num__new_safety_order_last_24h_before_discharge_flag,LightGBM,Targeted LightGBM - lgbm_127_lr0023_500trees,0.0010060179130179068,0.0005785008186630247
num__new_safety_order_last_12h_before_discharge_flag,LightGBM,Targeted LightGBM - lgbm_127_lr0023_500trees,0.0,0.0
num__first_safety_order_hours_from_admission,LightGBM,Targeted LightGBM - lgbm_127_lr0023_500trees,0.0046909697376054165,0.0016478035609894719
num__last_safety_order_hours_from_admission,LightGBM,Targeted LightGBM - lgbm_127_lr0023_500trees,0.005994632132927279,0.0020695167647399107
num__safety_order_activity_duration_hours,LightGBM,Targeted LightGBM - lgbm_127_lr0023_500trees,0.00037321017106456276,8.649300301205031e-05
num__previous_admission_had_late_orders,LightGBM,Targeted LightGBM - lgbm_127_lr0023_500trees,0.0,0.0
num__previous_admission_had_safety_order,LightGBM,Targeted LightGBM - lgbm_127_lr0023_500trees,0.0009629845010620239,0.00023449851892394323
num__previous_admission_had_discharge_planning_order,LightGBM,Targeted LightGBM - lgbm_127_lr0023_500trees,0.0011714294009437895,-9.930258938292614e-05
num__previous_admission_order_activity_count,LightGBM,Targeted LightGBM - lgbm_127_lr0023_500trees,0.00834871785148858,-0.0005253957001199546
num__previous_admission_had_late_safety_orders,LightGBM,Targeted LightGBM - lgbm_127_lr0023_500trees,0.0001375735883840456,-1.3675544659029277e-05
num__previous_admission_had_late_lab_orders,LightGBM,Targeted LightGBM - lgbm_127_lr0023_500trees,0.00015676521600621168,-1.0404391205922233e-05
num__previous_admission_had_late_medication_orders,LightGBM,Targeted LightGBM - lgbm_127_lr0023_500trees,0.0,0.0
num__previous_admission_had_followup_order,LightGBM,Targeted LightGBM - lgbm_127_lr0023_500trees,0.00029719266941160926,-1.1502671096719257e-05
num__previous_admission_had_home_discharge_no_followup,LightGBM,Targeted LightGBM - lgbm_127_lr0023_500trees,0.00045448974834155927,2.505555892368438e-05
num__previous_admission_had_psych_facility_discharge,LightGBM,Targeted LightGBM - lgbm_127_lr0023_500trees,0.0,0.0
num__previous_admission_had_facility_discharge,LightGBM,Targeted LightGBM - lgbm_127_lr0023_500trees,0.00014339506162195582,5.3878968642578675e-06
num__previous_admission_late_order_count,LightGBM,Targeted LightGBM - lgbm_127_lr0023_500trees,0.0032758998753286677,0.0002747154064460312
num__previous_admission_late_order_share,LightGBM,Targeted LightGBM - lgbm_127_lr0023_500trees,0.0028310893924993496,5.650788560303055e-05
num__prior_discharge_instability_score,LightGBM,Targeted LightGBM - lgbm_127_lr0023_500trees,0.0010081128740153022,0.00015596694601308035
num__prior_instability_score,LightGBM,Targeted LightGBM - lgbm_127_lr0023_500trees,0.0007501642249358679,9.367353083463883e-05
num__num_pharmacy_records,LightGBM,Targeted LightGBM - lgbm_127_lr0023_500trees,0.0006813469578659368,-7.114179434615769e-05
num__num_unique_pharmacy_medications,LightGBM,Targeted LightGBM - lgbm_127_lr0023_500trees,0.001898383151923355,0.0004302183956331752
num__num_iv_pharmacy_orders,LightGBM,Targeted LightGBM - lgbm_127_lr0023_500trees,0.005818103666365736,0.0013226635390603204
num__num_infusion_pharmacy_orders,LightGBM,Targeted LightGBM - lgbm_127_lr0023_500trees,0.00207218182479824,0.0009158731879361488
num__num_prn_pharmacy_orders,LightGBM,Targeted LightGBM - lgbm_127_lr0023_500trees,0.007318254179864445,0.0004906964320968143
num__num_scheduled_pharmacy_orders,LightGBM,Targeted LightGBM - lgbm_127_lr0023_500trees,0.012098425289298413,0.0012037569726781384
num__num_high_frequency_med_orders,LightGBM,Targeted LightGBM - lgbm_127_lr0023_500trees,0.0019508734034719975,0.0005381116797411919
num__num_med_orders_with_duration,LightGBM,Targeted LightGBM - lgbm_127_lr0023_500trees,0.001340458473984733,-9.042830012314663e-05
num__num_discontinued_pharmacy_orders,LightGBM,Targeted LightGBM - lgbm_127_lr0023_500trees,0.0031564463716104068,-0.0009015590849684982
num__num_verified_pharmacy_orders,LightGBM,Targeted LightGBM - lgbm_127_lr0023_500trees,0.000941515324824927,0.00017601655729713423
num__num_oral_pharmacy_orders,LightGBM,Targeted LightGBM - lgbm_127_lr0023_500trees,0.0006359255824459744,9.786157723105114e-05
num__num_iv_route_pharmacy_orders,LightGBM,Targeted LightGBM - lgbm_127_lr0023_500trees,0.0017099012827442685,0.00021986788639742622
num__num_prn_psychotropic_orders,LightGBM,Targeted LightGBM - lgbm_127_lr0023_500trees,0.0011714062423656725,0.0001937452189693847
num__num_scheduled_psychotropic_orders,LightGBM,Targeted LightGBM - lgbm_127_lr0023_500trees,0.0031330158284693667,-0.0002489587957798816
num__num_medication_route_types,LightGBM,Targeted LightGBM - lgbm_127_lr0023_500trees,0.008054953481267755,0.00012120175696569695
num__num_medication_frequency_types,LightGBM,Targeted LightGBM - lgbm_127_lr0023_500trees,0.002489910271589966,0.0011375512637591878
num__psychotropic_order_density_per_day,LightGBM,Targeted LightGBM - lgbm_127_lr0023_500trees,0.015856791930607274,0.0003014642607548478
num__had_prn_antipsychotic,LightGBM,Targeted LightGBM - lgbm_127_lr0023_500trees,7.272876645267892e-05,-5.697418729260988e-06
num__had_prn_benzodiazepine,LightGBM,Targeted LightGBM - lgbm_127_lr0023_500trees,0.00030260792969793163,1.774998924188212e-05
num__num_prn_benzodiazepine_orders,LightGBM,Targeted LightGBM - lgbm_127_lr0023_500trees,0.004194410238529359,0.00047401672746054987
num__num_prn_antipsychotic_orders,LightGBM,Targeted LightGBM - lgbm_127_lr0023_500trees,0.00035011795849537914,0.00010948898088138454
num__had_naloxone_order,LightGBM,Targeted LightGBM - lgbm_127_lr0023_500trees,0.00024078033202603412,1.3589112549617116e-05
num__had_withdrawal_treatment_order,LightGBM,Targeted LightGBM - lgbm_127_lr0023_500trees,0.0002688174793436934,3.0195644533221884e-05
num__had_lockout_interval_order,LightGBM,Targeted LightGBM - lgbm_127_lr0023_500trees,0.0008604503690449574,4.4124097300213764e-05
num__had_basal_rate_order,LightGBM,Targeted LightGBM - lgbm_127_lr0023_500trees,0.0023887056456802255,-0.0003651216900060445
num__had_sliding_scale_order,LightGBM,Targeted LightGBM - lgbm_127_lr0023_500trees,1.2175812829890184e-05,-5.314122820345985e-06
num__had_one_hr_max_order,LightGBM,Targeted LightGBM - lgbm_127_lr0023_500trees,0.005681124016837233,0.0010565706334391433
num__num_unverified_pharmacy_orders,LightGBM,Targeted LightGBM - lgbm_127_lr0023_500trees,0.0,0.0
num__num_floor_stock_pharmacy_orders,LightGBM,Targeted LightGBM - lgbm_127_lr0023_500trees,0.0027834809963626023,-0.00017066512633683685
num__num_patient_may_take_own_med_orders,LightGBM,Targeted LightGBM - lgbm_127_lr0023_500trees,0.0,0.0
num__num_dosing_by_pharmacy_orders,LightGBM,Targeted LightGBM - lgbm_127_lr0023_500trees,0.0002915061279063365,0.00015372879639932916
num__num_discharge_med_proc_type_orders,LightGBM,Targeted LightGBM - lgbm_127_lr0023_500trees,0.0,0.0
num__pharmacy_logistics_complexity_score,LightGBM,Targeted LightGBM - lgbm_127_lr0023_500trees,0.002857100462969353,-8.375190803533162e-05
num__pharmacy_infusion_complexity_score,LightGBM,Targeted LightGBM - lgbm_127_lr0023_500trees,0.0015747285303091111,0.00046171783310245605
num__psychotropic_orders_last_24h_before_discharge,LightGBM,Targeted LightGBM - lgbm_127_lr0023_500trees,0.0006780706148769632,3.72580137743901e-05
num__psychotropic_orders_last_48h_before_discharge,LightGBM,Targeted LightGBM - lgbm_127_lr0023_500trees,0.0010192354062763258,1.4967058633911786e-05
num__prn_psychotropic_orders_last_24h_before_discharge,LightGBM,Targeted LightGBM - lgbm_127_lr0023_500trees,0.00152574971271878,-9.792691965472292e-05
num__microbiology_test_count,LightGBM,Targeted LightGBM - lgbm_127_lr0023_500trees,0.0025027266267333226,-0.00034358079742413385
num__blood_culture_positive,LightGBM,Targeted LightGBM - lgbm_127_lr0023_500trees,0.001053507498527129,0.00016069779271271322
num__urine_culture_positive,LightGBM,Targeted LightGBM - lgbm_127_lr0023_500trees,1.2721244454979055e-05,-9.957109056329845e-07
num__respiratory_culture_positive,LightGBM,Targeted LightGBM - lgbm_127_lr0023_500trees,0.0027435162307876577,-0.00034247630896911617
num__num_positive_blood_culture,LightGBM,Targeted LightGBM - lgbm_127_lr0023_500trees,0.0027984925326291904,0.00019971274615156607
num__num_positive_urine_culture,LightGBM,Targeted LightGBM - lgbm_127_lr0023_500trees,0.0007621416889183728,-4.60704111484536e-07
num__num_positive_respiratory_culture,LightGBM,Targeted LightGBM - lgbm_127_lr0023_500trees,0.001034995573855026,-1.8010362588368962e-05
num__culture_positive_first_72h,LightGBM,Targeted LightGBM - lgbm_127_lr0023_500trees,7.027780318127861e-05,-5.663146296062853e-07
num__distinct_organism_count,LightGBM,Targeted LightGBM - lgbm_127_lr0023_500trees,0.00017893844998030664,-5.22863173587107e-06
num__num_distinct_specimen_types,LightGBM,Targeted LightGBM - lgbm_127_lr0023_500trees,0.001931497796014203,-6.951004729953667e-05
num__num_distinct_organisms,LightGBM,Targeted LightGBM - lgbm_127_lr0023_500trees,6.308083290946553e-05,-1.0865567183659944e-05
num__has_microbiology_test,LightGBM,Targeted LightGBM - lgbm_127_lr0023_500trees,0.0,0.0
num__suspected_infection_flag,LightGBM,Targeted LightGBM - lgbm_127_lr0023_500trees,0.0007979377747001807,-9.974574761652323e-05
num__latest_bmi_before_admission,LightGBM,Targeted LightGBM - lgbm_127_lr0023_500trees,0.004937726547367113,0.00024382926895596797
num__previous_bmi_before_admission,LightGBM,Targeted LightGBM - lgbm_127_lr0023_500trees,0.002429677852398194,-7.24483039003432e-05
num__latest_weight_kg_before_admission,LightGBM,Targeted LightGBM - lgbm_127_lr0023_500trees,0.0036320426269773522,0.0003140107830365226
num__previous_weight_kg_before_admission,LightGBM,Targeted LightGBM - lgbm_127_lr0023_500trees,0.002544360986671187,0.00041701218960248906
num__latest_height_cm_before_admission,LightGBM,Targeted LightGBM - lgbm_127_lr0023_500trees,0.00466980797823667,0.0008506080921550348
num__previous_height_cm_before_admission,LightGBM,Targeted LightGBM - lgbm_127_lr0023_500trees,0.0015590067250235904,0.00023424840897604064
num__days_since_latest_body_measure,LightGBM,Targeted LightGBM - lgbm_127_lr0023_500trees,0.03639135125526432,0.015496878907664885
num__bmi_change_recent,LightGBM,Targeted LightGBM - lgbm_127_lr0023_500trees,0.001904237790192732,-4.320535753675726e-05
num__weight_change_recent,LightGBM,Targeted LightGBM - lgbm_127_lr0023_500trees,0.0032167454115411445,0.0003269960029395348
num__height_change_recent,LightGBM,Targeted LightGBM - lgbm_127_lr0023_500trees,0.0014473873818523697,-8.518733105149654e-05
num__missing_bmi_flag,LightGBM,Targeted LightGBM - lgbm_127_lr0023_500trees,0.0,0.0
num__obesity_flag,LightGBM,Targeted LightGBM - lgbm_127_lr0023_500trees,5.587715546660217e-05,3.692975562132413e-08
num__medical_to_psych_service_transfer,LightGBM,Targeted LightGBM - lgbm_127_lr0023_500trees,0.001020145003221065,0.00026885792591445183
num__psych_to_medical_service_transfer,LightGBM,Targeted LightGBM - lgbm_127_lr0023_500trees,0.0,0.0
num__psych_service_involved_anytime,LightGBM,Targeted LightGBM - lgbm_127_lr0023_500trees,0.00048503153154054067,7.639582813578848e-05
num__medicine_service_involved_anytime,LightGBM,Targeted LightGBM - lgbm_127_lr0023_500trees,0.006972296653457735,0.000843931389968442
num__medicine_and_psych_services_both_flag,LightGBM,Targeted LightGBM - lgbm_127_lr0023_500trees,0.0,0.0
num__same_first_last_service,LightGBM,Targeted LightGBM - lgbm_127_lr0023_500trees,0.00011897565673190207,2.9420927073352408e-05
num__time_to_first_transfer_hours,LightGBM,Targeted LightGBM - lgbm_127_lr0023_500trees,0.006777353412543942,0.0007830286660115938
num__has_cannabis_related_disorder,LightGBM,Targeted LightGBM - lgbm_127_lr0023_500trees,0.0,0.0
num__has_tobacco_or_nicotine_related_disorder,LightGBM,Targeted LightGBM - lgbm_127_lr0023_500trees,0.0001649772632251701,1.5436471732685462e-05
num__has_sedative_hypnotic_related_disorder,LightGBM,Targeted LightGBM - lgbm_127_lr0023_500trees,0.0011882376687251564,-0.00031997996966385645
num__has_polysubstance_related_disorder,LightGBM,Targeted LightGBM - lgbm_127_lr0023_500trees,8.076125668127412e-05,7.138782081316178e-06
num__elixhauser_congestive_heart_failure,LightGBM,Targeted LightGBM - lgbm_127_lr0023_500trees,0.00035219928287394994,2.069333691391508e-06
num__elixhauser_valvular_disease,LightGBM,Targeted LightGBM - lgbm_127_lr0023_500trees,0.001019636562190637,-6.363753282968647e-05
num__elixhauser_pulmonary_circulation,LightGBM,Targeted LightGBM - lgbm_127_lr0023_500trees,0.00013220280294334313,-1.9583770655634504e-05
num__elixhauser_peripheral_vascular,LightGBM,Targeted LightGBM - lgbm_127_lr0023_500trees,0.00384549801721972,-9.223319423912797e-05
num__elixhauser_hypertension,LightGBM,Targeted LightGBM - lgbm_127_lr0023_500trees,0.0004454628830517038,7.535359763278212e-05
num__elixhauser_paralysis,LightGBM,Targeted LightGBM - lgbm_127_lr0023_500trees,0.0,0.0
num__elixhauser_other_neurological,LightGBM,Targeted LightGBM - lgbm_127_lr0023_500trees,0.0002926940213782689,-2.2124949752589478e-05
num__elixhauser_chronic_pulmonary,LightGBM,Targeted LightGBM - lgbm_127_lr0023_500trees,0.0013284924295277945,-1.8768336354726742e-05
num__elixhauser_diabetes_uncomplicated,LightGBM,Targeted LightGBM - lgbm_127_lr0023_500trees,6.582553960806776e-05,5.162265741868948e-06
num__elixhauser_diabetes_complicated,LightGBM,Targeted LightGBM - lgbm_127_lr0023_500trees,0.0,0.0
num__elixhauser_hypothyroidism,LightGBM,Targeted LightGBM - lgbm_127_lr0023_500trees,0.00024659538860683004,-3.327952210238237e-05
num__elixhauser_renal_failure,LightGBM,Targeted LightGBM - lgbm_127_lr0023_500trees,0.0,0.0
num__elixhauser_liver_disease,LightGBM,Targeted LightGBM - lgbm_127_lr0023_500trees,0.0004220515990599158,-3.31627828867079e-05
num__elixhauser_peptic_ulcer,LightGBM,Targeted LightGBM - lgbm_127_lr0023_500trees,0.0,0.0
num__elixhauser_aids_hiv,LightGBM,Targeted LightGBM - lgbm_127_lr0023_500trees,0.0,0.0
num__elixhauser_lymphoma,LightGBM,Targeted LightGBM - lgbm_127_lr0023_500trees,0.004100380571391913,0.00014527925572159722
num__elixhauser_metastatic_cancer,LightGBM,Targeted LightGBM - lgbm_127_lr0023_500trees,9.132790677990483e-05,4.2466463969026233e-05
num__elixhauser_solid_tumour,LightGBM,Targeted LightGBM - lgbm_127_lr0023_500trees,0.010480615371908399,-0.00016176455537232306
num__elixhauser_rheumatoid_collagen,LightGBM,Targeted LightGBM - lgbm_127_lr0023_500trees,0.0005314360761126114,-0.00011736134665697127
num__elixhauser_coagulopathy,LightGBM,Targeted LightGBM - lgbm_127_lr0023_500trees,0.00011901439652084293,-3.5713876307988626e-06
num__elixhauser_obesity,LightGBM,Targeted LightGBM - lgbm_127_lr0023_500trees,9.068833160807837e-05,-1.319924656253921e-05
num__elixhauser_weight_loss,LightGBM,Targeted LightGBM - lgbm_127_lr0023_500trees,0.0007735207563635232,0.0001178161895717452
num__elixhauser_fluid_electrolyte,LightGBM,Targeted LightGBM - lgbm_127_lr0023_500trees,0.0011132972844665357,-5.51700790561682e-06
num__elixhauser_blood_loss_anaemia,LightGBM,Targeted LightGBM - lgbm_127_lr0023_500trees,0.0,0.0
num__elixhauser_deficiency_anaemia,LightGBM,Targeted LightGBM - lgbm_127_lr0023_500trees,0.0005932699671795983,7.158261537271195e-05
num__elixhauser_alcohol_abuse,LightGBM,Targeted LightGBM - lgbm_127_lr0023_500trees,0.0015537372290202202,0.00018361962960599166
num__elixhauser_drug_abuse,LightGBM,Targeted LightGBM - lgbm_127_lr0023_500trees,0.0011158283055462599,-0.00019709321858232495
num__elixhauser_psychoses,LightGBM,Targeted LightGBM - lgbm_127_lr0023_500trees,0.03981804457885153,0.012282262301240998
num__elixhauser_depression,LightGBM,Targeted LightGBM - lgbm_127_lr0023_500trees,0.0038937776027822735,0.0005914787260916756
num__finer_substance_use_category_count,LightGBM,Targeted LightGBM - lgbm_127_lr0023_500trees,0.0008511641118109839,-3.275832741030958e-05
num__elixhauser_individual_group_count,LightGBM,Targeted LightGBM - lgbm_127_lr0023_500trees,0.00495556005914889,0.00015810558910941047
num__had_mechanical_ventilation_procedure,LightGBM,Targeted LightGBM - lgbm_127_lr0023_500trees,0.0,0.0
num__had_dialysis_procedure,LightGBM,Targeted LightGBM - lgbm_127_lr0023_500trees,0.0,0.0
num__had_central_line_procedure,LightGBM,Targeted LightGBM - lgbm_127_lr0023_500trees,0.0023388501775337476,0.00014493435018470986
num__had_ect_procedure,LightGBM,Targeted LightGBM - lgbm_127_lr0023_500trees,0.0,0.0
num__ect_procedure_count,LightGBM,Targeted LightGBM - lgbm_127_lr0023_500trees,0.0,0.0
num__ect_within_first_72h,LightGBM,Targeted LightGBM - lgbm_127_lr0023_500trees,0.0,0.0
num__ect_during_admission_flag,LightGBM,Targeted LightGBM - lgbm_127_lr0023_500trees,0.0,0.0
num__emar_administration_record_count,LightGBM,Targeted LightGBM - lgbm_127_lr0023_500trees,0.0038008985915682927,0.0001971623086149469
num__emar_administered_event_count,LightGBM,Targeted LightGBM - lgbm_127_lr0023_500trees,0.0029454631935162848,0.00027134435656646767
num__emar_not_given_event_count,LightGBM,Targeted LightGBM - lgbm_127_lr0023_500trees,0.0016323757508565197,0.0003413513699595838
num__emar_administration_count_first_24h,LightGBM,Targeted LightGBM - lgbm_127_lr0023_500trees,0.009496054403476098,0.001509782880363958
num__emar_administration_count_first_72h,LightGBM,Targeted LightGBM - lgbm_127_lr0023_500trees,0.0043193791730551075,0.0008821763613810506
num__emar_missed_or_not_given_count_first_24h,LightGBM,Targeted LightGBM - lgbm_127_lr0023_500trees,0.002752995605641819,0.0002944079147579978
num__emar_missed_or_not_given_count_first_72h,LightGBM,Targeted LightGBM - lgbm_127_lr0023_500trees,0.00443010526758166,0.00040331181409156234
num__emar_psychotropic_not_given_count,LightGBM,Targeted LightGBM - lgbm_127_lr0023_500trees,0.0043568719326289125,0.0005644824015440341
num__emar_nonpsychotropic_not_given_count,LightGBM,Targeted LightGBM - lgbm_127_lr0023_500trees,0.0014149042202037767,0.00012978610940449665
num__emar_delayed_administration_count,LightGBM,Targeted LightGBM - lgbm_127_lr0023_500trees,0.0005467809698713142,-0.0001105097720161571
num__num_delayed_administered_events,LightGBM,Targeted LightGBM - lgbm_127_lr0023_500trees,0.00024370190067109188,-8.048887176679222e-05
num__num_started_emar_events,LightGBM,Targeted LightGBM - lgbm_127_lr0023_500trees,0.006105656535332313,0.00013370714146335812
num__num_stopped_emar_events,LightGBM,Targeted LightGBM - lgbm_127_lr0023_500trees,0.001654814491508618,7.664920923718088e-05
num__emar_started_stopped_activity_last_24h,LightGBM,Targeted LightGBM - lgbm_127_lr0023_500trees,0.0005395122089161109,5.821679432832347e-06
num__emar_delayed_or_not_given_last_24h,LightGBM,Targeted LightGBM - lgbm_127_lr0023_500trees,0.005147671658432289,5.8217749355542436e-05
num__emar_total_delay_hours,LightGBM,Targeted LightGBM - lgbm_127_lr0023_500trees,0.0012352988399640993,9.455736863639197e-05
num__emar_unique_medication_count,LightGBM,Targeted LightGBM - lgbm_127_lr0023_500trees,0.0019356006543499503,0.00032913203919781415
num__emar_infusion_administration_count,LightGBM,Targeted LightGBM - lgbm_127_lr0023_500trees,0.001304561550596537,3.528894002477134e-05
num__emar_complete_dose_not_given_count,LightGBM,Targeted LightGBM - lgbm_127_lr0023_500trees,0.0,0.0
num__emar_dose_given_record_count,LightGBM,Targeted LightGBM - lgbm_127_lr0023_500trees,0.0065450700474874385,0.000773667279359228
num__emar_new_iv_bag_count,LightGBM,Targeted LightGBM - lgbm_127_lr0023_500trees,0.0004604578772585588,0.00010652486156544336
num__num_no_barcode_med_admins,LightGBM,Targeted LightGBM - lgbm_127_lr0023_500trees,0.0013339531113794217,0.00011702537708167892
num__num_nonformulary_visual_verification,LightGBM,Targeted LightGBM - lgbm_127_lr0023_500trees,0.0001790263609944587,-4.385308613388222e-08
num__num_dose_due_records,LightGBM,Targeted LightGBM - lgbm_127_lr0023_500trees,0.002422550683798617,-0.00028162407305013106
num__num_admins_with_remaining_dose,LightGBM,Targeted LightGBM - lgbm_127_lr0023_500trees,0.0005501853682638666,-1.62869601377475e-05
num__emar_had_iv_administration,LightGBM,Targeted LightGBM - lgbm_127_lr0023_500trees,0.0,0.0
num__emar_had_infusion_administration,LightGBM,Targeted LightGBM - lgbm_127_lr0023_500trees,0.0001071311560265081,-2.060363045864766e-05
num__emar_complete_dose_not_given_flag,LightGBM,Targeted LightGBM - lgbm_127_lr0023_500trees,0.0,0.0
num__emar_not_given_rate,LightGBM,Targeted LightGBM - lgbm_127_lr0023_500trees,0.024497633339138833,0.004463032312768631
num__emar_complete_dose_not_given_rate,LightGBM,Targeted LightGBM - lgbm_127_lr0023_500trees,0.00027144023349956665,8.837238186801773e-07
num__no_barcode_med_admin_rate,LightGBM,Targeted LightGBM - lgbm_127_lr0023_500trees,0.003544091899335581,0.000750544383542001
num__delayed_administered_rate,LightGBM,Targeted LightGBM - lgbm_127_lr0023_500trees,0.002506168054942561,6.443515539117392e-06
num__emar_mean_delay_hours,LightGBM,Targeted LightGBM - lgbm_127_lr0023_500trees,0.00168156673102961,-3.846454433092316e-05
num__emar_administered_to_order_ratio,LightGBM,Targeted LightGBM - lgbm_127_lr0023_500trees,0.004608680138939991,-0.0003471151892461123
num__num_hcpcs_events,LightGBM,Targeted LightGBM - lgbm_127_lr0023_500trees,0.0005990555196097837,0.00015234440934885397
num__num_unique_hcpcs_codes,LightGBM,Targeted LightGBM - lgbm_127_lr0023_500trees,0.0002878362623638618,5.542534269074473e-05
num__num_hospital_observation_hcpcs_events,LightGBM,Targeted LightGBM - lgbm_127_lr0023_500trees,5.581392190451239e-05,4.024001778451668e-06
num__hcpcs_observation_to_total_ratio,LightGBM,Targeted LightGBM - lgbm_127_lr0023_500trees,0.0010177955217387737,0.0006490214974578642
num__num_unique_order_providers,LightGBM,Targeted LightGBM - lgbm_127_lr0023_500trees,0.0018270378116061984,0.0006482236195107283
num__num_unique_enter_providers,LightGBM,Targeted LightGBM - lgbm_127_lr0023_500trees,0.0015363406289223781,-0.00014964940091064357
num__num_unique_caregivers_icu,LightGBM,Targeted LightGBM - lgbm_127_lr0023_500trees,0.0004306378794070942,0.00024838471497683824
num__num_provider_order_changes,LightGBM,Targeted LightGBM - lgbm_127_lr0023_500trees,0.0022560809932176433,3.7819898255165655e-05
num__num_care_team_touchpoints,LightGBM,Targeted LightGBM - lgbm_127_lr0023_500trees,0.004860116800782081,0.0022857315111551035
num__num_inputevents,LightGBM,Targeted LightGBM - lgbm_127_lr0023_500trees,0.0004275135986292241,-0.00010285438307674552
num__num_outputevents,LightGBM,Targeted LightGBM - lgbm_127_lr0023_500trees,0.0011557165587705927,5.609462310443755e-05
num__num_procedureevents,LightGBM,Targeted LightGBM - lgbm_127_lr0023_500trees,0.00033022491256669593,-0.00010781603675040252
num__num_datetimeevents,LightGBM,Targeted LightGBM - lgbm_127_lr0023_500trees,0.0012154997870462974,-1.6162317289163532e-05
num__num_icu_input_events,LightGBM,Targeted LightGBM - lgbm_127_lr0023_500trees,0.0003803164432519593,-2.204974727263211e-05
num__num_icu_output_events,LightGBM,Targeted LightGBM - lgbm_127_lr0023_500trees,0.00037080392920723043,3.5480238572392045e-05
num__num_icu_datetime_events,LightGBM,Targeted LightGBM - lgbm_127_lr0023_500trees,0.00022771004211074626,-7.823077603852137e-05
num__num_icu_procedure_events,LightGBM,Targeted LightGBM - lgbm_127_lr0023_500trees,0.00015124580891688074,-9.591353690570658e-05
num__num_icu_event_warnings,LightGBM,Targeted LightGBM - lgbm_127_lr0023_500trees,0.0,0.0
num__num_continuous_infusion_events,LightGBM,Targeted LightGBM - lgbm_127_lr0023_500trees,6.093990812530793e-05,2.007153115136361e-05
num__num_inputevent_rate_changes,LightGBM,Targeted LightGBM - lgbm_127_lr0023_500trees,0.0012048501685735526,-0.00014865937919122596
num__num_paused_inputevents,LightGBM,Targeted LightGBM - lgbm_127_lr0023_500trees,0.0002226854111239323,-1.6849058563992595e-05
num__num_stopped_inputevents,LightGBM,Targeted LightGBM - lgbm_127_lr0023_500trees,0.0001979785211623254,-3.934615146523846e-05
num__num_change_dose_rate_inputevents,LightGBM,Targeted LightGBM - lgbm_127_lr0023_500trees,0.0018894757871527577,-0.0002575842725786812
num__num_paused_procedureevents,LightGBM,Targeted LightGBM - lgbm_127_lr0023_500trees,0.0,0.0
num__num_stopped_procedureevents,LightGBM,Targeted LightGBM - lgbm_127_lr0023_500trees,2.047530194066165e-05,8.914845059761081e-06
num__num_active_icu_interventions,LightGBM,Targeted LightGBM - lgbm_127_lr0023_500trees,0.0005168199462074309,9.861524325337659e-05
num__icu_event_interruption_score,LightGBM,Targeted LightGBM - lgbm_127_lr0023_500trees,0.0012207015804498458,-0.00018849123065026266
num__icu_event_density_per_day,LightGBM,Targeted LightGBM - lgbm_127_lr0023_500trees,0.0038140933186047088,0.0010604857518872349
num__num_chart_warnings,LightGBM,Targeted LightGBM - lgbm_127_lr0023_500trees,0.0,0.0
num__had_chart_warning,LightGBM,Targeted LightGBM - lgbm_127_lr0023_500trees,0.0,0.0
num__num_outputevents_last_24h_before_discharge,LightGBM,Targeted LightGBM - lgbm_127_lr0023_500trees,0.0020898413819149825,0.00024038474965149424
num__urine_output_total,LightGBM,Targeted LightGBM - lgbm_127_lr0023_500trees,0.0009181801344526978,-0.00017294729514652626
num__urine_output_per_icu_day,LightGBM,Targeted LightGBM - lgbm_127_lr0023_500trees,0.0010275534770945371,0.00012160872013309494
num__low_urine_output_flag,LightGBM,Targeted LightGBM - lgbm_127_lr0023_500trees,0.0,0.0
num__late_icu_intervention_activity,LightGBM,Targeted LightGBM - lgbm_127_lr0023_500trees,0.0001678309498408765,2.1766961558912136e-05
num__has_drg_record,LightGBM,Targeted LightGBM - lgbm_127_lr0023_500trees,0.0,0.0
num__creatinine_lab_first_24h_max_missing,LightGBM,Targeted LightGBM - lgbm_127_lr0023_500trees,0.0,0.0
num__glucose_lab_first_24h_max_missing,LightGBM,Targeted LightGBM - lgbm_127_lr0023_500trees,3.405422857894378e-05,-1.5637589881355153e-05
num__hemoglobin_lab_first_24h_max_missing,LightGBM,Targeted LightGBM - lgbm_127_lr0023_500trees,0.0,0.0
num__platelet_lab_first_24h_max_missing,LightGBM,Targeted LightGBM - lgbm_127_lr0023_500trees,0.0,0.0
num__potassium_lab_first_24h_max_missing,LightGBM,Targeted LightGBM - lgbm_127_lr0023_500trees,0.0003141638701930467,2.577817640776171e-05
num__sodium_lab_first_24h_max_missing,LightGBM,Targeted LightGBM - lgbm_127_lr0023_500trees,0.00011504198370028003,-5.599323558132615e-05
num__urea_nitrogen_lab_first_24h_max_missing,LightGBM,Targeted LightGBM - lgbm_127_lr0023_500trees,0.0,0.0
num__wbc_lab_first_24h_max_missing,LightGBM,Targeted LightGBM - lgbm_127_lr0023_500trees,0.0,0.0
num__creatinine_lab_first_24h_mean_missing,LightGBM,Targeted LightGBM - lgbm_127_lr0023_500trees,0.0,0.0
num__glucose_lab_first_24h_mean_missing,LightGBM,Targeted LightGBM - lgbm_127_lr0023_500trees,0.0,0.0
num__hemoglobin_lab_first_24h_mean_missing,LightGBM,Targeted LightGBM - lgbm_127_lr0023_500trees,0.0,0.0
num__platelet_lab_first_24h_mean_missing,LightGBM,Targeted LightGBM - lgbm_127_lr0023_500trees,0.0,0.0
num__potassium_lab_first_24h_mean_missing,LightGBM,Targeted LightGBM - lgbm_127_lr0023_500trees,0.0,0.0
num__sodium_lab_first_24h_mean_missing,LightGBM,Targeted LightGBM - lgbm_127_lr0023_500trees,0.0,0.0
num__urea_nitrogen_lab_first_24h_mean_missing,LightGBM,Targeted LightGBM - lgbm_127_lr0023_500trees,0.0,0.0
num__wbc_lab_first_24h_mean_missing,LightGBM,Targeted LightGBM - lgbm_127_lr0023_500trees,0.0,0.0
num__creatinine_lab_first_24h_min_missing,LightGBM,Targeted LightGBM - lgbm_127_lr0023_500trees,0.0,0.0
num__glucose_lab_first_24h_min_missing,LightGBM,Targeted LightGBM - lgbm_127_lr0023_500trees,0.0,0.0
num__hemoglobin_lab_first_24h_min_missing,LightGBM,Targeted LightGBM - lgbm_127_lr0023_500trees,0.0,0.0
num__platelet_lab_first_24h_min_missing,LightGBM,Targeted LightGBM - lgbm_127_lr0023_500trees,0.0,0.0
num__potassium_lab_first_24h_min_missing,LightGBM,Targeted LightGBM - lgbm_127_lr0023_500trees,0.0,0.0
num__sodium_lab_first_24h_min_missing,LightGBM,Targeted LightGBM - lgbm_127_lr0023_500trees,0.0,0.0
num__urea_nitrogen_lab_first_24h_min_missing,LightGBM,Targeted LightGBM - lgbm_127_lr0023_500trees,0.0,0.0
num__wbc_lab_first_24h_min_missing,LightGBM,Targeted LightGBM - lgbm_127_lr0023_500trees,0.0,0.0
num__creatinine_lab_first_72h_max_missing,LightGBM,Targeted LightGBM - lgbm_127_lr0023_500trees,0.0,0.0
num__glucose_lab_first_72h_max_missing,LightGBM,Targeted LightGBM - lgbm_127_lr0023_500trees,0.0,0.0
num__hemoglobin_lab_first_72h_max_missing,LightGBM,Targeted LightGBM - lgbm_127_lr0023_500trees,0.0,0.0
num__platelet_lab_first_72h_max_missing,LightGBM,Targeted LightGBM - lgbm_127_lr0023_500trees,0.0,0.0
num__potassium_lab_first_72h_max_missing,LightGBM,Targeted LightGBM - lgbm_127_lr0023_500trees,0.0,0.0
num__sodium_lab_first_72h_max_missing,LightGBM,Targeted LightGBM - lgbm_127_lr0023_500trees,0.0,0.0
num__urea_nitrogen_lab_first_72h_max_missing,LightGBM,Targeted LightGBM - lgbm_127_lr0023_500trees,0.0,0.0
num__wbc_lab_first_72h_max_missing,LightGBM,Targeted LightGBM - lgbm_127_lr0023_500trees,0.0,0.0
num__creatinine_lab_first_72h_mean_missing,LightGBM,Targeted LightGBM - lgbm_127_lr0023_500trees,0.0,0.0
num__glucose_lab_first_72h_mean_missing,LightGBM,Targeted LightGBM - lgbm_127_lr0023_500trees,8.42252362543364e-05,-1.932941572856161e-05
num__hemoglobin_lab_first_72h_mean_missing,LightGBM,Targeted LightGBM - lgbm_127_lr0023_500trees,0.0,0.0
num__platelet_lab_first_72h_mean_missing,LightGBM,Targeted LightGBM - lgbm_127_lr0023_500trees,0.0,0.0
num__potassium_lab_first_72h_mean_missing,LightGBM,Targeted LightGBM - lgbm_127_lr0023_500trees,0.0,0.0
num__sodium_lab_first_72h_mean_missing,LightGBM,Targeted LightGBM - lgbm_127_lr0023_500trees,0.0,0.0
num__urea_nitrogen_lab_first_72h_mean_missing,LightGBM,Targeted LightGBM - lgbm_127_lr0023_500trees,0.0,0.0
num__wbc_lab_first_72h_mean_missing,LightGBM,Targeted LightGBM - lgbm_127_lr0023_500trees,0.0,0.0
num__creatinine_lab_first_72h_min_missing,LightGBM,Targeted LightGBM - lgbm_127_lr0023_500trees,0.0,0.0
num__glucose_lab_first_72h_min_missing,LightGBM,Targeted LightGBM - lgbm_127_lr0023_500trees,0.0,0.0
num__hemoglobin_lab_first_72h_min_missing,LightGBM,Targeted LightGBM - lgbm_127_lr0023_500trees,0.0,0.0
num__platelet_lab_first_72h_min_missing,LightGBM,Targeted LightGBM - lgbm_127_lr0023_500trees,0.0,0.0
num__potassium_lab_first_72h_min_missing,LightGBM,Targeted LightGBM - lgbm_127_lr0023_500trees,0.0,0.0
num__sodium_lab_first_72h_min_missing,LightGBM,Targeted LightGBM - lgbm_127_lr0023_500trees,0.0,0.0
num__urea_nitrogen_lab_first_72h_min_missing,LightGBM,Targeted LightGBM - lgbm_127_lr0023_500trees,0.0,0.0
num__wbc_lab_first_72h_min_missing,LightGBM,Targeted LightGBM - lgbm_127_lr0023_500trees,0.0,0.0
num__creatinine_lab_first_value_missing,LightGBM,Targeted LightGBM - lgbm_127_lr0023_500trees,0.0,0.0
num__glucose_lab_first_value_missing,LightGBM,Targeted LightGBM - lgbm_127_lr0023_500trees,0.0,0.0
num__hemoglobin_lab_first_value_missing,LightGBM,Targeted LightGBM - lgbm_127_lr0023_500trees,0.0,0.0
num__platelet_lab_first_value_missing,LightGBM,Targeted LightGBM - lgbm_127_lr0023_500trees,0.0,0.0
num__potassium_lab_first_value_missing,LightGBM,Targeted LightGBM - lgbm_127_lr0023_500trees,0.0,0.0
num__sodium_lab_first_value_missing,LightGBM,Targeted LightGBM - lgbm_127_lr0023_500trees,0.0,0.0
num__urea_nitrogen_lab_first_value_missing,LightGBM,Targeted LightGBM - lgbm_127_lr0023_500trees,0.0,0.0
num__wbc_lab_first_value_missing,LightGBM,Targeted LightGBM - lgbm_127_lr0023_500trees,0.0,0.0
num__creatinine_lab_last_value_missing,LightGBM,Targeted LightGBM - lgbm_127_lr0023_500trees,0.0,0.0
num__glucose_lab_last_value_missing,LightGBM,Targeted LightGBM - lgbm_127_lr0023_500trees,0.0,0.0
num__hemoglobin_lab_last_value_missing,LightGBM,Targeted LightGBM - lgbm_127_lr0023_500trees,0.0,0.0
num__platelet_lab_last_value_missing,LightGBM,Targeted LightGBM - lgbm_127_lr0023_500trees,0.0,0.0
num__potassium_lab_last_value_missing,LightGBM,Targeted LightGBM - lgbm_127_lr0023_500trees,0.0,0.0
num__sodium_lab_last_value_missing,LightGBM,Targeted LightGBM - lgbm_127_lr0023_500trees,0.0,0.0
num__urea_nitrogen_lab_last_value_missing,LightGBM,Targeted LightGBM - lgbm_127_lr0023_500trees,0.0,0.0
num__wbc_lab_last_value_missing,LightGBM,Targeted LightGBM - lgbm_127_lr0023_500trees,0.0,0.0
num__creatinine_lab_max_value_missing,LightGBM,Targeted LightGBM - lgbm_127_lr0023_500trees,0.0,0.0
num__glucose_lab_max_value_missing,LightGBM,Targeted LightGBM - lgbm_127_lr0023_500trees,0.0,0.0
num__hemoglobin_lab_max_value_missing,LightGBM,Targeted LightGBM - lgbm_127_lr0023_500trees,0.0,0.0
num__platelet_lab_max_value_missing,LightGBM,Targeted LightGBM - lgbm_127_lr0023_500trees,0.0,0.0
num__potassium_lab_max_value_missing,LightGBM,Targeted LightGBM - lgbm_127_lr0023_500trees,0.0,0.0
num__sodium_lab_max_value_missing,LightGBM,Targeted LightGBM - lgbm_127_lr0023_500trees,0.0,0.0
num__urea_nitrogen_lab_max_value_missing,LightGBM,Targeted LightGBM - lgbm_127_lr0023_500trees,0.0,0.0
num__wbc_lab_max_value_missing,LightGBM,Targeted LightGBM - lgbm_127_lr0023_500trees,0.0,0.0
num__creatinine_lab_mean_value_missing,LightGBM,Targeted LightGBM - lgbm_127_lr0023_500trees,0.0,0.0
num__glucose_lab_mean_value_missing,LightGBM,Targeted LightGBM - lgbm_127_lr0023_500trees,0.0,0.0
num__hemoglobin_lab_mean_value_missing,LightGBM,Targeted LightGBM - lgbm_127_lr0023_500trees,0.0,0.0
num__platelet_lab_mean_value_missing,LightGBM,Targeted LightGBM - lgbm_127_lr0023_500trees,0.0,0.0
num__potassium_lab_mean_value_missing,LightGBM,Targeted LightGBM - lgbm_127_lr0023_500trees,0.0,0.0
num__sodium_lab_mean_value_missing,LightGBM,Targeted LightGBM - lgbm_127_lr0023_500trees,0.0,0.0
num__urea_nitrogen_lab_mean_value_missing,LightGBM,Targeted LightGBM - lgbm_127_lr0023_500trees,0.0,0.0
num__wbc_lab_mean_value_missing,LightGBM,Targeted LightGBM - lgbm_127_lr0023_500trees,0.0,0.0
num__creatinine_lab_min_value_missing,LightGBM,Targeted LightGBM - lgbm_127_lr0023_500trees,0.0,0.0
num__glucose_lab_min_value_missing,LightGBM,Targeted LightGBM - lgbm_127_lr0023_500trees,0.0,0.0
num__hemoglobin_lab_min_value_missing,LightGBM,Targeted LightGBM - lgbm_127_lr0023_500trees,0.0,0.0
num__platelet_lab_min_value_missing,LightGBM,Targeted LightGBM - lgbm_127_lr0023_500trees,0.0,0.0
num__potassium_lab_min_value_missing,LightGBM,Targeted LightGBM - lgbm_127_lr0023_500trees,0.0,0.0
num__sodium_lab_min_value_missing,LightGBM,Targeted LightGBM - lgbm_127_lr0023_500trees,0.0,0.0
num__urea_nitrogen_lab_min_value_missing,LightGBM,Targeted LightGBM - lgbm_127_lr0023_500trees,0.0,0.0
num__wbc_lab_min_value_missing,LightGBM,Targeted LightGBM - lgbm_127_lr0023_500trees,0.0,0.0
num__creatinine_lab_std_value_missing,LightGBM,Targeted LightGBM - lgbm_127_lr0023_500trees,0.0,0.0
num__glucose_lab_std_value_missing,LightGBM,Targeted LightGBM - lgbm_127_lr0023_500trees,0.0,0.0
num__hemoglobin_lab_std_value_missing,LightGBM,Targeted LightGBM - lgbm_127_lr0023_500trees,0.0,0.0
num__platelet_lab_std_value_missing,LightGBM,Targeted LightGBM - lgbm_127_lr0023_500trees,0.0,0.0
num__potassium_lab_std_value_missing,LightGBM,Targeted LightGBM - lgbm_127_lr0023_500trees,0.0,0.0
num__sodium_lab_std_value_missing,LightGBM,Targeted LightGBM - lgbm_127_lr0023_500trees,0.0,0.0
num__urea_nitrogen_lab_std_value_missing,LightGBM,Targeted LightGBM - lgbm_127_lr0023_500trees,0.0,0.0
num__wbc_lab_std_value_missing,LightGBM,Targeted LightGBM - lgbm_127_lr0023_500trees,0.0,0.0
num__creatinine_lab_value_change_missing,LightGBM,Targeted LightGBM - lgbm_127_lr0023_500trees,0.0,0.0
num__glucose_lab_value_change_missing,LightGBM,Targeted LightGBM - lgbm_127_lr0023_500trees,0.0,0.0
num__hemoglobin_lab_value_change_missing,LightGBM,Targeted LightGBM - lgbm_127_lr0023_500trees,0.0,0.0
num__platelet_lab_value_change_missing,LightGBM,Targeted LightGBM - lgbm_127_lr0023_500trees,0.0,0.0
num__potassium_lab_value_change_missing,LightGBM,Targeted LightGBM - lgbm_127_lr0023_500trees,0.0,0.0
num__sodium_lab_value_change_missing,LightGBM,Targeted LightGBM - lgbm_127_lr0023_500trees,0.0,0.0
num__urea_nitrogen_lab_value_change_missing,LightGBM,Targeted LightGBM - lgbm_127_lr0023_500trees,0.0,0.0
num__wbc_lab_value_change_missing,LightGBM,Targeted LightGBM - lgbm_127_lr0023_500trees,0.0,0.0
num__creatinine_lab_value_range_missing,LightGBM,Targeted LightGBM - lgbm_127_lr0023_500trees,0.0,0.0
num__glucose_lab_value_range_missing,LightGBM,Targeted LightGBM - lgbm_127_lr0023_500trees,0.0,0.0
num__hemoglobin_lab_value_range_missing,LightGBM,Targeted LightGBM - lgbm_127_lr0023_500trees,0.0,0.0
num__platelet_lab_value_range_missing,LightGBM,Targeted LightGBM - lgbm_127_lr0023_500trees,0.0,0.0
num__potassium_lab_value_range_missing,LightGBM,Targeted LightGBM - lgbm_127_lr0023_500trees,0.0,0.0
num__sodium_lab_value_range_missing,LightGBM,Targeted LightGBM - lgbm_127_lr0023_500trees,0.0,0.0
num__urea_nitrogen_lab_value_range_missing,LightGBM,Targeted LightGBM - lgbm_127_lr0023_500trees,0.0,0.0
num__wbc_lab_value_range_missing,LightGBM,Targeted LightGBM - lgbm_127_lr0023_500trees,0.0001404768497705669,9.743064763765392e-05
num__heart_rate_vital_first_value_missing,LightGBM,Targeted LightGBM - lgbm_127_lr0023_500trees,0.0,0.0
num__mean_bp_arterial_vital_first_value_missing,LightGBM,Targeted LightGBM - lgbm_127_lr0023_500trees,0.0,0.0
num__mean_bp_noninvasive_vital_first_value_missing,LightGBM,Targeted LightGBM - lgbm_127_lr0023_500trees,0.0,0.0
num__respiratory_rate_vital_first_value_missing,LightGBM,Targeted LightGBM - lgbm_127_lr0023_500trees,0.0,0.0
num__spo2_vital_first_value_missing,LightGBM,Targeted LightGBM - lgbm_127_lr0023_500trees,0.0,0.0
num__systolic_bp_arterial_vital_first_value_missing,LightGBM,Targeted LightGBM - lgbm_127_lr0023_500trees,0.0,0.0
num__systolic_bp_noninvasive_vital_first_value_missing,LightGBM,Targeted LightGBM - lgbm_127_lr0023_500trees,0.0,0.0
num__heart_rate_vital_last_value_missing,LightGBM,Targeted LightGBM - lgbm_127_lr0023_500trees,0.0,0.0
num__mean_bp_arterial_vital_last_value_missing,LightGBM,Targeted LightGBM - lgbm_127_lr0023_500trees,0.0,0.0
num__mean_bp_noninvasive_vital_last_value_missing,LightGBM,Targeted LightGBM - lgbm_127_lr0023_500trees,0.0,0.0
num__respiratory_rate_vital_last_value_missing,LightGBM,Targeted LightGBM - lgbm_127_lr0023_500trees,0.0,0.0
num__spo2_vital_last_value_missing,LightGBM,Targeted LightGBM - lgbm_127_lr0023_500trees,0.0,0.0
num__systolic_bp_arterial_vital_last_value_missing,LightGBM,Targeted LightGBM - lgbm_127_lr0023_500trees,0.0,0.0
num__systolic_bp_noninvasive_vital_last_value_missing,LightGBM,Targeted LightGBM - lgbm_127_lr0023_500trees,0.0,0.0
num__heart_rate_vital_max_value_missing,LightGBM,Targeted LightGBM - lgbm_127_lr0023_500trees,0.0,0.0
num__mean_bp_arterial_vital_max_value_missing,LightGBM,Targeted LightGBM - lgbm_127_lr0023_500trees,0.0,0.0
num__mean_bp_noninvasive_vital_max_value_missing,LightGBM,Targeted LightGBM - lgbm_127_lr0023_500trees,0.0,0.0
num__respiratory_rate_vital_max_value_missing,LightGBM,Targeted LightGBM - lgbm_127_lr0023_500trees,0.0,0.0
num__spo2_vital_max_value_missing,LightGBM,Targeted LightGBM - lgbm_127_lr0023_500trees,0.0,0.0
num__systolic_bp_arterial_vital_max_value_missing,LightGBM,Targeted LightGBM - lgbm_127_lr0023_500trees,0.0,0.0
num__systolic_bp_noninvasive_vital_max_value_missing,LightGBM,Targeted LightGBM - lgbm_127_lr0023_500trees,0.0,0.0
num__heart_rate_vital_mean_value_missing,LightGBM,Targeted LightGBM - lgbm_127_lr0023_500trees,0.0,0.0
num__mean_bp_arterial_vital_mean_value_missing,LightGBM,Targeted LightGBM - lgbm_127_lr0023_500trees,0.0,0.0
num__mean_bp_noninvasive_vital_mean_value_missing,LightGBM,Targeted LightGBM - lgbm_127_lr0023_500trees,0.0,0.0
num__respiratory_rate_vital_mean_value_missing,LightGBM,Targeted LightGBM - lgbm_127_lr0023_500trees,0.0,0.0
num__spo2_vital_mean_value_missing,LightGBM,Targeted LightGBM - lgbm_127_lr0023_500trees,0.0,0.0
num__systolic_bp_arterial_vital_mean_value_missing,LightGBM,Targeted LightGBM - lgbm_127_lr0023_500trees,0.0,0.0
num__systolic_bp_noninvasive_vital_mean_value_missing,LightGBM,Targeted LightGBM - lgbm_127_lr0023_500trees,0.0,0.0
num__heart_rate_vital_min_value_missing,LightGBM,Targeted LightGBM - lgbm_127_lr0023_500trees,0.0,0.0
num__mean_bp_arterial_vital_min_value_missing,LightGBM,Targeted LightGBM - lgbm_127_lr0023_500trees,0.0,0.0
num__mean_bp_noninvasive_vital_min_value_missing,LightGBM,Targeted LightGBM - lgbm_127_lr0023_500trees,0.0,0.0
num__respiratory_rate_vital_min_value_missing,LightGBM,Targeted LightGBM - lgbm_127_lr0023_500trees,0.0,0.0
num__spo2_vital_min_value_missing,LightGBM,Targeted LightGBM - lgbm_127_lr0023_500trees,0.0,0.0
num__systolic_bp_arterial_vital_min_value_missing,LightGBM,Targeted LightGBM - lgbm_127_lr0023_500trees,0.0,0.0
num__systolic_bp_noninvasive_vital_min_value_missing,LightGBM,Targeted LightGBM - lgbm_127_lr0023_500trees,0.0,0.0
num__heart_rate_vital_value_change_missing,LightGBM,Targeted LightGBM - lgbm_127_lr0023_500trees,0.0,0.0
num__mean_bp_arterial_vital_value_change_missing,LightGBM,Targeted LightGBM - lgbm_127_lr0023_500trees,0.0,0.0
num__mean_bp_noninvasive_vital_value_change_missing,LightGBM,Targeted LightGBM - lgbm_127_lr0023_500trees,0.0,0.0
num__respiratory_rate_vital_value_change_missing,LightGBM,Targeted LightGBM - lgbm_127_lr0023_500trees,0.0,0.0
num__spo2_vital_value_change_missing,LightGBM,Targeted LightGBM - lgbm_127_lr0023_500trees,0.0,0.0
num__systolic_bp_arterial_vital_value_change_missing,LightGBM,Targeted LightGBM - lgbm_127_lr0023_500trees,0.0,0.0
num__systolic_bp_noninvasive_vital_value_change_missing,LightGBM,Targeted LightGBM - lgbm_127_lr0023_500trees,0.0,0.0
num__previous_psych_admissions,LightGBM,Targeted LightGBM - lgbm_127_lr0023_500trees,0.025651963233202554,0.0057894990373137025
num__has_previous_psych_admission,LightGBM,Targeted LightGBM - lgbm_127_lr0023_500trees,0.0,0.0
num__days_since_previous_psych_admission_filled,LightGBM,Targeted LightGBM - lgbm_127_lr0023_500trees,0.03066060035829761,0.0038764281272399195
num__recent_psych_admission_30d,LightGBM,Targeted LightGBM - lgbm_127_lr0023_500trees,0.000613562659525495,8.537621625790727e-05
num__recent_psych_admission_90d,LightGBM,Targeted LightGBM - lgbm_127_lr0023_500trees,0.00011562469915215012,-3.370374084335531e-05
num__recent_psych_admission_365d,LightGBM,Targeted LightGBM - lgbm_127_lr0023_500trees,0.0027521022326456924,0.0017662645486575762
num__has_previous_hospital_admission,LightGBM,Targeted LightGBM - lgbm_127_lr0023_500trees,0.0012203318825486052,9.629748667205327e-05
num__has_previous_nonpsych_admission,LightGBM,Targeted LightGBM - lgbm_127_lr0023_500trees,0.0004319646003379788,-2.7510959728914673e-05
num__has_multiple_previous_hospital_admissions,LightGBM,Targeted LightGBM - lgbm_127_lr0023_500trees,0.0,0.0
num__admission_year,LightGBM,Targeted LightGBM - lgbm_127_lr0023_500trees,0.007874546473862199,-2.6751981667762775e-06
num__admission_month,LightGBM,Targeted LightGBM - lgbm_127_lr0023_500trees,0.0019556050924304995,0.0006022664573053987
num__admission_dayofweek,LightGBM,Targeted LightGBM - lgbm_127_lr0023_500trees,0.001986439081176468,6.471636626217611e-05
num__weekend_admission,LightGBM,Targeted LightGBM - lgbm_127_lr0023_500trees,0.00018745824246385349,5.785078798024451e-06
num__admission_hour,LightGBM,Targeted LightGBM - lgbm_127_lr0023_500trees,0.007755115432756051,0.00021204905874446897
num__night_admission,LightGBM,Targeted LightGBM - lgbm_127_lr0023_500trees,0.0009352514607397051,1.777569227116089e-05
num__discharge_hour,LightGBM,Targeted LightGBM - lgbm_127_lr0023_500trees,0.04618861419028071,0.028165778667541615
num__discharge_month,LightGBM,Targeted LightGBM - lgbm_127_lr0023_500trees,0.006320998310154191,-0.0005974014624863547
num__discharge_dayofweek,LightGBM,Targeted LightGBM - lgbm_127_lr0023_500trees,0.006258091962895825,6.620443267236704e-05
num__weekend_discharge,LightGBM,Targeted LightGBM - lgbm_127_lr0023_500trees,9.080266645842346e-05,-8.280440124821658e-07
num__friday_discharge,LightGBM,Targeted LightGBM - lgbm_127_lr0023_500trees,0.00018920704206081647,1.3330075190234797e-05
num__night_discharge,LightGBM,Targeted LightGBM - lgbm_127_lr0023_500trees,0.0030774807737359664,0.0008518161552787309
num__discharged_home_with_services_flag,LightGBM,Targeted LightGBM - lgbm_127_lr0023_500trees,0.004985434572647731,-0.00026345358371975653
num__discharged_home_without_services_flag,LightGBM,Targeted LightGBM - lgbm_127_lr0023_500trees,0.0009385459467286743,0.00018651756707474911
num__discharged_to_rehab_flag,LightGBM,Targeted LightGBM - lgbm_127_lr0023_500trees,0.0002848950926377635,2.9173562986402214e-05
num__discharged_to_snf_flag,LightGBM,Targeted LightGBM - lgbm_127_lr0023_500trees,0.00038813336349076486,2.417705219767551e-06
num__discharged_to_acute_hospital_flag,LightGBM,Targeted LightGBM - lgbm_127_lr0023_500trees,0.0026087390916796063,0.0011959576532190824
num__discharged_to_residential_care_flag,LightGBM,Targeted LightGBM - lgbm_127_lr0023_500trees,0.0,0.0
num__discharged_to_psych_facility_or_transfer_flag,LightGBM,Targeted LightGBM - lgbm_127_lr0023_500trees,0.014027350624450218,0.010210618529659952
num__admitted_from_ed_flag,LightGBM,Targeted LightGBM - lgbm_127_lr0023_500trees,0.003133195088753165,8.089256966959956e-05
num__admitted_from_clinic_referral_flag,LightGBM,Targeted LightGBM - lgbm_127_lr0023_500trees,0.00032645026204773344,9.926329258854008e-05
num__admitted_from_emergency_transfer_flag,LightGBM,Targeted LightGBM - lgbm_127_lr0023_500trees,0.0016464544703765614,2.5142901705084132e-05
num__admission_source_high_acuity_flag,LightGBM,Targeted LightGBM - lgbm_127_lr0023_500trees,0.0014187773467828212,0.0001481245808662316
num__psych_diagnosis_group_count,LightGBM,Targeted LightGBM - lgbm_127_lr0023_500trees,0.026977082421311853,0.004191893671012439
num__has_multiple_psych_diagnosis_groups,LightGBM,Targeted LightGBM - lgbm_127_lr0023_500trees,0.014394413247259135,0.0018148943742901092
num__has_severe_mental_illness,LightGBM,Targeted LightGBM - lgbm_127_lr0023_500trees,0.0019828404225048393,0.0006580223222771364
num__high_drg_severity,LightGBM,Targeted LightGBM - lgbm_127_lr0023_500trees,0.0006058917668889688,-2.365693734983079e-05
num__high_drg_mortality,LightGBM,Targeted LightGBM - lgbm_127_lr0023_500trees,0.0,0.0
num__high_service_transfer_burden,LightGBM,Targeted LightGBM - lgbm_127_lr0023_500trees,0.0,0.0
num__multiple_services,LightGBM,Targeted LightGBM - lgbm_127_lr0023_500trees,2.8983418935261295e-05,-1.0000065713988472e-06
num__high_physical_transfer_burden,LightGBM,Targeted LightGBM - lgbm_127_lr0023_500trees,0.0,0.0
num__multiple_careunits,LightGBM,Targeted LightGBM - lgbm_127_lr0023_500trees,0.00023370818345260904,4.244785607718132e-05
num__had_careunit_transfer,LightGBM,Targeted LightGBM - lgbm_127_lr0023_500trees,0.0,0.0
num__high_procedure_burden,LightGBM,Targeted LightGBM - lgbm_127_lr0023_500trees,9.502893626088425e-05,-4.2054292477160784e-05
num__multiple_procedure_codes,LightGBM,Targeted LightGBM - lgbm_127_lr0023_500trees,0.00016757113050034215,-2.8604826560311687e-05
num__has_any_psych_medication,LightGBM,Targeted LightGBM - lgbm_127_lr0023_500trees,0.0,0.0
num__has_any_prescription,LightGBM,Targeted LightGBM - lgbm_127_lr0023_500trees,0.0,0.0
num__polypharmacy_5plus,LightGBM,Targeted LightGBM - lgbm_127_lr0023_500trees,0.0,0.0
num__polypharmacy_10plus,LightGBM,Targeted LightGBM - lgbm_127_lr0023_500trees,0.0,0.0
num__antidepressant_antipsychotic_combination,LightGBM,Targeted LightGBM - lgbm_127_lr0023_500trees,8.599597402191458e-05,-2.2399283242913253e-06
num__mood_stabiliser_antipsychotic_combination,LightGBM,Targeted LightGBM - lgbm_127_lr0023_500trees,0.00010140795936912966,-7.58670903051095e-07
num__num_labs_measured,LightGBM,Targeted LightGBM - lgbm_127_lr0023_500trees,0.0006735937314533204,0.00042716259540606877
num__num_abnormal_labs,LightGBM,Targeted LightGBM - lgbm_127_lr0023_500trees,0.002668011790474101,0.0001903742716238378
num__any_abnormal_lab,LightGBM,Targeted LightGBM - lgbm_127_lr0023_500trees,0.0,0.0
num__num_lab_value_missing_indicators,LightGBM,Targeted LightGBM - lgbm_127_lr0023_500trees,0.0005317029820618743,6.657497529838558e-07
num__electrolyte_abnormality_count,LightGBM,Targeted LightGBM - lgbm_127_lr0023_500trees,0.0007151870622558045,-5.335815552539995e-05
num__any_electrolyte_abnormality,LightGBM,Targeted LightGBM - lgbm_127_lr0023_500trees,0.0,0.0
num__renal_lab_abnormality,LightGBM,Targeted LightGBM - lgbm_127_lr0023_500trees,0.00012750714667188353,2.542046140999916e-05
num__hematology_lab_abnormality,LightGBM,Targeted LightGBM - lgbm_127_lr0023_500trees,6.991233965871942e-05,5.7869258576780004e-06
num__prolonged_icu_stay_3plus_days,LightGBM,Targeted LightGBM - lgbm_127_lr0023_500trees,0.0,0.0
num__prolonged_icu_stay_7plus_days,LightGBM,Targeted LightGBM - lgbm_127_lr0023_500trees,5.827997884025255e-05,2.3936891695067203e-05
num__num_vital_types_measured,LightGBM,Targeted LightGBM - lgbm_127_lr0023_500trees,0.0,0.0
num__num_vital_value_missing_indicators,LightGBM,Targeted LightGBM - lgbm_127_lr0023_500trees,0.0,0.0
num__tachycardia_indicator,LightGBM,Targeted LightGBM - lgbm_127_lr0023_500trees,1.9702220479335193e-05,-7.227114007329835e-06
num__severe_tachycardia_indicator,LightGBM,Targeted LightGBM - lgbm_127_lr0023_500trees,0.0,0.0
num__tachypnoea_indicator,LightGBM,Targeted LightGBM - lgbm_127_lr0023_500trees,0.0,0.0
num__hypoxia_indicator,LightGBM,Targeted LightGBM - lgbm_127_lr0023_500trees,0.0,0.0
num__minimum_systolic_bp,LightGBM,Targeted LightGBM - lgbm_127_lr0023_500trees,0.0001256784609724757,2.2259543521230208e-05
num__minimum_mean_bp,LightGBM,Targeted LightGBM - lgbm_127_lr0023_500trees,0.0007399658832486697,0.00033011129412248587
num__hypotension_indicator,LightGBM,Targeted LightGBM - lgbm_127_lr0023_500trees,0.0,0.0
num__physiological_instability_score,LightGBM,Targeted LightGBM - lgbm_127_lr0023_500trees,0.00013549615676412786,0.00012922752795840306
num__heart_rate_72h_mean,LightGBM,Targeted LightGBM - lgbm_127_lr0023_500trees,0.0005885167479030359,-3.134395862944405e-05
num__heart_rate_72h_min,LightGBM,Targeted LightGBM - lgbm_127_lr0023_500trees,0.0006285463871894405,6.540060482854053e-05
num__heart_rate_72h_max,LightGBM,Targeted LightGBM - lgbm_127_lr0023_500trees,0.0006789504601796063,-7.774443958168222e-05
num__heart_rate_72h_std,LightGBM,Targeted LightGBM - lgbm_127_lr0023_500trees,0.001619319544224394,0.00013057480018594967
num__heart_rate_72h_observed_hours,LightGBM,Targeted LightGBM - lgbm_127_lr0023_500trees,0.0004413434324931861,0.00018620116461539268
num__mean_bp_arterial_72h_mean,LightGBM,Targeted LightGBM - lgbm_127_lr0023_500trees,2.8847505771563865e-05,-8.403511705652954e-06
num__mean_bp_arterial_72h_min,LightGBM,Targeted LightGBM - lgbm_127_lr0023_500trees,0.00020392236203874262,-6.834738926202612e-06
num__mean_bp_arterial_72h_max,LightGBM,Targeted LightGBM - lgbm_127_lr0023_500trees,5.891416909328156e-05,-3.1154977600774684e-06
num__mean_bp_arterial_72h_std,LightGBM,Targeted LightGBM - lgbm_127_lr0023_500trees,9.599760420836094e-05,-2.8341694277129997e-05
num__mean_bp_arterial_72h_observed_hours,LightGBM,Targeted LightGBM - lgbm_127_lr0023_500trees,0.00029615400720017115,3.3086398150409765e-05
num__mean_bp_noninvasive_72h_mean,LightGBM,Targeted LightGBM - lgbm_127_lr0023_500trees,0.0003356184504148121,-2.251636124652422e-05
num__mean_bp_noninvasive_72h_min,LightGBM,Targeted LightGBM - lgbm_127_lr0023_500trees,0.0029356534911690983,0.0003047692164527727
num__mean_bp_noninvasive_72h_max,LightGBM,Targeted LightGBM - lgbm_127_lr0023_500trees,0.00018002721547747812,-5.9725900346279514e-05
num__mean_bp_noninvasive_72h_std,LightGBM,Targeted LightGBM - lgbm_127_lr0023_500trees,0.0008525859583461875,-0.0002506910153387212
num__mean_bp_noninvasive_72h_observed_hours,LightGBM,Targeted LightGBM - lgbm_127_lr0023_500trees,0.0007534939931123531,0.00011409452658209527
num__respiratory_rate_72h_mean,LightGBM,Targeted LightGBM - lgbm_127_lr0023_500trees,0.0007629756532086148,-9.172097197914341e-05
num__respiratory_rate_72h_min,LightGBM,Targeted LightGBM - lgbm_127_lr0023_500trees,0.00040119814893981216,-3.355912074445195e-05
num__respiratory_rate_72h_max,LightGBM,Targeted LightGBM - lgbm_127_lr0023_500trees,0.0007342680229929893,6.865501592750599e-05
num__respiratory_rate_72h_std,LightGBM,Targeted LightGBM - lgbm_127_lr0023_500trees,0.0006088504524647605,-0.00015708060095429686
num__respiratory_rate_72h_observed_hours,LightGBM,Targeted LightGBM - lgbm_127_lr0023_500trees,0.0001158910884388992,1.989128196873532e-05
num__spo2_72h_mean,LightGBM,Targeted LightGBM - lgbm_127_lr0023_500trees,0.00042530475551720885,-0.00011792170988337508
num__spo2_72h_min,LightGBM,Targeted LightGBM - lgbm_127_lr0023_500trees,0.0005002202292049177,5.579425483695059e-07
num__spo2_72h_max,LightGBM,Targeted LightGBM - lgbm_127_lr0023_500trees,5.924270687971689e-05,-9.987027391815864e-06
num__spo2_72h_std,LightGBM,Targeted LightGBM - lgbm_127_lr0023_500trees,0.0009085637166114836,0.00012525393850691633
num__spo2_72h_observed_hours,LightGBM,Targeted LightGBM - lgbm_127_lr0023_500trees,0.0003118944447407205,-4.6789058639898054e-05
num__systolic_bp_arterial_72h_mean,LightGBM,Targeted LightGBM - lgbm_127_lr0023_500trees,0.00025429457885706386,5.47418370744398e-05
num__systolic_bp_arterial_72h_min,LightGBM,Targeted LightGBM - lgbm_127_lr0023_500trees,0.0002426650622095948,3.092980660438436e-05
num__systolic_bp_arterial_72h_max,LightGBM,Targeted LightGBM - lgbm_127_lr0023_500trees,0.0010992839819335852,0.00013384709794635205
num__systolic_bp_arterial_72h_std,LightGBM,Targeted LightGBM - lgbm_127_lr0023_500trees,6.316733353496134e-05,-1.2239966476112305e-05
num__systolic_bp_arterial_72h_observed_hours,LightGBM,Targeted LightGBM - lgbm_127_lr0023_500trees,0.00040797636246748647,-2.266358633445352e-06
num__systolic_bp_noninvasive_72h_mean,LightGBM,Targeted LightGBM - lgbm_127_lr0023_500trees,0.0008657700610788618,-3.92936231260715e-06
num__systolic_bp_noninvasive_72h_min,LightGBM,Targeted LightGBM - lgbm_127_lr0023_500trees,0.0009190296112489369,3.7846435456807282e-06
num__systolic_bp_noninvasive_72h_max,LightGBM,Targeted LightGBM - lgbm_127_lr0023_500trees,0.0007107733673130426,0.0002576163675282071
num__systolic_bp_noninvasive_72h_std,LightGBM,Targeted LightGBM - lgbm_127_lr0023_500trees,0.0006786156729116789,0.0002148178499219947
num__systolic_bp_noninvasive_72h_observed_hours,LightGBM,Targeted LightGBM - lgbm_127_lr0023_500trees,0.0007123326815654054,0.0001077876153625892
num__ed_length_of_stay_hours_missing,LightGBM,Targeted LightGBM - lgbm_127_lr0023_500trees,0.0,0.0
num__ed_length_of_stay_hours_filled,LightGBM,Targeted LightGBM - lgbm_127_lr0023_500trees,0.012278949125789196,0.0004262639342387447
num__ed_to_admission_hours_missing,LightGBM,Targeted LightGBM - lgbm_127_lr0023_500trees,0.0,0.0
num__ed_to_admission_hours_filled,LightGBM,Targeted LightGBM - lgbm_127_lr0023_500trees,0.012302345847399946,0.0005247902220973601
num__ed_to_ward_delay_hours_missing,LightGBM,Targeted LightGBM - lgbm_127_lr0023_500trees,0.0,0.0
num__ed_to_ward_delay_hours_filled,LightGBM,Targeted LightGBM - lgbm_127_lr0023_500trees,1.4306205655115342e-05,-8.328816092587365e-06
num__days_since_previous_hospital_admission_missing,LightGBM,Targeted LightGBM - lgbm_127_lr0023_500trees,0.0,0.0
num__days_since_previous_icu_admission_missing,LightGBM,Targeted LightGBM - lgbm_127_lr0023_500trees,3.4728095809581836e-05,7.092091731700402e-06
num__time_to_first_transfer_hours_missing,LightGBM,Targeted LightGBM - lgbm_127_lr0023_500trees,0.0001890031462478463,-1.7220360592552963e-05
num__time_to_first_transfer_hours_filled,LightGBM,Targeted LightGBM - lgbm_127_lr0023_500trees,0.0038733023893531963,0.00010627450835155121
num__first_order_hours_from_admission_missing,LightGBM,Targeted LightGBM - lgbm_127_lr0023_500trees,0.0,0.0
num__first_order_hours_from_admission_filled,LightGBM,Targeted LightGBM - lgbm_127_lr0023_500trees,0.004884182701015974,0.0004552723203731974
num__last_order_hours_from_admission_missing,LightGBM,Targeted LightGBM - lgbm_127_lr0023_500trees,0.0,0.0
num__last_order_hours_from_admission_filled,LightGBM,Targeted LightGBM - lgbm_127_lr0023_500trees,0.008226072568296428,0.002563067114951183
num__days_since_latest_body_measure_missing,LightGBM,Targeted LightGBM - lgbm_127_lr0023_500trees,0.0007883579496261785,0.00010902579015934654
num__days_since_latest_body_measure_filled,LightGBM,Targeted LightGBM - lgbm_127_lr0023_500trees,0.016409805058866824,0.005274366388564522
num__latest_bmi_before_admission_missing,LightGBM,Targeted LightGBM - lgbm_127_lr0023_500trees,0.00013970386055481803,7.564423105114714e-05
num__latest_bmi_before_admission_filled,LightGBM,Targeted LightGBM - lgbm_127_lr0023_500trees,0.0027051961043577516,-8.201805311021158e-05
num__previous_bmi_before_admission_missing,LightGBM,Targeted LightGBM - lgbm_127_lr0023_500trees,0.0,0.0
num__previous_bmi_before_admission_filled,LightGBM,Targeted LightGBM - lgbm_127_lr0023_500trees,0.0013706517640050913,-0.00010349418900052885
num__bmi_change_recent_missing,LightGBM,Targeted LightGBM - lgbm_127_lr0023_500trees,5.300923822561656e-05,4.730343156099969e-06
num__bmi_change_recent_filled,LightGBM,Targeted LightGBM - lgbm_127_lr0023_500trees,0.0007922831251831992,-2.9364175527867915e-05
num__latest_weight_kg_before_admission_missing,LightGBM,Targeted LightGBM - lgbm_127_lr0023_500trees,0.00048064890094430426,0.00011754187372513274
num__latest_weight_kg_before_admission_filled,LightGBM,Targeted LightGBM - lgbm_127_lr0023_500trees,0.0026730212238329403,0.00037483721312629145
num__previous_weight_kg_before_admission_missing,LightGBM,Targeted LightGBM - lgbm_127_lr0023_500trees,0.0001949417444179197,3.070141727526271e-05
num__previous_weight_kg_before_admission_filled,LightGBM,Targeted LightGBM - lgbm_127_lr0023_500trees,0.0010161058582237705,0.00013301279893258297
num__weight_change_recent_missing,LightGBM,Targeted LightGBM - lgbm_127_lr0023_500trees,0.00030085365276321264,1.8623323591765072e-05
num__weight_change_recent_filled,LightGBM,Targeted LightGBM - lgbm_127_lr0023_500trees,0.0015011986569229139,7.76437566435059e-05
num__latest_height_cm_before_admission_missing,LightGBM,Targeted LightGBM - lgbm_127_lr0023_500trees,0.0009057097878368937,0.00022150719504337416
num__latest_height_cm_before_admission_filled,LightGBM,Targeted LightGBM - lgbm_127_lr0023_500trees,0.0025138960960617456,0.00015313741258036245
num__previous_height_cm_before_admission_missing,LightGBM,Targeted LightGBM - lgbm_127_lr0023_500trees,0.00011612159232822417,-8.813824961142052e-06
num__previous_height_cm_before_admission_filled,LightGBM,Targeted LightGBM - lgbm_127_lr0023_500trees,0.001026341627328627,3.928358868213125e-06
num__height_change_recent_missing,LightGBM,Targeted LightGBM - lgbm_127_lr0023_500trees,0.0002169439562599471,-8.71076166356245e-06
num__height_change_recent_filled,LightGBM,Targeted LightGBM - lgbm_127_lr0023_500trees,0.0012519789445014791,4.471348024852117e-05
num__orders_per_hospital_day,LightGBM,Targeted LightGBM - lgbm_127_lr0023_500trees,0.004012239503633017,0.0006067448467145811
num__new_orders_last_24h_per_hospital_day,LightGBM,Targeted LightGBM - lgbm_127_lr0023_500trees,0.003080933902758771,-0.00030261910454546073
num__medications_per_hospital_day,LightGBM,Targeted LightGBM - lgbm_127_lr0023_500trees,0.0035080888494477703,0.00023232308228276043
num__prescriptions_per_hospital_day,LightGBM,Targeted LightGBM - lgbm_127_lr0023_500trees,0.00610236519349625,-0.0006226531097488836
num__procedures_per_hospital_day,LightGBM,Targeted LightGBM - lgbm_127_lr0023_500trees,0.013038799359606579,0.0009299412128715703
num__care_team_touchpoints_per_hospital_day,LightGBM,Targeted LightGBM - lgbm_127_lr0023_500trees,0.012941840774913137,0.0017769524200566475
num__discontinued_orders_per_hospital_day,LightGBM,Targeted LightGBM - lgbm_127_lr0023_500trees,0.0028784791577274762,0.0003718300897103912
num__discontinued_pharmacy_orders_per_hospital_day,LightGBM,Targeted LightGBM - lgbm_127_lr0023_500trees,0.0030138317499849277,0.0012776836283279486
num__total_selected_lab_event_count,LightGBM,Targeted LightGBM - lgbm_127_lr0023_500trees,0.0010347944771342107,-0.0001252872997370366
num__lab_tests_per_hospital_day,LightGBM,Targeted LightGBM - lgbm_127_lr0023_500trees,0.005306571137900764,-0.0014806422869079472
num__discontinued_order_proportion,LightGBM,Targeted LightGBM - lgbm_127_lr0023_500trees,0.00022726705205379489,-9.667662220401648e-05
num__psych_related_order_proportion,LightGBM,Targeted LightGBM - lgbm_127_lr0023_500trees,0.0032542989569854766,0.0005998553322439937
num__consult_order_proportion,LightGBM,Targeted LightGBM - lgbm_127_lr0023_500trees,0.006686060078862672,0.001561321531913784
num__safety_order_proportion,LightGBM,Targeted LightGBM - lgbm_127_lr0023_500trees,0.019116082130331922,0.010093596551279402
num__followup_order_proportion,LightGBM,Targeted LightGBM - lgbm_127_lr0023_500trees,0.004345075628410112,-0.000268653180661962
num__orders_first_72h_to_total_ratio,LightGBM,Targeted LightGBM - lgbm_127_lr0023_500trees,0.0048186087000281685,0.0017003807941548474
num__orders_after_72h_to_total_ratio,LightGBM,Targeted LightGBM - lgbm_127_lr0023_500trees,0.0029365721508084718,0.0001173199320317344
num__creatinine_lab_coefficient_of_variation,LightGBM,Targeted LightGBM - lgbm_127_lr0023_500trees,0.006768276885603875,-0.00028297367867765395
num__creatinine_lab_rate_of_change_per_day,LightGBM,Targeted LightGBM - lgbm_127_lr0023_500trees,0.003112566940608325,5.44966086712825e-05
num__creatinine_lab_last_to_first_ratio,LightGBM,Targeted LightGBM - lgbm_127_lr0023_500trees,0.003898147966885115,0.0005092807582109672
num__glucose_lab_coefficient_of_variation,LightGBM,Targeted LightGBM - lgbm_127_lr0023_500trees,0.005292146567432455,0.0009098792672073575
num__glucose_lab_rate_of_change_per_day,LightGBM,Targeted LightGBM - lgbm_127_lr0023_500trees,0.0027195674373448066,0.00019051114152621708
num__glucose_lab_last_to_first_ratio,LightGBM,Targeted LightGBM - lgbm_127_lr0023_500trees,0.0025514488649021772,-9.507402662299693e-05
num__hemoglobin_lab_coefficient_of_variation,LightGBM,Targeted LightGBM - lgbm_127_lr0023_500trees,0.0038761741223098836,0.0002459650099066062
num__hemoglobin_lab_rate_of_change_per_day,LightGBM,Targeted LightGBM - lgbm_127_lr0023_500trees,0.002620235436773823,0.0001620815164144747
num__hemoglobin_lab_last_to_first_ratio,LightGBM,Targeted LightGBM - lgbm_127_lr0023_500trees,0.0024506731168960536,7.506742025761261e-05
num__platelet_lab_coefficient_of_variation,LightGBM,Targeted LightGBM - lgbm_127_lr0023_500trees,0.0033511058268246856,0.0002444087653793974
num__platelet_lab_rate_of_change_per_day,LightGBM,Targeted LightGBM - lgbm_127_lr0023_500trees,0.007691544549554784,0.00036540187900899353
num__platelet_lab_last_to_first_ratio,LightGBM,Targeted LightGBM - lgbm_127_lr0023_500trees,0.003929159858709023,0.0002126990324214615
num__potassium_lab_coefficient_of_variation,LightGBM,Targeted LightGBM - lgbm_127_lr0023_500trees,0.0025350854905919987,0.0002182312328451551
num__potassium_lab_rate_of_change_per_day,LightGBM,Targeted LightGBM - lgbm_127_lr0023_500trees,0.0034157490319043277,0.00028747552184239436
num__potassium_lab_last_to_first_ratio,LightGBM,Targeted LightGBM - lgbm_127_lr0023_500trees,0.002899080479531175,0.00010128372361460178
num__sodium_lab_coefficient_of_variation,LightGBM,Targeted LightGBM - lgbm_127_lr0023_500trees,0.003912956589060634,0.00016647206963580705
num__sodium_lab_rate_of_change_per_day,LightGBM,Targeted LightGBM - lgbm_127_lr0023_500trees,0.007547465650531418,0.0006864999999943607
num__sodium_lab_last_to_first_ratio,LightGBM,Targeted LightGBM - lgbm_127_lr0023_500trees,0.006051178096572721,1.995082856519172e-05
num__urea_nitrogen_lab_coefficient_of_variation,LightGBM,Targeted LightGBM - lgbm_127_lr0023_500trees,0.007133634569500161,-0.0005582784498978983
num__urea_nitrogen_lab_rate_of_change_per_day,LightGBM,Targeted LightGBM - lgbm_127_lr0023_500trees,0.0033054415638987143,0.0002871445794336359
num__urea_nitrogen_lab_last_to_first_ratio,LightGBM,Targeted LightGBM - lgbm_127_lr0023_500trees,0.0028240978141282763,2.7745461157734798e-05
num__wbc_lab_coefficient_of_variation,LightGBM,Targeted LightGBM - lgbm_127_lr0023_500trees,0.0068511570316542,0.0007725967738077812
num__wbc_lab_rate_of_change_per_day,LightGBM,Targeted LightGBM - lgbm_127_lr0023_500trees,0.002544235537294198,-0.00022638209531137084
num__wbc_lab_last_to_first_ratio,LightGBM,Targeted LightGBM - lgbm_127_lr0023_500trees,0.005057162045926956,0.0002538504538383333
num__heart_rate_vital_value_range,LightGBM,Targeted LightGBM - lgbm_127_lr0023_500trees,0.0006580948823492371,-4.331083619355188e-05
num__heart_rate_vital_relative_range,LightGBM,Targeted LightGBM - lgbm_127_lr0023_500trees,0.000505756532214572,6.697846138631382e-05
num__heart_rate_vital_rate_of_change_per_day,LightGBM,Targeted LightGBM - lgbm_127_lr0023_500trees,0.003951070649814564,0.0001605915072652245
num__mean_bp_arterial_vital_value_range,LightGBM,Targeted LightGBM - lgbm_127_lr0023_500trees,0.0005972130970807833,9.774010999814114e-05
num__mean_bp_arterial_vital_relative_range,LightGBM,Targeted LightGBM - lgbm_127_lr0023_500trees,0.0005708300920661442,4.9769222226515914e-05
num__mean_bp_arterial_vital_rate_of_change_per_day,LightGBM,Targeted LightGBM - lgbm_127_lr0023_500trees,0.00045142608115992714,2.9948348544343983e-05
num__mean_bp_noninvasive_vital_value_range,LightGBM,Targeted LightGBM - lgbm_127_lr0023_500trees,0.0008682906066551638,7.727917311620064e-05
num__mean_bp_noninvasive_vital_relative_range,LightGBM,Targeted LightGBM - lgbm_127_lr0023_500trees,0.0042169920904847995,-0.000864572329063896
num__mean_bp_noninvasive_vital_rate_of_change_per_day,LightGBM,Targeted LightGBM - lgbm_127_lr0023_500trees,0.002334575960102422,0.00021985714951433416
num__respiratory_rate_vital_value_range,LightGBM,Targeted LightGBM - lgbm_127_lr0023_500trees,0.0002232205642645949,0.00010175495351383428
num__respiratory_rate_vital_relative_range,LightGBM,Targeted LightGBM - lgbm_127_lr0023_500trees,0.0006020407519690947,-0.000110771329284829
num__respiratory_rate_vital_rate_of_change_per_day,LightGBM,Targeted LightGBM - lgbm_127_lr0023_500trees,0.0019396559500542087,-0.00011432272736245703
num__spo2_vital_value_range,LightGBM,Targeted LightGBM - lgbm_127_lr0023_500trees,0.0001887519364313166,5.7526692261107085e-05
num__spo2_vital_relative_range,LightGBM,Targeted LightGBM - lgbm_127_lr0023_500trees,0.0016605610754315484,0.000213618697763884
num__spo2_vital_rate_of_change_per_day,LightGBM,Targeted LightGBM - lgbm_127_lr0023_500trees,0.002725020245517892,-0.00011004334203924373
num__systolic_bp_arterial_vital_value_range,LightGBM,Targeted LightGBM - lgbm_127_lr0023_500trees,0.00020999221455069805,7.010396786756496e-05
num__systolic_bp_arterial_vital_relative_range,LightGBM,Targeted LightGBM - lgbm_127_lr0023_500trees,3.6085619981537115e-05,-5.201952016611307e-06
num__systolic_bp_arterial_vital_rate_of_change_per_day,LightGBM,Targeted LightGBM - lgbm_127_lr0023_500trees,0.0033461087706402187,0.0002808568082251599
num__systolic_bp_noninvasive_vital_value_range,LightGBM,Targeted LightGBM - lgbm_127_lr0023_500trees,0.0006354088696265459,8.014654452671593e-05
num__systolic_bp_noninvasive_vital_relative_range,LightGBM,Targeted LightGBM - lgbm_127_lr0023_500trees,0.0003956264918018788,0.00017005294637505446
num__systolic_bp_noninvasive_vital_rate_of_change_per_day,LightGBM,Targeted LightGBM - lgbm_127_lr0023_500trees,0.002580724992335967,-0.0007236160129345611
num__heart_rate_abnormal_anytime_flag,LightGBM,Targeted LightGBM - lgbm_127_lr0023_500trees,0.0,0.0
num__respiratory_rate_abnormal_anytime_flag,LightGBM,Targeted LightGBM - lgbm_127_lr0023_500trees,4.229529008484272e-05,-1.706512947760399e-05
num__spo2_low_anytime_flag,LightGBM,Targeted LightGBM - lgbm_127_lr0023_500trees,0.0,0.0
num__systolic_bp_arterial_abnormal_anytime_flag,LightGBM,Targeted LightGBM - lgbm_127_lr0023_500trees,2.1589256065820982e-05,-6.415891325408948e-06
num__systolic_bp_noninvasive_abnormal_anytime_flag,LightGBM,Targeted LightGBM - lgbm_127_lr0023_500trees,3.133239847322655e-05,1.2688477027911471e-05
num__mean_bp_arterial_abnormal_anytime_flag,LightGBM,Targeted LightGBM - lgbm_127_lr0023_500trees,0.0,0.0
num__mean_bp_noninvasive_abnormal_anytime_flag,LightGBM,Targeted LightGBM - lgbm_127_lr0023_500trees,0.0,0.0
num__vital_abnormality_burden_score,LightGBM,Targeted LightGBM - lgbm_127_lr0023_500trees,0.0002530158815660858,-5.593172380975526e-06
num__vital_72h_hourly_rows,LightGBM,Targeted LightGBM - lgbm_127_lr0023_500trees,0.0002971759302230798,9.717008814221361e-05
num__vital_72h_abnormal_window_count,LightGBM,Targeted LightGBM - lgbm_127_lr0023_500trees,0.0003322206688697371,7.252193385585272e-05
num__vital_72h_abnormal_window_percentage,LightGBM,Targeted LightGBM - lgbm_127_lr0023_500trees,0.00036585044073277745,-3.447667810279564e-05
num__vital_72h_max_instability_score,LightGBM,Targeted LightGBM - lgbm_127_lr0023_500trees,0.0001696872722730828,4.815002712942681e-05
num__vital_72h_mean_instability_score,LightGBM,Targeted LightGBM - lgbm_127_lr0023_500trees,0.005763103437766388,-0.0003054215332005596
num__vital_72h_hours_with_2plus_instability_indicators,LightGBM,Targeted LightGBM - lgbm_127_lr0023_500trees,0.0018639676038556263,0.00036800017725155973
num__vital_72h_hours_with_3plus_instability_indicators,LightGBM,Targeted LightGBM - lgbm_127_lr0023_500trees,0.0001718654987712339,4.800126906177179e-05
num__tachycardia_72h_hour_percentage,LightGBM,Targeted LightGBM - lgbm_127_lr0023_500trees,0.003284521231117496,0.00021032678694395636
num__severe_tachycardia_72h_hour_percentage,LightGBM,Targeted LightGBM - lgbm_127_lr0023_500trees,0.000306493926417177,3.713746362787513e-05
num__tachypnoea_72h_hour_percentage,LightGBM,Targeted LightGBM - lgbm_127_lr0023_500trees,0.0005887270038614132,-0.00012141714539101754
num__hypoxia_72h_hour_percentage,LightGBM,Targeted LightGBM - lgbm_127_lr0023_500trees,0.00041086301110617596,4.4330011435383596e-05
num__hypotension_72h_hour_percentage,LightGBM,Targeted LightGBM - lgbm_127_lr0023_500trees,0.0022661310890807053,0.00011505850698812963
num__vital_72h_longest_abnormal_run_hours,LightGBM,Targeted LightGBM - lgbm_127_lr0023_500trees,0.00017807145599798234,-8.808563748523853e-05
num__has_first_72h_vital_burden_data,LightGBM,Targeted LightGBM - lgbm_127_lr0023_500trees,0.0,0.0
num__age_65plus,LightGBM,Targeted LightGBM - lgbm_127_lr0023_500trees,0.0014528417111850187,0.00028296238234425683
num__recent_psych_admission_90d_x_severe_mental_illness,LightGBM,Targeted LightGBM - lgbm_127_lr0023_500trees,0.0002022210915685148,7.357446741909171e-05
num__recent_psych_admission_90d_x_substance_use,LightGBM,Targeted LightGBM - lgbm_127_lr0023_500trees,0.00026716103767858115,7.314297624182659e-06
num__prior_psych_365d_x_self_harm,LightGBM,Targeted LightGBM - lgbm_127_lr0023_500trees,0.0008021498785593318,0.00032518195408254085
num__prior_psych_90d_x_self_harm,LightGBM,Targeted LightGBM - lgbm_127_lr0023_500trees,8.68263593468661e-05,9.958562172358686e-08
num__prior_psych_365d_x_smi,LightGBM,Targeted LightGBM - lgbm_127_lr0023_500trees,0.00028502782437066205,8.978307254221971e-06
num__prior_psych_90d_x_substance_use,LightGBM,Targeted LightGBM - lgbm_127_lr0023_500trees,0.00037330032146492604,6.146963962906012e-05
num__self_harm_x_discharged_to_psych_facility,LightGBM,Targeted LightGBM - lgbm_127_lr0023_500trees,0.0,0.0
num__smi_x_antipsychotic_polypharmacy,LightGBM,Targeted LightGBM - lgbm_127_lr0023_500trees,0.00037683381948746045,2.7969577301184084e-05
num__severe_mental_illness_x_antipsychotic,LightGBM,Targeted LightGBM - lgbm_127_lr0023_500trees,0.00019242595575413388,2.1413228516708753e-05
num__substance_use_x_benzodiazepine,LightGBM,Targeted LightGBM - lgbm_127_lr0023_500trees,0.0006402761359030334,-4.8784351707778826e-05
num__frequent_psych_admitter_x_discharged_against_advice,LightGBM,Targeted LightGBM - lgbm_127_lr0023_500trees,0.0,0.0
num__polypharmacy_10plus_x_age_65plus,LightGBM,Targeted LightGBM - lgbm_127_lr0023_500trees,0.0015384257960064862,0.0003697345571172374
num__icu_utilisation_x_physiological_instability,LightGBM,Targeted LightGBM - lgbm_127_lr0023_500trees,0.00038668320732676624,7.539610035373241e-05
num__lab_abnormality_burden_x_icu_use,LightGBM,Targeted LightGBM - lgbm_127_lr0023_500trees,0.0005218116177880502,9.036120637432323e-05
num__safety_order_and_self_harm_flag,LightGBM,Targeted LightGBM - lgbm_127_lr0023_500trees,0.0,0.0
num__prn_psychotropic_and_self_harm_flag,LightGBM,Targeted LightGBM - lgbm_127_lr0023_500trees,4.5852911540946065e-05,-2.2032508046124432e-05
num__substance_use_and_withdrawal_treatment_flag,LightGBM,Targeted LightGBM - lgbm_127_lr0023_500trees,0.0003011811198620647,1.0259265924475489e-05
num__psychosis_and_previous_psych_365d,LightGBM,Targeted LightGBM - lgbm_127_lr0023_500trees,7.447570734081763e-05,1.5635716019142e-05
num__depression_and_previous_psych_365d,LightGBM,Targeted LightGBM - lgbm_127_lr0023_500trees,0.0005489627339856111,-4.103913036921065e-05
num__frequent_psych_admitter_and_discharge_planning,LightGBM,Targeted LightGBM - lgbm_127_lr0023_500trees,0.001710491052334286,0.0005905139468403416
num__order_activity_ratio_24_to_72h,LightGBM,Targeted LightGBM - lgbm_127_lr0023_500trees,0.008784016866041909,0.0005355080101395475
num__last_order_after_72h_flag,LightGBM,Targeted LightGBM - lgbm_127_lr0023_500trees,0.0,0.0
num__late_order_activity_flag,LightGBM,Targeted LightGBM - lgbm_127_lr0023_500trees,0.0,0.0
num__last_order_close_to_discharge_hours_filled,LightGBM,Targeted LightGBM - lgbm_127_lr0023_500trees,0.04633609435974674,0.03720754475706008
num__high_poe_order_activity,LightGBM,Targeted LightGBM - lgbm_127_lr0023_500trees,0.0,0.0
num__poe_order_density_first_72h,LightGBM,Targeted LightGBM - lgbm_127_lr0023_500trees,0.002539767168753925,-6.53035088809255e-05
num__orders_after_72h_per_hospital_day,LightGBM,Targeted LightGBM - lgbm_127_lr0023_500trees,0.017128027766946132,0.0012632019218160049
num__late_order_activity_x_high_poe_orders,LightGBM,Targeted LightGBM - lgbm_127_lr0023_500trees,0.0,0.0
num__high_order_activity_and_late_last_order,LightGBM,Targeted LightGBM - lgbm_127_lr0023_500trees,0.0,0.0
num__high_ed_los_flag,LightGBM,Targeted LightGBM - lgbm_127_lr0023_500trees,0.0005305150172596756,0.00010982518670701056
num__ed_los_high_x_high_order_activity,LightGBM,Targeted LightGBM - lgbm_127_lr0023_500trees,1.7586231154304377e-05,1.8061637546765995e-06
num__late_orders_without_self_harm_flag,LightGBM,Targeted LightGBM - lgbm_127_lr0023_500trees,0.0006519077543021345,0.00040027502842255897
num__late_orders_and_self_harm_flag,LightGBM,Targeted LightGBM - lgbm_127_lr0023_500trees,6.498330945242236e-05,-1.4000717105348426e-05
num__late_orders_without_prior_psych_history_flag,LightGBM,Targeted LightGBM - lgbm_127_lr0023_500trees,0.28333337285415766,0.15282932711096714
num__late_orders_and_psych_facility_discharge_flag,LightGBM,Targeted LightGBM - lgbm_127_lr0023_500trees,0.0024781629985731525,-8.369571281552509e-05
num__late_safety_orders_and_self_harm_flag,LightGBM,Targeted LightGBM - lgbm_127_lr0023_500trees,0.0,0.0
num__safety_orders_without_self_harm_flag,LightGBM,Targeted LightGBM - lgbm_127_lr0023_500trees,0.00010948058998792363,-2.465019814547848e-05
num__safety_orders_without_prior_readmission_history_flag,LightGBM,Targeted LightGBM - lgbm_127_lr0023_500trees,3.6105620209418335e-05,-1.5831439959276213e-05
num__late_lab_orders_without_psych_safety_orders_flag,LightGBM,Targeted LightGBM - lgbm_127_lr0023_500trees,0.00033211492772477363,-5.12365479749544e-05
num__late_medication_orders_and_psychotropic_change_flag,LightGBM,Targeted LightGBM - lgbm_127_lr0023_500trees,0.000904180237395641,0.00022400441324054726
num__late_medication_order_share_last_12h,LightGBM,Targeted LightGBM - lgbm_127_lr0023_500trees,0.0026784187684614847,-0.00029501151843702933
num__late_lab_order_share_last_12h,LightGBM,Targeted LightGBM - lgbm_127_lr0023_500trees,0.004072732144486087,-4.210444688494208e-05
num__late_imaging_order_share_last_12h,LightGBM,Targeted LightGBM - lgbm_127_lr0023_500trees,0.0012897281355534974,-6.20945532785983e-06
num__late_consult_order_share_last_12h,LightGBM,Targeted LightGBM - lgbm_127_lr0023_500trees,0.0004115017330468402,4.388411576809733e-05
num__late_discharge_admin_order_share_last_12h,LightGBM,Targeted LightGBM - lgbm_127_lr0023_500trees,0.011635233527764511,0.00532731025672221
num__late_routine_care_order_share_last_12h,LightGBM,Targeted LightGBM - lgbm_127_lr0023_500trees,0.0016623827321216578,0.00028330522285175677
num__late_psych_safety_order_share_last_12h,LightGBM,Targeted LightGBM - lgbm_127_lr0023_500trees,0.00044594486311775314,9.745367589687073e-05
num__late_followup_aftercare_order_share_last_12h,LightGBM,Targeted LightGBM - lgbm_127_lr0023_500trees,0.0017857993411502407,0.00021842865439664595
num__late_medical_to_psych_order_ratio_last_12h,LightGBM,Targeted LightGBM - lgbm_127_lr0023_500trees,0.0022192078798325926,-0.0003440655892238293
num__late_admin_to_total_late_order_ratio,LightGBM,Targeted LightGBM - lgbm_127_lr0023_500trees,0.004549098283769456,0.002726925159100329
num__late_safety_to_total_late_order_ratio,LightGBM,Targeted LightGBM - lgbm_127_lr0023_500trees,0.00019521378052349362,2.9487219413747202e-05
num__late_followup_to_total_late_order_ratio,LightGBM,Targeted LightGBM - lgbm_127_lr0023_500trees,0.0004671942134939829,4.3537056651668545e-05
num__late_nonroutine_order_share_last_12h,LightGBM,Targeted LightGBM - lgbm_127_lr0023_500trees,0.010246686356341812,0.0060064929988545915
num__late_lab_order_share_last_6h,LightGBM,Targeted LightGBM - lgbm_127_lr0023_500trees,0.0005684075125967134,-4.397327159670936e-05
num__abnormal_labs_last_24h_before_discharge,LightGBM,Targeted LightGBM - lgbm_127_lr0023_500trees,0.004094891947113451,-0.00017732760504267294
num__new_abnormal_lab_last_24h_flag,LightGBM,Targeted LightGBM - lgbm_127_lr0023_500trees,0.00012489937976683114,2.1214068327848202e-05
num__abnormal_labs_last_12h_before_discharge,LightGBM,Targeted LightGBM - lgbm_127_lr0023_500trees,0.0002189030235563764,-4.26926588780963e-05
num__had_followup_or_discharge_planning_order,LightGBM,Targeted LightGBM - lgbm_127_lr0023_500trees,0.0,0.0
num__discharge_planning_and_social_work_flag,LightGBM,Targeted LightGBM - lgbm_127_lr0023_500trees,0.00027538953100041753,-4.5496623354444335e-05
num__home_discharge_without_followup_order_flag,LightGBM,Targeted LightGBM - lgbm_127_lr0023_500trees,0.0013156295894634045,0.0002272194538912475
num__home_discharge_without_discharge_planning_order_flag,LightGBM,Targeted LightGBM - lgbm_127_lr0023_500trees,0.0,0.0
num__home_discharge_and_late_orders_flag,LightGBM,Targeted LightGBM - lgbm_127_lr0023_500trees,0.0,0.0
num__facility_discharge_and_late_orders_flag,LightGBM,Targeted LightGBM - lgbm_127_lr0023_500trees,0.000955726116688043,2.7533389449178092e-05
num__psych_facility_discharge_and_self_harm_flag,LightGBM,Targeted LightGBM - lgbm_127_lr0023_500trees,0.0,0.0
num__psych_facility_discharge_and_safety_orders_flag,LightGBM,Targeted LightGBM - lgbm_127_lr0023_500trees,0.0,0.0
num__late_orders_but_followup_present_flag,LightGBM,Targeted LightGBM - lgbm_127_lr0023_500trees,8.571164656845353e-05,-1.6358956805167517e-05
num__late_orders_but_discharge_planning_present_flag,LightGBM,Targeted LightGBM - lgbm_127_lr0023_500trees,0.00029074451581820196,2.646202714139524e-05
num__late_orders_but_supervised_discharge_flag,LightGBM,Targeted LightGBM - lgbm_127_lr0023_500trees,0.0004849494854312639,-3.8694817237515845e-05
num__late_orders_but_psych_facility_discharge_flag,LightGBM,Targeted LightGBM - lgbm_127_lr0023_500trees,0.0009873092928259343,-3.397308548849302e-05
num__late_orders_but_facility_discharge_flag,LightGBM,Targeted LightGBM - lgbm_127_lr0023_500trees,0.00014177364633697243,-3.335982589126089e-05
num__home_discharge_with_followup_order_flag,LightGBM,Targeted LightGBM - lgbm_127_lr0023_500trees,0.0001726001462960968,2.786850905610198e-05
num__home_discharge_with_discharge_planning_order_flag,LightGBM,Targeted LightGBM - lgbm_127_lr0023_500trees,0.00023647987029700498,3.972734117017251e-05
num__psych_facility_discharge_with_followup_order_flag,LightGBM,Targeted LightGBM - lgbm_127_lr0023_500trees,0.0,0.0
num__facility_discharge_with_discharge_planning_flag,LightGBM,Targeted LightGBM - lgbm_127_lr0023_500trees,0.0005821706719708846,2.1625176435112396e-06
num__low_late_order_activity_flag,LightGBM,Targeted LightGBM - lgbm_127_lr0023_500trees,0.0,0.0
num__low_order_activity_with_self_harm_flag,LightGBM,Targeted LightGBM - lgbm_127_lr0023_500trees,0.08275407086871137,0.0499853573528988
num__low_order_activity_with_smi_flag,LightGBM,Targeted LightGBM - lgbm_127_lr0023_500trees,0.014451178735826664,0.007971017087675782
num__low_order_activity_with_psychosis_flag,LightGBM,Targeted LightGBM - lgbm_127_lr0023_500trees,0.006242351075646066,0.0036023309080963186
num__low_order_activity_with_recent_psych_admission_flag,LightGBM,Targeted LightGBM - lgbm_127_lr0023_500trees,7.088530235895982e-05,1.557865781589103e-05
num__low_order_activity_with_prior_psych_365d_flag,LightGBM,Targeted LightGBM - lgbm_127_lr0023_500trees,0.0,0.0
num__no_late_orders_but_self_harm_flag,LightGBM,Targeted LightGBM - lgbm_127_lr0023_500trees,0.022438865204355382,0.01419104075643493
num__no_late_orders_but_recent_psych_admission_flag,LightGBM,Targeted LightGBM - lgbm_127_lr0023_500trees,8.671217779377535e-06,1.4539587659277025e-06
num__no_late_orders_but_psychosis_flag,LightGBM,Targeted LightGBM - lgbm_127_lr0023_500trees,0.004068811056414993,0.0023150242528086964
num__home_discharge_low_activity_prior_psych_flag,LightGBM,Targeted LightGBM - lgbm_127_lr0023_500trees,0.0,0.0
num__self_harm_without_safety_order_flag,LightGBM,Targeted LightGBM - lgbm_127_lr0023_500trees,0.001000512396965279,0.00022826679741576458
num__self_harm_with_late_safety_order_flag,LightGBM,Targeted LightGBM - lgbm_127_lr0023_500trees,0.0,0.0
num__self_harm_without_followup_order_flag,LightGBM,Targeted LightGBM - lgbm_127_lr0023_500trees,0.00016593747008531159,2.7623977810700796e-05
num__smi_without_followup_order_flag,LightGBM,Targeted LightGBM - lgbm_127_lr0023_500trees,0.0005200941299720199,0.000180170794299418
num__psychosis_without_followup_order_flag,LightGBM,Targeted LightGBM - lgbm_127_lr0023_500trees,0.0005215505153575404,0.0001871836818665965
num__psychosis_with_late_safety_order_flag,LightGBM,Targeted LightGBM - lgbm_127_lr0023_500trees,2.822790649030672e-05,2.175073783732635e-05
num__smi_with_psych_facility_discharge_flag,LightGBM,Targeted LightGBM - lgbm_127_lr0023_500trees,0.0,0.0
num__late_lab_activity_without_followup_flag,LightGBM,Targeted LightGBM - lgbm_127_lr0023_500trees,0.00042365909893357927,-3.551195405944866e-05
num__late_lab_activity_without_facility_discharge_flag,LightGBM,Targeted LightGBM - lgbm_127_lr0023_500trees,9.484784215926525e-05,-1.082487623373777e-05
num__medical_workup_near_discharge_score,LightGBM,Targeted LightGBM - lgbm_127_lr0023_500trees,0.010741768947467926,-0.0011964678627061965
num__provider_changes_last_24h_before_discharge,LightGBM,Targeted LightGBM - lgbm_127_lr0023_500trees,0.011132876878484512,-0.0006847215930598848
num__care_team_touchpoints_last_12h_before_discharge,LightGBM,Targeted LightGBM - lgbm_127_lr0023_500trees,0.025634433009534427,0.01917881358930939
num__care_team_touchpoints_last_6h_before_discharge,LightGBM,Targeted LightGBM - lgbm_127_lr0023_500trees,0.018886393612745505,0.012800118080630748
num__late_care_team_touchpoint_share,LightGBM,Targeted LightGBM - lgbm_127_lr0023_500trees,0.00596729592471781,-0.0002303977941744699
num__service_change_last_24h_before_discharge_flag,LightGBM,Targeted LightGBM - lgbm_127_lr0023_500trees,0.0009393241544350127,0.00012119144046057615
num__careunit_change_last_24h_before_discharge_flag,LightGBM,Targeted LightGBM - lgbm_127_lr0023_500trees,0.00020338736345447991,-5.465727855999501e-05
num__late_care_fragmentation_score,LightGBM,Targeted LightGBM - lgbm_127_lr0023_500trees,0.00513298850681465,0.0012215409358308082
num__num_psychotropic_pharmacy_orders,LightGBM,Targeted LightGBM - lgbm_127_lr0023_500trees,0.009812323473503574,0.00047789102095028814
num__psychotropic_pharmacy_orders_per_day,LightGBM,Targeted LightGBM - lgbm_127_lr0023_500trees,0.006640525802053414,0.0003700657941780757
num__medical_complexity_score,LightGBM,Targeted LightGBM - lgbm_127_lr0023_500trees,0.0057452360728898555,-5.724052287403608e-05
num__older_medical_complexity_score,LightGBM,Targeted LightGBM - lgbm_127_lr0023_500trees,0.0038168548627367273,0.0004494522767655737
num__age_65plus_x_charlson,LightGBM,Targeted LightGBM - lgbm_127_lr0023_500trees,0.0007944262798781866,-5.2757984145787836e-05
num__age_65plus_x_elixhauser_group_count,LightGBM,Targeted LightGBM - lgbm_127_lr0023_500trees,0.0012925047560775988,0.00014347465001786247
num__age_65plus_x_discharge_to_facility,LightGBM,Targeted LightGBM - lgbm_127_lr0023_500trees,0.0001757969819649161,-3.8558798314401996e-05
num__age_65plus_x_hospital_los_7plus,LightGBM,Targeted LightGBM - lgbm_127_lr0023_500trees,0.00012756377838877135,3.106412337390001e-05
num__transfer_from_hospital_x_high_comorbidity,LightGBM,Targeted LightGBM - lgbm_127_lr0023_500trees,0.0008387373232422797,0.00015831563839988994
num__infection_or_positive_culture_x_older_age,LightGBM,Targeted LightGBM - lgbm_127_lr0023_500trees,0.00012176262798890769,-3.195112676174361e-05
num__num_unique_services_during_admission,LightGBM,Targeted LightGBM - lgbm_127_lr0023_500trees,0.0002355899886853213,2.3590748041164004e-05
num__service_change_count,LightGBM,Targeted LightGBM - lgbm_127_lr0023_500trees,0.0,0.0
num__careunit_change_count,LightGBM,Targeted LightGBM - lgbm_127_lr0023_500trees,0.0004179790100241427,-7.536525696971179e-05
num__service_or_careunit_change_flag,LightGBM,Targeted LightGBM - lgbm_127_lr0023_500trees,9.99980977985641e-05,-7.470735860469828e-05
num__high_care_team_touchpoints,LightGBM,Targeted LightGBM - lgbm_127_lr0023_500trees,0.0,0.0
num__icu_or_procedure_complexity_flag,LightGBM,Targeted LightGBM - lgbm_127_lr0023_500trees,0.0001423760621402214,3.4507835490037324e-06
num__older_age_x_no_recent_psych_history,LightGBM,Targeted LightGBM - lgbm_127_lr0023_500trees,0.0001305807870338941,-1.2395962445110675e-05
num__medical_complexity_without_prior_psych_flag,LightGBM,Targeted LightGBM - lgbm_127_lr0023_500trees,9.678603945494717e-05,-1.9641467906750327e-05
num__medical_complexity_without_psych_history_flag,LightGBM,Targeted LightGBM - lgbm_127_lr0023_500trees,0.0,0.0
num__icu_complexity_without_psych_history_flag,LightGBM,Targeted LightGBM - lgbm_127_lr0023_500trees,6.126930196375429e-05,3.1625422566042836e-05
num__abnormal_labs_without_psych_history_flag,LightGBM,Targeted LightGBM - lgbm_127_lr0023_500trees,0.00036147089983575053,-0.00010755518407835061
num__high_medical_activity_low_psych_activity_flag,LightGBM,Targeted LightGBM - lgbm_127_lr0023_500trees,0.00024420743882742766,2.3145988693086687e-05
num__no_recent_psych_history_and_high_charlson,LightGBM,Targeted LightGBM - lgbm_127_lr0023_500trees,0.007500364747515118,-0.0008249201534621247
num__no_recent_psych_history_and_long_ed_los,LightGBM,Targeted LightGBM - lgbm_127_lr0023_500trees,0.008974492291106598,0.003172297028001222
num__no_recent_psych_history_and_discharge_to_facility,LightGBM,Targeted LightGBM - lgbm_127_lr0023_500trees,0.005752591728181843,0.00016931078493947986
num__num_safety_observation_orders,LightGBM,Targeted LightGBM - lgbm_127_lr0023_500trees,0.0002267812813975339,7.180450552464712e-05
num__num_order_provider_changes,LightGBM,Targeted LightGBM - lgbm_127_lr0023_500trees,0.0010259057098601036,0.0001891135254692621
num__late_order_activity_and_high_poe_orders,LightGBM,Targeted LightGBM - lgbm_127_lr0023_500trees,0.0,0.0
num__self_harm_and_previous_psych_365d,LightGBM,Targeted LightGBM - lgbm_127_lr0023_500trees,0.0005409833237191782,0.00025323231624829675
num__self_harm_and_previous_psych_90d,LightGBM,Targeted LightGBM - lgbm_127_lr0023_500trees,8.604051496546884e-05,6.151095389868033e-06
num__self_harm_and_psych_facility_discharge,LightGBM,Targeted LightGBM - lgbm_127_lr0023_500trees,0.0,0.0
num__smi_and_previous_psych_365d,LightGBM,Targeted LightGBM - lgbm_127_lr0023_500trees,0.00038388558040713716,-1.1361644962892193e-05
num__older_age_and_no_recent_psych_history,LightGBM,Targeted LightGBM - lgbm_127_lr0023_500trees,0.0003913608642366725,5.451818317176239e-06
num__underweight_or_weight_loss_flag,LightGBM,Targeted LightGBM - lgbm_127_lr0023_500trees,0.0002711481281723786,1.7915481825317956e-05
num__ed_visit_to_admission_ratio_365d,LightGBM,Targeted LightGBM - lgbm_127_lr0023_500trees,0.014280193412951359,0.002845480582874689
num__ed_admission_with_self_harm_flag,LightGBM,Targeted LightGBM - lgbm_127_lr0023_500trees,0.00040781935912018505,9.420584015207734e-05
num__ed_admission_with_psychosis_flag,LightGBM,Targeted LightGBM - lgbm_127_lr0023_500trees,0.000133845138496083,-2.2955342320276793e-05
num__ed_admission_with_smi_flag,LightGBM,Targeted LightGBM - lgbm_127_lr0023_500trees,0.0021566830935439976,0.0007038676975572605
num__emergency_admission_with_recent_psych_history_flag,LightGBM,Targeted LightGBM - lgbm_127_lr0023_500trees,0.0011805320969391466,0.00022702641310617637
num__transfer_admission_with_psych_history_flag,LightGBM,Targeted LightGBM - lgbm_127_lr0023_500trees,0.0007127783549143813,8.27970156205793e-05
num__psych_and_medical_comorbidity_flag,LightGBM,Targeted LightGBM - lgbm_127_lr0023_500trees,0.0,0.0
num__psychosis_and_substance_use_flag,LightGBM,Targeted LightGBM - lgbm_127_lr0023_500trees,5.5037485930492894e-05,-7.25248615877879e-06
num__depression_and_substance_use_flag,LightGBM,Targeted LightGBM - lgbm_127_lr0023_500trees,0.0006595515890141969,9.07323273050984e-05
num__self_harm_and_substance_use_flag,LightGBM,Targeted LightGBM - lgbm_127_lr0023_500trees,0.00015771615159228006,-4.288568234149688e-06
num__smi_and_high_charlson_flag,LightGBM,Targeted LightGBM - lgbm_127_lr0023_500trees,2.1587912510481522e-05,-4.444874884448838e-06
num__psych_diagnosis_without_psych_discharge_flag,LightGBM,Targeted LightGBM - lgbm_127_lr0023_500trees,0.0049652960072262345,0.003374958064559746
num__new_self_harm_this_admission_flag,LightGBM,Targeted LightGBM - lgbm_127_lr0023_500trees,0.00010885325737991498,6.0967132930746625e-05
num__new_psychosis_this_admission_flag,LightGBM,Targeted LightGBM - lgbm_127_lr0023_500trees,0.0,0.0
num__new_substance_use_this_admission_flag,LightGBM,Targeted LightGBM - lgbm_127_lr0023_500trees,0.01299763237054356,0.0022564821941814246
num__new_smi_this_admission_flag,LightGBM,Targeted LightGBM - lgbm_127_lr0023_500trees,0.000980470416968496,0.00024208950611431782
num__psych_diagnosis_group_count_increased_from_previous_flag,LightGBM,Targeted LightGBM - lgbm_127_lr0023_500trees,0.0005109337359017693,6.480773358708305e-05
num__current_psych_group_not_seen_previous_flag,LightGBM,Targeted LightGBM - lgbm_127_lr0023_500trees,0.0008770154360473111,3.7280788216853165e-05
num__late_order_discontinuation_share,LightGBM,Targeted LightGBM - lgbm_127_lr0023_500trees,0.0,0.0
num__self_harm_no_psych_followup_flag,LightGBM,Targeted LightGBM - lgbm_127_lr0023_500trees,0.0003858229565978193,0.0001631631711382906
num__psychosis_home_discharge_no_followup_flag,LightGBM,Targeted LightGBM - lgbm_127_lr0023_500trees,4.094450007980973e-05,-3.5766147522992156e-06
num__smi_home_discharge_no_followup_flag,LightGBM,Targeted LightGBM - lgbm_127_lr0023_500trees,5.6464127303475866e-05,2.4859192879822777e-05
num__substance_use_home_discharge_no_followup_flag,LightGBM,Targeted LightGBM - lgbm_127_lr0023_500trees,0.0003801034719913629,-3.053275265037579e-05
num__prior_psych_admission_no_followup_flag,LightGBM,Targeted LightGBM - lgbm_127_lr0023_500trees,0.0,0.0
num__no_psychotropic_discharge_med_in_psychosis_flag,LightGBM,Targeted LightGBM - lgbm_127_lr0023_500trees,0.0,0.0
num__mostly_psych_readmission_pattern_flag,LightGBM,Targeted LightGBM - lgbm_127_lr0023_500trees,0.01896446370706014,0.0027884053742058463
num__mostly_medical_readmission_pattern_flag,LightGBM,Targeted LightGBM - lgbm_127_lr0023_500trees,8.62837323911087e-05,1.2232886894816482e-05
num__mixed_psych_medical_readmission_pattern_flag,LightGBM,Targeted LightGBM - lgbm_127_lr0023_500trees,0.00020372741294420423,1.4160198110297525e-05
num__rapid_recurrent_readmission_pattern_flag,LightGBM,Targeted LightGBM - lgbm_127_lr0023_500trees,3.0908024951847205e-05,-1.681441431898381e-06
num__long_gap_recurrent_readmission_pattern_flag,LightGBM,Targeted LightGBM - lgbm_127_lr0023_500trees,0.00014769614688755098,3.2392600504556146e-05
num__holiday_period_discharge_flag,LightGBM,Targeted LightGBM - lgbm_127_lr0023_500trees,7.051460831145158e-05,4.0695273279207606e-07
num__month_end_discharge_flag,LightGBM,Targeted LightGBM - lgbm_127_lr0023_500trees,8.721205146278665e-05,1.0324757742014315e-06
num__weekend_or_friday_discharge_with_no_followup_flag,LightGBM,Targeted LightGBM - lgbm_127_lr0023_500trees,0.0012686946471007448,4.4998565199116796e-05
num__night_discharge_flag,LightGBM,Targeted LightGBM - lgbm_127_lr0023_500trees,0.0037135724173430113,0.0009717026515070287
num__friday_evening_discharge_flag,LightGBM,Targeted LightGBM - lgbm_127_lr0023_500trees,0.00037769842165421663,4.081877451722807e-05
num__late_discharge_hour_with_late_orders_flag,LightGBM,Targeted LightGBM - lgbm_127_lr0023_500trees,0.0010437740646418992,1.3370114459797938e-05
num__late_discharge_hour_with_no_followup_flag,LightGBM,Targeted LightGBM - lgbm_127_lr0023_500trees,0.0018795290337363317,0.0003264398167380487
num__spo2_low_last_24h_before_discharge_flag,LightGBM,Targeted LightGBM - lgbm_127_lr0023_500trees,0.0,0.0
num__tachycardia_last_24h_before_discharge_flag,LightGBM,Targeted LightGBM - lgbm_127_lr0023_500trees,0.0,0.0
num__hypotension_last_24h_before_discharge_flag,LightGBM,Targeted LightGBM - lgbm_127_lr0023_500trees,0.0,0.0
num__vital_instability_near_discharge_score,LightGBM,Targeted LightGBM - lgbm_127_lr0023_500trees,8.059829464874424e-05,3.287499908619387e-05
num__vital_instability_home_discharge_flag,LightGBM,Targeted LightGBM - lgbm_127_lr0023_500trees,0.0,0.0
num__late_order_type_diversity_last_12h,LightGBM,Targeted LightGBM - lgbm_127_lr0023_500trees,0.0006444616969625197,-3.208232819209643e-06
num__late_clinical_order_count_last_12h,LightGBM,Targeted LightGBM - lgbm_127_lr0023_500trees,0.0010847367847051652,-0.0001618742520408063
num__late_admin_aftercare_order_count_last_12h,LightGBM,Targeted LightGBM - lgbm_127_lr0023_500trees,0.0006316783645550312,8.7010625767517e-05
num__late_nonroutine_order_count_last_12h,LightGBM,Targeted LightGBM - lgbm_127_lr0023_500trees,0.016704842114767044,0.011915344040265143
num__late_order_severity_score_last_12h,LightGBM,Targeted LightGBM - lgbm_127_lr0023_500trees,0.0018016824439229403,0.0002441557960502758
num__late_order_severity_per_late_order_last_12h,LightGBM,Targeted LightGBM - lgbm_127_lr0023_500trees,0.1482132015372333,0.10371723387415986
num__late_order_intensity_score_last_12h,LightGBM,Targeted LightGBM - lgbm_127_lr0023_500trees,0.04472583869674699,0.03180723626407311
num__late_order_type_diversity_last_6h,LightGBM,Targeted LightGBM - lgbm_127_lr0023_500trees,0.0010352222413908712,0.0003560127180716907
num__late_clinical_order_count_last_6h,LightGBM,Targeted LightGBM - lgbm_127_lr0023_500trees,0.0009437321385806417,0.0001902963831792012
num__aftercare_quality_score,LightGBM,Targeted LightGBM - lgbm_127_lr0023_500trees,0.0011398918168834336,-0.00025218618779471543
num__protective_aftercare_present_flag,LightGBM,Targeted LightGBM - lgbm_127_lr0023_500trees,0.0004990082546283814,-0.00020533400542624425
num__low_aftercare_quality_flag,LightGBM,Targeted LightGBM - lgbm_127_lr0023_500trees,0.0,0.0
num__late_activity_with_low_aftercare_quality_flag,LightGBM,Targeted LightGBM - lgbm_127_lr0023_500trees,0.0,0.0
num__home_discharge_low_aftercare_quality_flag,LightGBM,Targeted LightGBM - lgbm_127_lr0023_500trees,0.0020295625114945914,0.0010314994883091958
num__psychosis_or_self_harm_low_aftercare_quality_flag,LightGBM,Targeted LightGBM - lgbm_127_lr0023_500trees,0.01360026807293542,0.007130627637095998
num__late_order_type_diversity_x_low_aftercare_flag,LightGBM,Targeted LightGBM - lgbm_127_lr0023_500trees,2.6973300259792006e-05,-1.422258343644475e-05
num__late_order_severity_x_low_aftercare_score,LightGBM,Targeted LightGBM - lgbm_127_lr0023_500trees,0.0002112589709707256,1.1048395284303516e-05
num__late_psych_safety_activity_score_near_discharge,LightGBM,Targeted LightGBM - lgbm_127_lr0023_500trees,0.03121048890957179,0.020877141840361487
num__late_psych_safety_without_followup_flag,LightGBM,Targeted LightGBM - lgbm_127_lr0023_500trees,0.0,0.0
num__late_psych_safety_home_discharge_flag,LightGBM,Targeted LightGBM - lgbm_127_lr0023_500trees,0.0,0.0
num__late_psych_safety_without_psych_facility_discharge_flag,LightGBM,Targeted LightGBM - lgbm_127_lr0023_500trees,0.004379909378312755,0.0030857340913968854
num__late_medication_change_intensity_score,LightGBM,Targeted LightGBM - lgbm_127_lr0023_500trees,0.002792152370217234,0.00024510032804940594
num__late_medication_change_without_followup_flag,LightGBM,Targeted LightGBM - lgbm_127_lr0023_500trees,0.0,0.0
num__late_medication_change_home_discharge_flag,LightGBM,Targeted LightGBM - lgbm_127_lr0023_500trees,0.0011014833622707155,-0.00015337930884411143
num__quiet_self_harm_low_activity_score,LightGBM,Targeted LightGBM - lgbm_127_lr0023_500trees,0.00039793466439873147,0.0003151055589904805
num__quiet_smi_psychosis_low_activity_score,LightGBM,Targeted LightGBM - lgbm_127_lr0023_500trees,0.014289378344044422,0.010569282034251885
num__quiet_prior_psych_low_activity_score,LightGBM,Targeted LightGBM - lgbm_127_lr0023_500trees,0.0005868414729861054,9.917126052769958e-05
num__quiet_medical_frailty_low_psych_history_score,LightGBM,Targeted LightGBM - lgbm_127_lr0023_500trees,0.0009038415227222568,0.0002193191778579544
num__quiet_risk_summary_score,LightGBM,Targeted LightGBM - lgbm_127_lr0023_500trees,0.011667052998099338,0.007132364434471011
num__quiet_risk_flag,LightGBM,Targeted LightGBM - lgbm_127_lr0023_500trees,9.48852146591366e-05,3.9664826959744035e-05
num__quiet_home_discharge_psych_risk_flag,LightGBM,Targeted LightGBM - lgbm_127_lr0023_500trees,7.35650941375465e-05,5.7857530815619316e-05
num__discharge_medication_continuity_score,LightGBM,Targeted LightGBM - lgbm_127_lr0023_500trees,0.010070027655714912,-0.0003717295391091606
num__psychiatric_aftercare_planning_score,LightGBM,Targeted LightGBM - lgbm_127_lr0023_500trees,0.01816339119261658,0.014596395968680616
num__unmanaged_psychiatric_discharge_risk_score,LightGBM,Targeted LightGBM - lgbm_127_lr0023_500trees,0.04525933059964413,0.017279483781795363
num__psychosis_without_antipsychotic_continuity_flag,LightGBM,Targeted LightGBM - lgbm_127_lr0023_500trees,0.0,0.0
num__bipolar_without_mood_stabiliser_continuity_flag,LightGBM,Targeted LightGBM - lgbm_127_lr0023_500trees,0.00013290190528834932,1.547210666899403e-05
num__depression_without_antidepressant_continuity_flag,LightGBM,Targeted LightGBM - lgbm_127_lr0023_500trees,0.00552668686074263,0.0014479667738224995
num__smi_without_psychotropic_continuity_flag,LightGBM,Targeted LightGBM - lgbm_127_lr0023_500trees,0.00011757747081045409,6.10530904936131e-05
num__self_harm_without_aftercare_or_safety_plan_flag,LightGBM,Targeted LightGBM - lgbm_127_lr0023_500trees,0.0022159551867604287,0.0010312901091265203
num__substance_use_without_followup_or_withdrawal_plan_flag,LightGBM,Targeted LightGBM - lgbm_127_lr0023_500trees,0.0036897049463656935,0.00186578693966654
num__late_medication_change_without_discharge_med_plan_flag,LightGBM,Targeted LightGBM - lgbm_127_lr0023_500trees,0.0003484474031224547,0.0001455055662256231
num__home_discharge_without_medication_or_followup_plan_flag,LightGBM,Targeted LightGBM - lgbm_127_lr0023_500trees,0.0007380578650610863,0.0002805387675097369
num__psychotropic_change_with_aftercare_plan_flag,LightGBM,Targeted LightGBM - lgbm_127_lr0023_500trees,0.00018963693698665477,1.9936225478206713e-05
num__psychotropic_change_without_aftercare_plan_flag,LightGBM,Targeted LightGBM - lgbm_127_lr0023_500trees,3.7522710699368474e-05,-6.651087771458301e-07
num__ed_only_crisis_pattern_score,LightGBM,Targeted LightGBM - lgbm_127_lr0023_500trees,0.005602110646886351,0.0007282280800243821
num__older_medical_complexity_home_discharge_flag,LightGBM,Targeted LightGBM - lgbm_127_lr0023_500trees,5.6546602505403476e-05,2.310934781559571e-06
num__medical_complexity_no_aftercare_flag,LightGBM,Targeted LightGBM - lgbm_127_lr0023_500trees,0.00033588754601593054,8.536833344433792e-05
num__medical_complexity_late_workup_home_discharge_flag,LightGBM,Targeted LightGBM - lgbm_127_lr0023_500trees,0.0,0.0
num__low_psych_marker_medical_instability_flag,LightGBM,Targeted LightGBM - lgbm_127_lr0023_500trees,0.001622330297951388,0.00022783046583259544
num__icu_or_procedure_without_psych_marker_flag,LightGBM,Targeted LightGBM - lgbm_127_lr0023_500trees,0.00015253573424582113,5.4530035201326264e-05
cat__gender_F,LightGBM,Targeted LightGBM - lgbm_127_lr0023_500trees,0.011313730881495173,0.000274206196429025
cat__gender_M,LightGBM,Targeted LightGBM - lgbm_127_lr0023_500trees,0.0065553483627598325,0.0002113873219385008
cat__anchor_year_group_2008 - 2010,LightGBM,Targeted LightGBM - lgbm_127_lr0023_500trees,0.00829411175816113,0.00013103222803041077
cat__anchor_year_group_2011 - 2013,LightGBM,Targeted LightGBM - lgbm_127_lr0023_500trees,0.0016485114397116146,7.863033803009932e-05
cat__anchor_year_group_2014 - 2016,LightGBM,Targeted LightGBM - lgbm_127_lr0023_500trees,0.00118853271871642,-9.064522638793636e-05
cat__anchor_year_group_2017 - 2019,LightGBM,Targeted LightGBM - lgbm_127_lr0023_500trees,4.28410395911238e-05,-5.153188834548282e-06
cat__anchor_year_group_2020 - 2022,LightGBM,Targeted LightGBM - lgbm_127_lr0023_500trees,0.001748959137268409,2.4210297862336274e-06
cat__admission_type_AMBULATORY OBSERVATION,LightGBM,Targeted LightGBM - lgbm_127_lr0023_500trees,0.0,0.0
cat__admission_type_DIRECT EMER.,LightGBM,Targeted LightGBM - lgbm_127_lr0023_500trees,0.0,0.0
cat__admission_type_DIRECT OBSERVATION,LightGBM,Targeted LightGBM - lgbm_127_lr0023_500trees,0.00015873162726711426,-4.880037463057022e-06
cat__admission_type_ELECTIVE,LightGBM,Targeted LightGBM - lgbm_127_lr0023_500trees,0.0,0.0
cat__admission_type_EU OBSERVATION,LightGBM,Targeted LightGBM - lgbm_127_lr0023_500trees,0.0002055195321085792,-9.724236348160281e-05
cat__admission_type_EW EMER.,LightGBM,Targeted LightGBM - lgbm_127_lr0023_500trees,0.0007957922532484188,-5.465423437344392e-05
cat__admission_type_OBSERVATION ADMIT,LightGBM,Targeted LightGBM - lgbm_127_lr0023_500trees,0.00047727040297835535,-1.5081843374616175e-05
cat__admission_type_SURGICAL SAME DAY ADMISSION,LightGBM,Targeted LightGBM - lgbm_127_lr0023_500trees,0.0009756514828944567,0.00023119262426107894
cat__admission_type_URGENT,LightGBM,Targeted LightGBM - lgbm_127_lr0023_500trees,9.155119696674663e-05,-7.1643538130910124e-06
cat__admission_location_AMBULATORY SURGERY TRANSFER,LightGBM,Targeted LightGBM - lgbm_127_lr0023_500trees,0.0,0.0
cat__admission_location_CLINIC REFERRAL,LightGBM,Targeted LightGBM - lgbm_127_lr0023_500trees,0.0019696424472230053,4.264096699785243e-05
cat__admission_location_EMERGENCY ROOM,LightGBM,Targeted LightGBM - lgbm_127_lr0023_500trees,0.0027057889585058448,0.0002159155599034578
cat__admission_location_INFORMATION NOT AVAILABLE,LightGBM,Targeted LightGBM - lgbm_127_lr0023_500trees,0.0,0.0
cat__admission_location_INTERNAL TRANSFER TO OR FROM PSYCH,LightGBM,Targeted LightGBM - lgbm_127_lr0023_500trees,0.0,0.0
cat__admission_location_PACU,LightGBM,Targeted LightGBM - lgbm_127_lr0023_500trees,0.0,0.0
cat__admission_location_PHYSICIAN REFERRAL,LightGBM,Targeted LightGBM - lgbm_127_lr0023_500trees,0.0005411941812956819,-5.6689878554723416e-05
cat__admission_location_PROCEDURE SITE,LightGBM,Targeted LightGBM - lgbm_127_lr0023_500trees,8.066190758463193e-05,-1.5198991820666841e-05
cat__admission_location_TRANSFER FROM HOSPITAL,LightGBM,Targeted LightGBM - lgbm_127_lr0023_500trees,0.0002352916352798486,2.4989138392555334e-05
cat__admission_location_TRANSFER FROM SKILLED NURSING FACILITY,LightGBM,Targeted LightGBM - lgbm_127_lr0023_500trees,0.00013482110921656545,1.075147663001112e-05
cat__admission_location_WALK-IN/SELF REFERRAL,LightGBM,Targeted LightGBM - lgbm_127_lr0023_500trees,0.0004168660697635323,7.655797583437472e-05
cat__discharge_location_ACUTE HOSPITAL,LightGBM,Targeted LightGBM - lgbm_127_lr0023_500trees,0.0011241676418059674,0.0005377102107568489
cat__discharge_location_AGAINST ADVICE,LightGBM,Targeted LightGBM - lgbm_127_lr0023_500trees,0.0017151850220585964,2.481616127027989e-05
cat__discharge_location_ASSISTED LIVING,LightGBM,Targeted LightGBM - lgbm_127_lr0023_500trees,0.0,0.0
cat__discharge_location_CHRONIC/LONG TERM ACUTE CARE,LightGBM,Targeted LightGBM - lgbm_127_lr0023_500trees,0.0,0.0
cat__discharge_location_HEALTHCARE FACILITY,LightGBM,Targeted LightGBM - lgbm_127_lr0023_500trees,0.0,0.0
cat__discharge_location_HOME,LightGBM,Targeted LightGBM - lgbm_127_lr0023_500trees,0.00016863330778314065,4.4889287910106675e-05
cat__discharge_location_HOME HEALTH CARE,LightGBM,Targeted LightGBM - lgbm_127_lr0023_500trees,0.002227681011697529,-0.00012080881911422865
cat__discharge_location_OTHER FACILITY,LightGBM,Targeted LightGBM - lgbm_127_lr0023_500trees,0.000509799351548247,6.215641353511761e-05
cat__discharge_location_PSYCH FACILITY,LightGBM,Targeted LightGBM - lgbm_127_lr0023_500trees,0.0017195940379672323,0.001185093306818388
cat__discharge_location_REHAB,LightGBM,Targeted LightGBM - lgbm_127_lr0023_500trees,0.00021092688030264779,3.085384306516962e-05
cat__discharge_location_SKILLED NURSING FACILITY,LightGBM,Targeted LightGBM - lgbm_127_lr0023_500trees,0.0001309807443257493,2.642158936424349e-05
cat__discharge_location_Unknown,LightGBM,Targeted LightGBM - lgbm_127_lr0023_500trees,0.00126722789170794,-0.00010649270713250472
cat__discharge_location_Unknown / not modelled,LightGBM,Targeted LightGBM - lgbm_127_lr0023_500trees,0.10559474383268466,0.023413017403359757
cat__insurance_Medicaid,LightGBM,Targeted LightGBM - lgbm_127_lr0023_500trees,0.005622904873423054,0.00104568833877413
cat__insurance_Medicare,LightGBM,Targeted LightGBM - lgbm_127_lr0023_500trees,0.0002078242125396014,3.058925123964828e-05
cat__insurance_No charge,LightGBM,Targeted LightGBM - lgbm_127_lr0023_500trees,0.0,0.0
cat__insurance_Other,LightGBM,Targeted LightGBM - lgbm_127_lr0023_500trees,0.0,0.0
cat__insurance_Private,LightGBM,Targeted LightGBM - lgbm_127_lr0023_500trees,0.0024106499665605473,5.010957110156767e-05
cat__insurance_Unknown,LightGBM,Targeted LightGBM - lgbm_127_lr0023_500trees,0.0,0.0
cat__language_American Sign Language,LightGBM,Targeted LightGBM - lgbm_127_lr0023_500trees,0.0,0.0
cat__language_Amharic,LightGBM,Targeted LightGBM - lgbm_127_lr0023_500trees,0.0,0.0
cat__language_Arabic,LightGBM,Targeted LightGBM - lgbm_127_lr0023_500trees,0.0,0.0
cat__language_Armenian,LightGBM,Targeted LightGBM - lgbm_127_lr0023_500trees,0.0,0.0
cat__language_Bengali,LightGBM,Targeted LightGBM - lgbm_127_lr0023_500trees,0.0,0.0
cat__language_Chinese,LightGBM,Targeted LightGBM - lgbm_127_lr0023_500trees,0.0,0.0
cat__language_English,LightGBM,Targeted LightGBM - lgbm_127_lr0023_500trees,2.1169905513517884e-05,-5.70991389115501e-06
cat__language_French,LightGBM,Targeted LightGBM - lgbm_127_lr0023_500trees,0.0,0.0
cat__language_Haitian,LightGBM,Targeted LightGBM - lgbm_127_lr0023_500trees,0.0,0.0
cat__language_Hindi,LightGBM,Targeted LightGBM - lgbm_127_lr0023_500trees,0.0,0.0
cat__language_Italian,LightGBM,Targeted LightGBM - lgbm_127_lr0023_500trees,0.0,0.0
cat__language_Japanese,LightGBM,Targeted LightGBM - lgbm_127_lr0023_500trees,0.0,0.0
cat__language_Kabuverdianu,LightGBM,Targeted LightGBM - lgbm_127_lr0023_500trees,0.0,0.0
cat__language_Khmer,LightGBM,Targeted LightGBM - lgbm_127_lr0023_500trees,0.0,0.0
cat__language_Korean,LightGBM,Targeted LightGBM - lgbm_127_lr0023_500trees,0.0,0.0
cat__language_Modern Greek (1453-),LightGBM,Targeted LightGBM - lgbm_127_lr0023_500trees,0.0,0.0
cat__language_Other,LightGBM,Targeted LightGBM - lgbm_127_lr0023_500trees,0.0,0.0
cat__language_Persian,LightGBM,Targeted LightGBM - lgbm_127_lr0023_500trees,0.0,0.0
cat__language_Polish,LightGBM,Targeted LightGBM - lgbm_127_lr0023_500trees,0.0,0.0
cat__language_Portuguese,LightGBM,Targeted LightGBM - lgbm_127_lr0023_500trees,0.0,0.0
cat__language_Russian,LightGBM,Targeted LightGBM - lgbm_127_lr0023_500trees,5.1268100034420916e-05,2.7842104307151094e-05
cat__language_Somali,LightGBM,Targeted LightGBM - lgbm_127_lr0023_500trees,0.0,0.0
cat__language_Spanish,LightGBM,Targeted LightGBM - lgbm_127_lr0023_500trees,0.0,0.0
cat__language_Thai,LightGBM,Targeted LightGBM - lgbm_127_lr0023_500trees,0.0,0.0
cat__language_Unknown,LightGBM,Targeted LightGBM - lgbm_127_lr0023_500trees,0.0,0.0
cat__language_Vietnamese,LightGBM,Targeted LightGBM - lgbm_127_lr0023_500trees,0.0,0.0
cat__marital_status_DIVORCED,LightGBM,Targeted LightGBM - lgbm_127_lr0023_500trees,0.0009690335955019979,4.569420174812449e-05
cat__marital_status_MARRIED,LightGBM,Targeted LightGBM - lgbm_127_lr0023_500trees,0.0012931969360552604,6.910954081302401e-05
cat__marital_status_SINGLE,LightGBM,Targeted LightGBM - lgbm_127_lr0023_500trees,0.0019672463512774123,0.0003618431062909632
cat__marital_status_Unknown,LightGBM,Targeted LightGBM - lgbm_127_lr0023_500trees,0.014629043767719402,0.004996294524415093
cat__marital_status_WIDOWED,LightGBM,Targeted LightGBM - lgbm_127_lr0023_500trees,0.000106072218544603,1.5310924695767664e-05
cat__race_AMERICAN INDIAN/ALASKA NATIVE,LightGBM,Targeted LightGBM - lgbm_127_lr0023_500trees,0.0,0.0
cat__race_ASIAN,LightGBM,Targeted LightGBM - lgbm_127_lr0023_500trees,0.0001954030244464392,2.3835401869177978e-05
cat__race_ASIAN - ASIAN INDIAN,LightGBM,Targeted LightGBM - lgbm_127_lr0023_500trees,0.0,0.0
cat__race_ASIAN - CHINESE,LightGBM,Targeted LightGBM - lgbm_127_lr0023_500trees,0.0,0.0
cat__race_ASIAN - KOREAN,LightGBM,Targeted LightGBM - lgbm_127_lr0023_500trees,0.0,0.0
cat__race_ASIAN - SOUTH EAST ASIAN,LightGBM,Targeted LightGBM - lgbm_127_lr0023_500trees,0.0,0.0
cat__race_BLACK/AFRICAN,LightGBM,Targeted LightGBM - lgbm_127_lr0023_500trees,0.0,0.0
cat__race_BLACK/AFRICAN AMERICAN,LightGBM,Targeted LightGBM - lgbm_127_lr0023_500trees,0.001184187252090604,0.00010603694757220919
cat__race_BLACK/CAPE VERDEAN,LightGBM,Targeted LightGBM - lgbm_127_lr0023_500trees,0.0,0.0
cat__race_BLACK/CARIBBEAN ISLAND,LightGBM,Targeted LightGBM - lgbm_127_lr0023_500trees,0.0,0.0
cat__race_HISPANIC OR LATINO,LightGBM,Targeted LightGBM - lgbm_127_lr0023_500trees,0.0,0.0
cat__race_HISPANIC/LATINO - CENTRAL AMERICAN,LightGBM,Targeted LightGBM - lgbm_127_lr0023_500trees,0.0,0.0
cat__race_HISPANIC/LATINO - COLUMBIAN,LightGBM,Targeted LightGBM - lgbm_127_lr0023_500trees,0.0,0.0
cat__race_HISPANIC/LATINO - CUBAN,LightGBM,Targeted LightGBM - lgbm_127_lr0023_500trees,0.0,0.0
cat__race_HISPANIC/LATINO - DOMINICAN,LightGBM,Targeted LightGBM - lgbm_127_lr0023_500trees,0.0,0.0
cat__race_HISPANIC/LATINO - GUATEMALAN,LightGBM,Targeted LightGBM - lgbm_127_lr0023_500trees,0.0,0.0
cat__race_HISPANIC/LATINO - HONDURAN,LightGBM,Targeted LightGBM - lgbm_127_lr0023_500trees,0.0,0.0
cat__race_HISPANIC/LATINO - MEXICAN,LightGBM,Targeted LightGBM - lgbm_127_lr0023_500trees,0.0,0.0
cat__race_HISPANIC/LATINO - PUERTO RICAN,LightGBM,Targeted LightGBM - lgbm_127_lr0023_500trees,0.00011548693714348453,3.4443554962657273e-06
cat__race_HISPANIC/LATINO - SALVADORAN,LightGBM,Targeted LightGBM - lgbm_127_lr0023_500trees,0.0,0.0
cat__race_MULTIPLE RACE/ETHNICITY,LightGBM,Targeted LightGBM - lgbm_127_lr0023_500trees,0.0,0.0
cat__race_NATIVE HAWAIIAN OR OTHER PACIFIC ISLANDER,LightGBM,Targeted LightGBM - lgbm_127_lr0023_500trees,0.0,0.0
cat__race_OTHER,LightGBM,Targeted LightGBM - lgbm_127_lr0023_500trees,0.0022705812539425664,8.844165525012655e-05
cat__race_PATIENT DECLINED TO ANSWER,LightGBM,Targeted LightGBM - lgbm_127_lr0023_500trees,0.0006111994301587254,-6.294196729602417e-05
cat__race_PORTUGUESE,LightGBM,Targeted LightGBM - lgbm_127_lr0023_500trees,0.0,0.0
cat__race_SOUTH AMERICAN,LightGBM,Targeted LightGBM - lgbm_127_lr0023_500trees,0.0,0.0
cat__race_UNABLE TO OBTAIN,LightGBM,Targeted LightGBM - lgbm_127_lr0023_500trees,0.0018952329432216442,0.00041264109877055797
cat__race_UNKNOWN,LightGBM,Targeted LightGBM - lgbm_127_lr0023_500trees,0.02214785310436639,0.007947465509169681
cat__race_WHITE,LightGBM,Targeted LightGBM - lgbm_127_lr0023_500trees,0.0012851874779522562,-3.327453770116856e-05
cat__race_WHITE - BRAZILIAN,LightGBM,Targeted LightGBM - lgbm_127_lr0023_500trees,0.0,0.0
cat__race_WHITE - EASTERN EUROPEAN,LightGBM,Targeted LightGBM - lgbm_127_lr0023_500trees,0.0,0.0
cat__race_WHITE - OTHER EUROPEAN,LightGBM,Targeted LightGBM - lgbm_127_lr0023_500trees,0.0,0.0
cat__race_WHITE - RUSSIAN,LightGBM,Targeted LightGBM - lgbm_127_lr0023_500trees,0.0,0.0
cat__first_icu_careunit_Cardiac Vascular Intensive Care Unit (CVICU),LightGBM,Targeted LightGBM - lgbm_127_lr0023_500trees,0.0,0.0
cat__first_icu_careunit_Coronary Care Unit (CCU),LightGBM,Targeted LightGBM - lgbm_127_lr0023_500trees,0.0002664958990427445,6.491164072939076e-05
cat__first_icu_careunit_Intensive Care Unit (ICU),LightGBM,Targeted LightGBM - lgbm_127_lr0023_500trees,0.0,0.0
cat__first_icu_careunit_Med/Surg,LightGBM,Targeted LightGBM - lgbm_127_lr0023_500trees,0.0,0.0
cat__first_icu_careunit_Medical Intensive Care Unit (MICU),LightGBM,Targeted LightGBM - lgbm_127_lr0023_500trees,0.0,0.0
cat__first_icu_careunit_Medical/Surgical Intensive Care Unit (MICU/SICU),LightGBM,Targeted LightGBM - lgbm_127_lr0023_500trees,0.0001160375451959568,-5.7129614464605186e-06
cat__first_icu_careunit_Medicine,LightGBM,Targeted LightGBM - lgbm_127_lr0023_500trees,0.0,0.0
cat__first_icu_careunit_Neuro Intermediate,LightGBM,Targeted LightGBM - lgbm_127_lr0023_500trees,0.0,0.0
cat__first_icu_careunit_Neuro Stepdown,LightGBM,Targeted LightGBM - lgbm_127_lr0023_500trees,0.0,0.0
cat__first_icu_careunit_Neuro Surgical Intensive Care Unit (Neuro SICU),LightGBM,Targeted LightGBM - lgbm_127_lr0023_500trees,0.0,0.0
cat__first_icu_careunit_No ICU,LightGBM,Targeted LightGBM - lgbm_127_lr0023_500trees,0.0,0.0
cat__first_icu_careunit_PACU,LightGBM,Targeted LightGBM - lgbm_127_lr0023_500trees,0.0,0.0
cat__first_icu_careunit_Surgery/Trauma,LightGBM,Targeted LightGBM - lgbm_127_lr0023_500trees,0.0,0.0
cat__first_icu_careunit_Surgery/Vascular/Intermediate,LightGBM,Targeted LightGBM - lgbm_127_lr0023_500trees,0.0,0.0
cat__first_icu_careunit_Surgical Intensive Care Unit (SICU),LightGBM,Targeted LightGBM - lgbm_127_lr0023_500trees,0.0,0.0
cat__first_icu_careunit_Trauma SICU (TSICU),LightGBM,Targeted LightGBM - lgbm_127_lr0023_500trees,0.0,0.0
cat__last_icu_careunit_Cardiac Vascular Intensive Care Unit (CVICU),LightGBM,Targeted LightGBM - lgbm_127_lr0023_500trees,4.788119680845781e-05,6.353972662217446e-06
cat__last_icu_careunit_Coronary Care Unit (CCU),LightGBM,Targeted LightGBM - lgbm_127_lr0023_500trees,0.00023530083187978245,6.267483717098307e-05
cat__last_icu_careunit_Intensive Care Unit (ICU),LightGBM,Targeted LightGBM - lgbm_127_lr0023_500trees,0.0,0.0
cat__last_icu_careunit_Med/Surg,LightGBM,Targeted LightGBM - lgbm_127_lr0023_500trees,0.0,0.0
cat__last_icu_careunit_Medical Intensive Care Unit (MICU),LightGBM,Targeted LightGBM - lgbm_127_lr0023_500trees,0.0,0.0
cat__last_icu_careunit_Medical/Surgical Intensive Care Unit (MICU/SICU),LightGBM,Targeted LightGBM - lgbm_127_lr0023_500trees,0.0006215729103230277,1.1917500137919223e-05
cat__last_icu_careunit_Medicine,LightGBM,Targeted LightGBM - lgbm_127_lr0023_500trees,0.0,0.0
cat__last_icu_careunit_Neuro Intermediate,LightGBM,Targeted LightGBM - lgbm_127_lr0023_500trees,0.0,0.0
cat__last_icu_careunit_Neuro Stepdown,LightGBM,Targeted LightGBM - lgbm_127_lr0023_500trees,0.0,0.0
cat__last_icu_careunit_Neuro Surgical Intensive Care Unit (Neuro SICU),LightGBM,Targeted LightGBM - lgbm_127_lr0023_500trees,0.0,0.0
cat__last_icu_careunit_No ICU,LightGBM,Targeted LightGBM - lgbm_127_lr0023_500trees,0.0,0.0
cat__last_icu_careunit_PACU,LightGBM,Targeted LightGBM - lgbm_127_lr0023_500trees,0.0,0.0
cat__last_icu_careunit_Surgery/Trauma,LightGBM,Targeted LightGBM - lgbm_127_lr0023_500trees,0.0,0.0
cat__last_icu_careunit_Surgery/Vascular/Intermediate,LightGBM,Targeted LightGBM - lgbm_127_lr0023_500trees,0.0,0.0
cat__last_icu_careunit_Surgical Intensive Care Unit (SICU),LightGBM,Targeted LightGBM - lgbm_127_lr0023_500trees,7.646565096942274e-05,1.2843625305956952e-05
cat__last_icu_careunit_Trauma SICU (TSICU),LightGBM,Targeted LightGBM - lgbm_127_lr0023_500trees,0.0,0.0
cat__icu_type_Cardiac ICU,LightGBM,Targeted LightGBM - lgbm_127_lr0023_500trees,0.0003124102513027352,7.597987807128373e-06
cat__icu_type_Medical ICU,LightGBM,Targeted LightGBM - lgbm_127_lr0023_500trees,0.0,0.0
cat__icu_type_Neuro ICU,LightGBM,Targeted LightGBM - lgbm_127_lr0023_500trees,0.0,0.0
cat__icu_type_No ICU,LightGBM,Targeted LightGBM - lgbm_127_lr0023_500trees,0.0,0.0
cat__icu_type_Other ICU,LightGBM,Targeted LightGBM - lgbm_127_lr0023_500trees,0.0,0.0
cat__icu_type_Surgical/Trauma ICU,LightGBM,Targeted LightGBM - lgbm_127_lr0023_500trees,6.833524585301453e-05,-8.481710031456154e-06
cat__first_service_CMED,LightGBM,Targeted LightGBM - lgbm_127_lr0023_500trees,0.00019760666067002533,2.0563192789374064e-05
cat__first_service_CSURG,LightGBM,Targeted LightGBM - lgbm_127_lr0023_500trees,0.0,0.0
cat__first_service_DENT,LightGBM,Targeted LightGBM - lgbm_127_lr0023_500trees,0.0,0.0
cat__first_service_ENT,LightGBM,Targeted LightGBM - lgbm_127_lr0023_500trees,0.0,0.0
cat__first_service_EYE,LightGBM,Targeted LightGBM - lgbm_127_lr0023_500trees,0.0,0.0
cat__first_service_GU,LightGBM,Targeted LightGBM - lgbm_127_lr0023_500trees,0.0,0.0
cat__first_service_GYN,LightGBM,Targeted LightGBM - lgbm_127_lr0023_500trees,0.0,0.0
cat__first_service_MED,LightGBM,Targeted LightGBM - lgbm_127_lr0023_500trees,0.006332905803297985,0.0014286609526951654
cat__first_service_NMED,LightGBM,Targeted LightGBM - lgbm_127_lr0023_500trees,0.008548100933840641,0.0023751862597400004
cat__first_service_NSURG,LightGBM,Targeted LightGBM - lgbm_127_lr0023_500trees,0.0013880233793897086,-7.130855861145421e-05
cat__first_service_OBS,LightGBM,Targeted LightGBM - lgbm_127_lr0023_500trees,0.002188259754205893,-0.0009225500625315284
cat__first_service_OMED,LightGBM,Targeted LightGBM - lgbm_127_lr0023_500trees,0.0035069189160025784,0.0003846917544535078
cat__first_service_ORTHO,LightGBM,Targeted LightGBM - lgbm_127_lr0023_500trees,0.00214985419637806,9.491874152347248e-05
cat__first_service_PSURG,LightGBM,Targeted LightGBM - lgbm_127_lr0023_500trees,0.0,0.0
cat__first_service_PSYCH,LightGBM,Targeted LightGBM - lgbm_127_lr0023_500trees,0.0001248654097583773,-1.4027225674732946e-05
cat__first_service_SURG,LightGBM,Targeted LightGBM - lgbm_127_lr0023_500trees,0.0015620497745094423,-0.0004157195225687068
cat__first_service_TRAUM,LightGBM,Targeted LightGBM - lgbm_127_lr0023_500trees,0.0007882710064261118,7.429481829286271e-05
cat__first_service_TSURG,LightGBM,Targeted LightGBM - lgbm_127_lr0023_500trees,0.0,0.0
cat__first_service_Unknown,LightGBM,Targeted LightGBM - lgbm_127_lr0023_500trees,0.0,0.0
cat__first_service_VSURG,LightGBM,Targeted LightGBM - lgbm_127_lr0023_500trees,0.0013001990057203148,-3.657560612307365e-05
cat__last_service_CMED,LightGBM,Targeted LightGBM - lgbm_127_lr0023_500trees,0.00029331695074990833,-4.8727293153446386e-05
cat__last_service_CSURG,LightGBM,Targeted LightGBM - lgbm_127_lr0023_500trees,0.0001375990707939975,4.8915301394023944e-05
cat__last_service_DENT,LightGBM,Targeted LightGBM - lgbm_127_lr0023_500trees,0.0,0.0
cat__last_service_ENT,LightGBM,Targeted LightGBM - lgbm_127_lr0023_500trees,0.0,0.0
cat__last_service_EYE,LightGBM,Targeted LightGBM - lgbm_127_lr0023_500trees,0.0,0.0
cat__last_service_GU,LightGBM,Targeted LightGBM - lgbm_127_lr0023_500trees,0.0,0.0
cat__last_service_GYN,LightGBM,Targeted LightGBM - lgbm_127_lr0023_500trees,0.0,0.0
cat__last_service_MED,LightGBM,Targeted LightGBM - lgbm_127_lr0023_500trees,0.0058231554211401835,0.0011524858143577904
cat__last_service_NMED,LightGBM,Targeted LightGBM - lgbm_127_lr0023_500trees,0.0021739902414178226,0.0006060670110471971
cat__last_service_NSURG,LightGBM,Targeted LightGBM - lgbm_127_lr0023_500trees,0.00034793043755172037,-8.717493430689264e-06
cat__last_service_OBS,LightGBM,Targeted LightGBM - lgbm_127_lr0023_500trees,0.001453811214037959,-0.0005177418421650937
cat__last_service_OMED,LightGBM,Targeted LightGBM - lgbm_127_lr0023_500trees,0.018197525281608774,0.0011019093192280835
cat__last_service_ORTHO,LightGBM,Targeted LightGBM - lgbm_127_lr0023_500trees,0.00037036158024479973,7.233887220651803e-05
cat__last_service_PSURG,LightGBM,Targeted LightGBM - lgbm_127_lr0023_500trees,2.6735370065746632e-05,1.6770737561822632e-05
cat__last_service_PSYCH,LightGBM,Targeted LightGBM - lgbm_127_lr0023_500trees,0.00039571800601936793,8.962831761371285e-05
cat__last_service_SURG,LightGBM,Targeted LightGBM - lgbm_127_lr0023_500trees,0.00020746889328005787,2.001608458583065e-05
cat__last_service_TRAUM,LightGBM,Targeted LightGBM - lgbm_127_lr0023_500trees,0.0048722047016329754,0.0008245405513939083
cat__last_service_TSURG,LightGBM,Targeted LightGBM - lgbm_127_lr0023_500trees,0.0,0.0
cat__last_service_Unknown,LightGBM,Targeted LightGBM - lgbm_127_lr0023_500trees,0.0,0.0
cat__last_service_VSURG,LightGBM,Targeted LightGBM - lgbm_127_lr0023_500trees,0.0036848346698037313,-0.0003453714029236962
cat__infection_burden_category_0 tests,LightGBM,Targeted LightGBM - lgbm_127_lr0023_500trees,0.0,0.0
cat__infection_burden_category_1-2 tests,LightGBM,Targeted LightGBM - lgbm_127_lr0023_500trees,0.00015988851574245095,1.4486794512794998e-05
cat__infection_burden_category_3-5 tests,LightGBM,Targeted LightGBM - lgbm_127_lr0023_500trees,0.00014574363497940867,-2.4761005328956313e-05
cat__infection_burden_category_6+ tests,LightGBM,Targeted LightGBM - lgbm_127_lr0023_500trees,0.00010238488620367671,2.1266911120118228e-05
cat__last_careunit_before_discharge_No transfer record,LightGBM,Targeted LightGBM - lgbm_127_lr0023_500trees,0.0,0.0
cat__last_careunit_before_discharge_UNKNOWN,LightGBM,Targeted LightGBM - lgbm_127_lr0023_500trees,0.0,0.0
cat__time_since_previous_psych_category_0-30 days,LightGBM,Targeted LightGBM - lgbm_127_lr0023_500trees,0.00017962742152714492,4.12130222801783e-05
cat__time_since_previous_psych_category_181-365 days,LightGBM,Targeted LightGBM - lgbm_127_lr0023_500trees,0.00033667897059251487,4.2733306805728955e-06
cat__time_since_previous_psych_category_31-90 days,LightGBM,Targeted LightGBM - lgbm_127_lr0023_500trees,0.0001284151553224616,-6.9716204469575895e-06
cat__time_since_previous_psych_category_365+ days,LightGBM,Targeted LightGBM - lgbm_127_lr0023_500trees,0.0010875070451341737,4.2529886053180424e-05
cat__time_since_previous_psych_category_91-180 days,LightGBM,Targeted LightGBM - lgbm_127_lr0023_500trees,0.00022658372583139706,2.1867318144799428e-05
cat__time_since_previous_psych_category_No previous psychiatric admission,LightGBM,Targeted LightGBM - lgbm_127_lr0023_500trees,0.0,0.0
cat__age_group_18-29,LightGBM,Targeted LightGBM - lgbm_127_lr0023_500trees,0.0006305772242478941,-4.139330604237132e-05
cat__age_group_30-39,LightGBM,Targeted LightGBM - lgbm_127_lr0023_500trees,0.0003170562938411376,3.48648815866776e-05
cat__age_group_40-49,LightGBM,Targeted LightGBM - lgbm_127_lr0023_500trees,0.00020650035233850037,6.077802877404287e-06
cat__age_group_50-59,LightGBM,Targeted LightGBM - lgbm_127_lr0023_500trees,0.0004604300139790034,5.361340025882489e-06
cat__age_group_60-69,LightGBM,Targeted LightGBM - lgbm_127_lr0023_500trees,0.000814905378012498,-1.3226393678755153e-05
cat__age_group_70-79,LightGBM,Targeted LightGBM - lgbm_127_lr0023_500trees,0.0003024111742587085,-1.0562994480543193e-05
cat__age_group_80+,LightGBM,Targeted LightGBM - lgbm_127_lr0023_500trees,0.0008740111455437429,0.00011822294234490169
cat__hospital_los_category_0-1 days,LightGBM,Targeted LightGBM - lgbm_127_lr0023_500trees,6.858498052819102e-05,-8.938894084715889e-06
cat__hospital_los_category_1-3 days,LightGBM,Targeted LightGBM - lgbm_127_lr0023_500trees,0.00014558122246556202,1.7055854489977285e-05
cat__hospital_los_category_3-7 days,LightGBM,Targeted LightGBM - lgbm_127_lr0023_500trees,0.0011340058640781719,3.3936607234661095e-05
cat__hospital_los_category_7+ days,LightGBM,Targeted LightGBM - lgbm_127_lr0023_500trees,0.0,0.0
cat__admission_season_autumn,LightGBM,Targeted LightGBM - lgbm_127_lr0023_500trees,0.0003138272121704129,3.4951962141851945e-06
cat__admission_season_spring,LightGBM,Targeted LightGBM - lgbm_127_lr0023_500trees,0.00025365016927554384,1.4959736170599188e-05
cat__admission_season_summer,LightGBM,Targeted LightGBM - lgbm_127_lr0023_500trees,0.0002884865237005803,-5.146711409003941e-06
cat__admission_season_winter,LightGBM,Targeted LightGBM - lgbm_127_lr0023_500trees,0.00036656346838938786,1.0896143626253982e-05
cat__discharge_season_autumn,LightGBM,Targeted LightGBM - lgbm_127_lr0023_500trees,0.0028542451438750586,4.68151218002026e-05
cat__discharge_season_spring,LightGBM,Targeted LightGBM - lgbm_127_lr0023_500trees,0.00010099379823518326,7.309420933910142e-06
cat__discharge_season_summer,LightGBM,Targeted LightGBM - lgbm_127_lr0023_500trees,0.0002969462808125875,-9.936004888816371e-06
cat__discharge_season_winter,LightGBM,Targeted LightGBM - lgbm_127_lr0023_500trees,0.0010552098577463617,-4.17156286976142e-05
cat__discharge_location_grouped_Facility / rehab / long-term care,LightGBM,Targeted LightGBM - lgbm_127_lr0023_500trees,0.007090349200518073,0.000899682350499701
cat__discharge_location_grouped_Home,LightGBM,Targeted LightGBM - lgbm_127_lr0023_500trees,0.0,0.0
cat__discharge_location_grouped_Home health care,LightGBM,Targeted LightGBM - lgbm_127_lr0023_500trees,0.0011580176882120203,3.157478774320287e-05
cat__discharge_location_grouped_Other,LightGBM,Targeted LightGBM - lgbm_127_lr0023_500trees,0.0035150687328215774,0.0001525963767548096
cat__discharge_location_grouped_Psych facility,LightGBM,Targeted LightGBM - lgbm_127_lr0023_500trees,0.0020313615155723615,0.0014647315739897198
cat__discharge_location_grouped_Unknown / not modelled,LightGBM,Targeted LightGBM - lgbm_127_lr0023_500trees,0.01122186218949238,-0.0017848001277417126
cat__admission_location_grouped_Emergency room,LightGBM,Targeted LightGBM - lgbm_127_lr0023_500trees,0.0004970156915326836,1.3757726909598985e-05
cat__admission_location_grouped_Internal transfer involving psych,LightGBM,Targeted LightGBM - lgbm_127_lr0023_500trees,7.308896037887967e-05,1.3204209266799555e-05
cat__admission_location_grouped_Other,LightGBM,Targeted LightGBM - lgbm_127_lr0023_500trees,0.00042777688414419074,7.980373313099304e-05
cat__admission_location_grouped_Physician / clinic referral,LightGBM,Targeted LightGBM - lgbm_127_lr0023_500trees,0.0009716295942162555,6.363525720642388e-05
cat__admission_location_grouped_Transfer from hospital,LightGBM,Targeted LightGBM - lgbm_127_lr0023_500trees,0.0003415049274445169,4.4735044365027864e-05
cat__admission_location_grouped_Transfer from skilled nursing facility,LightGBM,Targeted LightGBM - lgbm_127_lr0023_500trees,0.0,0.0
cat__admission_location_grouped_Unknown,LightGBM,Targeted LightGBM - lgbm_127_lr0023_500trees,0.0,0.0
cat__insurance_grouped_Medicaid,LightGBM,Targeted LightGBM - lgbm_127_lr0023_500trees,0.0016037534669482067,0.0003013181930822945
cat__insurance_grouped_Medicare,LightGBM,Targeted LightGBM - lgbm_127_lr0023_500trees,8.475516685633722e-05,4.1940158147681686e-05
cat__insurance_grouped_Other / unknown,LightGBM,Targeted LightGBM - lgbm_127_lr0023_500trees,0.0,0.0
cat__insurance_grouped_Private,LightGBM,Targeted LightGBM - lgbm_127_lr0023_500trees,0.0011449086200604087,6.135117784607823e-05
cat__psych_diagnosis_burden_category_1 diagnosis,LightGBM,Targeted LightGBM - lgbm_127_lr0023_500trees,0.006484879845296942,0.0005609824391073857
cat__psych_diagnosis_burden_category_2 diagnoses,LightGBM,Targeted LightGBM - lgbm_127_lr0023_500trees,0.0008228272705518533,9.535898101365042e-06
cat__psych_diagnosis_burden_category_3-4 diagnoses,LightGBM,Targeted LightGBM - lgbm_127_lr0023_500trees,0.00036147587902283433,2.3619802775464287e-05
cat__psych_diagnosis_burden_category_5+ diagnoses,LightGBM,Targeted LightGBM - lgbm_127_lr0023_500trees,0.0,0.0
cat__nonpsych_diagnosis_burden_category_0,LightGBM,Targeted LightGBM - lgbm_127_lr0023_500trees,0.0,0.0
cat__nonpsych_diagnosis_burden_category_1-5,LightGBM,Targeted LightGBM - lgbm_127_lr0023_500trees,3.480786043219176e-05,-5.078448735364528e-06
cat__nonpsych_diagnosis_burden_category_11+,LightGBM,Targeted LightGBM - lgbm_127_lr0023_500trees,0.000158918094600024,2.4126285893386214e-05
cat__nonpsych_diagnosis_burden_category_6-10,LightGBM,Targeted LightGBM - lgbm_127_lr0023_500trees,0.0002595135272076715,-1.896700888432328e-05
cat__total_diagnosis_burden_category_0-5,LightGBM,Targeted LightGBM - lgbm_127_lr0023_500trees,0.0,0.0
cat__total_diagnosis_burden_category_11-20,LightGBM,Targeted LightGBM - lgbm_127_lr0023_500trees,0.0008488754128020194,0.0001652374800448045
cat__total_diagnosis_burden_category_21+,LightGBM,Targeted LightGBM - lgbm_127_lr0023_500trees,6.566163276882263e-05,6.095928643823988e-06
cat__total_diagnosis_burden_category_6-10,LightGBM,Targeted LightGBM - lgbm_127_lr0023_500trees,0.0010795472696686688,-3.1427768834431716e-05
cat__drg_severity_category_Extreme,LightGBM,Targeted LightGBM - lgbm_127_lr0023_500trees,4.3311221465747826e-05,8.840957999476951e-07
cat__drg_severity_category_Major,LightGBM,Targeted LightGBM - lgbm_127_lr0023_500trees,0.002849267855573964,4.6401024819993613e-07
cat__drg_severity_category_Minor,LightGBM,Targeted LightGBM - lgbm_127_lr0023_500trees,0.0008215692368589402,0.00017577566788313666
cat__drg_severity_category_Moderate,LightGBM,Targeted LightGBM - lgbm_127_lr0023_500trees,0.0002965791779784563,3.240830680076037e-05
cat__drg_severity_category_No DRG record,LightGBM,Targeted LightGBM - lgbm_127_lr0023_500trees,0.0,0.0
cat__drg_mortality_category_Extreme,LightGBM,Targeted LightGBM - lgbm_127_lr0023_500trees,0.0005520776037120967,3.9627226708102295e-05
cat__drg_mortality_category_Major,LightGBM,Targeted LightGBM - lgbm_127_lr0023_500trees,0.0,0.0
cat__drg_mortality_category_Minor,LightGBM,Targeted LightGBM - lgbm_127_lr0023_500trees,0.002320284705353343,0.00025903074558653115
cat__drg_mortality_category_Moderate,LightGBM,Targeted LightGBM - lgbm_127_lr0023_500trees,0.0015386312284490368,-0.0003222782110659169
cat__drg_mortality_category_No DRG record,LightGBM,Targeted LightGBM - lgbm_127_lr0023_500trees,0.0,0.0
cat__service_transfer_category_0 transfers,LightGBM,Targeted LightGBM - lgbm_127_lr0023_500trees,0.0,0.0
cat__service_transfer_category_1 transfer,LightGBM,Targeted LightGBM - lgbm_127_lr0023_500trees,0.0012410479501944226,-1.2114799248577075e-06
cat__service_transfer_category_2+ transfers,LightGBM,Targeted LightGBM - lgbm_127_lr0023_500trees,0.0,0.0
cat__physical_transfer_category_0-2 transfer events,LightGBM,Targeted LightGBM - lgbm_127_lr0023_500trees,0.00022977678861413225,2.334108105001436e-05
cat__physical_transfer_category_3-4 transfer events,LightGBM,Targeted LightGBM - lgbm_127_lr0023_500trees,0.00043505415382275297,3.420949172892487e-05
cat__physical_transfer_category_5+ transfer events,LightGBM,Targeted LightGBM - lgbm_127_lr0023_500trees,0.0,0.0
cat__procedure_burden_category_0 procedures,LightGBM,Targeted LightGBM - lgbm_127_lr0023_500trees,7.853672336563011e-05,-1.4505867549035675e-05
cat__procedure_burden_category_1-2 procedures,LightGBM,Targeted LightGBM - lgbm_127_lr0023_500trees,0.0003194536365690653,4.651067204538538e-05
cat__procedure_burden_category_3+ procedures,LightGBM,Targeted LightGBM - lgbm_127_lr0023_500trees,7.37318189884978e-05,2.438257368118851e-06
cat__psych_medication_burden_category_0 classes,LightGBM,Targeted LightGBM - lgbm_127_lr0023_500trees,0.0,0.0
cat__psych_medication_burden_category_1 class,LightGBM,Targeted LightGBM - lgbm_127_lr0023_500trees,0.0005422139420333507,4.826720430786224e-06
cat__psych_medication_burden_category_2 classes,LightGBM,Targeted LightGBM - lgbm_127_lr0023_500trees,0.00014244532826156886,-3.28135695062717e-05
cat__psych_medication_burden_category_3+ classes,LightGBM,Targeted LightGBM - lgbm_127_lr0023_500trees,0.00038684695288784484,1.7312622193059626e-06
cat__icu_utilisation_category_Multiple ICU stays,LightGBM,Targeted LightGBM - lgbm_127_lr0023_500trees,0.0,0.0
cat__icu_utilisation_category_No ICU,LightGBM,Targeted LightGBM - lgbm_127_lr0023_500trees,0.0,0.0
cat__icu_utilisation_category_Single ICU stay,LightGBM,Targeted LightGBM - lgbm_127_lr0023_500trees,0.0005541467735687743,0.0001578516683283407
cat__physiological_instability_category_0 indicators,LightGBM,Targeted LightGBM - lgbm_127_lr0023_500trees,0.0,0.0
cat__physiological_instability_category_1 indicator,LightGBM,Targeted LightGBM - lgbm_127_lr0023_500trees,0.0,0.0
cat__physiological_instability_category_2 indicators,LightGBM,Targeted LightGBM - lgbm_127_lr0023_500trees,0.0003705177223649056,-5.5813963941084846e-05
cat__physiological_instability_category_3+ indicators,LightGBM,Targeted LightGBM - lgbm_127_lr0023_500trees,0.0,0.0
num__anchor_age,XGBoost,Targeted XGBoost - xgb_depth7_cols075_weight035,0.0353943407535553,0.0003315588110126555
num__hospital_los_days,XGBoost,Targeted XGBoost - xgb_depth7_cols075_weight035,0.013768406584858894,0.005135341081768274
num__discharged_against_advice,XGBoost,Targeted XGBoost - xgb_depth7_cols075_weight035,0.005504786968231201,-0.0009696861961856484
num__not_married_flag,XGBoost,Targeted XGBoost - xgb_depth7_cols075_weight035,0.010717938654124737,0.001180222723633051
num__single_or_divorced_or_widowed,XGBoost,Targeted XGBoost - xgb_depth7_cols075_weight035,0.0020933724008500576,7.580432429676875e-05
num__non_english_language_flag,XGBoost,Targeted XGBoost - xgb_depth7_cols075_weight035,0.00012292087194509804,-8.121255632431712e-07
num__public_insurance_flag,XGBoost,Targeted XGBoost - xgb_depth7_cols075_weight035,0.018202587962150574,-0.0015298807993531227
num__medicaid_flag,XGBoost,Targeted XGBoost - xgb_depth7_cols075_weight035,0.005594357848167419,0.0007782639586366713
num__medicare_flag,XGBoost,Targeted XGBoost - xgb_depth7_cols075_weight035,0.0007724433671683073,8.515690569765866e-05
num__insurance_missing_flag,XGBoost,Targeted XGBoost - xgb_depth7_cols075_weight035,0.0,0.0
num__admitted_from_facility_flag,XGBoost,Targeted XGBoost - xgb_depth7_cols075_weight035,3.5606401070253924e-05,7.839850695745554e-06
num__admitted_from_hospital_transfer_flag,XGBoost,Targeted XGBoost - xgb_depth7_cols075_weight035,0.0028316376265138388,0.0004819973837584257
num__emergency_room_admission_flag,XGBoost,Targeted XGBoost - xgb_depth7_cols075_weight035,0.00972801074385643,0.0005070450133644044
num__transfer_from_hospital_flag,XGBoost,Targeted XGBoost - xgb_depth7_cols075_weight035,0.0006893407553434372,7.230014307424426e-05
num__transfer_from_snf_flag,XGBoost,Targeted XGBoost - xgb_depth7_cols075_weight035,0.0,0.0
num__internal_transfer_from_psych_flag,XGBoost,Targeted XGBoost - xgb_depth7_cols075_weight035,0.0,0.0
num__discharged_home_flag,XGBoost,Targeted XGBoost - xgb_depth7_cols075_weight035,0.00325954332947731,-8.442736725555733e-05
num__discharged_to_facility_flag,XGBoost,Targeted XGBoost - xgb_depth7_cols075_weight035,0.0016291324282065034,1.0871585800487082e-05
num__discharged_to_psych_facility_flag,XGBoost,Targeted XGBoost - xgb_depth7_cols075_weight035,0.04184699431061745,0.0322679802775383
num__los_under_2_days,XGBoost,Targeted XGBoost - xgb_depth7_cols075_weight035,2.1479201677720994e-05,4.699428245658055e-06
num__los_under_7_days,XGBoost,Targeted XGBoost - xgb_depth7_cols075_weight035,0.0,0.0
num__los_7_to_30_days,XGBoost,Targeted XGBoost - xgb_depth7_cols075_weight035,0.00023525934375356883,-6.339831452351063e-05
num__los_30plus_days,XGBoost,Targeted XGBoost - xgb_depth7_cols075_weight035,0.0,0.0
num__los_60plus_days,XGBoost,Targeted XGBoost - xgb_depth7_cols075_weight035,0.0,0.0
num__previous_total_admissions,XGBoost,Targeted XGBoost - xgb_depth7_cols075_weight035,0.0053405724465847015,0.001285863108932972
num__previous_psych_admissions_from_all_hosp,XGBoost,Targeted XGBoost - xgb_depth7_cols075_weight035,0.03141053020954132,0.004299700725823641
num__previous_nonpsych_admissions,XGBoost,Targeted XGBoost - xgb_depth7_cols075_weight035,0.004219481255859137,0.00038624327862635255
num__icu_stay_count,XGBoost,Targeted XGBoost - xgb_depth7_cols075_weight035,0.00016107046394608915,-3.749867028091103e-05
num__total_icu_los_days,XGBoost,Targeted XGBoost - xgb_depth7_cols075_weight035,0.0004940239596180618,8.963506843429059e-05
num__had_icu_stay,XGBoost,Targeted XGBoost - xgb_depth7_cols075_weight035,0.0,0.0
num__num_service_records,XGBoost,Targeted XGBoost - xgb_depth7_cols075_weight035,0.0003102743939962238,-2.2656520741293207e-05
num__num_unique_services,XGBoost,Targeted XGBoost - xgb_depth7_cols075_weight035,0.0,0.0
num__num_service_transfers,XGBoost,Targeted XGBoost - xgb_depth7_cols075_weight035,0.00017359417688567191,1.3365216545935255e-05
num__had_service_transfer,XGBoost,Targeted XGBoost - xgb_depth7_cols075_weight035,0.0,0.0
num__num_transfer_events,XGBoost,Targeted XGBoost - xgb_depth7_cols075_weight035,0.0015536571154370904,-4.395205178298056e-05
num__num_careunit_transfers,XGBoost,Targeted XGBoost - xgb_depth7_cols075_weight035,0.0009067789069376886,-0.00010473680595168844
num__had_ed_transfer_record,XGBoost,Targeted XGBoost - xgb_depth7_cols075_weight035,0.00019402311590965837,-3.3925061870831996e-05
num__had_unknown_transfer_careunit,XGBoost,Targeted XGBoost - xgb_depth7_cols075_weight035,0.0,0.0
num__num_unique_careunits,XGBoost,Targeted XGBoost - xgb_depth7_cols075_weight035,0.022580187767744064,-0.0006628195405937731
num__num_procedures,XGBoost,Targeted XGBoost - xgb_depth7_cols075_weight035,0.00384222948923707,-0.0010191835463047028
num__num_unique_procedure_codes,XGBoost,Targeted XGBoost - xgb_depth7_cols075_weight035,0.0016760986763983965,-0.0001508205896243453
num__had_procedure,XGBoost,Targeted XGBoost - xgb_depth7_cols075_weight035,0.0,0.0
num__drg_severity,XGBoost,Targeted XGBoost - xgb_depth7_cols075_weight035,0.0051841107197105885,-0.0005325119709596038
num__drg_mortality,XGBoost,Targeted XGBoost - xgb_depth7_cols075_weight035,0.0013409111415967345,0.00023070206225384027
num__drg_code_count,XGBoost,Targeted XGBoost - xgb_depth7_cols075_weight035,1.701369183138013e-05,-1.2640542763620033e-06
num__num_total_diagnoses,XGBoost,Targeted XGBoost - xgb_depth7_cols075_weight035,0.0027146083302795887,5.0005208322545514e-05
num__num_psych_diagnoses,XGBoost,Targeted XGBoost - xgb_depth7_cols075_weight035,0.026600375771522522,0.0017830943688750267
num__num_nonpsych_diagnoses,XGBoost,Targeted XGBoost - xgb_depth7_cols075_weight035,0.0031875926069915295,-0.0006811508210375905
num__has_anxiety_ptsd,XGBoost,Targeted XGBoost - xgb_depth7_cols075_weight035,0.0006538699381053448,0.00010422839113743976
num__has_bipolar_disorder,XGBoost,Targeted XGBoost - xgb_depth7_cols075_weight035,0.0006916698184795678,0.00014383850793819875
num__has_cognitive_delirium,XGBoost,Targeted XGBoost - xgb_depth7_cols075_weight035,0.001382689573802054,0.00017482612747699022
num__has_depression,XGBoost,Targeted XGBoost - xgb_depth7_cols075_weight035,0.034131068736314774,0.002686373656615615
num__has_eating_disorder,XGBoost,Targeted XGBoost - xgb_depth7_cols075_weight035,0.0,0.0
num__has_neurodevelopmental_disorder,XGBoost,Targeted XGBoost - xgb_depth7_cols075_weight035,0.0,0.0
num__has_other_psych_diagnosis,XGBoost,Targeted XGBoost - xgb_depth7_cols075_weight035,0.002151627792045474,3.2423795346403494e-05
num__has_personality_disorder,XGBoost,Targeted XGBoost - xgb_depth7_cols075_weight035,0.0004555694467853755,5.167642666492611e-05
num__has_psychotic_disorder,XGBoost,Targeted XGBoost - xgb_depth7_cols075_weight035,0.0006066380301490426,-1.3688460057892371e-05
num__has_substance_use,XGBoost,Targeted XGBoost - xgb_depth7_cols075_weight035,0.0025255316868424416,6.931411917321384e-05
num__num_prescription_rows,XGBoost,Targeted XGBoost - xgb_depth7_cols075_weight035,0.0038192225620150566,4.469098712434061e-05
num__num_unique_drugs,XGBoost,Targeted XGBoost - xgb_depth7_cols075_weight035,0.0019274167716503143,-0.00016106272232718766
num__had_antidepressant,XGBoost,Targeted XGBoost - xgb_depth7_cols075_weight035,0.003415999235585332,-0.0003147008246742189
num__had_antipsychotic,XGBoost,Targeted XGBoost - xgb_depth7_cols075_weight035,0.00039112160447984934,2.3551124286314007e-06
num__had_mood_stabiliser,XGBoost,Targeted XGBoost - xgb_depth7_cols075_weight035,0.0001060046924976632,3.923166514141485e-05
num__had_benzodiazepine,XGBoost,Targeted XGBoost - xgb_depth7_cols075_weight035,0.0022436892613768578,-4.127481224713847e-05
num__had_stimulant,XGBoost,Targeted XGBoost - xgb_depth7_cols075_weight035,0.0,0.0
num__had_sedative_hypnotic,XGBoost,Targeted XGBoost - xgb_depth7_cols075_weight035,0.000263570953393355,-2.1169889805605635e-05
num__num_psych_med_classes,XGBoost,Targeted XGBoost - xgb_depth7_cols075_weight035,0.002859959378838539,0.0005793058080598712
num__creatinine_lab_abnormal,XGBoost,Targeted XGBoost - xgb_depth7_cols075_weight035,0.00019780767615884542,3.45787157129962e-05
num__glucose_lab_abnormal,XGBoost,Targeted XGBoost - xgb_depth7_cols075_weight035,0.00019555966719053686,-1.4046031537873205e-06
num__hemoglobin_lab_abnormal,XGBoost,Targeted XGBoost - xgb_depth7_cols075_weight035,0.005950164049863815,-0.0003659929207060486
num__platelet_lab_abnormal,XGBoost,Targeted XGBoost - xgb_depth7_cols075_weight035,0.000526363612152636,-7.820569589966908e-05
num__potassium_lab_abnormal,XGBoost,Targeted XGBoost - xgb_depth7_cols075_weight035,0.00014562417345587164,-4.661319690058008e-05
num__sodium_lab_abnormal,XGBoost,Targeted XGBoost - xgb_depth7_cols075_weight035,0.003746103262528777,-0.0010507147526368499
num__urea_nitrogen_lab_abnormal,XGBoost,Targeted XGBoost - xgb_depth7_cols075_weight035,0.00019102705118712038,-6.849969940958545e-05
num__wbc_lab_abnormal,XGBoost,Targeted XGBoost - xgb_depth7_cols075_weight035,0.0005071951309219003,8.836398046696559e-05
num__creatinine_lab_count,XGBoost,Targeted XGBoost - xgb_depth7_cols075_weight035,0.00024693398154340684,1.2706008419627324e-05
num__glucose_lab_count,XGBoost,Targeted XGBoost - xgb_depth7_cols075_weight035,0.0008127925102598965,-0.0003737308143172413
num__hemoglobin_lab_count,XGBoost,Targeted XGBoost - xgb_depth7_cols075_weight035,0.0007264427840709686,-0.00027595917345024645
num__platelet_lab_count,XGBoost,Targeted XGBoost - xgb_depth7_cols075_weight035,0.00021189081599004567,-5.758323095506057e-05
num__potassium_lab_count,XGBoost,Targeted XGBoost - xgb_depth7_cols075_weight035,0.00039044750155881047,-8.401968807447702e-05
num__sodium_lab_count,XGBoost,Targeted XGBoost - xgb_depth7_cols075_weight035,0.0009427985060028732,0.0002270160912303254
num__urea_nitrogen_lab_count,XGBoost,Targeted XGBoost - xgb_depth7_cols075_weight035,0.001037532463669777,0.00022303237346932292
num__wbc_lab_count,XGBoost,Targeted XGBoost - xgb_depth7_cols075_weight035,0.0005237528239376843,-0.00014205028128344566
num__creatinine_lab_first_24h_count,XGBoost,Targeted XGBoost - xgb_depth7_cols075_weight035,0.00022079338668845594,-5.792747833766043e-05
num__glucose_lab_first_24h_count,XGBoost,Targeted XGBoost - xgb_depth7_cols075_weight035,0.001354231033474207,1.105124920286471e-05
num__hemoglobin_lab_first_24h_count,XGBoost,Targeted XGBoost - xgb_depth7_cols075_weight035,7.482709042960778e-05,-1.3361635865294375e-05
num__platelet_lab_first_24h_count,XGBoost,Targeted XGBoost - xgb_depth7_cols075_weight035,0.00018003401055466384,-1.871496715466492e-05
num__potassium_lab_first_24h_count,XGBoost,Targeted XGBoost - xgb_depth7_cols075_weight035,0.00024088716600090265,-3.586041202652268e-05
num__sodium_lab_first_24h_count,XGBoost,Targeted XGBoost - xgb_depth7_cols075_weight035,0.0008035532664507627,1.6722184227546677e-05
num__urea_nitrogen_lab_first_24h_count,XGBoost,Targeted XGBoost - xgb_depth7_cols075_weight035,0.0,0.0
num__wbc_lab_first_24h_count,XGBoost,Targeted XGBoost - xgb_depth7_cols075_weight035,0.0003455134865362197,-2.2639764210907742e-05
num__creatinine_lab_first_24h_max,XGBoost,Targeted XGBoost - xgb_depth7_cols075_weight035,0.001805654144845903,-0.00018196154269389808
num__glucose_lab_first_24h_max,XGBoost,Targeted XGBoost - xgb_depth7_cols075_weight035,0.0018462551524862647,-0.00017883325926959515
num__hemoglobin_lab_first_24h_max,XGBoost,Targeted XGBoost - xgb_depth7_cols075_weight035,0.0022713299840688705,-0.00012573602725751698
num__platelet_lab_first_24h_max,XGBoost,Targeted XGBoost - xgb_depth7_cols075_weight035,0.0045255376026034355,6.560049951076508e-05
num__potassium_lab_first_24h_max,XGBoost,Targeted XGBoost - xgb_depth7_cols075_weight035,0.002370889764279127,-0.00032032380113378167
num__sodium_lab_first_24h_max,XGBoost,Targeted XGBoost - xgb_depth7_cols075_weight035,0.0014823403907939792,1.2931689525430556e-05
num__urea_nitrogen_lab_first_24h_max,XGBoost,Targeted XGBoost - xgb_depth7_cols075_weight035,0.0016890408005565405,2.289904296048917e-05
num__wbc_lab_first_24h_max,XGBoost,Targeted XGBoost - xgb_depth7_cols075_weight035,0.00302962982095778,-0.00019701308337971568
num__creatinine_lab_first_24h_mean,XGBoost,Targeted XGBoost - xgb_depth7_cols075_weight035,0.001331599080003798,-2.957852484541945e-05
num__glucose_lab_first_24h_mean,XGBoost,Targeted XGBoost - xgb_depth7_cols075_weight035,0.002148865722119808,-3.077488827329944e-06
num__hemoglobin_lab_first_24h_mean,XGBoost,Targeted XGBoost - xgb_depth7_cols075_weight035,0.005401320289820433,-0.0008529185433872044
num__platelet_lab_first_24h_mean,XGBoost,Targeted XGBoost - xgb_depth7_cols075_weight035,0.0010664855362847447,-0.00044106144923716784
num__potassium_lab_first_24h_mean,XGBoost,Targeted XGBoost - xgb_depth7_cols075_weight035,0.0039005421567708254,-0.0008230524836108088
num__sodium_lab_first_24h_mean,XGBoost,Targeted XGBoost - xgb_depth7_cols075_weight035,0.0035997338127344847,-0.0003132711281068623
num__urea_nitrogen_lab_first_24h_mean,XGBoost,Targeted XGBoost - xgb_depth7_cols075_weight035,0.003646132303401828,-0.0007723902235738933
num__wbc_lab_first_24h_mean,XGBoost,Targeted XGBoost - xgb_depth7_cols075_weight035,0.0016557888593524694,-0.00048249863903038204
num__creatinine_lab_first_24h_min,XGBoost,Targeted XGBoost - xgb_depth7_cols075_weight035,0.0009727911674417555,-1.5876072211540304e-05
num__glucose_lab_first_24h_min,XGBoost,Targeted XGBoost - xgb_depth7_cols075_weight035,0.002296527149155736,-0.00020048758597113192
num__hemoglobin_lab_first_24h_min,XGBoost,Targeted XGBoost - xgb_depth7_cols075_weight035,0.0030580786988139153,-0.00040058637387119234
num__platelet_lab_first_24h_min,XGBoost,Targeted XGBoost - xgb_depth7_cols075_weight035,0.002970837987959385,0.00015802744019310921
num__potassium_lab_first_24h_min,XGBoost,Targeted XGBoost - xgb_depth7_cols075_weight035,0.0027731494046747684,-0.0007741879671812057
num__sodium_lab_first_24h_min,XGBoost,Targeted XGBoost - xgb_depth7_cols075_weight035,0.0014494402566924691,-4.703073500422761e-05
num__urea_nitrogen_lab_first_24h_min,XGBoost,Targeted XGBoost - xgb_depth7_cols075_weight035,0.001760781044140458,-0.0003288926091045141
num__wbc_lab_first_24h_min,XGBoost,Targeted XGBoost - xgb_depth7_cols075_weight035,0.0013625338906422257,-2.3848817363614216e-05
num__creatinine_lab_first_72h_count,XGBoost,Targeted XGBoost - xgb_depth7_cols075_weight035,0.0002469085156917572,-6.705583655275404e-05
num__glucose_lab_first_72h_count,XGBoost,Targeted XGBoost - xgb_depth7_cols075_weight035,0.0007230474730022252,-0.00033451637136749923
num__hemoglobin_lab_first_72h_count,XGBoost,Targeted XGBoost - xgb_depth7_cols075_weight035,0.0007954692700877786,4.372156035969965e-05
num__platelet_lab_first_72h_count,XGBoost,Targeted XGBoost - xgb_depth7_cols075_weight035,0.00042566037154756486,-6.882453453727067e-05
num__potassium_lab_first_72h_count,XGBoost,Targeted XGBoost - xgb_depth7_cols075_weight035,0.0007659996626898646,0.00016414126730524004
num__sodium_lab_first_72h_count,XGBoost,Targeted XGBoost - xgb_depth7_cols075_weight035,0.0013909945264458656,-0.0001491001748945564
num__urea_nitrogen_lab_first_72h_count,XGBoost,Targeted XGBoost - xgb_depth7_cols075_weight035,0.00016752484953030944,7.300846391444793e-06
num__wbc_lab_first_72h_count,XGBoost,Targeted XGBoost - xgb_depth7_cols075_weight035,0.00028903447673656046,-3.939978341804817e-05
num__creatinine_lab_first_72h_max,XGBoost,Targeted XGBoost - xgb_depth7_cols075_weight035,0.0014981456333771348,6.236714398255572e-05
num__glucose_lab_first_72h_max,XGBoost,Targeted XGBoost - xgb_depth7_cols075_weight035,0.0028994258027523756,-0.0003580867196433246
num__hemoglobin_lab_first_72h_max,XGBoost,Targeted XGBoost - xgb_depth7_cols075_weight035,0.00281709642149508,0.0006957246223464608
num__platelet_lab_first_72h_max,XGBoost,Targeted XGBoost - xgb_depth7_cols075_weight035,0.0028100968338549137,-0.0009101094910874963
num__potassium_lab_first_72h_max,XGBoost,Targeted XGBoost - xgb_depth7_cols075_weight035,0.0041013723239302635,-0.0004132775356993079
num__sodium_lab_first_72h_max,XGBoost,Targeted XGBoost - xgb_depth7_cols075_weight035,0.0014856249326840043,-0.00031682339613325894
num__urea_nitrogen_lab_first_72h_max,XGBoost,Targeted XGBoost - xgb_depth7_cols075_weight035,0.0019337596604600549,-0.00020647025667130947
num__wbc_lab_first_72h_max,XGBoost,Targeted XGBoost - xgb_depth7_cols075_weight035,0.003085820470005274,-0.00014778455079067498
num__creatinine_lab_first_72h_mean,XGBoost,Targeted XGBoost - xgb_depth7_cols075_weight035,0.0017540727276355028,0.00012586887169163674
num__glucose_lab_first_72h_mean,XGBoost,Targeted XGBoost - xgb_depth7_cols075_weight035,0.0034858975559473038,-0.000528820208273828
num__hemoglobin_lab_first_72h_mean,XGBoost,Targeted XGBoost - xgb_depth7_cols075_weight035,0.003605605335906148,-0.0008974530501291156
num__platelet_lab_first_72h_mean,XGBoost,Targeted XGBoost - xgb_depth7_cols075_weight035,0.002382360864430666,-0.00042919916450046003
num__potassium_lab_first_72h_mean,XGBoost,Targeted XGBoost - xgb_depth7_cols075_weight035,0.001904698321595788,-0.00017126798047684133
num__sodium_lab_first_72h_mean,XGBoost,Targeted XGBoost - xgb_depth7_cols075_weight035,0.004055394325405359,-0.0005105608724988997
num__urea_nitrogen_lab_first_72h_mean,XGBoost,Targeted XGBoost - xgb_depth7_cols075_weight035,0.00233012018725276,-0.00043749905307777226
num__wbc_lab_first_72h_mean,XGBoost,Targeted XGBoost - xgb_depth7_cols075_weight035,0.0017383674858137965,0.0002573289966676384
num__creatinine_lab_first_72h_min,XGBoost,Targeted XGBoost - xgb_depth7_cols075_weight035,0.0006267795688472688,0.00019487629469949752
num__glucose_lab_first_72h_min,XGBoost,Targeted XGBoost - xgb_depth7_cols075_weight035,0.007829135283827782,-0.0008555243257433176
num__hemoglobin_lab_first_72h_min,XGBoost,Targeted XGBoost - xgb_depth7_cols075_weight035,0.0024369533639401197,-0.00017393036978319287
num__platelet_lab_first_72h_min,XGBoost,Targeted XGBoost - xgb_depth7_cols075_weight035,0.0015141813782975078,-0.0002812505990732461
num__potassium_lab_first_72h_min,XGBoost,Targeted XGBoost - xgb_depth7_cols075_weight035,0.002063798950985074,0.00030510686337947845
num__sodium_lab_first_72h_min,XGBoost,Targeted XGBoost - xgb_depth7_cols075_weight035,0.002144108060747385,6.110867980169132e-05
num__urea_nitrogen_lab_first_72h_min,XGBoost,Targeted XGBoost - xgb_depth7_cols075_weight035,0.0011337650939822197,4.281789006199688e-05
num__wbc_lab_first_72h_min,XGBoost,Targeted XGBoost - xgb_depth7_cols075_weight035,0.002833807375282049,0.00011789811833295971
num__creatinine_lab_first_value,XGBoost,Targeted XGBoost - xgb_depth7_cols075_weight035,0.0014672430697828531,-5.7896464568329975e-05
num__glucose_lab_first_value,XGBoost,Targeted XGBoost - xgb_depth7_cols075_weight035,0.0033566406928002834,-0.00032153556821867824
num__hemoglobin_lab_first_value,XGBoost,Targeted XGBoost - xgb_depth7_cols075_weight035,0.0025412377435714006,-0.0001598089002072811
num__platelet_lab_first_value,XGBoost,Targeted XGBoost - xgb_depth7_cols075_weight035,0.0013663595309481025,4.743434692500159e-05
num__potassium_lab_first_value,XGBoost,Targeted XGBoost - xgb_depth7_cols075_weight035,0.0016143635148182511,-0.00013797206338495016
num__sodium_lab_first_value,XGBoost,Targeted XGBoost - xgb_depth7_cols075_weight035,0.0058503057807683945,0.0001635341759538278
num__urea_nitrogen_lab_first_value,XGBoost,Targeted XGBoost - xgb_depth7_cols075_weight035,0.001266920706257224,-0.00022473254648502916
num__wbc_lab_first_value,XGBoost,Targeted XGBoost - xgb_depth7_cols075_weight035,0.003607453079894185,8.070984767982736e-05
num__creatinine_lab_last_value,XGBoost,Targeted XGBoost - xgb_depth7_cols075_weight035,0.0010422634659335017,-2.1437199393403716e-05
num__glucose_lab_last_value,XGBoost,Targeted XGBoost - xgb_depth7_cols075_weight035,0.004573493730276823,-0.00025436453870497644
num__hemoglobin_lab_last_value,XGBoost,Targeted XGBoost - xgb_depth7_cols075_weight035,0.020779768005013466,-0.0004778759030159563
num__platelet_lab_last_value,XGBoost,Targeted XGBoost - xgb_depth7_cols075_weight035,0.005109846126288176,-0.0001926887343870476
num__potassium_lab_last_value,XGBoost,Targeted XGBoost - xgb_depth7_cols075_weight035,0.002133232308551669,-0.00014256122813094407
num__sodium_lab_last_value,XGBoost,Targeted XGBoost - xgb_depth7_cols075_weight035,0.015463589690625668,-0.0028759425040334463
num__urea_nitrogen_lab_last_value,XGBoost,Targeted XGBoost - xgb_depth7_cols075_weight035,0.002151620341464877,-0.0004467858816497028
num__wbc_lab_last_value,XGBoost,Targeted XGBoost - xgb_depth7_cols075_weight035,0.015001817606389523,-0.0003364468284416944
num__creatinine_lab_max_value,XGBoost,Targeted XGBoost - xgb_depth7_cols075_weight035,0.0009998349705711007,-0.00013315161049831659
num__glucose_lab_max_value,XGBoost,Targeted XGBoost - xgb_depth7_cols075_weight035,0.0038161093834787607,0.0004086374246980995
num__hemoglobin_lab_max_value,XGBoost,Targeted XGBoost - xgb_depth7_cols075_weight035,0.001441929372958839,-9.179369226330891e-05
num__platelet_lab_max_value,XGBoost,Targeted XGBoost - xgb_depth7_cols075_weight035,0.002285602269694209,-0.00016440643230453134
num__potassium_lab_max_value,XGBoost,Targeted XGBoost - xgb_depth7_cols075_weight035,0.002327783964574337,0.00023488195438403636
num__sodium_lab_max_value,XGBoost,Targeted XGBoost - xgb_depth7_cols075_weight035,0.0025480659678578377,-0.0005126760224811733
num__urea_nitrogen_lab_max_value,XGBoost,Targeted XGBoost - xgb_depth7_cols075_weight035,0.0028859807644039392,-0.0005649529048241675
num__wbc_lab_max_value,XGBoost,Targeted XGBoost - xgb_depth7_cols075_weight035,0.003243653802201152,-0.00031788944033905864
num__creatinine_lab_mean_value,XGBoost,Targeted XGBoost - xgb_depth7_cols075_weight035,0.006484918296337128,0.000526951567735523
num__glucose_lab_mean_value,XGBoost,Targeted XGBoost - xgb_depth7_cols075_weight035,0.0028765322640538216,-0.0002898777602240443
num__hemoglobin_lab_mean_value,XGBoost,Targeted XGBoost - xgb_depth7_cols075_weight035,0.0030107120983302593,-0.0003705293347593397
num__platelet_lab_mean_value,XGBoost,Targeted XGBoost - xgb_depth7_cols075_weight035,0.0033076866529881954,0.0004606111906468868
num__potassium_lab_mean_value,XGBoost,Targeted XGBoost - xgb_depth7_cols075_weight035,0.0030672920402139425,-3.8098143704701215e-05
num__sodium_lab_mean_value,XGBoost,Targeted XGBoost - xgb_depth7_cols075_weight035,0.0027347602881491184,-0.0004422444908414036
num__urea_nitrogen_lab_mean_value,XGBoost,Targeted XGBoost - xgb_depth7_cols075_weight035,0.0031360469292849302,-0.000595880497712642
num__wbc_lab_mean_value,XGBoost,Targeted XGBoost - xgb_depth7_cols075_weight035,0.0025075192097574472,0.0001843286881921813
num__creatinine_lab_measured,XGBoost,Targeted XGBoost - xgb_depth7_cols075_weight035,0.0,0.0
num__glucose_lab_measured,XGBoost,Targeted XGBoost - xgb_depth7_cols075_weight035,0.0,0.0
num__hemoglobin_lab_measured,XGBoost,Targeted XGBoost - xgb_depth7_cols075_weight035,0.0,0.0
num__platelet_lab_measured,XGBoost,Targeted XGBoost - xgb_depth7_cols075_weight035,0.0,0.0
num__potassium_lab_measured,XGBoost,Targeted XGBoost - xgb_depth7_cols075_weight035,0.0,0.0
num__sodium_lab_measured,XGBoost,Targeted XGBoost - xgb_depth7_cols075_weight035,0.0,0.0
num__urea_nitrogen_lab_measured,XGBoost,Targeted XGBoost - xgb_depth7_cols075_weight035,0.0,0.0
num__wbc_lab_measured,XGBoost,Targeted XGBoost - xgb_depth7_cols075_weight035,0.0,0.0
num__creatinine_lab_min_value,XGBoost,Targeted XGBoost - xgb_depth7_cols075_weight035,0.0010134669719263911,-0.000159406554303132
num__glucose_lab_min_value,XGBoost,Targeted XGBoost - xgb_depth7_cols075_weight035,0.004400454927235842,-0.0011596246622502804
num__hemoglobin_lab_min_value,XGBoost,Targeted XGBoost - xgb_depth7_cols075_weight035,0.012140179052948952,-0.000943442340940237
num__platelet_lab_min_value,XGBoost,Targeted XGBoost - xgb_depth7_cols075_weight035,0.0020444791298359632,-0.00020842380763497204
num__potassium_lab_min_value,XGBoost,Targeted XGBoost - xgb_depth7_cols075_weight035,0.0017704946221783757,5.614270412479527e-05
num__sodium_lab_min_value,XGBoost,Targeted XGBoost - xgb_depth7_cols075_weight035,0.008100158534944057,-0.001291129388846457
num__urea_nitrogen_lab_min_value,XGBoost,Targeted XGBoost - xgb_depth7_cols075_weight035,0.0023007914423942566,-0.0005839218501932919
num__wbc_lab_min_value,XGBoost,Targeted XGBoost - xgb_depth7_cols075_weight035,0.0035436912439763546,-0.0006860030116513371
num__creatinine_lab_severe_abnormal,XGBoost,Targeted XGBoost - xgb_depth7_cols075_weight035,0.0,0.0
num__glucose_lab_severe_abnormal,XGBoost,Targeted XGBoost - xgb_depth7_cols075_weight035,3.486879722913727e-05,6.572660822712351e-06
num__hemoglobin_lab_severe_abnormal,XGBoost,Targeted XGBoost - xgb_depth7_cols075_weight035,1.2779767530446406e-05,6.532337465614546e-06
num__platelet_lab_severe_abnormal,XGBoost,Targeted XGBoost - xgb_depth7_cols075_weight035,3.061533425352536e-05,5.142757800058462e-06
num__potassium_lab_severe_abnormal,XGBoost,Targeted XGBoost - xgb_depth7_cols075_weight035,0.0,0.0
num__urea_nitrogen_lab_severe_abnormal,XGBoost,Targeted XGBoost - xgb_depth7_cols075_weight035,0.00025695693329907954,6.375312659656629e-05
num__wbc_lab_severe_abnormal,XGBoost,Targeted XGBoost - xgb_depth7_cols075_weight035,3.6758265196112916e-05,1.7573835066286847e-05
num__creatinine_lab_std_value,XGBoost,Targeted XGBoost - xgb_depth7_cols075_weight035,0.001639407710172236,-0.0002543502487242222
num__glucose_lab_std_value,XGBoost,Targeted XGBoost - xgb_depth7_cols075_weight035,0.0016315425746142864,0.00019311906362418085
num__hemoglobin_lab_std_value,XGBoost,Targeted XGBoost - xgb_depth7_cols075_weight035,0.002613213611766696,3.9881598468127777e-07
num__platelet_lab_std_value,XGBoost,Targeted XGBoost - xgb_depth7_cols075_weight035,0.00862830225378275,7.749619544483721e-05
num__potassium_lab_std_value,XGBoost,Targeted XGBoost - xgb_depth7_cols075_weight035,0.0028795558027923107,0.0003575216105673462
num__sodium_lab_std_value,XGBoost,Targeted XGBoost - xgb_depth7_cols075_weight035,0.003228116314858198,-0.0008441840182058513
num__urea_nitrogen_lab_std_value,XGBoost,Targeted XGBoost - xgb_depth7_cols075_weight035,0.009532768279314041,0.0016779068391770124
num__wbc_lab_std_value,XGBoost,Targeted XGBoost - xgb_depth7_cols075_weight035,0.0021121760364621878,-0.0003544174542184919
num__creatinine_lab_value_change,XGBoost,Targeted XGBoost - xgb_depth7_cols075_weight035,0.0005498775281012058,2.111791582137812e-05
num__glucose_lab_value_change,XGBoost,Targeted XGBoost - xgb_depth7_cols075_weight035,0.002044668421149254,-0.00013076704635750502
num__hemoglobin_lab_value_change,XGBoost,Targeted XGBoost - xgb_depth7_cols075_weight035,0.0014619777211919427,-4.137310679652728e-05
num__platelet_lab_value_change,XGBoost,Targeted XGBoost - xgb_depth7_cols075_weight035,0.0021588332019746304,-0.00031577172921970487
num__potassium_lab_value_change,XGBoost,Targeted XGBoost - xgb_depth7_cols075_weight035,0.003040978917852044,0.0005805629771202803
num__sodium_lab_value_change,XGBoost,Targeted XGBoost - xgb_depth7_cols075_weight035,0.0007547338609583676,-0.00010174367344006896
num__urea_nitrogen_lab_value_change,XGBoost,Targeted XGBoost - xgb_depth7_cols075_weight035,0.0011376412585377693,-0.0001580895041115582
num__wbc_lab_value_change,XGBoost,Targeted XGBoost - xgb_depth7_cols075_weight035,0.002669035689905286,0.00014470276073552668
num__creatinine_lab_value_range,XGBoost,Targeted XGBoost - xgb_depth7_cols075_weight035,0.0006925853667780757,2.1497720808838494e-05
num__glucose_lab_value_range,XGBoost,Targeted XGBoost - xgb_depth7_cols075_weight035,0.004891690798103809,-0.00020560302073135972
num__hemoglobin_lab_value_range,XGBoost,Targeted XGBoost - xgb_depth7_cols075_weight035,0.0018465889152139425,-0.00011140724382130429
num__platelet_lab_value_range,XGBoost,Targeted XGBoost - xgb_depth7_cols075_weight035,0.003759145736694336,0.0005514058284461498
num__potassium_lab_value_range,XGBoost,Targeted XGBoost - xgb_depth7_cols075_weight035,0.0015677795745432377,0.00012284863623790443
num__sodium_lab_value_range,XGBoost,Targeted XGBoost - xgb_depth7_cols075_weight035,0.004916975274682045,-0.0002887155569624156
num__urea_nitrogen_lab_value_range,XGBoost,Targeted XGBoost - xgb_depth7_cols075_weight035,0.005980528425425291,0.0008398795034736395
num__wbc_lab_value_range,XGBoost,Targeted XGBoost - xgb_depth7_cols075_weight035,0.0011646687053143978,0.00015624471416231245
num__num_lab_events_first_24h,XGBoost,Targeted XGBoost - xgb_depth7_cols075_weight035,0.0028757606633007526,-0.0005112458602525294
num__num_lab_events_first_72h,XGBoost,Targeted XGBoost - xgb_depth7_cols075_weight035,0.002318853046745062,-0.0009570430847816169
num__num_lab_events_last_24h_before_discharge,XGBoost,Targeted XGBoost - xgb_depth7_cols075_weight035,0.003660232527181506,-0.0022237959783524275
num__num_lab_events_last_48h_before_discharge,XGBoost,Targeted XGBoost - xgb_depth7_cols075_weight035,0.004902530927211046,0.0008038001833483577
num__num_abnormal_lab_flags,XGBoost,Targeted XGBoost - xgb_depth7_cols075_weight035,0.008345475420355797,-0.000609236944001168
num__num_abnormal_lab_flags_last_48h,XGBoost,Targeted XGBoost - xgb_depth7_cols075_weight035,0.009537499397993088,-0.0015013325028121471
num__num_critical_or_priority_labs,XGBoost,Targeted XGBoost - xgb_depth7_cols075_weight035,0.004742826335132122,-0.000985708087682724
num__lab_activity_last_24h_flag,XGBoost,Targeted XGBoost - xgb_depth7_cols075_weight035,0.0010464859660714865,0.0004339446604717523
num__lab_activity_near_discharge_flag,XGBoost,Targeted XGBoost - xgb_depth7_cols075_weight035,0.0,0.0
num__abnormal_lab_burden_score,XGBoost,Targeted XGBoost - xgb_depth7_cols075_weight035,0.005715254228562117,0.001992305275052786
num__num_oxygen_support_chart_events,XGBoost,Targeted XGBoost - xgb_depth7_cols075_weight035,0.0009486298658885062,-1.087065629690187e-05
num__max_oxygen_flow_rate,XGBoost,Targeted XGBoost - xgb_depth7_cols075_weight035,0.0007355327834375203,0.0002014392812270671
num__mean_oxygen_flow_rate,XGBoost,Targeted XGBoost - xgb_depth7_cols075_weight035,0.003522779792547226,-0.00011916850780835375
num__high_oxygen_flow_flag,XGBoost,Targeted XGBoost - xgb_depth7_cols075_weight035,0.0,0.0
num__num_gcs_chart_events,XGBoost,Targeted XGBoost - xgb_depth7_cols075_weight035,0.0007324821199290454,0.00013646551815327257
num__gcs_min_score,XGBoost,Targeted XGBoost - xgb_depth7_cols075_weight035,0.0008235233253799379,-0.0001507737033534795
num__low_gcs_flag,XGBoost,Targeted XGBoost - xgb_depth7_cols075_weight035,0.0,0.0
num__num_orientation_chart_events,XGBoost,Targeted XGBoost - xgb_depth7_cols075_weight035,0.0007552014430984855,7.943209493532777e-05
num__impaired_orientation_flag,XGBoost,Targeted XGBoost - xgb_depth7_cols075_weight035,4.433290450833738e-05,-2.53197049460141e-05
num__num_pain_chart_events,XGBoost,Targeted XGBoost - xgb_depth7_cols075_weight035,0.0018723297398537397,0.0001576193462824449
num__pain_max_score,XGBoost,Targeted XGBoost - xgb_depth7_cols075_weight035,0.004079347010701895,-0.00029799871845170856
num__high_pain_flag,XGBoost,Targeted XGBoost - xgb_depth7_cols075_weight035,2.7840906113851815e-05,-1.4976584679970983e-05
num__num_rass_sedation_chart_events,XGBoost,Targeted XGBoost - xgb_depth7_cols075_weight035,0.0008206804050132632,1.9341499864822254e-05
num__rass_extreme_flag,XGBoost,Targeted XGBoost - xgb_depth7_cols075_weight035,0.0028874631971120834,-9.12357063498348e-05
num__num_cam_delirium_chart_events,XGBoost,Targeted XGBoost - xgb_depth7_cols075_weight035,0.0008507468155585229,-4.1575749492039904e-05
num__delirium_or_cam_positive_flag,XGBoost,Targeted XGBoost - xgb_depth7_cols075_weight035,0.0,0.0
num__agitation_chart_event_flag,XGBoost,Targeted XGBoost - xgb_depth7_cols075_weight035,0.00012841566058341414,5.190407682675868e-05
num__num_restraint_chart_events,XGBoost,Targeted XGBoost - xgb_depth7_cols075_weight035,0.00017880229279398918,5.386483098845929e-05
num__had_restraint_chart_event,XGBoost,Targeted XGBoost - xgb_depth7_cols075_weight035,0.0,0.0
num__num_fall_mobility_chart_events,XGBoost,Targeted XGBoost - xgb_depth7_cols075_weight035,0.000695928290951997,-9.797402890399098e-05
num__fall_or_mobility_risk_flag,XGBoost,Targeted XGBoost - xgb_depth7_cols075_weight035,0.0,0.0
num__num_selected_neuro_behavioral_chart_events,XGBoost,Targeted XGBoost - xgb_depth7_cols075_weight035,0.00018557682051323354,-3.522793485899456e-05
num__num_selected_resp_support_chart_events,XGBoost,Targeted XGBoost - xgb_depth7_cols075_weight035,0.00018607710080686957,0.0001035165332723409
num__chart_acuity_event_density_per_day,XGBoost,Targeted XGBoost - xgb_depth7_cols075_weight035,0.0036424293648451567,0.000743592856451869
num__heart_rate_vital_first_value,XGBoost,Targeted XGBoost - xgb_depth7_cols075_weight035,0.001876592286862433,0.00013973626482766122
num__mean_bp_arterial_vital_first_value,XGBoost,Targeted XGBoost - xgb_depth7_cols075_weight035,0.00023966198205016553,4.6107674279483035e-05
num__mean_bp_noninvasive_vital_first_value,XGBoost,Targeted XGBoost - xgb_depth7_cols075_weight035,0.000820326036773622,1.739788604027126e-05
num__respiratory_rate_vital_first_value,XGBoost,Targeted XGBoost - xgb_depth7_cols075_weight035,0.00396841112524271,-0.0003467715287115425
num__spo2_vital_first_value,XGBoost,Targeted XGBoost - xgb_depth7_cols075_weight035,0.0011293519055470824,-0.00010984105756506324
num__systolic_bp_arterial_vital_first_value,XGBoost,Targeted XGBoost - xgb_depth7_cols075_weight035,0.0006764603313058615,1.0294319508830085e-05
num__systolic_bp_noninvasive_vital_first_value,XGBoost,Targeted XGBoost - xgb_depth7_cols075_weight035,0.0032171481288969517,0.0004161245306022465
num__heart_rate_vital_last_value,XGBoost,Targeted XGBoost - xgb_depth7_cols075_weight035,0.0026514152996242046,-0.0005770844873040915
num__mean_bp_arterial_vital_last_value,XGBoost,Targeted XGBoost - xgb_depth7_cols075_weight035,0.0009236318874172866,0.0002643239567987621
num__mean_bp_noninvasive_vital_last_value,XGBoost,Targeted XGBoost - xgb_depth7_cols075_weight035,0.0005451571778394282,0.00021131291578058153
num__respiratory_rate_vital_last_value,XGBoost,Targeted XGBoost - xgb_depth7_cols075_weight035,0.001927930978126824,1.174531462311279e-05
num__spo2_vital_last_value,XGBoost,Targeted XGBoost - xgb_depth7_cols075_weight035,0.0017212379025295377,0.00011613818060141057
num__systolic_bp_arterial_vital_last_value,XGBoost,Targeted XGBoost - xgb_depth7_cols075_weight035,0.0003535541763994843,-0.00016877337475307286
num__systolic_bp_noninvasive_vital_last_value,XGBoost,Targeted XGBoost - xgb_depth7_cols075_weight035,0.002375082578510046,-3.603386403483455e-06
num__heart_rate_vital_max_value,XGBoost,Targeted XGBoost - xgb_depth7_cols075_weight035,0.0007892627618275583,-1.9760904251597822e-05
num__mean_bp_arterial_vital_max_value,XGBoost,Targeted XGBoost - xgb_depth7_cols075_weight035,0.0009728998993523419,-0.0001708257623249665
num__mean_bp_noninvasive_vital_max_value,XGBoost,Targeted XGBoost - xgb_depth7_cols075_weight035,0.0005554572562687099,-4.162518507655477e-06
num__respiratory_rate_vital_max_value,XGBoost,Targeted XGBoost - xgb_depth7_cols075_weight035,0.00032577564707025886,-7.19654872227693e-06
num__spo2_vital_max_value,XGBoost,Targeted XGBoost - xgb_depth7_cols075_weight035,6.631103315157816e-05,-1.3920996025262866e-05
num__systolic_bp_arterial_vital_max_value,XGBoost,Targeted XGBoost - xgb_depth7_cols075_weight035,0.00021069083595648408,6.400640268111601e-05
num__systolic_bp_noninvasive_vital_max_value,XGBoost,Targeted XGBoost - xgb_depth7_cols075_weight035,0.0013469127006828785,0.00026545979198999703
num__heart_rate_vital_mean_value,XGBoost,Targeted XGBoost - xgb_depth7_cols075_weight035,0.00037658182554878294,-0.0001419987966073677
num__mean_bp_arterial_vital_mean_value,XGBoost,Targeted XGBoost - xgb_depth7_cols075_weight035,7.364666817011312e-05,-1.3216556908446364e-05
num__mean_bp_noninvasive_vital_mean_value,XGBoost,Targeted XGBoost - xgb_depth7_cols075_weight035,0.0009051563101820648,-0.00019922945648431778
num__respiratory_rate_vital_mean_value,XGBoost,Targeted XGBoost - xgb_depth7_cols075_weight035,0.0007414733408950269,-1.5717820133431815e-05
num__spo2_vital_mean_value,XGBoost,Targeted XGBoost - xgb_depth7_cols075_weight035,0.0024885835591703653,-3.1636125640943646e-05
num__systolic_bp_arterial_vital_mean_value,XGBoost,Targeted XGBoost - xgb_depth7_cols075_weight035,0.0002903607382904738,-9.973278793040663e-05
num__systolic_bp_noninvasive_vital_mean_value,XGBoost,Targeted XGBoost - xgb_depth7_cols075_weight035,0.0006321434630081058,-5.53143399883993e-05
num__heart_rate_vital_measured,XGBoost,Targeted XGBoost - xgb_depth7_cols075_weight035,0.0,0.0
num__mean_bp_arterial_vital_measured,XGBoost,Targeted XGBoost - xgb_depth7_cols075_weight035,0.0,0.0
num__mean_bp_noninvasive_vital_measured,XGBoost,Targeted XGBoost - xgb_depth7_cols075_weight035,0.0,0.0
num__respiratory_rate_vital_measured,XGBoost,Targeted XGBoost - xgb_depth7_cols075_weight035,0.0,0.0
num__spo2_vital_measured,XGBoost,Targeted XGBoost - xgb_depth7_cols075_weight035,0.0,0.0
num__systolic_bp_arterial_vital_measured,XGBoost,Targeted XGBoost - xgb_depth7_cols075_weight035,0.0,0.0
num__systolic_bp_noninvasive_vital_measured,XGBoost,Targeted XGBoost - xgb_depth7_cols075_weight035,0.0,0.0
num__heart_rate_vital_min_value,XGBoost,Targeted XGBoost - xgb_depth7_cols075_weight035,0.001477526966482401,-0.00032965271384455264
num__mean_bp_arterial_vital_min_value,XGBoost,Targeted XGBoost - xgb_depth7_cols075_weight035,7.892034773249179e-05,-7.82375479957409e-07
num__mean_bp_noninvasive_vital_min_value,XGBoost,Targeted XGBoost - xgb_depth7_cols075_weight035,0.0013379870215430856,0.00011769482807721943
num__respiratory_rate_vital_min_value,XGBoost,Targeted XGBoost - xgb_depth7_cols075_weight035,0.0003692932950798422,2.154560570488684e-05
num__spo2_vital_min_value,XGBoost,Targeted XGBoost - xgb_depth7_cols075_weight035,0.0002754521556198597,7.901164644863456e-05
num__systolic_bp_arterial_vital_min_value,XGBoost,Targeted XGBoost - xgb_depth7_cols075_weight035,5.937662717769854e-05,-3.1152227165875956e-05
num__systolic_bp_noninvasive_vital_min_value,XGBoost,Targeted XGBoost - xgb_depth7_cols075_weight035,0.0008792240987531841,-0.0001116477869800292
num__heart_rate_vital_value_change,XGBoost,Targeted XGBoost - xgb_depth7_cols075_weight035,0.000869189272634685,-3.091710459557362e-05
num__mean_bp_arterial_vital_value_change,XGBoost,Targeted XGBoost - xgb_depth7_cols075_weight035,0.0007157507934607565,-9.171268902719021e-05
num__mean_bp_noninvasive_vital_value_change,XGBoost,Targeted XGBoost - xgb_depth7_cols075_weight035,0.0004303251625970006,3.01126237900462e-05
num__respiratory_rate_vital_value_change,XGBoost,Targeted XGBoost - xgb_depth7_cols075_weight035,0.000568459858186543,8.034775964915752e-05
num__spo2_vital_value_change,XGBoost,Targeted XGBoost - xgb_depth7_cols075_weight035,0.0006272485479712486,-5.6496437537134625e-06
num__systolic_bp_arterial_vital_value_change,XGBoost,Targeted XGBoost - xgb_depth7_cols075_weight035,8.06213283794932e-05,2.3464679543394595e-05
num__systolic_bp_noninvasive_vital_value_change,XGBoost,Targeted XGBoost - xgb_depth7_cols075_weight035,0.0007554268231615424,-7.33226552256383e-05
num__previous_total_admissions_7d,XGBoost,Targeted XGBoost - xgb_depth7_cols075_weight035,0.00015551222895737737,2.908148189817439e-06
num__previous_psych_admissions_7d,XGBoost,Targeted XGBoost - xgb_depth7_cols075_weight035,0.00019298421102575958,-3.426874536671676e-05
num__previous_nonpsych_admissions_7d,XGBoost,Targeted XGBoost - xgb_depth7_cols075_weight035,0.0,0.0
num__previous_ed_visits_7d,XGBoost,Targeted XGBoost - xgb_depth7_cols075_weight035,8.334698213730007e-05,-8.569980309403036e-06
num__previous_total_admissions_14d,XGBoost,Targeted XGBoost - xgb_depth7_cols075_weight035,0.00030435677035711706,9.001027137856e-06
num__previous_psych_admissions_14d,XGBoost,Targeted XGBoost - xgb_depth7_cols075_weight035,0.0006694259354844689,-0.00011620571603998542
num__previous_nonpsych_admissions_14d,XGBoost,Targeted XGBoost - xgb_depth7_cols075_weight035,0.0,0.0
num__previous_ed_visits_14d,XGBoost,Targeted XGBoost - xgb_depth7_cols075_weight035,0.00018414831720292568,6.719453085679561e-05
num__previous_total_admissions_30d,XGBoost,Targeted XGBoost - xgb_depth7_cols075_weight035,0.0007772576063871384,0.00018137333972845227
num__previous_psych_admissions_30d,XGBoost,Targeted XGBoost - xgb_depth7_cols075_weight035,0.0012458506971597672,-5.526598215510603e-06
num__previous_nonpsych_admissions_30d,XGBoost,Targeted XGBoost - xgb_depth7_cols075_weight035,5.754248923039995e-05,9.51281253946945e-06
num__previous_ed_visits_30d,XGBoost,Targeted XGBoost - xgb_depth7_cols075_weight035,0.0012894413666799664,0.0005954895750619471
num__previous_total_admissions_60d,XGBoost,Targeted XGBoost - xgb_depth7_cols075_weight035,0.003839117707684636,-0.001302757184021175
num__previous_psych_admissions_60d,XGBoost,Targeted XGBoost - xgb_depth7_cols075_weight035,0.010704360902309418,-0.0029789023101329803
num__previous_nonpsych_admissions_60d,XGBoost,Targeted XGBoost - xgb_depth7_cols075_weight035,0.00012213965237606317,2.3834965759306215e-05
num__previous_ed_visits_60d,XGBoost,Targeted XGBoost - xgb_depth7_cols075_weight035,0.002741134027019143,-0.00013576674973592162
num__previous_total_admissions_90d,XGBoost,Targeted XGBoost - xgb_depth7_cols075_weight035,0.005937123671174049,-0.0010926779359579086
num__previous_psych_admissions_90d,XGBoost,Targeted XGBoost - xgb_depth7_cols075_weight035,0.02244848571717739,-0.004242440685629845
num__previous_nonpsych_admissions_90d,XGBoost,Targeted XGBoost - xgb_depth7_cols075_weight035,0.0007830981630831957,-0.00013147862046025693
num__previous_ed_visits_90d,XGBoost,Targeted XGBoost - xgb_depth7_cols075_weight035,0.0017657318385317922,-0.0003700354718603194
num__previous_total_admissions_180d,XGBoost,Targeted XGBoost - xgb_depth7_cols075_weight035,0.005770954769104719,-0.0016118658240884542
num__previous_psych_admissions_180d,XGBoost,Targeted XGBoost - xgb_depth7_cols075_weight035,0.0697539895772934,-0.006852355785667896
num__previous_nonpsych_admissions_180d,XGBoost,Targeted XGBoost - xgb_depth7_cols075_weight035,0.0005186959751881659,6.344172288663685e-05
num__previous_ed_visits_180d,XGBoost,Targeted XGBoost - xgb_depth7_cols075_weight035,0.0015491880476474762,0.0009719118243083358
num__previous_total_admissions_365d,XGBoost,Targeted XGBoost - xgb_depth7_cols075_weight035,0.003887003753334284,0.0008885897696018219
num__previous_psych_admissions_365d,XGBoost,Targeted XGBoost - xgb_depth7_cols075_weight035,0.07967688888311386,-0.008462929166853428
num__previous_nonpsych_admissions_365d,XGBoost,Targeted XGBoost - xgb_depth7_cols075_weight035,0.0010703715961426497,-1.1897577678610105e-05
num__previous_ed_visits_365d,XGBoost,Targeted XGBoost - xgb_depth7_cols075_weight035,0.008334149606525898,-0.0014680325984954834
num__days_since_previous_hospital_admission,XGBoost,Targeted XGBoost - xgb_depth7_cols075_weight035,0.032195620238780975,0.0008306206436827779
num__prior_near_30d_readmission_flag,XGBoost,Targeted XGBoost - xgb_depth7_cols075_weight035,0.00022177536447998136,2.436918111925479e-05
num__previous_admission_within_27_33d_flag,XGBoost,Targeted XGBoost - xgb_depth7_cols075_weight035,4.7067653213161975e-05,2.0889894585707225e-05
num__days_since_previous_admission_near_30d_flag,XGBoost,Targeted XGBoost - xgb_depth7_cols075_weight035,0.0,0.0
num__previous_discharge_against_advice_flag,XGBoost,Targeted XGBoost - xgb_depth7_cols075_weight035,0.0,0.0
num__previous_discharge_to_psych_facility_flag,XGBoost,Targeted XGBoost - xgb_depth7_cols075_weight035,0.0,0.0
num__previous_discharge_to_facility_flag,XGBoost,Targeted XGBoost - xgb_depth7_cols075_weight035,0.0012506156926974654,0.0002343978121643886
num__previous_short_los_flag,XGBoost,Targeted XGBoost - xgb_depth7_cols075_weight035,0.00010033379658125341,-5.299792064761277e-06
num__previous_long_los_flag,XGBoost,Targeted XGBoost - xgb_depth7_cols075_weight035,7.675292727071792e-05,-4.372494913695846e-06
num__previous_admission_los_days,XGBoost,Targeted XGBoost - xgb_depth7_cols075_weight035,0.005859812255948782,-0.0001596832153154537
num__mean_previous_los_days,XGBoost,Targeted XGBoost - xgb_depth7_cols075_weight035,0.005397118162363768,-0.0005408176803030074
num__max_previous_los_days,XGBoost,Targeted XGBoost - xgb_depth7_cols075_weight035,0.00392513582482934,-0.00035923082032240927
num__time_between_last_two_admissions_days,XGBoost,Targeted XGBoost - xgb_depth7_cols075_weight035,0.007222129963338375,-0.0012911387020722032
num__mean_previous_admission_gap_days,XGBoost,Targeted XGBoost - xgb_depth7_cols075_weight035,0.008292737416923046,0.00042943109292536974
num__min_previous_admission_gap_days,XGBoost,Targeted XGBoost - xgb_depth7_cols075_weight035,0.011955207213759422,-0.0005748418043367565
num__std_previous_admission_gap_days,XGBoost,Targeted XGBoost - xgb_depth7_cols075_weight035,0.0017920032842084765,0.00020540074910968542
num__admissions_per_30d,XGBoost,Targeted XGBoost - xgb_depth7_cols075_weight035,0.0,0.0
num__admissions_per_90d,XGBoost,Targeted XGBoost - xgb_depth7_cols075_weight035,0.003128467593342066,-0.000378043478121981
num__admissions_per_365d,XGBoost,Targeted XGBoost - xgb_depth7_cols075_weight035,0.0008684060303494334,-1.5353269191109575e-05
num__admission_frequency_acceleration,XGBoost,Targeted XGBoost - xgb_depth7_cols075_weight035,0.003487097565084696,0.00010610146273393184
num__increasing_admission_frequency_flag,XGBoost,Targeted XGBoost - xgb_depth7_cols075_weight035,0.0,0.0
num__decreasing_admission_frequency_flag,XGBoost,Targeted XGBoost - xgb_depth7_cols075_weight035,0.00022185979469213635,4.5287059037946165e-05
num__frequent_ed_user_flag,XGBoost,Targeted XGBoost - xgb_depth7_cols075_weight035,0.0,0.0
num__previous_admission_los_days_filled,XGBoost,Targeted XGBoost - xgb_depth7_cols075_weight035,0.0053804959170520306,0.0006866198964416981
num__mean_previous_los_days_filled,XGBoost,Targeted XGBoost - xgb_depth7_cols075_weight035,0.008920581080019474,0.0011703942436724901
num__max_previous_los_days_filled,XGBoost,Targeted XGBoost - xgb_depth7_cols075_weight035,0.002998390467837453,-0.0005903624696657062
num__time_between_last_two_admissions_days_filled,XGBoost,Targeted XGBoost - xgb_depth7_cols075_weight035,0.005127782467752695,-0.00022520501806866378
num__mean_previous_admission_gap_days_filled,XGBoost,Targeted XGBoost - xgb_depth7_cols075_weight035,0.010951843112707138,0.0004127078573219478
num__min_previous_admission_gap_days_filled,XGBoost,Targeted XGBoost - xgb_depth7_cols075_weight035,0.013697364367544651,0.0030072235967963934
num__std_previous_admission_gap_days_filled,XGBoost,Targeted XGBoost - xgb_depth7_cols075_weight035,0.0024146935902535915,0.0011176648549735546
num__days_since_previous_hospital_admission_filled,XGBoost,Targeted XGBoost - xgb_depth7_cols075_weight035,0.022176072001457214,0.0013126280391588807
num__high_utiliser_previous_year,XGBoost,Targeted XGBoost - xgb_depth7_cols075_weight035,0.00018319372611586004,3.275071139796637e-05
num__previous_psych_to_total_admission_ratio,XGBoost,Targeted XGBoost - xgb_depth7_cols075_weight035,0.014967266470193863,-0.0006888280622661114
num__previous_2plus_psych_admissions,XGBoost,Targeted XGBoost - xgb_depth7_cols075_weight035,0.002182124415412545,0.00037145946407690644
num__previous_3plus_psych_admissions,XGBoost,Targeted XGBoost - xgb_depth7_cols075_weight035,2.2234991774894297e-05,-3.3624093020989676e-07
num__previous_2plus_total_admissions_365d,XGBoost,Targeted XGBoost - xgb_depth7_cols075_weight035,1.3104036042932421e-05,3.2680495678505395e-06
num__previous_3plus_total_admissions_365d,XGBoost,Targeted XGBoost - xgb_depth7_cols075_weight035,0.0,0.0
num__frequent_psych_admitter_flag,XGBoost,Targeted XGBoost - xgb_depth7_cols075_weight035,0.0008075407240539789,0.00044361039181239903
num__has_ed_timing,XGBoost,Targeted XGBoost - xgb_depth7_cols075_weight035,0.0,0.0
num__ed_length_of_stay_hours,XGBoost,Targeted XGBoost - xgb_depth7_cols075_weight035,0.02034204639494419,0.004345042631030083
num__ed_to_admission_hours,XGBoost,Targeted XGBoost - xgb_depth7_cols075_weight035,0.021749794483184814,0.00036385998828336596
num__ed_to_ward_delay_hours,XGBoost,Targeted XGBoost - xgb_depth7_cols075_weight035,0.0,0.0
num__previous_icu_admissions,XGBoost,Targeted XGBoost - xgb_depth7_cols075_weight035,0.0035416237078607082,-0.0003233974566683173
num__has_previous_icu_admission,XGBoost,Targeted XGBoost - xgb_depth7_cols075_weight035,7.032806752249599e-05,1.1609947250690311e-05
num__days_since_previous_icu_admission,XGBoost,Targeted XGBoost - xgb_depth7_cols075_weight035,0.003194622229784727,0.00032016256591305137
num__previous_icu_admissions_7d,XGBoost,Targeted XGBoost - xgb_depth7_cols075_weight035,0.00010460755584063008,9.328222404292319e-06
num__recent_icu_admission_7d_flag,XGBoost,Targeted XGBoost - xgb_depth7_cols075_weight035,0.0,0.0
num__previous_icu_admissions_14d,XGBoost,Targeted XGBoost - xgb_depth7_cols075_weight035,5.656334906234406e-05,2.7332542231306434e-05
num__recent_icu_admission_14d_flag,XGBoost,Targeted XGBoost - xgb_depth7_cols075_weight035,0.0,0.0
num__previous_icu_admissions_30d,XGBoost,Targeted XGBoost - xgb_depth7_cols075_weight035,0.0,0.0
num__recent_icu_admission_30d_flag,XGBoost,Targeted XGBoost - xgb_depth7_cols075_weight035,0.0,0.0
num__previous_icu_admissions_60d,XGBoost,Targeted XGBoost - xgb_depth7_cols075_weight035,0.0,0.0
num__recent_icu_admission_60d_flag,XGBoost,Targeted XGBoost - xgb_depth7_cols075_weight035,2.532814505684655e-05,-7.1575218498765025e-06
num__previous_icu_admissions_90d,XGBoost,Targeted XGBoost - xgb_depth7_cols075_weight035,0.00039423975977115333,2.9710939998039976e-05
num__recent_icu_admission_90d_flag,XGBoost,Targeted XGBoost - xgb_depth7_cols075_weight035,0.0,0.0
num__previous_icu_admissions_180d,XGBoost,Targeted XGBoost - xgb_depth7_cols075_weight035,3.1143023079494014e-05,1.2545095160021447e-05
num__recent_icu_admission_180d_flag,XGBoost,Targeted XGBoost - xgb_depth7_cols075_weight035,0.0,0.0
num__previous_icu_admissions_365d,XGBoost,Targeted XGBoost - xgb_depth7_cols075_weight035,0.000594262673985213,2.8993599698878825e-05
num__recent_icu_admission_365d_flag,XGBoost,Targeted XGBoost - xgb_depth7_cols075_weight035,4.58792201243341e-05,-3.4609820431796834e-06
num__days_since_previous_icu_admission_filled,XGBoost,Targeted XGBoost - xgb_depth7_cols075_weight035,0.0026867880951613188,0.000342785962857306
num__has_self_harm_or_suicidal_ideation,XGBoost,Targeted XGBoost - xgb_depth7_cols075_weight035,0.004289854317903519,0.001681205234490335
num__has_alcohol_related_disorder,XGBoost,Targeted XGBoost - xgb_depth7_cols075_weight035,0.0068829841911792755,0.0001452628057450056
num__has_opioid_related_disorder,XGBoost,Targeted XGBoost - xgb_depth7_cols075_weight035,0.0025202264077961445,0.0004904032102786005
num__has_stimulant_related_disorder,XGBoost,Targeted XGBoost - xgb_depth7_cols075_weight035,0.0001096829873858951,4.669194095185958e-05
num__has_diabetes,XGBoost,Targeted XGBoost - xgb_depth7_cols075_weight035,0.00015685819380450994,-2.2278254618868232e-05
num__has_chronic_kidney_disease,XGBoost,Targeted XGBoost - xgb_depth7_cols075_weight035,4.307119525037706e-05,-4.029015144624282e-06
num__has_copd,XGBoost,Targeted XGBoost - xgb_depth7_cols075_weight035,0.00038231609505601227,-8.883482223609462e-05
num__has_heart_failure,XGBoost,Targeted XGBoost - xgb_depth7_cols075_weight035,0.0015755993081256747,0.0003807222528848797
num__has_liver_disease,XGBoost,Targeted XGBoost - xgb_depth7_cols075_weight035,0.0010931023862212896,-0.0002170999359805137
num__has_cancer,XGBoost,Targeted XGBoost - xgb_depth7_cols075_weight035,0.021104978397488594,-0.0010029583936557174
num__has_dementia,XGBoost,Targeted XGBoost - xgb_depth7_cols075_weight035,0.007354200817644596,0.00023641434381715953
num__physical_comorbidity_count,XGBoost,Targeted XGBoost - xgb_depth7_cols075_weight035,0.0020732581615448,-0.0004698667617049068
num__charlson_comorbidity_index_simplified,XGBoost,Targeted XGBoost - xgb_depth7_cols075_weight035,0.02496381290256977,0.0006225841352716088
num__elixhauser_comorbidity_group_count_simplified,XGBoost,Targeted XGBoost - xgb_depth7_cols075_weight035,0.00025211318279616535,8.456776413368061e-05
num__psychosis_on_current_and_previous_admission_flag,XGBoost,Targeted XGBoost - xgb_depth7_cols075_weight035,2.1854510123375803e-05,5.904733825445874e-06
num__depression_on_current_and_previous_admission_flag,XGBoost,Targeted XGBoost - xgb_depth7_cols075_weight035,0.00021440512500703335,-2.7723574021365494e-05
num__substance_use_on_current_and_previous_admission_flag,XGBoost,Targeted XGBoost - xgb_depth7_cols075_weight035,0.002456552581861615,-4.523474126472138e-05
num__self_harm_recurrent_flag,XGBoost,Targeted XGBoost - xgb_depth7_cols075_weight035,0.002950686728581786,0.0006906508933752775
num__num_recurrent_psych_diagnosis_groups,XGBoost,Targeted XGBoost - xgb_depth7_cols075_weight035,0.0016093173762783408,-0.0006877954583615065
num__num_antibiotic_prescriptions,XGBoost,Targeted XGBoost - xgb_depth7_cols075_weight035,0.0015722974203526974,1.707151204755064e-05
num__had_antibiotic_exposure,XGBoost,Targeted XGBoost - xgb_depth7_cols075_weight035,0.0010028950637206435,0.000458125548902899
num__num_opioid_prescriptions,XGBoost,Targeted XGBoost - xgb_depth7_cols075_weight035,0.019256332889199257,-0.003044770797714591
num__had_opioid_exposure,XGBoost,Targeted XGBoost - xgb_depth7_cols075_weight035,0.00038688958738930523,0.00018697339692153037
num__num_steroid_prescriptions,XGBoost,Targeted XGBoost - xgb_depth7_cols075_weight035,0.021784326061606407,-0.0034384452737867832
num__had_steroid_exposure,XGBoost,Targeted XGBoost - xgb_depth7_cols075_weight035,0.006140958983451128,-0.0006847738404758275
num__antipsychotic_prescription_count,XGBoost,Targeted XGBoost - xgb_depth7_cols075_weight035,0.0017858926439657807,-0.00017257538274861872
num__had_long_acting_injectable_antipsychotic,XGBoost,Targeted XGBoost - xgb_depth7_cols075_weight035,0.0,0.0
num__new_antipsychotic_started_flag,XGBoost,Targeted XGBoost - xgb_depth7_cols075_weight035,0.0009792248019948602,5.279040487948805e-05
num__new_antidepressant_started_flag,XGBoost,Targeted XGBoost - xgb_depth7_cols075_weight035,0.009531786665320396,-0.0006630488205701113
num__had_benzodiazepine_order,XGBoost,Targeted XGBoost - xgb_depth7_cols075_weight035,0.0060639940202236176,-0.0007188656600192189
num__new_benzodiazepine_started_flag,XGBoost,Targeted XGBoost - xgb_depth7_cols075_weight035,0.0,0.0
num__had_mood_stabiliser_order,XGBoost,Targeted XGBoost - xgb_depth7_cols075_weight035,0.00010216540977125987,2.546368159528356e-05
num__new_mood_stabiliser_started_flag,XGBoost,Targeted XGBoost - xgb_depth7_cols075_weight035,2.8677126465481706e-05,-6.675785243714927e-06
num__psychotropic_medication_change_count,XGBoost,Targeted XGBoost - xgb_depth7_cols075_weight035,0.002218403620645404,0.0003792259667534381
num__psychotropic_started_after_72h_flag,XGBoost,Targeted XGBoost - xgb_depth7_cols075_weight035,0.0007809201488271356,0.00011734804138541222
num__late_psychotropic_change_flag,XGBoost,Targeted XGBoost - xgb_depth7_cols075_weight035,0.0,0.0
num__num_iv_prescription_rows,XGBoost,Targeted XGBoost - xgb_depth7_cols075_weight035,0.011206520721316338,-0.0016061075730249286
num__had_iv_prescription,XGBoost,Targeted XGBoost - xgb_depth7_cols075_weight035,0.0015788153978064656,0.000722835655324161
num__medication_order_count_first_24h,XGBoost,Targeted XGBoost - xgb_depth7_cols075_weight035,0.0071761030703783035,-0.00043143550283275545
num__medication_order_count_first_72h,XGBoost,Targeted XGBoost - xgb_depth7_cols075_weight035,0.004123220220208168,-0.0008020096574909985
num__num_unique_antipsychotics,XGBoost,Targeted XGBoost - xgb_depth7_cols075_weight035,0.0005469769821502268,9.445509022043552e-06
num__antipsychotic_polypharmacy_2plus,XGBoost,Targeted XGBoost - xgb_depth7_cols075_weight035,0.00017096036754082888,-6.355170626193285e-05
num__antipsychotic_polypharmacy_3plus,XGBoost,Targeted XGBoost - xgb_depth7_cols075_weight035,2.2675765649182722e-05,-1.4124670997262001e-05
num__antipsychotic_plus_benzodiazepine,XGBoost,Targeted XGBoost - xgb_depth7_cols075_weight035,0.009661803022027016,0.0007015877054072917
num__antipsychotic_plus_mood_stabiliser,XGBoost,Targeted XGBoost - xgb_depth7_cols075_weight035,9.453988604946062e-05,-3.363375799381174e-05
num__num_orders_first_6h,XGBoost,Targeted XGBoost - xgb_depth7_cols075_weight035,0.002860208973288536,0.0005415384657680988
num__num_orders_first_12h,XGBoost,Targeted XGBoost - xgb_depth7_cols075_weight035,0.0031461352482438087,0.0013819898013025522
num__num_orders_first_24h,XGBoost,Targeted XGBoost - xgb_depth7_cols075_weight035,0.004792395047843456,0.0014655236154794693
num__num_orders_first_72h,XGBoost,Targeted XGBoost - xgb_depth7_cols075_weight035,0.005639252252876759,0.0016887865494936705
num__orders_24_to_72h,XGBoost,Targeted XGBoost - xgb_depth7_cols075_weight035,0.002159848576411605,-0.0008182677556760609
num__orders_after_72h_count,XGBoost,Targeted XGBoost - xgb_depth7_cols075_weight035,0.0027529196813702583,-0.0006262510432861745
num__order_activity_slope_24_to_72h,XGBoost,Targeted XGBoost - xgb_depth7_cols075_weight035,0.007684580981731415,0.00013531267177313566
num__first_order_hours_from_admission,XGBoost,Targeted XGBoost - xgb_depth7_cols075_weight035,0.007695830427110195,-1.564941521792207e-05
num__last_order_hours_from_admission,XGBoost,Targeted XGBoost - xgb_depth7_cols075_weight035,0.002914101118221879,0.0006497240974567831
num__num_total_poe_orders,XGBoost,Targeted XGBoost - xgb_depth7_cols075_weight035,0.0029546967707574368,0.0005546538159251213
num__num_unique_order_types,XGBoost,Targeted XGBoost - xgb_depth7_cols075_weight035,0.0020819043274968863,-7.471181743312627e-05
num__num_unique_order_subtypes,XGBoost,Targeted XGBoost - xgb_depth7_cols075_weight035,0.001780020771548152,3.293590998509899e-05
num__num_unique_poe_order_categories,XGBoost,Targeted XGBoost - xgb_depth7_cols075_weight035,0.0018561723409220576,-0.00026183592854067683
num__num_unique_order_providers_first_24h,XGBoost,Targeted XGBoost - xgb_depth7_cols075_weight035,0.0024746465496718884,-0.001116956933401525
num__num_unique_order_providers_first_72h,XGBoost,Targeted XGBoost - xgb_depth7_cols075_weight035,0.0013727059122174978,-0.0002136513649020344
num__num_discontinued_orders,XGBoost,Targeted XGBoost - xgb_depth7_cols075_weight035,0.0028662628028541803,0.001115206629037857
num__num_psych_related_poe_orders,XGBoost,Targeted XGBoost - xgb_depth7_cols075_weight035,0.0001582143595442176,3.829966954072006e-05
num__num_consult_orders,XGBoost,Targeted XGBoost - xgb_depth7_cols075_weight035,0.0010602144757285714,6.455951370298862e-05
num__num_social_work_case_management_orders,XGBoost,Targeted XGBoost - xgb_depth7_cols075_weight035,0.0021554057020694017,-0.00013168393343221396
num__num_observation_safety_orders,XGBoost,Targeted XGBoost - xgb_depth7_cols075_weight035,0.004116972908377647,0.001849980908446014
num__num_followup_referral_orders,XGBoost,Targeted XGBoost - xgb_depth7_cols075_weight035,0.0004259503330104053,-8.406885899603367e-05
num__had_sitter_or_constant_observation_order,XGBoost,Targeted XGBoost - xgb_depth7_cols075_weight035,8.939218969317153e-05,-6.703998224111274e-06
num__had_psych_consult_order,XGBoost,Targeted XGBoost - xgb_depth7_cols075_weight035,8.673538832226768e-05,-8.001249625522178e-06
num__had_social_work_case_management_order,XGBoost,Targeted XGBoost - xgb_depth7_cols075_weight035,0.001887441030703485,-0.00018319305672775954
num__had_followup_or_outpatient_referral_order,XGBoost,Targeted XGBoost - xgb_depth7_cols075_weight035,0.0,0.0
num__had_discharge_planning_order,XGBoost,Targeted XGBoost - xgb_depth7_cols075_weight035,0.01347870659083128,0.003914827946573496
num__late_discharge_planning_after_72h_flag,XGBoost,Targeted XGBoost - xgb_depth7_cols075_weight035,0.0,0.0
num__had_outpatient_followup_order,XGBoost,Targeted XGBoost - xgb_depth7_cols075_weight035,0.0009012181544676423,0.00023394799791276455
num__had_clinic_referral_order,XGBoost,Targeted XGBoost - xgb_depth7_cols075_weight035,5.152163066668436e-05,-1.1547022040758748e-05
num__had_case_management_order,XGBoost,Targeted XGBoost - xgb_depth7_cols075_weight035,0.0,0.0
num__num_followup_related_orders,XGBoost,Targeted XGBoost - xgb_depth7_cols075_weight035,0.00013698141265194863,-3.4052118280669674e-05
num__followup_order_first_72h_flag,XGBoost,Targeted XGBoost - xgb_depth7_cols075_weight035,0.0007850086549296975,-0.0001845263032009825
num__late_followup_order_flag,XGBoost,Targeted XGBoost - xgb_depth7_cols075_weight035,0.0004724231257569045,-7.239753904286772e-05
num__had_constant_observation_order,XGBoost,Targeted XGBoost - xgb_depth7_cols075_weight035,0.0002971734502352774,5.4491298214998096e-05
num__orders_last_24h_before_discharge,XGBoost,Targeted XGBoost - xgb_depth7_cols075_weight035,0.0027002585120499134,0.00034722877899184823
num__orders_last_48h_before_discharge,XGBoost,Targeted XGBoost - xgb_depth7_cols075_weight035,0.008436918258666992,-0.001574636553414166
num__orders_last_12h_before_discharge,XGBoost,Targeted XGBoost - xgb_depth7_cols075_weight035,0.08518575876951218,0.05139318108558655
num__orders_last_6h_before_discharge,XGBoost,Targeted XGBoost - xgb_depth7_cols075_weight035,0.006345745641738176,0.003674378152936697
num__new_orders_last_24h_before_discharge_flag,XGBoost,Targeted XGBoost - xgb_depth7_cols075_weight035,0.0,0.0
num__new_orders_last_12h_before_discharge_flag,XGBoost,Targeted XGBoost - xgb_depth7_cols075_weight035,0.019286464899778366,0.01163229625672102
num__order_activity_last_24h_to_total_ratio,XGBoost,Targeted XGBoost - xgb_depth7_cols075_weight035,0.0026693835388869047,0.000614952587056905
num__order_activity_last_48h_to_total_ratio,XGBoost,Targeted XGBoost - xgb_depth7_cols075_weight035,0.007997334003448486,-0.00020745016809087247
num__order_activity_last_12h_to_total_ratio,XGBoost,Targeted XGBoost - xgb_depth7_cols075_weight035,0.006378537509590387,0.00214799540117383
num__order_activity_last_6h_to_total_ratio,XGBoost,Targeted XGBoost - xgb_depth7_cols075_weight035,0.019814383238554,0.008719969540834427
num__last_order_within_6h_of_discharge_flag,XGBoost,Targeted XGBoost - xgb_depth7_cols075_weight035,0.0,0.0
num__last_order_within_12h_of_discharge_flag,XGBoost,Targeted XGBoost - xgb_depth7_cols075_weight035,0.0,0.0
num__last_order_within_24h_of_discharge_flag,XGBoost,Targeted XGBoost - xgb_depth7_cols075_weight035,0.0,0.0
num__last_order_close_to_discharge_hours,XGBoost,Targeted XGBoost - xgb_depth7_cols075_weight035,0.13509109616279602,0.10220426321029663
num__order_activity_duration_hours,XGBoost,Targeted XGBoost - xgb_depth7_cols075_weight035,0.003109609242528677,-0.0008190363878384233
num__safety_orders_first_24h,XGBoost,Targeted XGBoost - xgb_depth7_cols075_weight035,0.007365901954472065,0.0036835025530308485
num__safety_orders_first_72h,XGBoost,Targeted XGBoost - xgb_depth7_cols075_weight035,0.002490667626261711,0.0014618424465879798
num__safety_orders_after_72h,XGBoost,Targeted XGBoost - xgb_depth7_cols075_weight035,0.0,0.0
num__safety_orders_last_24h_before_discharge,XGBoost,Targeted XGBoost - xgb_depth7_cols075_weight035,0.012505106627941132,0.00887242704629898
num__safety_order_density_per_day,XGBoost,Targeted XGBoost - xgb_depth7_cols075_weight035,0.01136320922523737,0.006507618818432093
num__late_safety_order_flag,XGBoost,Targeted XGBoost - xgb_depth7_cols075_weight035,0.0,0.0
num__safety_order_near_discharge_flag,XGBoost,Targeted XGBoost - xgb_depth7_cols075_weight035,0.00364560354501009,0.00252228113822639
num__self_harm_and_late_safety_order_flag,XGBoost,Targeted XGBoost - xgb_depth7_cols075_weight035,0.0,0.0
num__care_team_touchpoints_after_72h,XGBoost,Targeted XGBoost - xgb_depth7_cols075_weight035,0.003717863466590643,-0.00014181451115291566
num__care_team_touchpoints_last_24h_before_discharge,XGBoost,Targeted XGBoost - xgb_depth7_cols075_weight035,0.002563695190474391,-0.00040370540227741003
num__care_team_touchpoint_density_per_day,XGBoost,Targeted XGBoost - xgb_depth7_cols075_weight035,0.0056493100710213184,0.00031706748995929956
num__late_care_team_activity_flag,XGBoost,Targeted XGBoost - xgb_depth7_cols075_weight035,0.0,0.0
num__high_care_team_touchpoints_near_discharge_flag,XGBoost,Targeted XGBoost - xgb_depth7_cols075_weight035,0.0,0.0
num__late_medication_orders_last_12h,XGBoost,Targeted XGBoost - xgb_depth7_cols075_weight035,0.001687301672063768,0.000138818213599734
num__late_lab_orders_last_12h,XGBoost,Targeted XGBoost - xgb_depth7_cols075_weight035,0.00028752145590260625,-2.4772583856247365e-05
num__late_imaging_orders_last_12h,XGBoost,Targeted XGBoost - xgb_depth7_cols075_weight035,8.020401583053172e-05,-5.4278971219900995e-06
num__late_consult_orders_last_12h,XGBoost,Targeted XGBoost - xgb_depth7_cols075_weight035,0.00023476967180613428,3.408901102375239e-05
num__late_discharge_admin_orders_last_12h,XGBoost,Targeted XGBoost - xgb_depth7_cols075_weight035,0.0008586494368501008,-0.00016911760030779988
num__late_routine_care_orders_last_12h,XGBoost,Targeted XGBoost - xgb_depth7_cols075_weight035,0.001186175039038062,4.038451152155176e-05
num__late_psych_safety_orders_last_12h,XGBoost,Targeted XGBoost - xgb_depth7_cols075_weight035,0.0016507433028891683,-0.00019170493760611862
num__late_social_work_or_case_management_orders_last_12h,XGBoost,Targeted XGBoost - xgb_depth7_cols075_weight035,0.0,0.0
num__late_followup_or_aftercare_orders_last_12h,XGBoost,Targeted XGBoost - xgb_depth7_cols075_weight035,2.1521733287954703e-05,7.500209449062822e-06
num__late_medication_orders_last_6h,XGBoost,Targeted XGBoost - xgb_depth7_cols075_weight035,0.001365475356578827,-0.0003063750627916306
num__late_lab_orders_last_6h,XGBoost,Targeted XGBoost - xgb_depth7_cols075_weight035,0.00022758805425837636,-4.730046384793241e-06
num__late_imaging_orders_last_6h,XGBoost,Targeted XGBoost - xgb_depth7_cols075_weight035,8.262368646683171e-05,-1.3689009392692242e-05
num__late_consult_orders_last_6h,XGBoost,Targeted XGBoost - xgb_depth7_cols075_weight035,4.095814801985398e-05,-1.2257329217391089e-05
num__late_discharge_admin_orders_last_6h,XGBoost,Targeted XGBoost - xgb_depth7_cols075_weight035,0.0007285997271537781,-0.0002511162019800395
num__late_routine_care_orders_last_6h,XGBoost,Targeted XGBoost - xgb_depth7_cols075_weight035,0.0005048444145359099,-1.0392588592367247e-05
num__late_psych_safety_orders_last_6h,XGBoost,Targeted XGBoost - xgb_depth7_cols075_weight035,0.00026716681895777583,0.000212547616683878
num__late_social_work_or_case_management_orders_last_6h,XGBoost,Targeted XGBoost - xgb_depth7_cols075_weight035,0.0,0.0
num__late_followup_or_aftercare_orders_last_6h,XGBoost,Targeted XGBoost - xgb_depth7_cols075_weight035,0.0011829001596197486,4.875647573499009e-05
num__discontinued_orders_last_24h_before_discharge,XGBoost,Targeted XGBoost - xgb_depth7_cols075_weight035,0.0007414093124680221,-5.512357529369183e-05
num__discontinued_orders_last_12h_before_discharge,XGBoost,Targeted XGBoost - xgb_depth7_cols075_weight035,0.0006513559492304921,-0.00012653526209760457
num__cancelled_orders_last_24h_before_discharge,XGBoost,Targeted XGBoost - xgb_depth7_cols075_weight035,0.0,0.0
num__late_discontinued_medication_orders,XGBoost,Targeted XGBoost - xgb_depth7_cols075_weight035,0.003338256850838661,-0.0007113129831850529
num__late_discontinued_lab_orders,XGBoost,Targeted XGBoost - xgb_depth7_cols075_weight035,0.0034395542461425066,-0.00022642858675681055
num__late_discontinued_safety_orders,XGBoost,Targeted XGBoost - xgb_depth7_cols075_weight035,0.0012022048467770219,0.0005133062368258834
num__had_therapy_or_counselling_followup_order,XGBoost,Targeted XGBoost - xgb_depth7_cols075_weight035,7.099660433596e-05,9.7319361884729e-06
num__had_substance_use_followup_order,XGBoost,Targeted XGBoost - xgb_depth7_cols075_weight035,0.0,0.0
num__followup_order_last_48h_before_discharge,XGBoost,Targeted XGBoost - xgb_depth7_cols075_weight035,0.0003562979109119624,6.40088037471287e-05
num__followup_order_last_24h_before_discharge,XGBoost,Targeted XGBoost - xgb_depth7_cols075_weight035,0.00012843115837313235,-2.907810812757816e-05
num__safety_orders_last_12h_before_discharge,XGBoost,Targeted XGBoost - xgb_depth7_cols075_weight035,0.0,0.0
num__safety_orders_last_6h_before_discharge,XGBoost,Targeted XGBoost - xgb_depth7_cols075_weight035,3.918894435628317e-05,1.204707587021403e-05
num__new_safety_order_last_24h_before_discharge_flag,XGBoost,Targeted XGBoost - xgb_depth7_cols075_weight035,0.0006526055512949824,0.0004804226045962423
num__new_safety_order_last_12h_before_discharge_flag,XGBoost,Targeted XGBoost - xgb_depth7_cols075_weight035,0.0,0.0
num__first_safety_order_hours_from_admission,XGBoost,Targeted XGBoost - xgb_depth7_cols075_weight035,0.008017214015126228,0.002897735917940736
num__last_safety_order_hours_from_admission,XGBoost,Targeted XGBoost - xgb_depth7_cols075_weight035,0.0052843545563519,0.0016015585279092193
num__safety_order_activity_duration_hours,XGBoost,Targeted XGBoost - xgb_depth7_cols075_weight035,0.0018327708821743727,0.00044609507312998176
num__previous_admission_had_late_orders,XGBoost,Targeted XGBoost - xgb_depth7_cols075_weight035,3.887227285304107e-05,8.206598067772575e-06
num__previous_admission_had_safety_order,XGBoost,Targeted XGBoost - xgb_depth7_cols075_weight035,0.0009205201058648527,0.00020383328956086189
num__previous_admission_had_discharge_planning_order,XGBoost,Targeted XGBoost - xgb_depth7_cols075_weight035,0.0009769564494490623,5.470337418955751e-05
num__previous_admission_order_activity_count,XGBoost,Targeted XGBoost - xgb_depth7_cols075_weight035,0.007337231654673815,0.0009116253932006657
num__previous_admission_had_late_safety_orders,XGBoost,Targeted XGBoost - xgb_depth7_cols075_weight035,0.0009145656367763877,-0.00012210589193273336
num__previous_admission_had_late_lab_orders,XGBoost,Targeted XGBoost - xgb_depth7_cols075_weight035,0.0003097188600804657,-4.56637644674629e-05
num__previous_admission_had_late_medication_orders,XGBoost,Targeted XGBoost - xgb_depth7_cols075_weight035,0.0,0.0
num__previous_admission_had_followup_order,XGBoost,Targeted XGBoost - xgb_depth7_cols075_weight035,0.00029487762367352843,-6.8634282797575e-05
num__previous_admission_had_home_discharge_no_followup,XGBoost,Targeted XGBoost - xgb_depth7_cols075_weight035,0.0004615200450643897,8.967053872765973e-05
num__previous_admission_had_psych_facility_discharge,XGBoost,Targeted XGBoost - xgb_depth7_cols075_weight035,0.0,0.0
num__previous_admission_had_facility_discharge,XGBoost,Targeted XGBoost - xgb_depth7_cols075_weight035,0.00026498461375012994,4.050100687891245e-05
num__previous_admission_late_order_count,XGBoost,Targeted XGBoost - xgb_depth7_cols075_weight035,0.0043245358392596245,0.00047323727631010115
num__previous_admission_late_order_share,XGBoost,Targeted XGBoost - xgb_depth7_cols075_weight035,0.004389525856822729,-0.0011727456003427505
num__prior_discharge_instability_score,XGBoost,Targeted XGBoost - xgb_depth7_cols075_weight035,0.0009284727857448161,-0.00013479994959197938
num__prior_instability_score,XGBoost,Targeted XGBoost - xgb_depth7_cols075_weight035,0.0005716726300306618,7.235517841763794e-05
num__num_pharmacy_records,XGBoost,Targeted XGBoost - xgb_depth7_cols075_weight035,0.0012331162579357624,0.0005297453026287258
num__num_unique_pharmacy_medications,XGBoost,Targeted XGBoost - xgb_depth7_cols075_weight035,0.001774326665326953,0.0005572934169322252
num__num_iv_pharmacy_orders,XGBoost,Targeted XGBoost - xgb_depth7_cols075_weight035,0.002775960834696889,-0.0004142071702517569
num__num_infusion_pharmacy_orders,XGBoost,Targeted XGBoost - xgb_depth7_cols075_weight035,0.0024076863192021847,0.0004978132783435285
num__num_prn_pharmacy_orders,XGBoost,Targeted XGBoost - xgb_depth7_cols075_weight035,0.009248870424926281,0.0025554196909070015
num__num_scheduled_pharmacy_orders,XGBoost,Targeted XGBoost - xgb_depth7_cols075_weight035,0.01260367501527071,-0.0009299687226302922
num__num_high_frequency_med_orders,XGBoost,Targeted XGBoost - xgb_depth7_cols075_weight035,0.0027733505703508854,-0.00016960399807430804
num__num_med_orders_with_duration,XGBoost,Targeted XGBoost - xgb_depth7_cols075_weight035,0.0014673208352178335,-5.609486106550321e-05
num__num_discontinued_pharmacy_orders,XGBoost,Targeted XGBoost - xgb_depth7_cols075_weight035,0.002316429978236556,-0.0005708924145437777
num__num_verified_pharmacy_orders,XGBoost,Targeted XGBoost - xgb_depth7_cols075_weight035,0.0012338936794549227,0.00023217401758302003
num__num_oral_pharmacy_orders,XGBoost,Targeted XGBoost - xgb_depth7_cols075_weight035,0.0019311023643240333,0.00012450237409211695
num__num_iv_route_pharmacy_orders,XGBoost,Targeted XGBoost - xgb_depth7_cols075_weight035,0.0013797093415632844,-9.448718628846109e-05
num__num_prn_psychotropic_orders,XGBoost,Targeted XGBoost - xgb_depth7_cols075_weight035,0.0010854988358914852,-0.0001684120943536982
num__num_scheduled_psychotropic_orders,XGBoost,Targeted XGBoost - xgb_depth7_cols075_weight035,0.002157429000362754,-0.0003326942678540945
num__num_medication_route_types,XGBoost,Targeted XGBoost - xgb_depth7_cols075_weight035,0.00804089941084385,0.0012946822680532932
num__num_medication_frequency_types,XGBoost,Targeted XGBoost - xgb_depth7_cols075_weight035,0.0035490607842803,0.0022337103728204966
num__psychotropic_order_density_per_day,XGBoost,Targeted XGBoost - xgb_depth7_cols075_weight035,0.02036883495748043,0.00010226203448837623
num__had_prn_antipsychotic,XGBoost,Targeted XGBoost - xgb_depth7_cols075_weight035,0.00020037450303789228,-1.5251071999955457e-05
num__had_prn_benzodiazepine,XGBoost,Targeted XGBoost - xgb_depth7_cols075_weight035,0.0005461809341795743,-9.213580779032782e-05
num__num_prn_benzodiazepine_orders,XGBoost,Targeted XGBoost - xgb_depth7_cols075_weight035,0.004468164872378111,-0.00019006912771146744
num__num_prn_antipsychotic_orders,XGBoost,Targeted XGBoost - xgb_depth7_cols075_weight035,7.980083319125697e-05,3.3211845220648684e-06
num__had_naloxone_order,XGBoost,Targeted XGBoost - xgb_depth7_cols075_weight035,0.0004517504130490124,4.327403803472407e-05
num__had_withdrawal_treatment_order,XGBoost,Targeted XGBoost - xgb_depth7_cols075_weight035,0.0005043765995651484,1.4588804333470762e-05
num__had_lockout_interval_order,XGBoost,Targeted XGBoost - xgb_depth7_cols075_weight035,0.001937215798534453,-5.179450454306789e-06
num__had_basal_rate_order,XGBoost,Targeted XGBoost - xgb_depth7_cols075_weight035,0.0014431343879550695,-0.00011071551853092387
num__had_sliding_scale_order,XGBoost,Targeted XGBoost - xgb_depth7_cols075_weight035,9.51589026954025e-05,1.3899260920879897e-05
num__had_one_hr_max_order,XGBoost,Targeted XGBoost - xgb_depth7_cols075_weight035,0.005142552778124809,0.0006743496633134782
num__num_unverified_pharmacy_orders,XGBoost,Targeted XGBoost - xgb_depth7_cols075_weight035,0.0,0.0
num__num_floor_stock_pharmacy_orders,XGBoost,Targeted XGBoost - xgb_depth7_cols075_weight035,0.0021797625813633204,0.0002149214706150815
num__num_patient_may_take_own_med_orders,XGBoost,Targeted XGBoost - xgb_depth7_cols075_weight035,4.0592276491224766e-05,-2.4423820832453202e-06
num__num_dosing_by_pharmacy_orders,XGBoost,Targeted XGBoost - xgb_depth7_cols075_weight035,0.00022639970120508224,0.00013023262727074325
num__num_discharge_med_proc_type_orders,XGBoost,Targeted XGBoost - xgb_depth7_cols075_weight035,0.0,0.0
num__pharmacy_logistics_complexity_score,XGBoost,Targeted XGBoost - xgb_depth7_cols075_weight035,0.0006522685289382935,0.00013849878450855613
num__pharmacy_infusion_complexity_score,XGBoost,Targeted XGBoost - xgb_depth7_cols075_weight035,0.0014544693985953927,-0.00012819221592508256
num__psychotropic_orders_last_24h_before_discharge,XGBoost,Targeted XGBoost - xgb_depth7_cols075_weight035,0.00089619419304654,-0.0001073215389624238
num__psychotropic_orders_last_48h_before_discharge,XGBoost,Targeted XGBoost - xgb_depth7_cols075_weight035,0.0005795371253043413,2.9594952138722874e-05
num__prn_psychotropic_orders_last_24h_before_discharge,XGBoost,Targeted XGBoost - xgb_depth7_cols075_weight035,0.0017025620909407735,-0.00030202261405065656
num__microbiology_test_count,XGBoost,Targeted XGBoost - xgb_depth7_cols075_weight035,0.0027027884498238564,-0.00015883622108958662
num__blood_culture_positive,XGBoost,Targeted XGBoost - xgb_depth7_cols075_weight035,0.0012099590385332704,-0.00010518341150600463
num__urine_culture_positive,XGBoost,Targeted XGBoost - xgb_depth7_cols075_weight035,0.00015101637109182775,8.224440534831956e-06
num__respiratory_culture_positive,XGBoost,Targeted XGBoost - xgb_depth7_cols075_weight035,0.003309740452095866,-0.00026944049750454724
num__num_positive_blood_culture,XGBoost,Targeted XGBoost - xgb_depth7_cols075_weight035,0.0028792195953428745,-0.00041245060856454074
num__num_positive_urine_culture,XGBoost,Targeted XGBoost - xgb_depth7_cols075_weight035,0.0005358156049624085,0.00011091522901551798
num__num_positive_respiratory_culture,XGBoost,Targeted XGBoost - xgb_depth7_cols075_weight035,0.0008035661885514855,-9.463629976380616e-05
num__culture_positive_first_72h,XGBoost,Targeted XGBoost - xgb_depth7_cols075_weight035,0.00017768560792319477,4.017282844870351e-05
num__distinct_organism_count,XGBoost,Targeted XGBoost - xgb_depth7_cols075_weight035,0.00026856092154048383,1.4135142009763513e-05
num__num_distinct_specimen_types,XGBoost,Targeted XGBoost - xgb_depth7_cols075_weight035,0.001525542582385242,0.00015444781456608325
num__num_distinct_organisms,XGBoost,Targeted XGBoost - xgb_depth7_cols075_weight035,3.0150100428727455e-05,-1.5426843447130523e-06
num__has_microbiology_test,XGBoost,Targeted XGBoost - xgb_depth7_cols075_weight035,3.566913801478222e-05,-1.3346732885111123e-05
num__suspected_infection_flag,XGBoost,Targeted XGBoost - xgb_depth7_cols075_weight035,0.001330563798546791,0.00019535821047611535
num__latest_bmi_before_admission,XGBoost,Targeted XGBoost - xgb_depth7_cols075_weight035,0.006995015777647495,0.0005177233251743019
num__previous_bmi_before_admission,XGBoost,Targeted XGBoost - xgb_depth7_cols075_weight035,0.004442048724740744,-0.0008156632538884878
num__latest_weight_kg_before_admission,XGBoost,Targeted XGBoost - xgb_depth7_cols075_weight035,0.003978060558438301,-0.0005401557427830994
num__previous_weight_kg_before_admission,XGBoost,Targeted XGBoost - xgb_depth7_cols075_weight035,0.0031799599528312683,0.00032269241637550294
num__latest_height_cm_before_admission,XGBoost,Targeted XGBoost - xgb_depth7_cols075_weight035,0.006149800959974527,0.0005664114723913372
num__previous_height_cm_before_admission,XGBoost,Targeted XGBoost - xgb_depth7_cols075_weight035,0.0017207134515047073,-1.6369293007301167e-05
num__days_since_latest_body_measure,XGBoost,Targeted XGBoost - xgb_depth7_cols075_weight035,0.037782199680805206,0.014115487225353718
num__bmi_change_recent,XGBoost,Targeted XGBoost - xgb_depth7_cols075_weight035,0.001673948485404253,-0.0002367611596127972
num__weight_change_recent,XGBoost,Targeted XGBoost - xgb_depth7_cols075_weight035,0.004111619666218758,-1.4702644875796977e-05
num__height_change_recent,XGBoost,Targeted XGBoost - xgb_depth7_cols075_weight035,0.002338122110813856,-0.00010187902807956561
num__missing_bmi_flag,XGBoost,Targeted XGBoost - xgb_depth7_cols075_weight035,0.0012788535095751286,0.00026605435414239764
num__obesity_flag,XGBoost,Targeted XGBoost - xgb_depth7_cols075_weight035,0.0,0.0
num__medical_to_psych_service_transfer,XGBoost,Targeted XGBoost - xgb_depth7_cols075_weight035,0.00033066407195292413,5.858840813743882e-05
num__psych_to_medical_service_transfer,XGBoost,Targeted XGBoost - xgb_depth7_cols075_weight035,0.0,0.0
num__psych_service_involved_anytime,XGBoost,Targeted XGBoost - xgb_depth7_cols075_weight035,0.0001793225237634033,1.9936645912821405e-05
num__medicine_service_involved_anytime,XGBoost,Targeted XGBoost - xgb_depth7_cols075_weight035,0.01609378308057785,0.0015832370845600963
num__medicine_and_psych_services_both_flag,XGBoost,Targeted XGBoost - xgb_depth7_cols075_weight035,0.0,0.0
num__same_first_last_service,XGBoost,Targeted XGBoost - xgb_depth7_cols075_weight035,7.94056904851459e-05,4.6024928451515734e-05
num__time_to_first_transfer_hours,XGBoost,Targeted XGBoost - xgb_depth7_cols075_weight035,0.007085202727466822,-2.01182938326383e-05
num__has_cannabis_related_disorder,XGBoost,Targeted XGBoost - xgb_depth7_cols075_weight035,0.0,0.0
num__has_tobacco_or_nicotine_related_disorder,XGBoost,Targeted XGBoost - xgb_depth7_cols075_weight035,0.0007104766555130482,-5.8925794292008504e-05
num__has_sedative_hypnotic_related_disorder,XGBoost,Targeted XGBoost - xgb_depth7_cols075_weight035,0.0006636047619394958,-0.00016082021465990692
num__has_polysubstance_related_disorder,XGBoost,Targeted XGBoost - xgb_depth7_cols075_weight035,0.00033146137138828635,5.044233148510102e-06
num__elixhauser_congestive_heart_failure,XGBoost,Targeted XGBoost - xgb_depth7_cols075_weight035,0.00024354270135518163,4.229853948345408e-05
num__elixhauser_valvular_disease,XGBoost,Targeted XGBoost - xgb_depth7_cols075_weight035,0.0012630559504032135,-0.0001088589197024703
num__elixhauser_pulmonary_circulation,XGBoost,Targeted XGBoost - xgb_depth7_cols075_weight035,0.00013099830539431423,-2.4538045181543566e-05
num__elixhauser_peripheral_vascular,XGBoost,Targeted XGBoost - xgb_depth7_cols075_weight035,0.003762247506529093,-0.00040945701766759157
num__elixhauser_hypertension,XGBoost,Targeted XGBoost - xgb_depth7_cols075_weight035,0.0005503566935658455,6.66010964778252e-05
num__elixhauser_paralysis,XGBoost,Targeted XGBoost - xgb_depth7_cols075_weight035,0.0,0.0
num__elixhauser_other_neurological,XGBoost,Targeted XGBoost - xgb_depth7_cols075_weight035,0.0004719648859463632,-5.2441184379858896e-05
num__elixhauser_chronic_pulmonary,XGBoost,Targeted XGBoost - xgb_depth7_cols075_weight035,0.0014786042738705873,-0.00015360301767941564
num__elixhauser_diabetes_uncomplicated,XGBoost,Targeted XGBoost - xgb_depth7_cols075_weight035,0.00031199923250824213,-4.0376630749960896e-06
num__elixhauser_diabetes_complicated,XGBoost,Targeted XGBoost - xgb_depth7_cols075_weight035,7.019513577688485e-05,1.345930797924666e-07
num__elixhauser_hypothyroidism,XGBoost,Targeted XGBoost - xgb_depth7_cols075_weight035,0.0007086603436619043,-4.920894934912212e-05
num__elixhauser_renal_failure,XGBoost,Targeted XGBoost - xgb_depth7_cols075_weight035,5.639287701342255e-05,8.943495231505949e-06
num__elixhauser_liver_disease,XGBoost,Targeted XGBoost - xgb_depth7_cols075_weight035,0.0019128513522446156,-0.00020806834800168872
num__elixhauser_peptic_ulcer,XGBoost,Targeted XGBoost - xgb_depth7_cols075_weight035,0.0,0.0
num__elixhauser_aids_hiv,XGBoost,Targeted XGBoost - xgb_depth7_cols075_weight035,0.0,0.0
num__elixhauser_lymphoma,XGBoost,Targeted XGBoost - xgb_depth7_cols075_weight035,0.0034580372739583254,-0.0004136274801567197
num__elixhauser_metastatic_cancer,XGBoost,Targeted XGBoost - xgb_depth7_cols075_weight035,0.00012863567098975182,-4.854157305089757e-05
num__elixhauser_solid_tumour,XGBoost,Targeted XGBoost - xgb_depth7_cols075_weight035,0.012296970002353191,-0.002213096711784601
num__elixhauser_rheumatoid_collagen,XGBoost,Targeted XGBoost - xgb_depth7_cols075_weight035,0.0010003065690398216,-1.2859835806011688e-05
num__elixhauser_coagulopathy,XGBoost,Targeted XGBoost - xgb_depth7_cols075_weight035,8.834210893837735e-05,7.862442544137593e-06
num__elixhauser_obesity,XGBoost,Targeted XGBoost - xgb_depth7_cols075_weight035,0.0007175690843723714,-9.686600969871506e-05
num__elixhauser_weight_loss,XGBoost,Targeted XGBoost - xgb_depth7_cols075_weight035,0.0005304845981299877,-1.4026506505615544e-05
num__elixhauser_fluid_electrolyte,XGBoost,Targeted XGBoost - xgb_depth7_cols075_weight035,0.0009649955900385976,-0.00011187483323737979
num__elixhauser_blood_loss_anaemia,XGBoost,Targeted XGBoost - xgb_depth7_cols075_weight035,0.0,0.0
num__elixhauser_deficiency_anaemia,XGBoost,Targeted XGBoost - xgb_depth7_cols075_weight035,0.00015187777171377093,-8.447794925814378e-07
num__elixhauser_alcohol_abuse,XGBoost,Targeted XGBoost - xgb_depth7_cols075_weight035,0.0020574196241796017,0.00011379052739357576
num__elixhauser_drug_abuse,XGBoost,Targeted XGBoost - xgb_depth7_cols075_weight035,0.0011843802640214562,9.01530947885476e-05
num__elixhauser_psychoses,XGBoost,Targeted XGBoost - xgb_depth7_cols075_weight035,0.02685246616601944,0.006889950484037399
num__elixhauser_depression,XGBoost,Targeted XGBoost - xgb_depth7_cols075_weight035,0.0029384843073785305,0.00024737304192967713
num__finer_substance_use_category_count,XGBoost,Targeted XGBoost - xgb_depth7_cols075_weight035,0.0004481010837480426,-1.2365287147986237e-05
num__elixhauser_individual_group_count,XGBoost,Targeted XGBoost - xgb_depth7_cols075_weight035,0.007475130259990692,-0.0008113382500596344
num__had_mechanical_ventilation_procedure,XGBoost,Targeted XGBoost - xgb_depth7_cols075_weight035,0.00024295940238516778,-0.00012356138904578984
num__had_dialysis_procedure,XGBoost,Targeted XGBoost - xgb_depth7_cols075_weight035,0.0,0.0
num__had_central_line_procedure,XGBoost,Targeted XGBoost - xgb_depth7_cols075_weight035,0.003803713945671916,-0.0006853731465525925
num__had_ect_procedure,XGBoost,Targeted XGBoost - xgb_depth7_cols075_weight035,0.0,0.0
num__ect_procedure_count,XGBoost,Targeted XGBoost - xgb_depth7_cols075_weight035,0.0,0.0
num__ect_within_first_72h,XGBoost,Targeted XGBoost - xgb_depth7_cols075_weight035,0.0,0.0
num__ect_during_admission_flag,XGBoost,Targeted XGBoost - xgb_depth7_cols075_weight035,0.0,0.0
num__emar_administration_record_count,XGBoost,Targeted XGBoost - xgb_depth7_cols075_weight035,0.008067157119512558,-6.755109643563628e-05
num__emar_administered_event_count,XGBoost,Targeted XGBoost - xgb_depth7_cols075_weight035,0.0027171338442713022,-0.0002779675414785743
num__emar_not_given_event_count,XGBoost,Targeted XGBoost - xgb_depth7_cols075_weight035,0.0011673994595184922,-0.000189798854989931
num__emar_administration_count_first_24h,XGBoost,Targeted XGBoost - xgb_depth7_cols075_weight035,0.008515815250575542,-0.000765118864364922
num__emar_administration_count_first_72h,XGBoost,Targeted XGBoost - xgb_depth7_cols075_weight035,0.007273200433701277,0.0009443502640351653
num__emar_missed_or_not_given_count_first_24h,XGBoost,Targeted XGBoost - xgb_depth7_cols075_weight035,0.00317210191860795,0.00035431983997114
num__emar_missed_or_not_given_count_first_72h,XGBoost,Targeted XGBoost - xgb_depth7_cols075_weight035,0.004664883017539978,0.0004115611081942916
num__emar_psychotropic_not_given_count,XGBoost,Targeted XGBoost - xgb_depth7_cols075_weight035,0.00421252753585577,-0.0001518467761343345
num__emar_nonpsychotropic_not_given_count,XGBoost,Targeted XGBoost - xgb_depth7_cols075_weight035,0.0010357528226450086,5.946247256360948e-06
num__emar_delayed_administration_count,XGBoost,Targeted XGBoost - xgb_depth7_cols075_weight035,0.0006441020523197949,-3.822747748927213e-05
num__num_delayed_administered_events,XGBoost,Targeted XGBoost - xgb_depth7_cols075_weight035,0.0003387319447938353,4.5424232666846365e-05
num__num_started_emar_events,XGBoost,Targeted XGBoost - xgb_depth7_cols075_weight035,0.011032499372959137,0.0005239194142632186
num__num_stopped_emar_events,XGBoost,Targeted XGBoost - xgb_depth7_cols075_weight035,0.0015176626620814204,0.0002644559135660529
num__emar_started_stopped_activity_last_24h,XGBoost,Targeted XGBoost - xgb_depth7_cols075_weight035,0.0007299334974959493,-8.427706052316353e-05
num__emar_delayed_or_not_given_last_24h,XGBoost,Targeted XGBoost - xgb_depth7_cols075_weight035,0.002848968608304858,0.00023211924417410046
num__emar_total_delay_hours,XGBoost,Targeted XGBoost - xgb_depth7_cols075_weight035,0.001503744162619114,0.00018443790031597018
num__emar_unique_medication_count,XGBoost,Targeted XGBoost - xgb_depth7_cols075_weight035,0.002186603145673871,-0.000604274682700634
num__emar_infusion_administration_count,XGBoost,Targeted XGBoost - xgb_depth7_cols075_weight035,0.0013583963736891747,6.767122977180406e-05
num__emar_complete_dose_not_given_count,XGBoost,Targeted XGBoost - xgb_depth7_cols075_weight035,5.427659198176116e-05,-2.046838289970765e-06
num__emar_dose_given_record_count,XGBoost,Targeted XGBoost - xgb_depth7_cols075_weight035,0.003873094217851758,-0.000275741855148226
num__emar_new_iv_bag_count,XGBoost,Targeted XGBoost - xgb_depth7_cols075_weight035,0.0005380654474720359,3.2820891647133976e-05
num__num_no_barcode_med_admins,XGBoost,Targeted XGBoost - xgb_depth7_cols075_weight035,0.0010031770216301084,-0.0002832966565620154
num__num_nonformulary_visual_verification,XGBoost,Targeted XGBoost - xgb_depth7_cols075_weight035,0.0001285659527638927,-9.678004062152468e-06
num__num_dose_due_records,XGBoost,Targeted XGBoost - xgb_depth7_cols075_weight035,0.0024912296794354916,6.1183900470496155e-06
num__num_admins_with_remaining_dose,XGBoost,Targeted XGBoost - xgb_depth7_cols075_weight035,0.0012126907240599394,0.00016681733541190624
num__emar_had_iv_administration,XGBoost,Targeted XGBoost - xgb_depth7_cols075_weight035,0.0,0.0
num__emar_had_infusion_administration,XGBoost,Targeted XGBoost - xgb_depth7_cols075_weight035,0.0,0.0
num__emar_complete_dose_not_given_flag,XGBoost,Targeted XGBoost - xgb_depth7_cols075_weight035,0.0,0.0
num__emar_not_given_rate,XGBoost,Targeted XGBoost - xgb_depth7_cols075_weight035,0.0266217440366745,0.003602129640057683
num__emar_complete_dose_not_given_rate,XGBoost,Targeted XGBoost - xgb_depth7_cols075_weight035,0.00026137090753763914,-3.7933288695057854e-05
num__no_barcode_med_admin_rate,XGBoost,Targeted XGBoost - xgb_depth7_cols075_weight035,0.003282549325376749,-0.00019528099801391363
num__delayed_administered_rate,XGBoost,Targeted XGBoost - xgb_depth7_cols075_weight035,0.0026146462187170982,-7.404596544802189e-05
num__emar_mean_delay_hours,XGBoost,Targeted XGBoost - xgb_depth7_cols075_weight035,0.002223125658929348,-0.0008720603655092418
num__emar_administered_to_order_ratio,XGBoost,Targeted XGBoost - xgb_depth7_cols075_weight035,0.007566021755337715,-0.0008946709567680955
num__num_hcpcs_events,XGBoost,Targeted XGBoost - xgb_depth7_cols075_weight035,0.00014298596943262964,1.5287436326616444e-05
num__num_unique_hcpcs_codes,XGBoost,Targeted XGBoost - xgb_depth7_cols075_weight035,0.0004420090699568391,0.00014263571938499808
num__num_hospital_observation_hcpcs_events,XGBoost,Targeted XGBoost - xgb_depth7_cols075_weight035,0.0,0.0
num__hcpcs_observation_to_total_ratio,XGBoost,Targeted XGBoost - xgb_depth7_cols075_weight035,0.0008052699267864227,0.00021900789579376578
num__num_unique_order_providers,XGBoost,Targeted XGBoost - xgb_depth7_cols075_weight035,0.0024786191061139107,-8.681000326760113e-05
num__num_unique_enter_providers,XGBoost,Targeted XGBoost - xgb_depth7_cols075_weight035,0.001987413503229618,-1.607335070730187e-05
num__num_unique_caregivers_icu,XGBoost,Targeted XGBoost - xgb_depth7_cols075_weight035,0.000243198563111946,6.735265924362466e-05
num__num_provider_order_changes,XGBoost,Targeted XGBoost - xgb_depth7_cols075_weight035,0.0016536804614588618,-0.0005867501604370773
num__num_care_team_touchpoints,XGBoost,Targeted XGBoost - xgb_depth7_cols075_weight035,0.006882175337523222,0.0035400695633143187
num__num_inputevents,XGBoost,Targeted XGBoost - xgb_depth7_cols075_weight035,0.0003817627439275384,5.025086284149438e-05
num__num_outputevents,XGBoost,Targeted XGBoost - xgb_depth7_cols075_weight035,0.0017367815598845482,7.220808765850961e-05
num__num_procedureevents,XGBoost,Targeted XGBoost - xgb_depth7_cols075_weight035,0.0004160792741458863,-0.00011701153562171385
num__num_datetimeevents,XGBoost,Targeted XGBoost - xgb_depth7_cols075_weight035,0.0006263774121180177,-0.00018057638953905553
num__num_icu_input_events,XGBoost,Targeted XGBoost - xgb_depth7_cols075_weight035,0.00026090856408700347,4.304785034037195e-05
num__num_icu_output_events,XGBoost,Targeted XGBoost - xgb_depth7_cols075_weight035,0.0005186874768696725,7.789069059072062e-05
num__num_icu_datetime_events,XGBoost,Targeted XGBoost - xgb_depth7_cols075_weight035,0.0007073729648254812,2.4380991817452013e-05
num__num_icu_procedure_events,XGBoost,Targeted XGBoost - xgb_depth7_cols075_weight035,3.659733556560241e-05,-5.717662588722305e-06
num__num_icu_event_warnings,XGBoost,Targeted XGBoost - xgb_depth7_cols075_weight035,0.0,0.0
num__num_continuous_infusion_events,XGBoost,Targeted XGBoost - xgb_depth7_cols075_weight035,5.861052341060713e-05,3.00888204947114e-05
num__num_inputevent_rate_changes,XGBoost,Targeted XGBoost - xgb_depth7_cols075_weight035,0.00039670104160904884,-0.00012745411368086934
num__num_paused_inputevents,XGBoost,Targeted XGBoost - xgb_depth7_cols075_weight035,0.00046287666191346943,-0.00011982496653217822
num__num_stopped_inputevents,XGBoost,Targeted XGBoost - xgb_depth7_cols075_weight035,0.00026442011585459113,-0.00011259151506237686
num__num_change_dose_rate_inputevents,XGBoost,Targeted XGBoost - xgb_depth7_cols075_weight035,0.0005834215553477407,-0.00024848789325915277
num__num_paused_procedureevents,XGBoost,Targeted XGBoost - xgb_depth7_cols075_weight035,0.0,0.0
num__num_stopped_procedureevents,XGBoost,Targeted XGBoost - xgb_depth7_cols075_weight035,2.3422506274073385e-05,-1.0093780474562664e-05
num__num_active_icu_interventions,XGBoost,Targeted XGBoost - xgb_depth7_cols075_weight035,0.0005781449726782739,-0.00034566226531751454
num__icu_event_interruption_score,XGBoost,Targeted XGBoost - xgb_depth7_cols075_weight035,0.0006256887572817504,2.008250703511294e-05
num__icu_event_density_per_day,XGBoost,Targeted XGBoost - xgb_depth7_cols075_weight035,0.003211403265595436,-0.00024509249487891793
num__num_chart_warnings,XGBoost,Targeted XGBoost - xgb_depth7_cols075_weight035,0.0,0.0
num__had_chart_warning,XGBoost,Targeted XGBoost - xgb_depth7_cols075_weight035,0.0,0.0
num__num_outputevents_last_24h_before_discharge,XGBoost,Targeted XGBoost - xgb_depth7_cols075_weight035,0.0003810438502114266,-1.1810167961812112e-05
num__urine_output_total,XGBoost,Targeted XGBoost - xgb_depth7_cols075_weight035,0.0010306385811418295,-0.00018707590061239898
num__urine_output_per_icu_day,XGBoost,Targeted XGBoost - xgb_depth7_cols075_weight035,0.00038224944728426635,5.507586683961563e-05
num__low_urine_output_flag,XGBoost,Targeted XGBoost - xgb_depth7_cols075_weight035,0.0,0.0
num__late_icu_intervention_activity,XGBoost,Targeted XGBoost - xgb_depth7_cols075_weight035,0.000255821825703606,-6.294297782005742e-05
num__has_drg_record,XGBoost,Targeted XGBoost - xgb_depth7_cols075_weight035,0.00016540683282073587,3.6284574889577925e-05
num__creatinine_lab_first_24h_max_missing,XGBoost,Targeted XGBoost - xgb_depth7_cols075_weight035,0.0,0.0
num__glucose_lab_first_24h_max_missing,XGBoost,Targeted XGBoost - xgb_depth7_cols075_weight035,0.0,0.0
num__hemoglobin_lab_first_24h_max_missing,XGBoost,Targeted XGBoost - xgb_depth7_cols075_weight035,0.0,0.0
num__platelet_lab_first_24h_max_missing,XGBoost,Targeted XGBoost - xgb_depth7_cols075_weight035,0.0,0.0
num__potassium_lab_first_24h_max_missing,XGBoost,Targeted XGBoost - xgb_depth7_cols075_weight035,0.00010744166502263397,2.4213859433075413e-05
num__sodium_lab_first_24h_max_missing,XGBoost,Targeted XGBoost - xgb_depth7_cols075_weight035,0.0,0.0
num__urea_nitrogen_lab_first_24h_max_missing,XGBoost,Targeted XGBoost - xgb_depth7_cols075_weight035,0.0,0.0
num__wbc_lab_first_24h_max_missing,XGBoost,Targeted XGBoost - xgb_depth7_cols075_weight035,0.0,0.0
num__creatinine_lab_first_24h_mean_missing,XGBoost,Targeted XGBoost - xgb_depth7_cols075_weight035,0.0,0.0
num__glucose_lab_first_24h_mean_missing,XGBoost,Targeted XGBoost - xgb_depth7_cols075_weight035,0.0,0.0
num__hemoglobin_lab_first_24h_mean_missing,XGBoost,Targeted XGBoost - xgb_depth7_cols075_weight035,0.0,0.0
num__platelet_lab_first_24h_mean_missing,XGBoost,Targeted XGBoost - xgb_depth7_cols075_weight035,0.0,0.0
num__potassium_lab_first_24h_mean_missing,XGBoost,Targeted XGBoost - xgb_depth7_cols075_weight035,0.0,0.0
num__sodium_lab_first_24h_mean_missing,XGBoost,Targeted XGBoost - xgb_depth7_cols075_weight035,0.0,0.0
num__urea_nitrogen_lab_first_24h_mean_missing,XGBoost,Targeted XGBoost - xgb_depth7_cols075_weight035,0.0,0.0
num__wbc_lab_first_24h_mean_missing,XGBoost,Targeted XGBoost - xgb_depth7_cols075_weight035,0.0,0.0
num__creatinine_lab_first_24h_min_missing,XGBoost,Targeted XGBoost - xgb_depth7_cols075_weight035,0.0,0.0
num__glucose_lab_first_24h_min_missing,XGBoost,Targeted XGBoost - xgb_depth7_cols075_weight035,0.0,0.0
num__hemoglobin_lab_first_24h_min_missing,XGBoost,Targeted XGBoost - xgb_depth7_cols075_weight035,0.0,0.0
num__platelet_lab_first_24h_min_missing,XGBoost,Targeted XGBoost - xgb_depth7_cols075_weight035,0.0,0.0
num__potassium_lab_first_24h_min_missing,XGBoost,Targeted XGBoost - xgb_depth7_cols075_weight035,0.0,0.0
num__sodium_lab_first_24h_min_missing,XGBoost,Targeted XGBoost - xgb_depth7_cols075_weight035,0.0,0.0
num__urea_nitrogen_lab_first_24h_min_missing,XGBoost,Targeted XGBoost - xgb_depth7_cols075_weight035,0.0,0.0
num__wbc_lab_first_24h_min_missing,XGBoost,Targeted XGBoost - xgb_depth7_cols075_weight035,0.0,0.0
num__creatinine_lab_first_72h_max_missing,XGBoost,Targeted XGBoost - xgb_depth7_cols075_weight035,0.0,0.0
num__glucose_lab_first_72h_max_missing,XGBoost,Targeted XGBoost - xgb_depth7_cols075_weight035,0.0,0.0
num__hemoglobin_lab_first_72h_max_missing,XGBoost,Targeted XGBoost - xgb_depth7_cols075_weight035,0.0,0.0
num__platelet_lab_first_72h_max_missing,XGBoost,Targeted XGBoost - xgb_depth7_cols075_weight035,0.0,0.0
num__potassium_lab_first_72h_max_missing,XGBoost,Targeted XGBoost - xgb_depth7_cols075_weight035,0.0,0.0
num__sodium_lab_first_72h_max_missing,XGBoost,Targeted XGBoost - xgb_depth7_cols075_weight035,0.0,0.0
num__urea_nitrogen_lab_first_72h_max_missing,XGBoost,Targeted XGBoost - xgb_depth7_cols075_weight035,0.0,0.0
num__wbc_lab_first_72h_max_missing,XGBoost,Targeted XGBoost - xgb_depth7_cols075_weight035,0.0,0.0
num__creatinine_lab_first_72h_mean_missing,XGBoost,Targeted XGBoost - xgb_depth7_cols075_weight035,0.0,0.0
num__glucose_lab_first_72h_mean_missing,XGBoost,Targeted XGBoost - xgb_depth7_cols075_weight035,0.0,0.0
num__hemoglobin_lab_first_72h_mean_missing,XGBoost,Targeted XGBoost - xgb_depth7_cols075_weight035,0.0,0.0
num__platelet_lab_first_72h_mean_missing,XGBoost,Targeted XGBoost - xgb_depth7_cols075_weight035,0.0,0.0
num__potassium_lab_first_72h_mean_missing,XGBoost,Targeted XGBoost - xgb_depth7_cols075_weight035,0.0,0.0
num__sodium_lab_first_72h_mean_missing,XGBoost,Targeted XGBoost - xgb_depth7_cols075_weight035,0.0,0.0
num__urea_nitrogen_lab_first_72h_mean_missing,XGBoost,Targeted XGBoost - xgb_depth7_cols075_weight035,0.0,0.0
num__wbc_lab_first_72h_mean_missing,XGBoost,Targeted XGBoost - xgb_depth7_cols075_weight035,0.0,0.0
num__creatinine_lab_first_72h_min_missing,XGBoost,Targeted XGBoost - xgb_depth7_cols075_weight035,0.0,0.0
num__glucose_lab_first_72h_min_missing,XGBoost,Targeted XGBoost - xgb_depth7_cols075_weight035,0.0,0.0
num__hemoglobin_lab_first_72h_min_missing,XGBoost,Targeted XGBoost - xgb_depth7_cols075_weight035,0.0,0.0
num__platelet_lab_first_72h_min_missing,XGBoost,Targeted XGBoost - xgb_depth7_cols075_weight035,0.0,0.0
num__potassium_lab_first_72h_min_missing,XGBoost,Targeted XGBoost - xgb_depth7_cols075_weight035,0.0,0.0
num__sodium_lab_first_72h_min_missing,XGBoost,Targeted XGBoost - xgb_depth7_cols075_weight035,0.0,0.0
num__urea_nitrogen_lab_first_72h_min_missing,XGBoost,Targeted XGBoost - xgb_depth7_cols075_weight035,0.0,0.0
num__wbc_lab_first_72h_min_missing,XGBoost,Targeted XGBoost - xgb_depth7_cols075_weight035,0.0,0.0
num__creatinine_lab_first_value_missing,XGBoost,Targeted XGBoost - xgb_depth7_cols075_weight035,0.0,0.0
num__glucose_lab_first_value_missing,XGBoost,Targeted XGBoost - xgb_depth7_cols075_weight035,0.0,0.0
num__hemoglobin_lab_first_value_missing,XGBoost,Targeted XGBoost - xgb_depth7_cols075_weight035,0.0,0.0
num__platelet_lab_first_value_missing,XGBoost,Targeted XGBoost - xgb_depth7_cols075_weight035,0.0,0.0
num__potassium_lab_first_value_missing,XGBoost,Targeted XGBoost - xgb_depth7_cols075_weight035,0.0,0.0
num__sodium_lab_first_value_missing,XGBoost,Targeted XGBoost - xgb_depth7_cols075_weight035,0.0,0.0
num__urea_nitrogen_lab_first_value_missing,XGBoost,Targeted XGBoost - xgb_depth7_cols075_weight035,0.0,0.0
num__wbc_lab_first_value_missing,XGBoost,Targeted XGBoost - xgb_depth7_cols075_weight035,0.0,0.0
num__creatinine_lab_last_value_missing,XGBoost,Targeted XGBoost - xgb_depth7_cols075_weight035,0.0,0.0
num__glucose_lab_last_value_missing,XGBoost,Targeted XGBoost - xgb_depth7_cols075_weight035,0.0,0.0
num__hemoglobin_lab_last_value_missing,XGBoost,Targeted XGBoost - xgb_depth7_cols075_weight035,0.0,0.0
num__platelet_lab_last_value_missing,XGBoost,Targeted XGBoost - xgb_depth7_cols075_weight035,0.0,0.0
num__potassium_lab_last_value_missing,XGBoost,Targeted XGBoost - xgb_depth7_cols075_weight035,0.0,0.0
num__sodium_lab_last_value_missing,XGBoost,Targeted XGBoost - xgb_depth7_cols075_weight035,0.0,0.0
num__urea_nitrogen_lab_last_value_missing,XGBoost,Targeted XGBoost - xgb_depth7_cols075_weight035,0.0,0.0
num__wbc_lab_last_value_missing,XGBoost,Targeted XGBoost - xgb_depth7_cols075_weight035,0.0,0.0
num__creatinine_lab_max_value_missing,XGBoost,Targeted XGBoost - xgb_depth7_cols075_weight035,0.0,0.0
num__glucose_lab_max_value_missing,XGBoost,Targeted XGBoost - xgb_depth7_cols075_weight035,0.0,0.0
num__hemoglobin_lab_max_value_missing,XGBoost,Targeted XGBoost - xgb_depth7_cols075_weight035,0.0,0.0
num__platelet_lab_max_value_missing,XGBoost,Targeted XGBoost - xgb_depth7_cols075_weight035,0.0,0.0
num__potassium_lab_max_value_missing,XGBoost,Targeted XGBoost - xgb_depth7_cols075_weight035,0.0,0.0
num__sodium_lab_max_value_missing,XGBoost,Targeted XGBoost - xgb_depth7_cols075_weight035,0.0,0.0
num__urea_nitrogen_lab_max_value_missing,XGBoost,Targeted XGBoost - xgb_depth7_cols075_weight035,0.0,0.0
num__wbc_lab_max_value_missing,XGBoost,Targeted XGBoost - xgb_depth7_cols075_weight035,0.0,0.0
num__creatinine_lab_mean_value_missing,XGBoost,Targeted XGBoost - xgb_depth7_cols075_weight035,0.0,0.0
num__glucose_lab_mean_value_missing,XGBoost,Targeted XGBoost - xgb_depth7_cols075_weight035,0.0,0.0
num__hemoglobin_lab_mean_value_missing,XGBoost,Targeted XGBoost - xgb_depth7_cols075_weight035,0.0,0.0
num__platelet_lab_mean_value_missing,XGBoost,Targeted XGBoost - xgb_depth7_cols075_weight035,0.0,0.0
num__potassium_lab_mean_value_missing,XGBoost,Targeted XGBoost - xgb_depth7_cols075_weight035,0.0,0.0
num__sodium_lab_mean_value_missing,XGBoost,Targeted XGBoost - xgb_depth7_cols075_weight035,0.0,0.0
num__urea_nitrogen_lab_mean_value_missing,XGBoost,Targeted XGBoost - xgb_depth7_cols075_weight035,0.0,0.0
num__wbc_lab_mean_value_missing,XGBoost,Targeted XGBoost - xgb_depth7_cols075_weight035,0.0,0.0
num__creatinine_lab_min_value_missing,XGBoost,Targeted XGBoost - xgb_depth7_cols075_weight035,0.0,0.0
num__glucose_lab_min_value_missing,XGBoost,Targeted XGBoost - xgb_depth7_cols075_weight035,0.0,0.0
num__hemoglobin_lab_min_value_missing,XGBoost,Targeted XGBoost - xgb_depth7_cols075_weight035,0.0,0.0
num__platelet_lab_min_value_missing,XGBoost,Targeted XGBoost - xgb_depth7_cols075_weight035,0.0,0.0
num__potassium_lab_min_value_missing,XGBoost,Targeted XGBoost - xgb_depth7_cols075_weight035,0.0,0.0
num__sodium_lab_min_value_missing,XGBoost,Targeted XGBoost - xgb_depth7_cols075_weight035,0.0,0.0
num__urea_nitrogen_lab_min_value_missing,XGBoost,Targeted XGBoost - xgb_depth7_cols075_weight035,0.0,0.0
num__wbc_lab_min_value_missing,XGBoost,Targeted XGBoost - xgb_depth7_cols075_weight035,0.0,0.0
num__creatinine_lab_std_value_missing,XGBoost,Targeted XGBoost - xgb_depth7_cols075_weight035,0.0,0.0
num__glucose_lab_std_value_missing,XGBoost,Targeted XGBoost - xgb_depth7_cols075_weight035,0.0,0.0
num__hemoglobin_lab_std_value_missing,XGBoost,Targeted XGBoost - xgb_depth7_cols075_weight035,0.0,0.0
num__platelet_lab_std_value_missing,XGBoost,Targeted XGBoost - xgb_depth7_cols075_weight035,0.0,0.0
num__potassium_lab_std_value_missing,XGBoost,Targeted XGBoost - xgb_depth7_cols075_weight035,0.0,0.0
num__sodium_lab_std_value_missing,XGBoost,Targeted XGBoost - xgb_depth7_cols075_weight035,0.0,0.0
num__urea_nitrogen_lab_std_value_missing,XGBoost,Targeted XGBoost - xgb_depth7_cols075_weight035,0.0,0.0
num__wbc_lab_std_value_missing,XGBoost,Targeted XGBoost - xgb_depth7_cols075_weight035,0.0,0.0
num__creatinine_lab_value_change_missing,XGBoost,Targeted XGBoost - xgb_depth7_cols075_weight035,0.0,0.0
num__glucose_lab_value_change_missing,XGBoost,Targeted XGBoost - xgb_depth7_cols075_weight035,0.0,0.0
num__hemoglobin_lab_value_change_missing,XGBoost,Targeted XGBoost - xgb_depth7_cols075_weight035,0.0,0.0
num__platelet_lab_value_change_missing,XGBoost,Targeted XGBoost - xgb_depth7_cols075_weight035,0.0,0.0
num__potassium_lab_value_change_missing,XGBoost,Targeted XGBoost - xgb_depth7_cols075_weight035,0.0,0.0
num__sodium_lab_value_change_missing,XGBoost,Targeted XGBoost - xgb_depth7_cols075_weight035,0.0,0.0
num__urea_nitrogen_lab_value_change_missing,XGBoost,Targeted XGBoost - xgb_depth7_cols075_weight035,0.0,0.0
num__wbc_lab_value_change_missing,XGBoost,Targeted XGBoost - xgb_depth7_cols075_weight035,0.0,0.0
num__creatinine_lab_value_range_missing,XGBoost,Targeted XGBoost - xgb_depth7_cols075_weight035,0.0,0.0
num__glucose_lab_value_range_missing,XGBoost,Targeted XGBoost - xgb_depth7_cols075_weight035,0.0,0.0
num__hemoglobin_lab_value_range_missing,XGBoost,Targeted XGBoost - xgb_depth7_cols075_weight035,0.0,0.0
num__platelet_lab_value_range_missing,XGBoost,Targeted XGBoost - xgb_depth7_cols075_weight035,0.0,0.0
num__potassium_lab_value_range_missing,XGBoost,Targeted XGBoost - xgb_depth7_cols075_weight035,0.0,0.0
num__sodium_lab_value_range_missing,XGBoost,Targeted XGBoost - xgb_depth7_cols075_weight035,0.0,0.0
num__urea_nitrogen_lab_value_range_missing,XGBoost,Targeted XGBoost - xgb_depth7_cols075_weight035,0.0,0.0
num__wbc_lab_value_range_missing,XGBoost,Targeted XGBoost - xgb_depth7_cols075_weight035,0.0,0.0
num__heart_rate_vital_first_value_missing,XGBoost,Targeted XGBoost - xgb_depth7_cols075_weight035,0.0,0.0
num__mean_bp_arterial_vital_first_value_missing,XGBoost,Targeted XGBoost - xgb_depth7_cols075_weight035,0.0,0.0
num__mean_bp_noninvasive_vital_first_value_missing,XGBoost,Targeted XGBoost - xgb_depth7_cols075_weight035,0.0,0.0
num__respiratory_rate_vital_first_value_missing,XGBoost,Targeted XGBoost - xgb_depth7_cols075_weight035,0.0,0.0
num__spo2_vital_first_value_missing,XGBoost,Targeted XGBoost - xgb_depth7_cols075_weight035,0.0,0.0
num__systolic_bp_arterial_vital_first_value_missing,XGBoost,Targeted XGBoost - xgb_depth7_cols075_weight035,0.0,0.0
num__systolic_bp_noninvasive_vital_first_value_missing,XGBoost,Targeted XGBoost - xgb_depth7_cols075_weight035,0.0,0.0
num__heart_rate_vital_last_value_missing,XGBoost,Targeted XGBoost - xgb_depth7_cols075_weight035,0.0,0.0
num__mean_bp_arterial_vital_last_value_missing,XGBoost,Targeted XGBoost - xgb_depth7_cols075_weight035,0.0,0.0
num__mean_bp_noninvasive_vital_last_value_missing,XGBoost,Targeted XGBoost - xgb_depth7_cols075_weight035,0.0,0.0
num__respiratory_rate_vital_last_value_missing,XGBoost,Targeted XGBoost - xgb_depth7_cols075_weight035,0.0,0.0
num__spo2_vital_last_value_missing,XGBoost,Targeted XGBoost - xgb_depth7_cols075_weight035,0.0,0.0
num__systolic_bp_arterial_vital_last_value_missing,XGBoost,Targeted XGBoost - xgb_depth7_cols075_weight035,0.0,0.0
num__systolic_bp_noninvasive_vital_last_value_missing,XGBoost,Targeted XGBoost - xgb_depth7_cols075_weight035,0.0,0.0
num__heart_rate_vital_max_value_missing,XGBoost,Targeted XGBoost - xgb_depth7_cols075_weight035,0.0,0.0
num__mean_bp_arterial_vital_max_value_missing,XGBoost,Targeted XGBoost - xgb_depth7_cols075_weight035,0.0,0.0
num__mean_bp_noninvasive_vital_max_value_missing,XGBoost,Targeted XGBoost - xgb_depth7_cols075_weight035,0.0,0.0
num__respiratory_rate_vital_max_value_missing,XGBoost,Targeted XGBoost - xgb_depth7_cols075_weight035,0.0,0.0
num__spo2_vital_max_value_missing,XGBoost,Targeted XGBoost - xgb_depth7_cols075_weight035,0.0,0.0
num__systolic_bp_arterial_vital_max_value_missing,XGBoost,Targeted XGBoost - xgb_depth7_cols075_weight035,0.0,0.0
num__systolic_bp_noninvasive_vital_max_value_missing,XGBoost,Targeted XGBoost - xgb_depth7_cols075_weight035,0.0,0.0
num__heart_rate_vital_mean_value_missing,XGBoost,Targeted XGBoost - xgb_depth7_cols075_weight035,0.0,0.0
num__mean_bp_arterial_vital_mean_value_missing,XGBoost,Targeted XGBoost - xgb_depth7_cols075_weight035,0.0,0.0
num__mean_bp_noninvasive_vital_mean_value_missing,XGBoost,Targeted XGBoost - xgb_depth7_cols075_weight035,0.0,0.0
num__respiratory_rate_vital_mean_value_missing,XGBoost,Targeted XGBoost - xgb_depth7_cols075_weight035,0.0,0.0
num__spo2_vital_mean_value_missing,XGBoost,Targeted XGBoost - xgb_depth7_cols075_weight035,0.0,0.0
num__systolic_bp_arterial_vital_mean_value_missing,XGBoost,Targeted XGBoost - xgb_depth7_cols075_weight035,0.0,0.0
num__systolic_bp_noninvasive_vital_mean_value_missing,XGBoost,Targeted XGBoost - xgb_depth7_cols075_weight035,0.0,0.0
num__heart_rate_vital_min_value_missing,XGBoost,Targeted XGBoost - xgb_depth7_cols075_weight035,0.0,0.0
num__mean_bp_arterial_vital_min_value_missing,XGBoost,Targeted XGBoost - xgb_depth7_cols075_weight035,0.0,0.0
num__mean_bp_noninvasive_vital_min_value_missing,XGBoost,Targeted XGBoost - xgb_depth7_cols075_weight035,0.0,0.0
num__respiratory_rate_vital_min_value_missing,XGBoost,Targeted XGBoost - xgb_depth7_cols075_weight035,0.0,0.0
num__spo2_vital_min_value_missing,XGBoost,Targeted XGBoost - xgb_depth7_cols075_weight035,0.0,0.0
num__systolic_bp_arterial_vital_min_value_missing,XGBoost,Targeted XGBoost - xgb_depth7_cols075_weight035,0.0,0.0
num__systolic_bp_noninvasive_vital_min_value_missing,XGBoost,Targeted XGBoost - xgb_depth7_cols075_weight035,0.0,0.0
num__heart_rate_vital_value_change_missing,XGBoost,Targeted XGBoost - xgb_depth7_cols075_weight035,0.0,0.0
num__mean_bp_arterial_vital_value_change_missing,XGBoost,Targeted XGBoost - xgb_depth7_cols075_weight035,0.0,0.0
num__mean_bp_noninvasive_vital_value_change_missing,XGBoost,Targeted XGBoost - xgb_depth7_cols075_weight035,0.0,0.0
num__respiratory_rate_vital_value_change_missing,XGBoost,Targeted XGBoost - xgb_depth7_cols075_weight035,0.0,0.0
num__spo2_vital_value_change_missing,XGBoost,Targeted XGBoost - xgb_depth7_cols075_weight035,0.0,0.0
num__systolic_bp_arterial_vital_value_change_missing,XGBoost,Targeted XGBoost - xgb_depth7_cols075_weight035,0.0,0.0
num__systolic_bp_noninvasive_vital_value_change_missing,XGBoost,Targeted XGBoost - xgb_depth7_cols075_weight035,0.0,0.0
num__previous_psych_admissions,XGBoost,Targeted XGBoost - xgb_depth7_cols075_weight035,0.019034331664443016,0.00037031303509138525
num__has_previous_psych_admission,XGBoost,Targeted XGBoost - xgb_depth7_cols075_weight035,0.0001298413408221677,-1.890670864668209e-05
num__days_since_previous_psych_admission_filled,XGBoost,Targeted XGBoost - xgb_depth7_cols075_weight035,0.021448593586683273,-0.0025615605991333723
num__recent_psych_admission_30d,XGBoost,Targeted XGBoost - xgb_depth7_cols075_weight035,0.0007434273138642311,-2.9838829505024478e-05
num__recent_psych_admission_90d,XGBoost,Targeted XGBoost - xgb_depth7_cols075_weight035,0.00025604580878280103,-9.501466411165893e-05
num__recent_psych_admission_365d,XGBoost,Targeted XGBoost - xgb_depth7_cols075_weight035,0.000405339349526912,8.293084829347208e-05
num__has_previous_hospital_admission,XGBoost,Targeted XGBoost - xgb_depth7_cols075_weight035,0.0012183102080598474,0.00035407618270255625
num__has_previous_nonpsych_admission,XGBoost,Targeted XGBoost - xgb_depth7_cols075_weight035,0.0007357873255386949,0.00010080392530653626
num__has_multiple_previous_hospital_admissions,XGBoost,Targeted XGBoost - xgb_depth7_cols075_weight035,0.0,0.0
num__admission_year,XGBoost,Targeted XGBoost - xgb_depth7_cols075_weight035,0.010827683843672276,-0.0008911275654099882
num__admission_month,XGBoost,Targeted XGBoost - xgb_depth7_cols075_weight035,0.0021312320604920387,-0.0001652835780987516
num__admission_dayofweek,XGBoost,Targeted XGBoost - xgb_depth7_cols075_weight035,0.0025886534713208675,-0.00012531773245427758
num__weekend_admission,XGBoost,Targeted XGBoost - xgb_depth7_cols075_weight035,0.00021257121989037842,7.277928489202168e-06
num__admission_hour,XGBoost,Targeted XGBoost - xgb_depth7_cols075_weight035,0.0075903283432126045,-0.00010854451829800382
num__night_admission,XGBoost,Targeted XGBoost - xgb_depth7_cols075_weight035,0.002265460556373,-7.314493996091187e-05
num__discharge_hour,XGBoost,Targeted XGBoost - xgb_depth7_cols075_weight035,0.043862827122211456,0.01798848994076252
num__discharge_month,XGBoost,Targeted XGBoost - xgb_depth7_cols075_weight035,0.008170104585587978,-0.00016599969239905477
num__discharge_dayofweek,XGBoost,Targeted XGBoost - xgb_depth7_cols075_weight035,0.01010268833488226,-8.03683724370785e-05
num__weekend_discharge,XGBoost,Targeted XGBoost - xgb_depth7_cols075_weight035,0.000283894594758749,-3.664888208732009e-05
num__friday_discharge,XGBoost,Targeted XGBoost - xgb_depth7_cols075_weight035,0.00024220497289206833,-2.6250019800500013e-05
num__night_discharge,XGBoost,Targeted XGBoost - xgb_depth7_cols075_weight035,0.0026623238809406757,0.0005180584848858416
num__discharged_home_with_services_flag,XGBoost,Targeted XGBoost - xgb_depth7_cols075_weight035,0.008613308891654015,-0.0015762619441375136
num__discharged_home_without_services_flag,XGBoost,Targeted XGBoost - xgb_depth7_cols075_weight035,0.0005709305987693369,-1.4183578969095834e-05
num__discharged_to_rehab_flag,XGBoost,Targeted XGBoost - xgb_depth7_cols075_weight035,0.00026464302209205925,2.7096968551632017e-05
num__discharged_to_snf_flag,XGBoost,Targeted XGBoost - xgb_depth7_cols075_weight035,0.0011418646899983287,1.5588466339977458e-05
num__discharged_to_acute_hospital_flag,XGBoost,Targeted XGBoost - xgb_depth7_cols075_weight035,0.002197494264692068,0.000735636567696929
num__discharged_to_residential_care_flag,XGBoost,Targeted XGBoost - xgb_depth7_cols075_weight035,0.00011085653386544436,1.9236767911934294e-05
num__discharged_to_psych_facility_or_transfer_flag,XGBoost,Targeted XGBoost - xgb_depth7_cols075_weight035,0.014068204909563065,0.01146186888217926
num__admitted_from_ed_flag,XGBoost,Targeted XGBoost - xgb_depth7_cols075_weight035,0.0030671926215291023,-0.00020171291544102132
num__admitted_from_clinic_referral_flag,XGBoost,Targeted XGBoost - xgb_depth7_cols075_weight035,0.0011997951660305262,-2.8102267606300302e-05
num__admitted_from_emergency_transfer_flag,XGBoost,Targeted XGBoost - xgb_depth7_cols075_weight035,0.0014853302855044603,-5.8996145526180044e-05
num__admission_source_high_acuity_flag,XGBoost,Targeted XGBoost - xgb_depth7_cols075_weight035,0.0034348980989307165,-0.0001034855013131164
num__psych_diagnosis_group_count,XGBoost,Targeted XGBoost - xgb_depth7_cols075_weight035,0.031290166079998016,0.0032786631491035223
num__has_multiple_psych_diagnosis_groups,XGBoost,Targeted XGBoost - xgb_depth7_cols075_weight035,0.007159139029681683,0.0007209752802737057
num__has_severe_mental_illness,XGBoost,Targeted XGBoost - xgb_depth7_cols075_weight035,0.0008389149443246424,0.00025399430887773633
num__high_drg_severity,XGBoost,Targeted XGBoost - xgb_depth7_cols075_weight035,0.002003382658585906,-0.0005023743724450469
num__high_drg_mortality,XGBoost,Targeted XGBoost - xgb_depth7_cols075_weight035,4.867856114287861e-05,-1.2030065590806771e-05
num__high_service_transfer_burden,XGBoost,Targeted XGBoost - xgb_depth7_cols075_weight035,0.0,0.0
num__multiple_services,XGBoost,Targeted XGBoost - xgb_depth7_cols075_weight035,0.0,0.0
num__high_physical_transfer_burden,XGBoost,Targeted XGBoost - xgb_depth7_cols075_weight035,9.469956421526149e-05,-3.0938113923184574e-05
num__multiple_careunits,XGBoost,Targeted XGBoost - xgb_depth7_cols075_weight035,0.00016430775576736778,-1.1962546523136552e-05
num__had_careunit_transfer,XGBoost,Targeted XGBoost - xgb_depth7_cols075_weight035,0.0004032658180221915,-9.093217522604391e-05
num__high_procedure_burden,XGBoost,Targeted XGBoost - xgb_depth7_cols075_weight035,0.00026461316156201065,-1.4466203310803394e-06
num__multiple_procedure_codes,XGBoost,Targeted XGBoost - xgb_depth7_cols075_weight035,0.00030410554609261453,-5.101581336930394e-05
num__has_any_psych_medication,XGBoost,Targeted XGBoost - xgb_depth7_cols075_weight035,7.331356755457819e-05,-1.2708856047538575e-05
num__has_any_prescription,XGBoost,Targeted XGBoost - xgb_depth7_cols075_weight035,0.0,0.0
num__polypharmacy_5plus,XGBoost,Targeted XGBoost - xgb_depth7_cols075_weight035,0.0,0.0
num__polypharmacy_10plus,XGBoost,Targeted XGBoost - xgb_depth7_cols075_weight035,0.0,0.0
num__antidepressant_antipsychotic_combination,XGBoost,Targeted XGBoost - xgb_depth7_cols075_weight035,0.0004971533198840916,-2.4833638235577382e-05
num__mood_stabiliser_antipsychotic_combination,XGBoost,Targeted XGBoost - xgb_depth7_cols075_weight035,0.0,0.0
num__num_labs_measured,XGBoost,Targeted XGBoost - xgb_depth7_cols075_weight035,1.4538377399730962e-05,-2.7956939447904006e-06
num__num_abnormal_labs,XGBoost,Targeted XGBoost - xgb_depth7_cols075_weight035,0.002118418924510479,-6.714031042065471e-05
num__any_abnormal_lab,XGBoost,Targeted XGBoost - xgb_depth7_cols075_weight035,0.0,0.0
num__num_lab_value_missing_indicators,XGBoost,Targeted XGBoost - xgb_depth7_cols075_weight035,0.0011675299610942602,-0.000579297193326056
num__electrolyte_abnormality_count,XGBoost,Targeted XGBoost - xgb_depth7_cols075_weight035,0.0009693987667560577,-0.00016496826719958335
num__any_electrolyte_abnormality,XGBoost,Targeted XGBoost - xgb_depth7_cols075_weight035,0.00029262169846333563,-0.00010744688188424334
num__renal_lab_abnormality,XGBoost,Targeted XGBoost - xgb_depth7_cols075_weight035,7.279976853169501e-05,-1.1527188689797185e-05
num__hematology_lab_abnormality,XGBoost,Targeted XGBoost - xgb_depth7_cols075_weight035,0.0002922467247117311,0.00017832830781117082
num__prolonged_icu_stay_3plus_days,XGBoost,Targeted XGBoost - xgb_depth7_cols075_weight035,2.1627118258038536e-05,1.4920558442099718e-06
num__prolonged_icu_stay_7plus_days,XGBoost,Targeted XGBoost - xgb_depth7_cols075_weight035,0.0,0.0
num__num_vital_types_measured,XGBoost,Targeted XGBoost - xgb_depth7_cols075_weight035,9.938621951732785e-05,-4.683974839281291e-05
num__num_vital_value_missing_indicators,XGBoost,Targeted XGBoost - xgb_depth7_cols075_weight035,0.0,0.0
num__tachycardia_indicator,XGBoost,Targeted XGBoost - xgb_depth7_cols075_weight035,0.0,0.0
num__severe_tachycardia_indicator,XGBoost,Targeted XGBoost - xgb_depth7_cols075_weight035,0.0,0.0
num__tachypnoea_indicator,XGBoost,Targeted XGBoost - xgb_depth7_cols075_weight035,2.390357076365035e-05,1.4626804158979212e-06
num__hypoxia_indicator,XGBoost,Targeted XGBoost - xgb_depth7_cols075_weight035,0.0,0.0
num__minimum_systolic_bp,XGBoost,Targeted XGBoost - xgb_depth7_cols075_weight035,0.0002764600212685764,6.0313104768283665e-05
num__minimum_mean_bp,XGBoost,Targeted XGBoost - xgb_depth7_cols075_weight035,0.0004992966423742473,-0.00026115469518117607
num__hypotension_indicator,XGBoost,Targeted XGBoost - xgb_depth7_cols075_weight035,0.0,0.0
num__physiological_instability_score,XGBoost,Targeted XGBoost - xgb_depth7_cols075_weight035,0.000181708179297857,5.9320402215234935e-05
num__heart_rate_72h_mean,XGBoost,Targeted XGBoost - xgb_depth7_cols075_weight035,0.0007030664128251374,-5.5050306400517e-05
num__heart_rate_72h_min,XGBoost,Targeted XGBoost - xgb_depth7_cols075_weight035,0.0006881834706291556,-3.178557017236017e-05
num__heart_rate_72h_max,XGBoost,Targeted XGBoost - xgb_depth7_cols075_weight035,0.0008963728905655444,-0.00013091207074467093
num__heart_rate_72h_std,XGBoost,Targeted XGBoost - xgb_depth7_cols075_weight035,0.0009550360846333206,0.0001496464101364836
num__heart_rate_72h_observed_hours,XGBoost,Targeted XGBoost - xgb_depth7_cols075_weight035,0.0006446852930821478,-7.668088801437989e-05
num__mean_bp_arterial_72h_mean,XGBoost,Targeted XGBoost - xgb_depth7_cols075_weight035,0.00029757714946754277,-9.87378807622008e-05
num__mean_bp_arterial_72h_min,XGBoost,Targeted XGBoost - xgb_depth7_cols075_weight035,0.00031496977317146957,-6.318149189610267e-06
num__mean_bp_arterial_72h_max,XGBoost,Targeted XGBoost - xgb_depth7_cols075_weight035,0.0001743760221870616,9.911462984746322e-05
num__mean_bp_arterial_72h_std,XGBoost,Targeted XGBoost - xgb_depth7_cols075_weight035,7.076359906932339e-05,9.525127097731456e-06
num__mean_bp_arterial_72h_observed_hours,XGBoost,Targeted XGBoost - xgb_depth7_cols075_weight035,0.00011159431596752256,-1.4154592463455629e-05
num__mean_bp_noninvasive_72h_mean,XGBoost,Targeted XGBoost - xgb_depth7_cols075_weight035,0.0005359891219995916,-9.488243085797876e-05
num__mean_bp_noninvasive_72h_min,XGBoost,Targeted XGBoost - xgb_depth7_cols075_weight035,0.0031588245183229446,-0.00026282318867743015
num__mean_bp_noninvasive_72h_max,XGBoost,Targeted XGBoost - xgb_depth7_cols075_weight035,0.00036053889198228717,-3.840348654193804e-05
num__mean_bp_noninvasive_72h_std,XGBoost,Targeted XGBoost - xgb_depth7_cols075_weight035,0.001611177111044526,-0.00013925177336204797
num__mean_bp_noninvasive_72h_observed_hours,XGBoost,Targeted XGBoost - xgb_depth7_cols075_weight035,0.001229783520102501,-0.0001398025342496112
num__respiratory_rate_72h_mean,XGBoost,Targeted XGBoost - xgb_depth7_cols075_weight035,0.0005871070898137987,-5.720911576645449e-05
num__respiratory_rate_72h_min,XGBoost,Targeted XGBoost - xgb_depth7_cols075_weight035,0.0007172211771830916,1.7616510376683436e-05
num__respiratory_rate_72h_max,XGBoost,Targeted XGBoost - xgb_depth7_cols075_weight035,0.00048302754294127226,-1.9099852579529397e-05
num__respiratory_rate_72h_std,XGBoost,Targeted XGBoost - xgb_depth7_cols075_weight035,0.0007718604756519198,4.633544813259505e-05
num__respiratory_rate_72h_observed_hours,XGBoost,Targeted XGBoost - xgb_depth7_cols075_weight035,0.00034695843351073563,-7.391677354462445e-05
num__spo2_72h_mean,XGBoost,Targeted XGBoost - xgb_depth7_cols075_weight035,0.0008928542956709862,-9.947900980478153e-05
num__spo2_72h_min,XGBoost,Targeted XGBoost - xgb_depth7_cols075_weight035,0.00023424009850714356,6.17958721704781e-05
num__spo2_72h_max,XGBoost,Targeted XGBoost - xgb_depth7_cols075_weight035,0.00017124829173553735,4.554151382762939e-05
num__spo2_72h_std,XGBoost,Targeted XGBoost - xgb_depth7_cols075_weight035,0.0014498592354357243,-0.00027591269463300705
num__spo2_72h_observed_hours,XGBoost,Targeted XGBoost - xgb_depth7_cols075_weight035,0.00035343505442142487,2.8257822123123333e-05
num__systolic_bp_arterial_72h_mean,XGBoost,Targeted XGBoost - xgb_depth7_cols075_weight035,6.944002234376967e-05,-1.3576850506069604e-05
num__systolic_bp_arterial_72h_min,XGBoost,Targeted XGBoost - xgb_depth7_cols075_weight035,0.00046897982247173786,-3.2227966585196555e-05
num__systolic_bp_arterial_72h_max,XGBoost,Targeted XGBoost - xgb_depth7_cols075_weight035,0.00060541823040694,1.6084813978523016e-05
num__systolic_bp_arterial_72h_std,XGBoost,Targeted XGBoost - xgb_depth7_cols075_weight035,5.7988356275018305e-05,1.4477704098680988e-05
num__systolic_bp_arterial_72h_observed_hours,XGBoost,Targeted XGBoost - xgb_depth7_cols075_weight035,0.0002617242862470448,3.407913027331233e-05
num__systolic_bp_noninvasive_72h_mean,XGBoost,Targeted XGBoost - xgb_depth7_cols075_weight035,0.0006542494520545006,-1.2644568414543755e-06
num__systolic_bp_noninvasive_72h_min,XGBoost,Targeted XGBoost - xgb_depth7_cols075_weight035,0.0009528604568913579,-1.3664309335581493e-05
num__systolic_bp_noninvasive_72h_max,XGBoost,Targeted XGBoost - xgb_depth7_cols075_weight035,0.0007704967283643782,-0.00011868403089465573
num__systolic_bp_noninvasive_72h_std,XGBoost,Targeted XGBoost - xgb_depth7_cols075_weight035,0.0006310049211606383,2.653611227287911e-05
num__systolic_bp_noninvasive_72h_observed_hours,XGBoost,Targeted XGBoost - xgb_depth7_cols075_weight035,0.00028970048879273236,0.0001280294090975076
num__ed_length_of_stay_hours_missing,XGBoost,Targeted XGBoost - xgb_depth7_cols075_weight035,0.00037661209353245795,-9.782318375073373e-05
num__ed_length_of_stay_hours_filled,XGBoost,Targeted XGBoost - xgb_depth7_cols075_weight035,0.007280079647898674,-9.42164333537221e-05
num__ed_to_admission_hours_missing,XGBoost,Targeted XGBoost - xgb_depth7_cols075_weight035,0.0,0.0
num__ed_to_admission_hours_filled,XGBoost,Targeted XGBoost - xgb_depth7_cols075_weight035,0.008257893845438957,0.00014377139450516552
num__ed_to_ward_delay_hours_missing,XGBoost,Targeted XGBoost - xgb_depth7_cols075_weight035,0.0,0.0
num__ed_to_ward_delay_hours_filled,XGBoost,Targeted XGBoost - xgb_depth7_cols075_weight035,0.0,0.0
num__days_since_previous_hospital_admission_missing,XGBoost,Targeted XGBoost - xgb_depth7_cols075_weight035,0.0,0.0
num__days_since_previous_icu_admission_missing,XGBoost,Targeted XGBoost - xgb_depth7_cols075_weight035,0.0,0.0
num__time_to_first_transfer_hours_missing,XGBoost,Targeted XGBoost - xgb_depth7_cols075_weight035,0.0010334764374420047,-0.00026135705411434174
num__time_to_first_transfer_hours_filled,XGBoost,Targeted XGBoost - xgb_depth7_cols075_weight035,0.004651002585887909,-0.0006091076647862792
num__first_order_hours_from_admission_missing,XGBoost,Targeted XGBoost - xgb_depth7_cols075_weight035,0.0,0.0
num__first_order_hours_from_admission_filled,XGBoost,Targeted XGBoost - xgb_depth7_cols075_weight035,0.003787904279306531,-3.737131191883236e-05
num__last_order_hours_from_admission_missing,XGBoost,Targeted XGBoost - xgb_depth7_cols075_weight035,0.0,0.0
num__last_order_hours_from_admission_filled,XGBoost,Targeted XGBoost - xgb_depth7_cols075_weight035,0.010699659585952759,0.0021506042685359716
num__days_since_latest_body_measure_missing,XGBoost,Targeted XGBoost - xgb_depth7_cols075_weight035,0.001807224820367992,0.000377969176042825
num__days_since_latest_body_measure_filled,XGBoost,Targeted XGBoost - xgb_depth7_cols075_weight035,0.013188940472900867,0.0034123340155929327
num__latest_bmi_before_admission_missing,XGBoost,Targeted XGBoost - xgb_depth7_cols075_weight035,4.483568045543507e-05,1.4356553947436623e-05
num__latest_bmi_before_admission_filled,XGBoost,Targeted XGBoost - xgb_depth7_cols075_weight035,0.001526896608993411,0.00013929206761531532
num__previous_bmi_before_admission_missing,XGBoost,Targeted XGBoost - xgb_depth7_cols075_weight035,0.0005616096314042807,-2.713467983994633e-05
num__previous_bmi_before_admission_filled,XGBoost,Targeted XGBoost - xgb_depth7_cols075_weight035,0.0009025093168020248,-0.00022178716608323157
num__bmi_change_recent_missing,XGBoost,Targeted XGBoost - xgb_depth7_cols075_weight035,0.00012411022908054292,-4.7498411731794477e-05
num__bmi_change_recent_filled,XGBoost,Targeted XGBoost - xgb_depth7_cols075_weight035,0.00045890011824667454,-1.6265677913906984e-05
num__latest_weight_kg_before_admission_missing,XGBoost,Targeted XGBoost - xgb_depth7_cols075_weight035,0.0010052475845441222,5.770457937614992e-05
num__latest_weight_kg_before_admission_filled,XGBoost,Targeted XGBoost - xgb_depth7_cols075_weight035,0.001958627486601472,9.544788917992264e-05
num__previous_weight_kg_before_admission_missing,XGBoost,Targeted XGBoost - xgb_depth7_cols075_weight035,0.0004901340580545366,-3.826851389021613e-05
num__previous_weight_kg_before_admission_filled,XGBoost,Targeted XGBoost - xgb_depth7_cols075_weight035,0.0012591020204126835,-9.457160922465846e-05
num__weight_change_recent_missing,XGBoost,Targeted XGBoost - xgb_depth7_cols075_weight035,0.0,0.0
num__weight_change_recent_filled,XGBoost,Targeted XGBoost - xgb_depth7_cols075_weight035,0.001506777829490602,0.00012198619515402243
num__latest_height_cm_before_admission_missing,XGBoost,Targeted XGBoost - xgb_depth7_cols075_weight035,0.0003879438154399395,-2.4485010726493783e-05
num__latest_height_cm_before_admission_filled,XGBoost,Targeted XGBoost - xgb_depth7_cols075_weight035,0.0016073619481176138,0.00016243496793322265
num__previous_height_cm_before_admission_missing,XGBoost,Targeted XGBoost - xgb_depth7_cols075_weight035,0.0004782693868037313,3.372739956830628e-05
num__previous_height_cm_before_admission_filled,XGBoost,Targeted XGBoost - xgb_depth7_cols075_weight035,0.0009342188714072108,0.00014501617988571525
num__height_change_recent_missing,XGBoost,Targeted XGBoost - xgb_depth7_cols075_weight035,2.6943460397887975e-05,-9.596657037036493e-06
num__height_change_recent_filled,XGBoost,Targeted XGBoost - xgb_depth7_cols075_weight035,0.0008848415454849601,-8.755065937293693e-05
num__orders_per_hospital_day,XGBoost,Targeted XGBoost - xgb_depth7_cols075_weight035,0.0033457065001130104,0.0008035079808905721
num__new_orders_last_24h_per_hospital_day,XGBoost,Targeted XGBoost - xgb_depth7_cols075_weight035,0.0026417719200253487,4.2767245759023353e-05
num__medications_per_hospital_day,XGBoost,Targeted XGBoost - xgb_depth7_cols075_weight035,0.004714122042059898,-0.001775039709173143
num__prescriptions_per_hospital_day,XGBoost,Targeted XGBoost - xgb_depth7_cols075_weight035,0.0068739233538508415,-0.0012750595342367887
num__procedures_per_hospital_day,XGBoost,Targeted XGBoost - xgb_depth7_cols075_weight035,0.015846440568566322,-0.0013548069400712848
num__care_team_touchpoints_per_hospital_day,XGBoost,Targeted XGBoost - xgb_depth7_cols075_weight035,0.01871107518672943,0.0008173084352165461
num__discontinued_orders_per_hospital_day,XGBoost,Targeted XGBoost - xgb_depth7_cols075_weight035,0.003164389170706272,-0.001064059790223837
num__discontinued_pharmacy_orders_per_hospital_day,XGBoost,Targeted XGBoost - xgb_depth7_cols075_weight035,0.004194478038698435,-0.0006491056410595775
num__total_selected_lab_event_count,XGBoost,Targeted XGBoost - xgb_depth7_cols075_weight035,0.0009039661381393671,0.00013637907977681607
num__lab_tests_per_hospital_day,XGBoost,Targeted XGBoost - xgb_depth7_cols075_weight035,0.0062065464444458485,-0.0021383638959378004
num__discontinued_order_proportion,XGBoost,Targeted XGBoost - xgb_depth7_cols075_weight035,0.0002504127623979002,-4.611513213603757e-05
num__psych_related_order_proportion,XGBoost,Targeted XGBoost - xgb_depth7_cols075_weight035,0.003307437989860773,7.025381637504324e-05
num__consult_order_proportion,XGBoost,Targeted XGBoost - xgb_depth7_cols075_weight035,0.006510182749480009,0.0009266631095670164
num__safety_order_proportion,XGBoost,Targeted XGBoost - xgb_depth7_cols075_weight035,0.011687168851494789,0.005409220699220896
num__followup_order_proportion,XGBoost,Targeted XGBoost - xgb_depth7_cols075_weight035,0.00882975198328495,-0.0008828570134937763
num__orders_first_72h_to_total_ratio,XGBoost,Targeted XGBoost - xgb_depth7_cols075_weight035,0.0057059689424932,0.0010699143167585135
num__orders_after_72h_to_total_ratio,XGBoost,Targeted XGBoost - xgb_depth7_cols075_weight035,0.0023296631406992674,-0.0005459131789393723
num__creatinine_lab_coefficient_of_variation,XGBoost,Targeted XGBoost - xgb_depth7_cols075_weight035,0.009407762438058853,-0.0008427892462350428
num__creatinine_lab_rate_of_change_per_day,XGBoost,Targeted XGBoost - xgb_depth7_cols075_weight035,0.0032368774991482496,0.0001184483990073204
num__creatinine_lab_last_to_first_ratio,XGBoost,Targeted XGBoost - xgb_depth7_cols075_weight035,0.002228544559329748,0.0006996877491474152
num__glucose_lab_coefficient_of_variation,XGBoost,Targeted XGBoost - xgb_depth7_cols075_weight035,0.006273017730563879,-0.0002951717469841242
num__glucose_lab_rate_of_change_per_day,XGBoost,Targeted XGBoost - xgb_depth7_cols075_weight035,0.002770642749965191,0.00010112674499396235
num__glucose_lab_last_to_first_ratio,XGBoost,Targeted XGBoost - xgb_depth7_cols075_weight035,0.0042271688580513,-0.0006276338826864958
num__hemoglobin_lab_coefficient_of_variation,XGBoost,Targeted XGBoost - xgb_depth7_cols075_weight035,0.006709732115268707,0.0003596316964831203
num__hemoglobin_lab_rate_of_change_per_day,XGBoost,Targeted XGBoost - xgb_depth7_cols075_weight035,0.0036150841042399406,0.00016962466179393232
num__hemoglobin_lab_last_to_first_ratio,XGBoost,Targeted XGBoost - xgb_depth7_cols075_weight035,0.0022045874502509832,0.00017506122821941972
num__platelet_lab_coefficient_of_variation,XGBoost,Targeted XGBoost - xgb_depth7_cols075_weight035,0.003089481731876731,-0.00030843765125609934
num__platelet_lab_rate_of_change_per_day,XGBoost,Targeted XGBoost - xgb_depth7_cols075_weight035,0.008971898816525936,-0.0008833542815409601
num__platelet_lab_last_to_first_ratio,XGBoost,Targeted XGBoost - xgb_depth7_cols075_weight035,0.00511126546189189,-0.0003665307303890586
num__potassium_lab_coefficient_of_variation,XGBoost,Targeted XGBoost - xgb_depth7_cols075_weight035,0.003066024975851178,7.164852286223322e-05
num__potassium_lab_rate_of_change_per_day,XGBoost,Targeted XGBoost - xgb_depth7_cols075_weight035,0.003239031881093979,3.3106935006799176e-06
num__potassium_lab_last_to_first_ratio,XGBoost,Targeted XGBoost - xgb_depth7_cols075_weight035,0.004009361378848553,0.0004980246303603053
num__sodium_lab_coefficient_of_variation,XGBoost,Targeted XGBoost - xgb_depth7_cols075_weight035,0.004827301949262619,-0.0010953909950330853
num__sodium_lab_rate_of_change_per_day,XGBoost,Targeted XGBoost - xgb_depth7_cols075_weight035,0.00853023026138544,0.0010220884578302503
num__sodium_lab_last_to_first_ratio,XGBoost,Targeted XGBoost - xgb_depth7_cols075_weight035,0.006209787912666798,-0.00026099872775375843
num__urea_nitrogen_lab_coefficient_of_variation,XGBoost,Targeted XGBoost - xgb_depth7_cols075_weight035,0.007050767540931702,-4.052464646520093e-05
num__urea_nitrogen_lab_rate_of_change_per_day,XGBoost,Targeted XGBoost - xgb_depth7_cols075_weight035,0.0037097639869898558,-0.0003346569719724357
num__urea_nitrogen_lab_last_to_first_ratio,XGBoost,Targeted XGBoost - xgb_depth7_cols075_weight035,0.002972730901092291,-0.0003764781286008656
num__wbc_lab_coefficient_of_variation,XGBoost,Targeted XGBoost - xgb_depth7_cols075_weight035,0.00785735808312893,0.00022280892881099135
num__wbc_lab_rate_of_change_per_day,XGBoost,Targeted XGBoost - xgb_depth7_cols075_weight035,0.004039195831865072,-0.00018546826322562993
num__wbc_lab_last_to_first_ratio,XGBoost,Targeted XGBoost - xgb_depth7_cols075_weight035,0.004268008749932051,-4.243696093908511e-05
num__heart_rate_vital_value_range,XGBoost,Targeted XGBoost - xgb_depth7_cols075_weight035,0.0006417881231755018,-7.903223013272509e-05
num__heart_rate_vital_relative_range,XGBoost,Targeted XGBoost - xgb_depth7_cols075_weight035,0.00023505068384110928,2.2456142687588e-06
num__heart_rate_vital_rate_of_change_per_day,XGBoost,Targeted XGBoost - xgb_depth7_cols075_weight035,0.005784612614661455,0.00170621694996953
num__mean_bp_arterial_vital_value_range,XGBoost,Targeted XGBoost - xgb_depth7_cols075_weight035,0.0008651050738990307,-0.00013031002890784293
num__mean_bp_arterial_vital_relative_range,XGBoost,Targeted XGBoost - xgb_depth7_cols075_weight035,0.0006321906694211066,0.00021275744074955583
num__mean_bp_arterial_vital_rate_of_change_per_day,XGBoost,Targeted XGBoost - xgb_depth7_cols075_weight035,0.0002365500695304945,-6.957304140087217e-05
num__mean_bp_noninvasive_vital_value_range,XGBoost,Targeted XGBoost - xgb_depth7_cols075_weight035,0.001082613249309361,-0.00015015050303190947
num__mean_bp_noninvasive_vital_relative_range,XGBoost,Targeted XGBoost - xgb_depth7_cols075_weight035,0.002151826396584511,-0.0006735355127602816
num__mean_bp_noninvasive_vital_rate_of_change_per_day,XGBoost,Targeted XGBoost - xgb_depth7_cols075_weight035,0.0024621007032692432,-0.0011607971973717213
num__respiratory_rate_vital_value_range,XGBoost,Targeted XGBoost - xgb_depth7_cols075_weight035,0.0007533401949331164,-4.02186306018848e-05
num__respiratory_rate_vital_relative_range,XGBoost,Targeted XGBoost - xgb_depth7_cols075_weight035,0.0008479707757942379,-0.00010415407450636849
num__respiratory_rate_vital_rate_of_change_per_day,XGBoost,Targeted XGBoost - xgb_depth7_cols075_weight035,0.0019688205793499947,-0.0004175973008386791
num__spo2_vital_value_range,XGBoost,Targeted XGBoost - xgb_depth7_cols075_weight035,0.00013945915270596743,-1.9138822608510964e-05
num__spo2_vital_relative_range,XGBoost,Targeted XGBoost - xgb_depth7_cols075_weight035,0.001050683786161244,3.354140790179372e-05
num__spo2_vital_rate_of_change_per_day,XGBoost,Targeted XGBoost - xgb_depth7_cols075_weight035,0.004201593808829784,-0.0005706038209609687
num__systolic_bp_arterial_vital_value_range,XGBoost,Targeted XGBoost - xgb_depth7_cols075_weight035,0.00040786503814160824,0.00011952720524277538
num__systolic_bp_arterial_vital_relative_range,XGBoost,Targeted XGBoost - xgb_depth7_cols075_weight035,5.1052422350039706e-05,-1.903349948406685e-05
num__systolic_bp_arterial_vital_rate_of_change_per_day,XGBoost,Targeted XGBoost - xgb_depth7_cols075_weight035,0.004357177764177322,0.0003521849284879863
num__systolic_bp_noninvasive_vital_value_range,XGBoost,Targeted XGBoost - xgb_depth7_cols075_weight035,0.0011245444184169173,0.00016916343884076923
num__systolic_bp_noninvasive_vital_relative_range,XGBoost,Targeted XGBoost - xgb_depth7_cols075_weight035,0.00042209733510389924,0.0002126988401869312
num__systolic_bp_noninvasive_vital_rate_of_change_per_day,XGBoost,Targeted XGBoost - xgb_depth7_cols075_weight035,0.002713974565267563,0.0008520237752236426
num__heart_rate_abnormal_anytime_flag,XGBoost,Targeted XGBoost - xgb_depth7_cols075_weight035,0.0,0.0
num__respiratory_rate_abnormal_anytime_flag,XGBoost,Targeted XGBoost - xgb_depth7_cols075_weight035,0.00020876160124316812,-9.270435839425772e-06
num__spo2_low_anytime_flag,XGBoost,Targeted XGBoost - xgb_depth7_cols075_weight035,0.0,0.0
num__systolic_bp_arterial_abnormal_anytime_flag,XGBoost,Targeted XGBoost - xgb_depth7_cols075_weight035,2.7991918614134192e-05,4.6444292820524424e-06
num__systolic_bp_noninvasive_abnormal_anytime_flag,XGBoost,Targeted XGBoost - xgb_depth7_cols075_weight035,2.793918247334659e-05,-3.0040978344914038e-06
num__mean_bp_arterial_abnormal_anytime_flag,XGBoost,Targeted XGBoost - xgb_depth7_cols075_weight035,2.5210678359144367e-05,-9.820999366638716e-06
num__mean_bp_noninvasive_abnormal_anytime_flag,XGBoost,Targeted XGBoost - xgb_depth7_cols075_weight035,0.00018316319619771093,3.877719791489653e-06
num__vital_abnormality_burden_score,XGBoost,Targeted XGBoost - xgb_depth7_cols075_weight035,0.0007610883330926299,0.0001185030851047486
num__vital_72h_hourly_rows,XGBoost,Targeted XGBoost - xgb_depth7_cols075_weight035,0.00018482843006495386,-3.8276983104879037e-05
num__vital_72h_abnormal_window_count,XGBoost,Targeted XGBoost - xgb_depth7_cols075_weight035,0.0005825331900268793,-0.00027619683532975614
num__vital_72h_abnormal_window_percentage,XGBoost,Targeted XGBoost - xgb_depth7_cols075_weight035,0.000504372117575258,2.3305194190470502e-05
num__vital_72h_max_instability_score,XGBoost,Targeted XGBoost - xgb_depth7_cols075_weight035,4.089118374395184e-05,-8.854622137732804e-06
num__vital_72h_mean_instability_score,XGBoost,Targeted XGBoost - xgb_depth7_cols075_weight035,0.0050652725622057915,-0.0004907919792458415
num__vital_72h_hours_with_2plus_instability_indicators,XGBoost,Targeted XGBoost - xgb_depth7_cols075_weight035,0.001671791891567409,0.0001232727081514895
num__vital_72h_hours_with_3plus_instability_indicators,XGBoost,Targeted XGBoost - xgb_depth7_cols075_weight035,0.00017619972641114146,1.4801287761656567e-05
num__tachycardia_72h_hour_percentage,XGBoost,Targeted XGBoost - xgb_depth7_cols075_weight035,0.0025945580564439297,0.0006692248280160129
num__severe_tachycardia_72h_hour_percentage,XGBoost,Targeted XGBoost - xgb_depth7_cols075_weight035,0.00014425186964217573,-2.5501087293378077e-05
num__tachypnoea_72h_hour_percentage,XGBoost,Targeted XGBoost - xgb_depth7_cols075_weight035,0.000993821187876165,-0.0005684848874807358
num__hypoxia_72h_hour_percentage,XGBoost,Targeted XGBoost - xgb_depth7_cols075_weight035,0.000338397832820192,0.00016615605272818357
num__hypotension_72h_hour_percentage,XGBoost,Targeted XGBoost - xgb_depth7_cols075_weight035,0.002411019755527377,-0.00011507798626553267
num__vital_72h_longest_abnormal_run_hours,XGBoost,Targeted XGBoost - xgb_depth7_cols075_weight035,0.0008138730190694332,-0.00014129953342489898
num__has_first_72h_vital_burden_data,XGBoost,Targeted XGBoost - xgb_depth7_cols075_weight035,0.0,0.0
num__age_65plus,XGBoost,Targeted XGBoost - xgb_depth7_cols075_weight035,0.002294203732162714,0.00018264837854076177
num__recent_psych_admission_90d_x_severe_mental_illness,XGBoost,Targeted XGBoost - xgb_depth7_cols075_weight035,0.0001168149829027243,1.1833382274062387e-07
num__recent_psych_admission_90d_x_substance_use,XGBoost,Targeted XGBoost - xgb_depth7_cols075_weight035,0.00046105237561278045,-8.83833272382617e-05
num__prior_psych_365d_x_self_harm,XGBoost,Targeted XGBoost - xgb_depth7_cols075_weight035,0.0010695449309423566,0.0002503516443539411
num__prior_psych_90d_x_self_harm,XGBoost,Targeted XGBoost - xgb_depth7_cols075_weight035,0.0003085919306613505,4.888271723757498e-05
num__prior_psych_365d_x_smi,XGBoost,Targeted XGBoost - xgb_depth7_cols075_weight035,0.00035641182330437005,4.4726955820806324e-05
num__prior_psych_90d_x_substance_use,XGBoost,Targeted XGBoost - xgb_depth7_cols075_weight035,0.0009546614601276815,6.032424062141217e-05
num__self_harm_x_discharged_to_psych_facility,XGBoost,Targeted XGBoost - xgb_depth7_cols075_weight035,0.0,0.0
num__smi_x_antipsychotic_polypharmacy,XGBoost,Targeted XGBoost - xgb_depth7_cols075_weight035,0.00010772413952508941,-8.191146662284154e-06
num__severe_mental_illness_x_antipsychotic,XGBoost,Targeted XGBoost - xgb_depth7_cols075_weight035,7.005544466665015e-05,1.721724174785777e-06
num__substance_use_x_benzodiazepine,XGBoost,Targeted XGBoost - xgb_depth7_cols075_weight035,0.00039140015724115074,-0.00010675830708350986
num__frequent_psych_admitter_x_discharged_against_advice,XGBoost,Targeted XGBoost - xgb_depth7_cols075_weight035,0.0,0.0
num__polypharmacy_10plus_x_age_65plus,XGBoost,Targeted XGBoost - xgb_depth7_cols075_weight035,0.0020927784498780966,0.00034102395875379443
num__icu_utilisation_x_physiological_instability,XGBoost,Targeted XGBoost - xgb_depth7_cols075_weight035,1.5794528735568747e-05,-1.1461798749223817e-05
num__lab_abnormality_burden_x_icu_use,XGBoost,Targeted XGBoost - xgb_depth7_cols075_weight035,0.0002410428278381005,0.00010249112528981641
num__safety_order_and_self_harm_flag,XGBoost,Targeted XGBoost - xgb_depth7_cols075_weight035,0.0003319905372336507,0.0001703510497463867
num__prn_psychotropic_and_self_harm_flag,XGBoost,Targeted XGBoost - xgb_depth7_cols075_weight035,0.00019254293874837458,-2.4035618480411358e-05
num__substance_use_and_withdrawal_treatment_flag,XGBoost,Targeted XGBoost - xgb_depth7_cols075_weight035,0.0004983669496141374,-5.635786146740429e-05
num__psychosis_and_previous_psych_365d,XGBoost,Targeted XGBoost - xgb_depth7_cols075_weight035,2.9676526537514292e-05,-3.763182803595555e-06
num__depression_and_previous_psych_365d,XGBoost,Targeted XGBoost - xgb_depth7_cols075_weight035,0.0010814197594299912,8.476416405756027e-05
num__frequent_psych_admitter_and_discharge_planning,XGBoost,Targeted XGBoost - xgb_depth7_cols075_weight035,0.0011910306056961417,0.00044877451728098094
num__order_activity_ratio_24_to_72h,XGBoost,Targeted XGBoost - xgb_depth7_cols075_weight035,0.008201656863093376,-0.0009306598803959787
num__last_order_after_72h_flag,XGBoost,Targeted XGBoost - xgb_depth7_cols075_weight035,0.0,0.0
num__late_order_activity_flag,XGBoost,Targeted XGBoost - xgb_depth7_cols075_weight035,0.0,0.0
num__last_order_close_to_discharge_hours_filled,XGBoost,Targeted XGBoost - xgb_depth7_cols075_weight035,0.022973397746682167,0.016668202355504036
num__high_poe_order_activity,XGBoost,Targeted XGBoost - xgb_depth7_cols075_weight035,0.0,0.0
num__poe_order_density_first_72h,XGBoost,Targeted XGBoost - xgb_depth7_cols075_weight035,0.0014168818015605211,0.0005066844751127064
num__orders_after_72h_per_hospital_day,XGBoost,Targeted XGBoost - xgb_depth7_cols075_weight035,0.016773555427789688,-0.0002823737740982324
num__late_order_activity_x_high_poe_orders,XGBoost,Targeted XGBoost - xgb_depth7_cols075_weight035,1.6470814443891868e-05,3.7588235954899574e-06
num__high_order_activity_and_late_last_order,XGBoost,Targeted XGBoost - xgb_depth7_cols075_weight035,0.0,0.0
num__high_ed_los_flag,XGBoost,Targeted XGBoost - xgb_depth7_cols075_weight035,0.00045446338481269777,0.0001580223033670336
num__ed_los_high_x_high_order_activity,XGBoost,Targeted XGBoost - xgb_depth7_cols075_weight035,0.0,0.0
num__late_orders_without_self_harm_flag,XGBoost,Targeted XGBoost - xgb_depth7_cols075_weight035,0.0017429225845262408,0.0008707614033482969
num__late_orders_and_self_harm_flag,XGBoost,Targeted XGBoost - xgb_depth7_cols075_weight035,0.00015920914302114397,-8.774879461270757e-06
num__late_orders_without_prior_psych_history_flag,XGBoost,Targeted XGBoost - xgb_depth7_cols075_weight035,0.4078233540058136,0.1554286926984787
num__late_orders_and_psych_facility_discharge_flag,XGBoost,Targeted XGBoost - xgb_depth7_cols075_weight035,0.0034652550239115953,-0.0006404066807590425
num__late_safety_orders_and_self_harm_flag,XGBoost,Targeted XGBoost - xgb_depth7_cols075_weight035,0.0,0.0
num__safety_orders_without_self_harm_flag,XGBoost,Targeted XGBoost - xgb_depth7_cols075_weight035,0.00021267321426421404,-6.632380973314866e-05
num__safety_orders_without_prior_readmission_history_flag,XGBoost,Targeted XGBoost - xgb_depth7_cols075_weight035,2.4897521143429913e-05,3.1201175261230674e-06
num__late_lab_orders_without_psych_safety_orders_flag,XGBoost,Targeted XGBoost - xgb_depth7_cols075_weight035,0.0006609043921343982,-9.397930261911824e-05
num__late_medication_orders_and_psychotropic_change_flag,XGBoost,Targeted XGBoost - xgb_depth7_cols075_weight035,0.00010757316340459511,7.353150067501701e-06
num__late_medication_order_share_last_12h,XGBoost,Targeted XGBoost - xgb_depth7_cols075_weight035,0.003026015590876341,-0.0004786255012731999
num__late_lab_order_share_last_12h,XGBoost,Targeted XGBoost - xgb_depth7_cols075_weight035,0.004438845440745354,-0.0004304790054447949
num__late_imaging_order_share_last_12h,XGBoost,Targeted XGBoost - xgb_depth7_cols075_weight035,0.0020800300408154726,-0.00023625891481060535
num__late_consult_order_share_last_12h,XGBoost,Targeted XGBoost - xgb_depth7_cols075_weight035,0.0010649780742824078,0.0001184766661026515
num__late_discharge_admin_order_share_last_12h,XGBoost,Targeted XGBoost - xgb_depth7_cols075_weight035,0.01523382868617773,0.007895384915173054
num__late_routine_care_order_share_last_12h,XGBoost,Targeted XGBoost - xgb_depth7_cols075_weight035,0.00110824522562325,-6.093952379160328e-06
num__late_psych_safety_order_share_last_12h,XGBoost,Targeted XGBoost - xgb_depth7_cols075_weight035,0.0004156827344559133,-9.078883158508688e-05
num__late_followup_aftercare_order_share_last_12h,XGBoost,Targeted XGBoost - xgb_depth7_cols075_weight035,0.0033257086761295795,0.0004019681073259562
num__late_medical_to_psych_order_ratio_last_12h,XGBoost,Targeted XGBoost - xgb_depth7_cols075_weight035,0.0014126640744507313,0.0003556292213033885
num__late_admin_to_total_late_order_ratio,XGBoost,Targeted XGBoost - xgb_depth7_cols075_weight035,0.007468215189874172,0.002997257513925433
num__late_safety_to_total_late_order_ratio,XGBoost,Targeted XGBoost - xgb_depth7_cols075_weight035,0.0,0.0
num__late_followup_to_total_late_order_ratio,XGBoost,Targeted XGBoost - xgb_depth7_cols075_weight035,0.00015204455121420324,2.792106897686608e-05
num__late_nonroutine_order_share_last_12h,XGBoost,Targeted XGBoost - xgb_depth7_cols075_weight035,0.007378769107162952,-0.0018478796118870378
num__late_lab_order_share_last_6h,XGBoost,Targeted XGBoost - xgb_depth7_cols075_weight035,0.0008291279664263129,-0.00011417454516049474
num__abnormal_labs_last_24h_before_discharge,XGBoost,Targeted XGBoost - xgb_depth7_cols075_weight035,0.001958694541826844,-0.0003368642064742744
num__new_abnormal_lab_last_24h_flag,XGBoost,Targeted XGBoost - xgb_depth7_cols075_weight035,8.629628428025171e-05,2.5882365662255324e-05
num__abnormal_labs_last_12h_before_discharge,XGBoost,Targeted XGBoost - xgb_depth7_cols075_weight035,0.0,0.0
num__had_followup_or_discharge_planning_order,XGBoost,Targeted XGBoost - xgb_depth7_cols075_weight035,0.0004790666571352631,0.0003236539487261325
num__discharge_planning_and_social_work_flag,XGBoost,Targeted XGBoost - xgb_depth7_cols075_weight035,0.00040038806037046015,2.4971412130980752e-05
num__home_discharge_without_followup_order_flag,XGBoost,Targeted XGBoost - xgb_depth7_cols075_weight035,0.0006484894547611475,1.7212083548656665e-05
num__home_discharge_without_discharge_planning_order_flag,XGBoost,Targeted XGBoost - xgb_depth7_cols075_weight035,0.00017619381833355874,7.930429273983464e-05
num__home_discharge_and_late_orders_flag,XGBoost,Targeted XGBoost - xgb_depth7_cols075_weight035,7.619082316523418e-05,2.483843854861334e-05
num__facility_discharge_and_late_orders_flag,XGBoost,Targeted XGBoost - xgb_depth7_cols075_weight035,0.00011405158875277266,-1.6236472220043652e-05
num__psych_facility_discharge_and_self_harm_flag,XGBoost,Targeted XGBoost - xgb_depth7_cols075_weight035,0.0,0.0
num__psych_facility_discharge_and_safety_orders_flag,XGBoost,Targeted XGBoost - xgb_depth7_cols075_weight035,0.0,0.0
num__late_orders_but_followup_present_flag,XGBoost,Targeted XGBoost - xgb_depth7_cols075_weight035,9.690998558653519e-05,-4.2602823668858036e-05
num__late_orders_but_discharge_planning_present_flag,XGBoost,Targeted XGBoost - xgb_depth7_cols075_weight035,0.0,0.0
num__late_orders_but_supervised_discharge_flag,XGBoost,Targeted XGBoost - xgb_depth7_cols075_weight035,0.0,0.0
num__late_orders_but_psych_facility_discharge_flag,XGBoost,Targeted XGBoost - xgb_depth7_cols075_weight035,0.0006397620891220868,-0.0001322318275924772
num__late_orders_but_facility_discharge_flag,XGBoost,Targeted XGBoost - xgb_depth7_cols075_weight035,9.276327182305977e-05,-5.816105112899095e-05
num__home_discharge_with_followup_order_flag,XGBoost,Targeted XGBoost - xgb_depth7_cols075_weight035,0.0004520519287325442,8.581502333981916e-05
num__home_discharge_with_discharge_planning_order_flag,XGBoost,Targeted XGBoost - xgb_depth7_cols075_weight035,0.00034506362862885,5.452129130389949e-07
num__psych_facility_discharge_with_followup_order_flag,XGBoost,Targeted XGBoost - xgb_depth7_cols075_weight035,0.0,0.0
num__facility_discharge_with_discharge_planning_flag,XGBoost,Targeted XGBoost - xgb_depth7_cols075_weight035,0.0019179361406713724,-0.00026197871193289757
num__low_late_order_activity_flag,XGBoost,Targeted XGBoost - xgb_depth7_cols075_weight035,0.0,0.0
num__low_order_activity_with_self_harm_flag,XGBoost,Targeted XGBoost - xgb_depth7_cols075_weight035,0.1051001325249672,0.06455966830253601
num__low_order_activity_with_smi_flag,XGBoost,Targeted XGBoost - xgb_depth7_cols075_weight035,0.04579458013176918,0.02414664998650551
num__low_order_activity_with_psychosis_flag,XGBoost,Targeted XGBoost - xgb_depth7_cols075_weight035,0.010212010703980923,0.005414423532783985
num__low_order_activity_with_recent_psych_admission_flag,XGBoost,Targeted XGBoost - xgb_depth7_cols075_weight035,6.484028563136235e-05,-5.629108557059226e-08
num__low_order_activity_with_prior_psych_365d_flag,XGBoost,Targeted XGBoost - xgb_depth7_cols075_weight035,4.7370471293106675e-05,-1.3406604466581484e-06
num__no_late_orders_but_self_harm_flag,XGBoost,Targeted XGBoost - xgb_depth7_cols075_weight035,0.03655841201543808,0.022658340632915497
num__no_late_orders_but_recent_psych_admission_flag,XGBoost,Targeted XGBoost - xgb_depth7_cols075_weight035,0.0,0.0
num__no_late_orders_but_psychosis_flag,XGBoost,Targeted XGBoost - xgb_depth7_cols075_weight035,0.0,0.0
num__home_discharge_low_activity_prior_psych_flag,XGBoost,Targeted XGBoost - xgb_depth7_cols075_weight035,0.0,0.0
num__self_harm_without_safety_order_flag,XGBoost,Targeted XGBoost - xgb_depth7_cols075_weight035,0.00043370205094106495,0.00018142088083550334
num__self_harm_with_late_safety_order_flag,XGBoost,Targeted XGBoost - xgb_depth7_cols075_weight035,0.0,0.0
num__self_harm_without_followup_order_flag,XGBoost,Targeted XGBoost - xgb_depth7_cols075_weight035,0.000359245139406994,-0.00024357692745979875
num__smi_without_followup_order_flag,XGBoost,Targeted XGBoost - xgb_depth7_cols075_weight035,0.00047005873057059944,0.00014381326036527753
num__psychosis_without_followup_order_flag,XGBoost,Targeted XGBoost - xgb_depth7_cols075_weight035,0.0001931900333147496,7.772589015075937e-05
num__psychosis_with_late_safety_order_flag,XGBoost,Targeted XGBoost - xgb_depth7_cols075_weight035,5.349628918338567e-05,4.929872011416592e-05
num__smi_with_psych_facility_discharge_flag,XGBoost,Targeted XGBoost - xgb_depth7_cols075_weight035,0.0,0.0
num__late_lab_activity_without_followup_flag,XGBoost,Targeted XGBoost - xgb_depth7_cols075_weight035,0.0004360657767392695,-3.940426540793851e-05
num__late_lab_activity_without_facility_discharge_flag,XGBoost,Targeted XGBoost - xgb_depth7_cols075_weight035,9.34813724597916e-05,1.2508283361967187e-05
num__medical_workup_near_discharge_score,XGBoost,Targeted XGBoost - xgb_depth7_cols075_weight035,0.016229430213570595,-0.0025457327719777822
num__provider_changes_last_24h_before_discharge,XGBoost,Targeted XGBoost - xgb_depth7_cols075_weight035,0.01167200319468975,-0.0002907266025431454
num__care_team_touchpoints_last_12h_before_discharge,XGBoost,Targeted XGBoost - xgb_depth7_cols075_weight035,0.011282078921794891,0.006912483833730221
num__care_team_touchpoints_last_6h_before_discharge,XGBoost,Targeted XGBoost - xgb_depth7_cols075_weight035,0.038300495594739914,0.026528356596827507
num__late_care_team_touchpoint_share,XGBoost,Targeted XGBoost - xgb_depth7_cols075_weight035,0.005733442958444357,-0.0001341870374744758
num__service_change_last_24h_before_discharge_flag,XGBoost,Targeted XGBoost - xgb_depth7_cols075_weight035,0.0014451438328251243,0.00017919388483278453
num__careunit_change_last_24h_before_discharge_flag,XGBoost,Targeted XGBoost - xgb_depth7_cols075_weight035,0.0004761593008879572,-0.00012598666944541037
num__late_care_fragmentation_score,XGBoost,Targeted XGBoost - xgb_depth7_cols075_weight035,0.008718976750969887,0.0025035860016942024
num__num_psychotropic_pharmacy_orders,XGBoost,Targeted XGBoost - xgb_depth7_cols075_weight035,0.008674525655806065,-0.0001222454011440277
num__psychotropic_pharmacy_orders_per_day,XGBoost,Targeted XGBoost - xgb_depth7_cols075_weight035,0.004810589365661144,0.00011236342106712982
num__medical_complexity_score,XGBoost,Targeted XGBoost - xgb_depth7_cols075_weight035,0.005746316630393267,-0.0014094747602939606
num__older_medical_complexity_score,XGBoost,Targeted XGBoost - xgb_depth7_cols075_weight035,0.0021998907905071974,0.0001546183048048988
num__age_65plus_x_charlson,XGBoost,Targeted XGBoost - xgb_depth7_cols075_weight035,0.0005557007389143109,-0.00012445833999663591
num__age_65plus_x_elixhauser_group_count,XGBoost,Targeted XGBoost - xgb_depth7_cols075_weight035,0.0009337494848296046,-0.0001284646859858185
num__age_65plus_x_discharge_to_facility,XGBoost,Targeted XGBoost - xgb_depth7_cols075_weight035,0.0002938013058155775,-2.6890545996138826e-05
num__age_65plus_x_hospital_los_7plus,XGBoost,Targeted XGBoost - xgb_depth7_cols075_weight035,0.000497386499773711,0.00010460337216500193
num__transfer_from_hospital_x_high_comorbidity,XGBoost,Targeted XGBoost - xgb_depth7_cols075_weight035,0.001386979827657342,0.00023836264153942466
num__infection_or_positive_culture_x_older_age,XGBoost,Targeted XGBoost - xgb_depth7_cols075_weight035,0.00012396214879117906,-6.144624421722256e-06
num__num_unique_services_during_admission,XGBoost,Targeted XGBoost - xgb_depth7_cols075_weight035,0.0,0.0
num__service_change_count,XGBoost,Targeted XGBoost - xgb_depth7_cols075_weight035,0.0,0.0
num__careunit_change_count,XGBoost,Targeted XGBoost - xgb_depth7_cols075_weight035,0.00010411561379441991,3.963156268582679e-05
num__service_or_careunit_change_flag,XGBoost,Targeted XGBoost - xgb_depth7_cols075_weight035,0.0001773170370142907,-1.7343854779028334e-05
num__high_care_team_touchpoints,XGBoost,Targeted XGBoost - xgb_depth7_cols075_weight035,0.0,0.0
num__icu_or_procedure_complexity_flag,XGBoost,Targeted XGBoost - xgb_depth7_cols075_weight035,0.00010114841279573739,-1.7644735635258257e-05
num__older_age_x_no_recent_psych_history,XGBoost,Targeted XGBoost - xgb_depth7_cols075_weight035,0.0004389974637888372,5.303291618474759e-05
num__medical_complexity_without_prior_psych_flag,XGBoost,Targeted XGBoost - xgb_depth7_cols075_weight035,0.0002614334225654602,-2.2439315216615796e-05
num__medical_complexity_without_psych_history_flag,XGBoost,Targeted XGBoost - xgb_depth7_cols075_weight035,2.5669365641078912e-05,9.589672345100553e-07
num__icu_complexity_without_psych_history_flag,XGBoost,Targeted XGBoost - xgb_depth7_cols075_weight035,0.00025802472373470664,8.445298590231687e-05
num__abnormal_labs_without_psych_history_flag,XGBoost,Targeted XGBoost - xgb_depth7_cols075_weight035,0.0039364490658044815,-0.00040006174822337925
num__high_medical_activity_low_psych_activity_flag,XGBoost,Targeted XGBoost - xgb_depth7_cols075_weight035,0.00041627284372225404,4.7504479880444705e-05
num__no_recent_psych_history_and_high_charlson,XGBoost,Targeted XGBoost - xgb_depth7_cols075_weight035,0.003217860357835889,-0.0006015642429701984
num__no_recent_psych_history_and_long_ed_los,XGBoost,Targeted XGBoost - xgb_depth7_cols075_weight035,0.014046207070350647,0.0057842242531478405
num__no_recent_psych_history_and_discharge_to_facility,XGBoost,Targeted XGBoost - xgb_depth7_cols075_weight035,0.011793463490903378,0.0013296448159962893
num__num_safety_observation_orders,XGBoost,Targeted XGBoost - xgb_depth7_cols075_weight035,3.228265268262476e-05,1.7824547171585436e-07
num__num_order_provider_changes,XGBoost,Targeted XGBoost - xgb_depth7_cols075_weight035,0.0009327104780822992,0.00017819392087403685
num__late_order_activity_and_high_poe_orders,XGBoost,Targeted XGBoost - xgb_depth7_cols075_weight035,0.0,0.0
num__self_harm_and_previous_psych_365d,XGBoost,Targeted XGBoost - xgb_depth7_cols075_weight035,0.0005535029922612011,0.0001528067368781194
num__self_harm_and_previous_psych_90d,XGBoost,Targeted XGBoost - xgb_depth7_cols075_weight035,0.0,0.0
num__self_harm_and_psych_facility_discharge,XGBoost,Targeted XGBoost - xgb_depth7_cols075_weight035,0.0,0.0
num__smi_and_previous_psych_365d,XGBoost,Targeted XGBoost - xgb_depth7_cols075_weight035,0.00014478851517196745,-2.5779715997487074e-06
num__older_age_and_no_recent_psych_history,XGBoost,Targeted XGBoost - xgb_depth7_cols075_weight035,0.0003241675440222025,1.2652197256102227e-05
num__underweight_or_weight_loss_flag,XGBoost,Targeted XGBoost - xgb_depth7_cols075_weight035,0.00047167896991595626,2.486103085175273e-06
num__ed_visit_to_admission_ratio_365d,XGBoost,Targeted XGBoost - xgb_depth7_cols075_weight035,0.012722454033792019,-0.0013055269373580813
num__ed_admission_with_self_harm_flag,XGBoost,Targeted XGBoost - xgb_depth7_cols075_weight035,0.0011258372105658054,0.0003003264719154686
num__ed_admission_with_psychosis_flag,XGBoost,Targeted XGBoost - xgb_depth7_cols075_weight035,0.0,0.0
num__ed_admission_with_smi_flag,XGBoost,Targeted XGBoost - xgb_depth7_cols075_weight035,0.002552475081756711,0.0008275749278254807
num__emergency_admission_with_recent_psych_history_flag,XGBoost,Targeted XGBoost - xgb_depth7_cols075_weight035,0.000547465868294239,0.00010309826029697433
num__transfer_admission_with_psych_history_flag,XGBoost,Targeted XGBoost - xgb_depth7_cols075_weight035,0.0009640546631999314,0.00013483372458722442
num__psych_and_medical_comorbidity_flag,XGBoost,Targeted XGBoost - xgb_depth7_cols075_weight035,0.00010020662739407271,2.2425247152568772e-05
num__psychosis_and_substance_use_flag,XGBoost,Targeted XGBoost - xgb_depth7_cols075_weight035,0.0001405062503181398,5.662202966050245e-05
num__depression_and_substance_use_flag,XGBoost,Targeted XGBoost - xgb_depth7_cols075_weight035,0.00013535413017962128,-8.032964615267701e-06
num__self_harm_and_substance_use_flag,XGBoost,Targeted XGBoost - xgb_depth7_cols075_weight035,6.240977381821722e-05,9.349341780762188e-06
num__smi_and_high_charlson_flag,XGBoost,Targeted XGBoost - xgb_depth7_cols075_weight035,0.0,0.0
num__psych_diagnosis_without_psych_discharge_flag,XGBoost,Targeted XGBoost - xgb_depth7_cols075_weight035,0.0032288378570228815,0.0028272063937038183
num__new_self_harm_this_admission_flag,XGBoost,Targeted XGBoost - xgb_depth7_cols075_weight035,0.00026225033798255026,0.00012130400136811659
num__new_psychosis_this_admission_flag,XGBoost,Targeted XGBoost - xgb_depth7_cols075_weight035,0.0001347381476080045,2.9669023206224665e-05
num__new_substance_use_this_admission_flag,XGBoost,Targeted XGBoost - xgb_depth7_cols075_weight035,0.016217932105064392,-0.0009699248475953937
num__new_smi_this_admission_flag,XGBoost,Targeted XGBoost - xgb_depth7_cols075_weight035,0.002412276342511177,0.0008746706298552454
num__psych_diagnosis_group_count_increased_from_previous_flag,XGBoost,Targeted XGBoost - xgb_depth7_cols075_weight035,0.0002695593284443021,-2.1467922124429606e-05
num__current_psych_group_not_seen_previous_flag,XGBoost,Targeted XGBoost - xgb_depth7_cols075_weight035,0.0002875509380828589,-6.580698482139269e-06
num__late_order_discontinuation_share,XGBoost,Targeted XGBoost - xgb_depth7_cols075_weight035,0.0,0.0
num__self_harm_no_psych_followup_flag,XGBoost,Targeted XGBoost - xgb_depth7_cols075_weight035,0.0008915168000385165,0.0004831786500290036
num__psychosis_home_discharge_no_followup_flag,XGBoost,Targeted XGBoost - xgb_depth7_cols075_weight035,0.0,0.0
num__smi_home_discharge_no_followup_flag,XGBoost,Targeted XGBoost - xgb_depth7_cols075_weight035,6.443825259339064e-05,1.6658290405757725e-05
num__substance_use_home_discharge_no_followup_flag,XGBoost,Targeted XGBoost - xgb_depth7_cols075_weight035,0.0008887457079254091,-0.00010127463610842824
num__prior_psych_admission_no_followup_flag,XGBoost,Targeted XGBoost - xgb_depth7_cols075_weight035,0.0,0.0
num__no_psychotropic_discharge_med_in_psychosis_flag,XGBoost,Targeted XGBoost - xgb_depth7_cols075_weight035,0.00010384625056758523,-1.2423307452991139e-05
num__mostly_psych_readmission_pattern_flag,XGBoost,Targeted XGBoost - xgb_depth7_cols075_weight035,0.0008586086332798004,-8.55792241054587e-05
num__mostly_medical_readmission_pattern_flag,XGBoost,Targeted XGBoost - xgb_depth7_cols075_weight035,0.0007353608380071819,5.8507102949079126e-05
num__mixed_psych_medical_readmission_pattern_flag,XGBoost,Targeted XGBoost - xgb_depth7_cols075_weight035,5.2482217142824084e-05,-3.0275905373855494e-06
num__rapid_recurrent_readmission_pattern_flag,XGBoost,Targeted XGBoost - xgb_depth7_cols075_weight035,9.6429321274627e-05,2.4770613890723325e-05
num__long_gap_recurrent_readmission_pattern_flag,XGBoost,Targeted XGBoost - xgb_depth7_cols075_weight035,0.00027764777769334614,7.265082786034327e-06
num__holiday_period_discharge_flag,XGBoost,Targeted XGBoost - xgb_depth7_cols075_weight035,0.00022379720758181065,-1.1842222420455073e-06
num__month_end_discharge_flag,XGBoost,Targeted XGBoost - xgb_depth7_cols075_weight035,0.0003213708696421236,6.729509095748654e-06
num__weekend_or_friday_discharge_with_no_followup_flag,XGBoost,Targeted XGBoost - xgb_depth7_cols075_weight035,0.0004944992251694202,5.300610155245522e-06
num__night_discharge_flag,XGBoost,Targeted XGBoost - xgb_depth7_cols075_weight035,0.004320871084928513,0.000756257853936404
num__friday_evening_discharge_flag,XGBoost,Targeted XGBoost - xgb_depth7_cols075_weight035,0.00021151141845621169,-2.4261291855509626e-06
num__late_discharge_hour_with_late_orders_flag,XGBoost,Targeted XGBoost - xgb_depth7_cols075_weight035,0.0009457552223466337,0.0001902490621432662
num__late_discharge_hour_with_no_followup_flag,XGBoost,Targeted XGBoost - xgb_depth7_cols075_weight035,0.002158484188839793,0.00020834205497521907
num__spo2_low_last_24h_before_discharge_flag,XGBoost,Targeted XGBoost - xgb_depth7_cols075_weight035,0.0,0.0
num__tachycardia_last_24h_before_discharge_flag,XGBoost,Targeted XGBoost - xgb_depth7_cols075_weight035,0.0,0.0
num__hypotension_last_24h_before_discharge_flag,XGBoost,Targeted XGBoost - xgb_depth7_cols075_weight035,0.0001439863845007494,-8.173782589437906e-06
num__vital_instability_near_discharge_score,XGBoost,Targeted XGBoost - xgb_depth7_cols075_weight035,0.00013747533375862986,2.774039785435889e-05
num__vital_instability_home_discharge_flag,XGBoost,Targeted XGBoost - xgb_depth7_cols075_weight035,0.0,0.0
num__late_order_type_diversity_last_12h,XGBoost,Targeted XGBoost - xgb_depth7_cols075_weight035,0.0016758976271376014,0.0009608773980289698
num__late_clinical_order_count_last_12h,XGBoost,Targeted XGBoost - xgb_depth7_cols075_weight035,0.0010671592317521572,-9.623614459997043e-05
num__late_admin_aftercare_order_count_last_12h,XGBoost,Targeted XGBoost - xgb_depth7_cols075_weight035,0.0014287064550444484,0.0004476896720007062
num__late_nonroutine_order_count_last_12h,XGBoost,Targeted XGBoost - xgb_depth7_cols075_weight035,0.029727917164564133,0.018401529639959335
num__late_order_severity_score_last_12h,XGBoost,Targeted XGBoost - xgb_depth7_cols075_weight035,0.0017383475787937641,-0.00019015843281522393
num__late_order_severity_per_late_order_last_12h,XGBoost,Targeted XGBoost - xgb_depth7_cols075_weight035,0.11462467908859253,0.0643102154135704
num__late_order_intensity_score_last_12h,XGBoost,Targeted XGBoost - xgb_depth7_cols075_weight035,0.02556346170604229,0.017530089244246483
num__late_order_type_diversity_last_6h,XGBoost,Targeted XGBoost - xgb_depth7_cols075_weight035,0.002083930652588606,0.0007658863323740661
num__late_clinical_order_count_last_6h,XGBoost,Targeted XGBoost - xgb_depth7_cols075_weight035,0.001356388907879591,1.1474821803858504e-05
num__aftercare_quality_score,XGBoost,Targeted XGBoost - xgb_depth7_cols075_weight035,0.0010509438579902053,0.0005792285082861781
num__protective_aftercare_present_flag,XGBoost,Targeted XGBoost - xgb_depth7_cols075_weight035,0.0003905835037585348,4.8271318519255146e-05
num__low_aftercare_quality_flag,XGBoost,Targeted XGBoost - xgb_depth7_cols075_weight035,0.0,0.0
num__late_activity_with_low_aftercare_quality_flag,XGBoost,Targeted XGBoost - xgb_depth7_cols075_weight035,0.0,0.0
num__home_discharge_low_aftercare_quality_flag,XGBoost,Targeted XGBoost - xgb_depth7_cols075_weight035,0.0022250437177717686,0.0009013096569105983
num__psychosis_or_self_harm_low_aftercare_quality_flag,XGBoost,Targeted XGBoost - xgb_depth7_cols075_weight035,0.020295117050409317,0.009139951318502426
num__late_order_type_diversity_x_low_aftercare_flag,XGBoost,Targeted XGBoost - xgb_depth7_cols075_weight035,8.835987682687119e-05,3.620141069404781e-05
num__late_order_severity_x_low_aftercare_score,XGBoost,Targeted XGBoost - xgb_depth7_cols075_weight035,0.0003996812447439879,3.1683561246609315e-05
num__late_psych_safety_activity_score_near_discharge,XGBoost,Targeted XGBoost - xgb_depth7_cols075_weight035,0.030090438202023506,0.0214382316917181
num__late_psych_safety_without_followup_flag,XGBoost,Targeted XGBoost - xgb_depth7_cols075_weight035,9.200446220347658e-05,-8.15172597867786e-07
num__late_psych_safety_home_discharge_flag,XGBoost,Targeted XGBoost - xgb_depth7_cols075_weight035,0.0,0.0
num__late_psych_safety_without_psych_facility_discharge_flag,XGBoost,Targeted XGBoost - xgb_depth7_cols075_weight035,0.003699597204104066,0.0021245095413178205
num__late_medication_change_intensity_score,XGBoost,Targeted XGBoost - xgb_depth7_cols075_weight035,0.003436008933931589,0.0003690478624776006
num__late_medication_change_without_followup_flag,XGBoost,Targeted XGBoost - xgb_depth7_cols075_weight035,4.482320946408436e-05,-2.799561116262339e-06
num__late_medication_change_home_discharge_flag,XGBoost,Targeted XGBoost - xgb_depth7_cols075_weight035,0.002562651876360178,-0.00033685032394714653
num__quiet_self_harm_low_activity_score,XGBoost,Targeted XGBoost - xgb_depth7_cols075_weight035,0.0009562636259943247,0.0005837763892486691
num__quiet_smi_psychosis_low_activity_score,XGBoost,Targeted XGBoost - xgb_depth7_cols075_weight035,0.014740203507244587,0.010291623882949352
num__quiet_prior_psych_low_activity_score,XGBoost,Targeted XGBoost - xgb_depth7_cols075_weight035,0.000924284104257822,0.0002666253421921283
num__quiet_medical_frailty_low_psych_history_score,XGBoost,Targeted XGBoost - xgb_depth7_cols075_weight035,0.0009511062526144087,-0.0001599128736415878
num__quiet_risk_summary_score,XGBoost,Targeted XGBoost - xgb_depth7_cols075_weight035,0.01430329866707325,0.008891585282981396
num__quiet_risk_flag,XGBoost,Targeted XGBoost - xgb_depth7_cols075_weight035,0.0,0.0
num__quiet_home_discharge_psych_risk_flag,XGBoost,Targeted XGBoost - xgb_depth7_cols075_weight035,6.755183858331293e-05,4.130718662054278e-05
num__discharge_medication_continuity_score,XGBoost,Targeted XGBoost - xgb_depth7_cols075_weight035,0.010517306625843048,-0.0009760937537066638
num__psychiatric_aftercare_planning_score,XGBoost,Targeted XGBoost - xgb_depth7_cols075_weight035,0.019656874239444733,0.014852230437099934
num__unmanaged_psychiatric_discharge_risk_score,XGBoost,Targeted XGBoost - xgb_depth7_cols075_weight035,0.05492193624377251,0.012866067700088024
num__psychosis_without_antipsychotic_continuity_flag,XGBoost,Targeted XGBoost - xgb_depth7_cols075_weight035,0.0,0.0
num__bipolar_without_mood_stabiliser_continuity_flag,XGBoost,Targeted XGBoost - xgb_depth7_cols075_weight035,0.0003065381897613406,-3.290988615844981e-06
num__depression_without_antidepressant_continuity_flag,XGBoost,Targeted XGBoost - xgb_depth7_cols075_weight035,0.003693948732689023,0.0003016033733729273
num__smi_without_psychotropic_continuity_flag,XGBoost,Targeted XGBoost - xgb_depth7_cols075_weight035,0.00019720260752364993,5.956248060101643e-05
num__self_harm_without_aftercare_or_safety_plan_flag,XGBoost,Targeted XGBoost - xgb_depth7_cols075_weight035,0.0011003061663359404,0.0005089446203783154
num__substance_use_without_followup_or_withdrawal_plan_flag,XGBoost,Targeted XGBoost - xgb_depth7_cols075_weight035,0.003587420331314206,0.00022275287483353168
num__late_medication_change_without_discharge_med_plan_flag,XGBoost,Targeted XGBoost - xgb_depth7_cols075_weight035,0.0003181432548444718,7.262304279720411e-06
num__home_discharge_without_medication_or_followup_plan_flag,XGBoost,Targeted XGBoost - xgb_depth7_cols075_weight035,0.0013830094831064343,0.0003547934757079929
num__psychotropic_change_with_aftercare_plan_flag,XGBoost,Targeted XGBoost - xgb_depth7_cols075_weight035,0.0009192526922561228,0.0001397371233906597
num__psychotropic_change_without_aftercare_plan_flag,XGBoost,Targeted XGBoost - xgb_depth7_cols075_weight035,0.00023393923765979707,3.025236765097361e-06
num__ed_only_crisis_pattern_score,XGBoost,Targeted XGBoost - xgb_depth7_cols075_weight035,0.008027932606637478,0.0031647286377847195
num__older_medical_complexity_home_discharge_flag,XGBoost,Targeted XGBoost - xgb_depth7_cols075_weight035,2.3680007871007547e-05,-6.6296570366830565e-06
num__medical_complexity_no_aftercare_flag,XGBoost,Targeted XGBoost - xgb_depth7_cols075_weight035,5.392927414504811e-05,-2.0757139282068238e-05
num__medical_complexity_late_workup_home_discharge_flag,XGBoost,Targeted XGBoost - xgb_depth7_cols075_weight035,0.000558395404368639,-4.7856672608759254e-05
num__low_psych_marker_medical_instability_flag,XGBoost,Targeted XGBoost - xgb_depth7_cols075_weight035,0.001162875210866332,-0.0006005231407471001
num__icu_or_procedure_without_psych_marker_flag,XGBoost,Targeted XGBoost - xgb_depth7_cols075_weight035,0.0001356282882625237,4.4854536099592224e-05
cat__gender_F,XGBoost,Targeted XGBoost - xgb_depth7_cols075_weight035,0.015237738378345966,-0.00010419345926493406
cat__gender_M,XGBoost,Targeted XGBoost - xgb_depth7_cols075_weight035,0.002556445077061653,5.030522879678756e-05
cat__anchor_year_group_2008 - 2010,XGBoost,Targeted XGBoost - xgb_depth7_cols075_weight035,0.008190605789422989,-0.0003780576807912439
cat__anchor_year_group_2011 - 2013,XGBoost,Targeted XGBoost - xgb_depth7_cols075_weight035,0.003343434538692236,-6.341940206766594e-06
cat__anchor_year_group_2014 - 2016,XGBoost,Targeted XGBoost - xgb_depth7_cols075_weight035,0.0007058876217342913,-4.589611853589304e-05
cat__anchor_year_group_2017 - 2019,XGBoost,Targeted XGBoost - xgb_depth7_cols075_weight035,0.00037688101292587817,-3.44898653565906e-05
cat__anchor_year_group_2020 - 2022,XGBoost,Targeted XGBoost - xgb_depth7_cols075_weight035,0.00403836602345109,-0.0002818481589201838
cat__admission_type_AMBULATORY OBSERVATION,XGBoost,Targeted XGBoost - xgb_depth7_cols075_weight035,0.0,0.0
cat__admission_type_DIRECT EMER.,XGBoost,Targeted XGBoost - xgb_depth7_cols075_weight035,0.0002487831807229668,2.531415520934388e-05
cat__admission_type_DIRECT OBSERVATION,XGBoost,Targeted XGBoost - xgb_depth7_cols075_weight035,0.0,0.0
cat__admission_type_ELECTIVE,XGBoost,Targeted XGBoost - xgb_depth7_cols075_weight035,0.00020902242977172136,-5.254165898804786e-06
cat__admission_type_EU OBSERVATION,XGBoost,Targeted XGBoost - xgb_depth7_cols075_weight035,0.00036679956247098744,-0.00013569052680395544
cat__admission_type_EW EMER.,XGBoost,Targeted XGBoost - xgb_depth7_cols075_weight035,0.0007156625506468117,-2.7710995709639974e-05
cat__admission_type_OBSERVATION ADMIT,XGBoost,Targeted XGBoost - xgb_depth7_cols075_weight035,0.0008599137072451413,-0.00025649150484241545
cat__admission_type_SURGICAL SAME DAY ADMISSION,XGBoost,Targeted XGBoost - xgb_depth7_cols075_weight035,0.0018721568631008267,0.00010032544378191233
cat__admission_type_URGENT,XGBoost,Targeted XGBoost - xgb_depth7_cols075_weight035,0.0003961668990086764,-3.4786484320648015e-05
cat__admission_location_AMBULATORY SURGERY TRANSFER,XGBoost,Targeted XGBoost - xgb_depth7_cols075_weight035,0.0,0.0
cat__admission_location_CLINIC REFERRAL,XGBoost,Targeted XGBoost - xgb_depth7_cols075_weight035,0.0028799583669751883,0.00036807835567742586
cat__admission_location_EMERGENCY ROOM,XGBoost,Targeted XGBoost - xgb_depth7_cols075_weight035,0.00038426817627623677,-6.241826486075297e-05
cat__admission_location_INFORMATION NOT AVAILABLE,XGBoost,Targeted XGBoost - xgb_depth7_cols075_weight035,0.0,0.0
cat__admission_location_INTERNAL TRANSFER TO OR FROM PSYCH,XGBoost,Targeted XGBoost - xgb_depth7_cols075_weight035,0.0,0.0
cat__admission_location_PACU,XGBoost,Targeted XGBoost - xgb_depth7_cols075_weight035,0.0,0.0
cat__admission_location_PHYSICIAN REFERRAL,XGBoost,Targeted XGBoost - xgb_depth7_cols075_weight035,0.0012575145810842514,-0.00016637257067486644
cat__admission_location_PROCEDURE SITE,XGBoost,Targeted XGBoost - xgb_depth7_cols075_weight035,0.00011099426774308085,-2.173251004933263e-06
cat__admission_location_TRANSFER FROM HOSPITAL,XGBoost,Targeted XGBoost - xgb_depth7_cols075_weight035,0.0,0.0
cat__admission_location_TRANSFER FROM SKILLED NURSING FACILITY,XGBoost,Targeted XGBoost - xgb_depth7_cols075_weight035,0.0,0.0
cat__admission_location_WALK-IN/SELF REFERRAL,XGBoost,Targeted XGBoost - xgb_depth7_cols075_weight035,0.0002286864328198135,-1.861439159256406e-05
cat__discharge_location_ACUTE HOSPITAL,XGBoost,Targeted XGBoost - xgb_depth7_cols075_weight035,0.00026716291904449463,9.222761582350358e-05
cat__discharge_location_AGAINST ADVICE,XGBoost,Targeted XGBoost - xgb_depth7_cols075_weight035,0.0006521147442981601,-0.00011502107372507453
cat__discharge_location_ASSISTED LIVING,XGBoost,Targeted XGBoost - xgb_depth7_cols075_weight035,0.0,0.0
cat__discharge_location_CHRONIC/LONG TERM ACUTE CARE,XGBoost,Targeted XGBoost - xgb_depth7_cols075_weight035,0.0001506122061982751,3.814776209765114e-05
cat__discharge_location_HEALTHCARE FACILITY,XGBoost,Targeted XGBoost - xgb_depth7_cols075_weight035,0.0,0.0
cat__discharge_location_HOME,XGBoost,Targeted XGBoost - xgb_depth7_cols075_weight035,0.0002329603157704696,9.856522228801623e-05
cat__discharge_location_HOME HEALTH CARE,XGBoost,Targeted XGBoost - xgb_depth7_cols075_weight035,0.0012795802904292941,-0.00024015326926019043
cat__discharge_location_OTHER FACILITY,XGBoost,Targeted XGBoost - xgb_depth7_cols075_weight035,0.000617816811427474,0.00012002381117781624
cat__discharge_location_PSYCH FACILITY,XGBoost,Targeted XGBoost - xgb_depth7_cols075_weight035,0.0,0.0
cat__discharge_location_REHAB,XGBoost,Targeted XGBoost - xgb_depth7_cols075_weight035,0.00024474208476021886,7.039013144094497e-05
cat__discharge_location_SKILLED NURSING FACILITY,XGBoost,Targeted XGBoost - xgb_depth7_cols075_weight035,0.00018901702424045652,-6.350446710712276e-06
cat__discharge_location_Unknown,XGBoost,Targeted XGBoost - xgb_depth7_cols075_weight035,0.00135810358915478,0.0004840456822421402
cat__discharge_location_Unknown / not modelled,XGBoost,Targeted XGBoost - xgb_depth7_cols075_weight035,0.07282008975744247,-0.0027223594952374697
cat__insurance_Medicaid,XGBoost,Targeted XGBoost - xgb_depth7_cols075_weight035,0.00047944593825377524,5.2998675528215244e-05
cat__insurance_Medicare,XGBoost,Targeted XGBoost - xgb_depth7_cols075_weight035,5.55050719412975e-05,3.6737290542987466e-07
cat__insurance_No charge,XGBoost,Targeted XGBoost - xgb_depth7_cols075_weight035,0.0,0.0
cat__insurance_Other,XGBoost,Targeted XGBoost - xgb_depth7_cols075_weight035,0.0,0.0
cat__insurance_Private,XGBoost,Targeted XGBoost - xgb_depth7_cols075_weight035,0.002669133711606264,-0.00029148999601602554
cat__insurance_Unknown,XGBoost,Targeted XGBoost - xgb_depth7_cols075_weight035,0.0,0.0
cat__language_American Sign Language,XGBoost,Targeted XGBoost - xgb_depth7_cols075_weight035,0.0,0.0
cat__language_Amharic,XGBoost,Targeted XGBoost - xgb_depth7_cols075_weight035,0.0,0.0
cat__language_Arabic,XGBoost,Targeted XGBoost - xgb_depth7_cols075_weight035,0.0,0.0
cat__language_Armenian,XGBoost,Targeted XGBoost - xgb_depth7_cols075_weight035,0.0,0.0
cat__language_Bengali,XGBoost,Targeted XGBoost - xgb_depth7_cols075_weight035,0.0,0.0
cat__language_Chinese,XGBoost,Targeted XGBoost - xgb_depth7_cols075_weight035,0.0,0.0
cat__language_English,XGBoost,Targeted XGBoost - xgb_depth7_cols075_weight035,3.603216464398429e-05,-3.011099920513516e-07
cat__language_French,XGBoost,Targeted XGBoost - xgb_depth7_cols075_weight035,0.0,0.0
cat__language_Haitian,XGBoost,Targeted XGBoost - xgb_depth7_cols075_weight035,0.0,0.0
cat__language_Hindi,XGBoost,Targeted XGBoost - xgb_depth7_cols075_weight035,0.0,0.0
cat__language_Italian,XGBoost,Targeted XGBoost - xgb_depth7_cols075_weight035,0.0,0.0
cat__language_Japanese,XGBoost,Targeted XGBoost - xgb_depth7_cols075_weight035,0.0,0.0
cat__language_Kabuverdianu,XGBoost,Targeted XGBoost - xgb_depth7_cols075_weight035,0.0,0.0
cat__language_Khmer,XGBoost,Targeted XGBoost - xgb_depth7_cols075_weight035,0.0,0.0
cat__language_Korean,XGBoost,Targeted XGBoost - xgb_depth7_cols075_weight035,0.0,0.0
cat__language_Modern Greek (1453-),XGBoost,Targeted XGBoost - xgb_depth7_cols075_weight035,0.0,0.0
cat__language_Other,XGBoost,Targeted XGBoost - xgb_depth7_cols075_weight035,0.0,0.0
cat__language_Persian,XGBoost,Targeted XGBoost - xgb_depth7_cols075_weight035,0.0,0.0
cat__language_Polish,XGBoost,Targeted XGBoost - xgb_depth7_cols075_weight035,0.0,0.0
cat__language_Portuguese,XGBoost,Targeted XGBoost - xgb_depth7_cols075_weight035,0.0,0.0
cat__language_Russian,XGBoost,Targeted XGBoost - xgb_depth7_cols075_weight035,0.0,0.0
cat__language_Somali,XGBoost,Targeted XGBoost - xgb_depth7_cols075_weight035,0.0,0.0
cat__language_Spanish,XGBoost,Targeted XGBoost - xgb_depth7_cols075_weight035,7.781435851939023e-05,3.2377856769016944e-06
cat__language_Thai,XGBoost,Targeted XGBoost - xgb_depth7_cols075_weight035,0.0,0.0
cat__language_Unknown,XGBoost,Targeted XGBoost - xgb_depth7_cols075_weight035,0.0,0.0
cat__language_Vietnamese,XGBoost,Targeted XGBoost - xgb_depth7_cols075_weight035,0.0,0.0
cat__marital_status_DIVORCED,XGBoost,Targeted XGBoost - xgb_depth7_cols075_weight035,0.0008748388499952853,-7.619633834110573e-05
cat__marital_status_MARRIED,XGBoost,Targeted XGBoost - xgb_depth7_cols075_weight035,0.0002915115328505635,5.292846617521718e-05
cat__marital_status_SINGLE,XGBoost,Targeted XGBoost - xgb_depth7_cols075_weight035,0.0011590324575081468,0.00014170743816066533
cat__marital_status_Unknown,XGBoost,Targeted XGBoost - xgb_depth7_cols075_weight035,0.011754387989640236,0.0010870499536395073
cat__marital_status_WIDOWED,XGBoost,Targeted XGBoost - xgb_depth7_cols075_weight035,0.0001751818199409172,-1.3922110156272538e-05
cat__race_AMERICAN INDIAN/ALASKA NATIVE,XGBoost,Targeted XGBoost - xgb_depth7_cols075_weight035,0.0,0.0
cat__race_ASIAN,XGBoost,Targeted XGBoost - xgb_depth7_cols075_weight035,0.0002290381962666288,5.6038403272395954e-05
cat__race_ASIAN - ASIAN INDIAN,XGBoost,Targeted XGBoost - xgb_depth7_cols075_weight035,0.0,0.0
cat__race_ASIAN - CHINESE,XGBoost,Targeted XGBoost - xgb_depth7_cols075_weight035,0.0,0.0
cat__race_ASIAN - KOREAN,XGBoost,Targeted XGBoost - xgb_depth7_cols075_weight035,0.0,0.0
cat__race_ASIAN - SOUTH EAST ASIAN,XGBoost,Targeted XGBoost - xgb_depth7_cols075_weight035,0.0,0.0
cat__race_BLACK/AFRICAN,XGBoost,Targeted XGBoost - xgb_depth7_cols075_weight035,0.0,0.0
cat__race_BLACK/AFRICAN AMERICAN,XGBoost,Targeted XGBoost - xgb_depth7_cols075_weight035,0.0009448952623642981,-1.8721706510405056e-05
cat__race_BLACK/CAPE VERDEAN,XGBoost,Targeted XGBoost - xgb_depth7_cols075_weight035,0.0,0.0
cat__race_BLACK/CARIBBEAN ISLAND,XGBoost,Targeted XGBoost - xgb_depth7_cols075_weight035,0.0,0.0
cat__race_HISPANIC OR LATINO,XGBoost,Targeted XGBoost - xgb_depth7_cols075_weight035,0.0,0.0
cat__race_HISPANIC/LATINO - CENTRAL AMERICAN,XGBoost,Targeted XGBoost - xgb_depth7_cols075_weight035,0.0,0.0
cat__race_HISPANIC/LATINO - COLUMBIAN,XGBoost,Targeted XGBoost - xgb_depth7_cols075_weight035,0.0,0.0
cat__race_HISPANIC/LATINO - CUBAN,XGBoost,Targeted XGBoost - xgb_depth7_cols075_weight035,0.0,0.0
cat__race_HISPANIC/LATINO - DOMINICAN,XGBoost,Targeted XGBoost - xgb_depth7_cols075_weight035,0.0,0.0
cat__race_HISPANIC/LATINO - GUATEMALAN,XGBoost,Targeted XGBoost - xgb_depth7_cols075_weight035,0.0,0.0
cat__race_HISPANIC/LATINO - HONDURAN,XGBoost,Targeted XGBoost - xgb_depth7_cols075_weight035,0.0,0.0
cat__race_HISPANIC/LATINO - MEXICAN,XGBoost,Targeted XGBoost - xgb_depth7_cols075_weight035,0.0,0.0
cat__race_HISPANIC/LATINO - PUERTO RICAN,XGBoost,Targeted XGBoost - xgb_depth7_cols075_weight035,0.0,0.0
cat__race_HISPANIC/LATINO - SALVADORAN,XGBoost,Targeted XGBoost - xgb_depth7_cols075_weight035,0.0,0.0
cat__race_MULTIPLE RACE/ETHNICITY,XGBoost,Targeted XGBoost - xgb_depth7_cols075_weight035,0.0,0.0
cat__race_NATIVE HAWAIIAN OR OTHER PACIFIC ISLANDER,XGBoost,Targeted XGBoost - xgb_depth7_cols075_weight035,0.0,0.0
cat__race_OTHER,XGBoost,Targeted XGBoost - xgb_depth7_cols075_weight035,0.002698522759601474,-0.0001306468911934644
cat__race_PATIENT DECLINED TO ANSWER,XGBoost,Targeted XGBoost - xgb_depth7_cols075_weight035,0.00029704035841859877,-6.881565059302375e-05
cat__race_PORTUGUESE,XGBoost,Targeted XGBoost - xgb_depth7_cols075_weight035,0.00026075844652950764,2.040251092694234e-05
cat__race_SOUTH AMERICAN,XGBoost,Targeted XGBoost - xgb_depth7_cols075_weight035,0.0,0.0
cat__race_UNABLE TO OBTAIN,XGBoost,Targeted XGBoost - xgb_depth7_cols075_weight035,0.0013036058517172933,-1.3164554729883093e-05
cat__race_UNKNOWN,XGBoost,Targeted XGBoost - xgb_depth7_cols075_weight035,0.01543713640421629,0.0012444766471162438
cat__race_WHITE,XGBoost,Targeted XGBoost - xgb_depth7_cols075_weight035,0.0017729125684127212,-6.607480463571846e-05
cat__race_WHITE - BRAZILIAN,XGBoost,Targeted XGBoost - xgb_depth7_cols075_weight035,0.0,0.0
cat__race_WHITE - EASTERN EUROPEAN,XGBoost,Targeted XGBoost - xgb_depth7_cols075_weight035,0.0,0.0
cat__race_WHITE - OTHER EUROPEAN,XGBoost,Targeted XGBoost - xgb_depth7_cols075_weight035,0.0,0.0
cat__race_WHITE - RUSSIAN,XGBoost,Targeted XGBoost - xgb_depth7_cols075_weight035,0.0,0.0
cat__first_icu_careunit_Cardiac Vascular Intensive Care Unit (CVICU),XGBoost,Targeted XGBoost - xgb_depth7_cols075_weight035,0.0,0.0
cat__first_icu_careunit_Coronary Care Unit (CCU),XGBoost,Targeted XGBoost - xgb_depth7_cols075_weight035,0.00010599434608593583,1.2133441487094387e-05
cat__first_icu_careunit_Intensive Care Unit (ICU),XGBoost,Targeted XGBoost - xgb_depth7_cols075_weight035,0.0,0.0
cat__first_icu_careunit_Med/Surg,XGBoost,Targeted XGBoost - xgb_depth7_cols075_weight035,0.0,0.0
cat__first_icu_careunit_Medical Intensive Care Unit (MICU),XGBoost,Targeted XGBoost - xgb_depth7_cols075_weight035,7.272461516549811e-05,-2.8459844543249346e-05
cat__first_icu_careunit_Medical/Surgical Intensive Care Unit (MICU/SICU),XGBoost,Targeted XGBoost - xgb_depth7_cols075_weight035,0.00031509215477854013,2.1571051547653042e-05
cat__first_icu_careunit_Medicine,XGBoost,Targeted XGBoost - xgb_depth7_cols075_weight035,0.0,0.0
cat__first_icu_careunit_Neuro Intermediate,XGBoost,Targeted XGBoost - xgb_depth7_cols075_weight035,0.0,0.0
cat__first_icu_careunit_Neuro Stepdown,XGBoost,Targeted XGBoost - xgb_depth7_cols075_weight035,0.0,0.0
cat__first_icu_careunit_Neuro Surgical Intensive Care Unit (Neuro SICU),XGBoost,Targeted XGBoost - xgb_depth7_cols075_weight035,0.0,0.0
cat__first_icu_careunit_No ICU,XGBoost,Targeted XGBoost - xgb_depth7_cols075_weight035,0.0,0.0
cat__first_icu_careunit_PACU,XGBoost,Targeted XGBoost - xgb_depth7_cols075_weight035,0.0,0.0
cat__first_icu_careunit_Surgery/Trauma,XGBoost,Targeted XGBoost - xgb_depth7_cols075_weight035,0.0,0.0
cat__first_icu_careunit_Surgery/Vascular/Intermediate,XGBoost,Targeted XGBoost - xgb_depth7_cols075_weight035,0.0,0.0
cat__first_icu_careunit_Surgical Intensive Care Unit (SICU),XGBoost,Targeted XGBoost - xgb_depth7_cols075_weight035,6.97354189469479e-05,-2.777634836093057e-05
cat__first_icu_careunit_Trauma SICU (TSICU),XGBoost,Targeted XGBoost - xgb_depth7_cols075_weight035,0.0,0.0
cat__last_icu_careunit_Cardiac Vascular Intensive Care Unit (CVICU),XGBoost,Targeted XGBoost - xgb_depth7_cols075_weight035,0.0,0.0
cat__last_icu_careunit_Coronary Care Unit (CCU),XGBoost,Targeted XGBoost - xgb_depth7_cols075_weight035,0.0008284862269647419,2.369653338973876e-05
cat__last_icu_careunit_Intensive Care Unit (ICU),XGBoost,Targeted XGBoost - xgb_depth7_cols075_weight035,0.0,0.0
cat__last_icu_careunit_Med/Surg,XGBoost,Targeted XGBoost - xgb_depth7_cols075_weight035,0.0,0.0
cat__last_icu_careunit_Medical Intensive Care Unit (MICU),XGBoost,Targeted XGBoost - xgb_depth7_cols075_weight035,0.00010726619075285271,-3.0199897082638927e-05
cat__last_icu_careunit_Medical/Surgical Intensive Care Unit (MICU/SICU),XGBoost,Targeted XGBoost - xgb_depth7_cols075_weight035,0.0006347893504425883,1.1058951713494025e-05
cat__last_icu_careunit_Medicine,XGBoost,Targeted XGBoost - xgb_depth7_cols075_weight035,0.0,0.0
cat__last_icu_careunit_Neuro Intermediate,XGBoost,Targeted XGBoost - xgb_depth7_cols075_weight035,0.0,0.0
cat__last_icu_careunit_Neuro Stepdown,XGBoost,Targeted XGBoost - xgb_depth7_cols075_weight035,0.0,0.0
cat__last_icu_careunit_Neuro Surgical Intensive Care Unit (Neuro SICU),XGBoost,Targeted XGBoost - xgb_depth7_cols075_weight035,0.0,0.0
cat__last_icu_careunit_No ICU,XGBoost,Targeted XGBoost - xgb_depth7_cols075_weight035,0.0,0.0
cat__last_icu_careunit_PACU,XGBoost,Targeted XGBoost - xgb_depth7_cols075_weight035,0.0,0.0
cat__last_icu_careunit_Surgery/Trauma,XGBoost,Targeted XGBoost - xgb_depth7_cols075_weight035,0.0,0.0
cat__last_icu_careunit_Surgery/Vascular/Intermediate,XGBoost,Targeted XGBoost - xgb_depth7_cols075_weight035,0.0,0.0
cat__last_icu_careunit_Surgical Intensive Care Unit (SICU),XGBoost,Targeted XGBoost - xgb_depth7_cols075_weight035,0.0002312594879185781,2.4951612431323156e-05
cat__last_icu_careunit_Trauma SICU (TSICU),XGBoost,Targeted XGBoost - xgb_depth7_cols075_weight035,0.0,0.0
cat__icu_type_Cardiac ICU,XGBoost,Targeted XGBoost - xgb_depth7_cols075_weight035,0.00029092180193401873,4.0185161196859553e-05
cat__icu_type_Medical ICU,XGBoost,Targeted XGBoost - xgb_depth7_cols075_weight035,0.0,0.0
cat__icu_type_Neuro ICU,XGBoost,Targeted XGBoost - xgb_depth7_cols075_weight035,0.0,0.0
cat__icu_type_No ICU,XGBoost,Targeted XGBoost - xgb_depth7_cols075_weight035,0.0,0.0
cat__icu_type_Other ICU,XGBoost,Targeted XGBoost - xgb_depth7_cols075_weight035,0.0,0.0
cat__icu_type_Surgical/Trauma ICU,XGBoost,Targeted XGBoost - xgb_depth7_cols075_weight035,3.522792030707933e-05,-3.5768528050539317e-06
cat__first_service_CMED,XGBoost,Targeted XGBoost - xgb_depth7_cols075_weight035,0.00024387543089687824,6.119096724432893e-06
cat__first_service_CSURG,XGBoost,Targeted XGBoost - xgb_depth7_cols075_weight035,0.0,0.0
cat__first_service_DENT,XGBoost,Targeted XGBoost - xgb_depth7_cols075_weight035,0.0,0.0
cat__first_service_ENT,XGBoost,Targeted XGBoost - xgb_depth7_cols075_weight035,0.0,0.0
cat__first_service_EYE,XGBoost,Targeted XGBoost - xgb_depth7_cols075_weight035,0.0,0.0
cat__first_service_GU,XGBoost,Targeted XGBoost - xgb_depth7_cols075_weight035,0.0,0.0
cat__first_service_GYN,XGBoost,Targeted XGBoost - xgb_depth7_cols075_weight035,0.0,0.0
cat__first_service_MED,XGBoost,Targeted XGBoost - xgb_depth7_cols075_weight035,0.006797886453568935,0.0007713056984357536
cat__first_service_NMED,XGBoost,Targeted XGBoost - xgb_depth7_cols075_weight035,0.008705183863639832,0.0011823634849861264
cat__first_service_NSURG,XGBoost,Targeted XGBoost - xgb_depth7_cols075_weight035,0.0013309225905686617,0.00011703784548444673
cat__first_service_OBS,XGBoost,Targeted XGBoost - xgb_depth7_cols075_weight035,0.0021330814342945814,-0.00017288510571233928
cat__first_service_OMED,XGBoost,Targeted XGBoost - xgb_depth7_cols075_weight035,0.0028773376252502203,-6.38793790130876e-05
cat__first_service_ORTHO,XGBoost,Targeted XGBoost - xgb_depth7_cols075_weight035,0.0032113888300955296,-0.00013207820302341133
cat__first_service_PSURG,XGBoost,Targeted XGBoost - xgb_depth7_cols075_weight035,0.0,0.0
cat__first_service_PSYCH,XGBoost,Targeted XGBoost - xgb_depth7_cols075_weight035,0.0011244562920182943,7.11307511664927e-05
cat__first_service_SURG,XGBoost,Targeted XGBoost - xgb_depth7_cols075_weight035,0.0031630760058760643,-0.00048612026148475707
cat__first_service_TRAUM,XGBoost,Targeted XGBoost - xgb_depth7_cols075_weight035,0.0014290869003161788,-0.00022740931308362633
cat__first_service_TSURG,XGBoost,Targeted XGBoost - xgb_depth7_cols075_weight035,0.0,0.0
cat__first_service_Unknown,XGBoost,Targeted XGBoost - xgb_depth7_cols075_weight035,0.0,0.0
cat__first_service_VSURG,XGBoost,Targeted XGBoost - xgb_depth7_cols075_weight035,0.0022250639740377665,-8.413199248025194e-05
cat__last_service_CMED,XGBoost,Targeted XGBoost - xgb_depth7_cols075_weight035,0.000511001911945641,-0.0001333448599325493
cat__last_service_CSURG,XGBoost,Targeted XGBoost - xgb_depth7_cols075_weight035,0.00024147742078639567,-2.9808166800648905e-05
cat__last_service_DENT,XGBoost,Targeted XGBoost - xgb_depth7_cols075_weight035,0.0,0.0
cat__last_service_ENT,XGBoost,Targeted XGBoost - xgb_depth7_cols075_weight035,0.0,0.0
cat__last_service_EYE,XGBoost,Targeted XGBoost - xgb_depth7_cols075_weight035,0.0,0.0
cat__last_service_GU,XGBoost,Targeted XGBoost - xgb_depth7_cols075_weight035,0.0,0.0
cat__last_service_GYN,XGBoost,Targeted XGBoost - xgb_depth7_cols075_weight035,0.0,0.0
cat__last_service_MED,XGBoost,Targeted XGBoost - xgb_depth7_cols075_weight035,0.003321541240438819,0.00024436230887658894
cat__last_service_NMED,XGBoost,Targeted XGBoost - xgb_depth7_cols075_weight035,0.002375267678871751,0.00028333449154160917
cat__last_service_NSURG,XGBoost,Targeted XGBoost - xgb_depth7_cols075_weight035,0.0007176828221417964,4.341279418440536e-05
cat__last_service_OBS,XGBoost,Targeted XGBoost - xgb_depth7_cols075_weight035,0.0009408188634552062,-0.00010919460328295827
cat__last_service_OMED,XGBoost,Targeted XGBoost - xgb_depth7_cols075_weight035,0.020068589597940445,-0.0004489677376113832
cat__last_service_ORTHO,XGBoost,Targeted XGBoost - xgb_depth7_cols075_weight035,0.0012913754908367991,3.332468986627646e-05
cat__last_service_PSURG,XGBoost,Targeted XGBoost - xgb_depth7_cols075_weight035,0.0001854572765296325,6.17840196355246e-05
cat__last_service_PSYCH,XGBoost,Targeted XGBoost - xgb_depth7_cols075_weight035,0.000493848230689764,8.21334688225761e-05
cat__last_service_SURG,XGBoost,Targeted XGBoost - xgb_depth7_cols075_weight035,0.00021426145394798368,-2.7082394808530807e-05
cat__last_service_TRAUM,XGBoost,Targeted XGBoost - xgb_depth7_cols075_weight035,0.003500784281641245,-0.00019365809566807002
cat__last_service_TSURG,XGBoost,Targeted XGBoost - xgb_depth7_cols075_weight035,0.0,0.0
cat__last_service_Unknown,XGBoost,Targeted XGBoost - xgb_depth7_cols075_weight035,0.0,0.0
cat__last_service_VSURG,XGBoost,Targeted XGBoost - xgb_depth7_cols075_weight035,0.003507110523059964,-0.0002052316121989861
cat__infection_burden_category_0 tests,XGBoost,Targeted XGBoost - xgb_depth7_cols075_weight035,0.0,0.0
cat__infection_burden_category_1-2 tests,XGBoost,Targeted XGBoost - xgb_depth7_cols075_weight035,0.0006640274659730494,4.205189907224849e-05
cat__infection_burden_category_3-5 tests,XGBoost,Targeted XGBoost - xgb_depth7_cols075_weight035,0.00012859218986704946,-4.204441938782111e-05
cat__infection_burden_category_6+ tests,XGBoost,Targeted XGBoost - xgb_depth7_cols075_weight035,7.274218660313636e-05,1.1927206287509762e-05
cat__last_careunit_before_discharge_No transfer record,XGBoost,Targeted XGBoost - xgb_depth7_cols075_weight035,0.0,0.0
cat__last_careunit_before_discharge_UNKNOWN,XGBoost,Targeted XGBoost - xgb_depth7_cols075_weight035,0.0,0.0
cat__time_since_previous_psych_category_0-30 days,XGBoost,Targeted XGBoost - xgb_depth7_cols075_weight035,0.0005397698259912431,-1.5300220184144564e-05
cat__time_since_previous_psych_category_181-365 days,XGBoost,Targeted XGBoost - xgb_depth7_cols075_weight035,0.005660975351929665,0.0002707936509978026
cat__time_since_previous_psych_category_31-90 days,XGBoost,Targeted XGBoost - xgb_depth7_cols075_weight035,0.00010298717097612098,-2.804202085826546e-05
cat__time_since_previous_psych_category_365+ days,XGBoost,Targeted XGBoost - xgb_depth7_cols075_weight035,0.003651566803455353,0.0003077697765547782
cat__time_since_previous_psych_category_91-180 days,XGBoost,Targeted XGBoost - xgb_depth7_cols075_weight035,0.00011116639507235959,7.183961656664906e-07
cat__time_since_previous_psych_category_No previous psychiatric admission,XGBoost,Targeted XGBoost - xgb_depth7_cols075_weight035,0.0,0.0
cat__age_group_18-29,XGBoost,Targeted XGBoost - xgb_depth7_cols075_weight035,0.00022599275689572096,4.794820779352449e-05
cat__age_group_30-39,XGBoost,Targeted XGBoost - xgb_depth7_cols075_weight035,0.0014856652123853564,0.000188961043022573
cat__age_group_40-49,XGBoost,Targeted XGBoost - xgb_depth7_cols075_weight035,0.0004829118261113763,9.753539416124113e-06
cat__age_group_50-59,XGBoost,Targeted XGBoost - xgb_depth7_cols075_weight035,0.0013403786579146981,7.288099823199445e-06
cat__age_group_60-69,XGBoost,Targeted XGBoost - xgb_depth7_cols075_weight035,0.0005754507146775723,-6.688443681923673e-05
cat__age_group_70-79,XGBoost,Targeted XGBoost - xgb_depth7_cols075_weight035,0.00020023529941681772,-2.175087956857169e-06
cat__age_group_80+,XGBoost,Targeted XGBoost - xgb_depth7_cols075_weight035,0.0006922248867340386,4.558534055831842e-05
cat__hospital_los_category_0-1 days,XGBoost,Targeted XGBoost - xgb_depth7_cols075_weight035,0.0,0.0
cat__hospital_los_category_1-3 days,XGBoost,Targeted XGBoost - xgb_depth7_cols075_weight035,0.0006041068118065596,-8.907912706490606e-05
cat__hospital_los_category_3-7 days,XGBoost,Targeted XGBoost - xgb_depth7_cols075_weight035,0.0008476739167235792,-7.457431638613343e-05
cat__hospital_los_category_7+ days,XGBoost,Targeted XGBoost - xgb_depth7_cols075_weight035,0.0,0.0
cat__admission_season_autumn,XGBoost,Targeted XGBoost - xgb_depth7_cols075_weight035,6.479376315837726e-05,-5.727552434109384e-06
cat__admission_season_spring,XGBoost,Targeted XGBoost - xgb_depth7_cols075_weight035,0.0004821160400751978,-2.4740533262956887e-05
cat__admission_season_summer,XGBoost,Targeted XGBoost - xgb_depth7_cols075_weight035,0.0004674869414884597,-9.36582000576891e-06
cat__admission_season_winter,XGBoost,Targeted XGBoost - xgb_depth7_cols075_weight035,0.0007811224786564708,-1.596415495441761e-05
cat__discharge_season_autumn,XGBoost,Targeted XGBoost - xgb_depth7_cols075_weight035,0.004002247005701065,-7.836961594875902e-05
cat__discharge_season_spring,XGBoost,Targeted XGBoost - xgb_depth7_cols075_weight035,0.0003812929498963058,-2.7839767426485196e-05
cat__discharge_season_summer,XGBoost,Targeted XGBoost - xgb_depth7_cols075_weight035,0.0005095187807455659,-5.33456914126873e-05
cat__discharge_season_winter,XGBoost,Targeted XGBoost - xgb_depth7_cols075_weight035,0.0013060396304354072,-6.142883648863062e-05
cat__discharge_location_grouped_Facility / rehab / long-term care,XGBoost,Targeted XGBoost - xgb_depth7_cols075_weight035,0.007727604825049639,0.0008014306076802313
cat__discharge_location_grouped_Home,XGBoost,Targeted XGBoost - xgb_depth7_cols075_weight035,0.0,0.0
cat__discharge_location_grouped_Home health care,XGBoost,Targeted XGBoost - xgb_depth7_cols075_weight035,0.0007034199661575258,-0.00011845732660731301
cat__discharge_location_grouped_Other,XGBoost,Targeted XGBoost - xgb_depth7_cols075_weight035,0.0038017998449504375,-0.0002700653567444533
cat__discharge_location_grouped_Psych facility,XGBoost,Targeted XGBoost - xgb_depth7_cols075_weight035,0.0009464415488764644,0.0006871618679724634
cat__discharge_location_grouped_Unknown / not modelled,XGBoost,Targeted XGBoost - xgb_depth7_cols075_weight035,0.008554006926715374,-0.001462238491512835
cat__admission_location_grouped_Emergency room,XGBoost,Targeted XGBoost - xgb_depth7_cols075_weight035,0.0,0.0
cat__admission_location_grouped_Internal transfer involving psych,XGBoost,Targeted XGBoost - xgb_depth7_cols075_weight035,0.0,0.0
cat__admission_location_grouped_Other,XGBoost,Targeted XGBoost - xgb_depth7_cols075_weight035,0.0005328215193003416,-3.151429837089381e-07
cat__admission_location_grouped_Physician / clinic referral,XGBoost,Targeted XGBoost - xgb_depth7_cols075_weight035,0.0001587672159075737,-4.421724224812351e-05
cat__admission_location_grouped_Transfer from hospital,XGBoost,Targeted XGBoost - xgb_depth7_cols075_weight035,0.0,0.0
cat__admission_location_grouped_Transfer from skilled nursing facility,XGBoost,Targeted XGBoost - xgb_depth7_cols075_weight035,0.0,0.0
cat__admission_location_grouped_Unknown,XGBoost,Targeted XGBoost - xgb_depth7_cols075_weight035,0.0,0.0
cat__insurance_grouped_Medicaid,XGBoost,Targeted XGBoost - xgb_depth7_cols075_weight035,0.0007673630607314408,0.00015134034038055688
cat__insurance_grouped_Medicare,XGBoost,Targeted XGBoost - xgb_depth7_cols075_weight035,0.0,0.0
cat__insurance_grouped_Other / unknown,XGBoost,Targeted XGBoost - xgb_depth7_cols075_weight035,0.0,0.0
cat__insurance_grouped_Private,XGBoost,Targeted XGBoost - xgb_depth7_cols075_weight035,0.0014952791389077902,-0.00011621869634836912
cat__psych_diagnosis_burden_category_1 diagnosis,XGBoost,Targeted XGBoost - xgb_depth7_cols075_weight035,0.005509966053068638,0.0004689256311394274
cat__psych_diagnosis_burden_category_2 diagnoses,XGBoost,Targeted XGBoost - xgb_depth7_cols075_weight035,0.0006177668692544103,-7.2317848207603674e-06
cat__psych_diagnosis_burden_category_3-4 diagnoses,XGBoost,Targeted XGBoost - xgb_depth7_cols075_weight035,0.0006475763511843979,6.839522393420339e-05
cat__psych_diagnosis_burden_category_5+ diagnoses,XGBoost,Targeted XGBoost - xgb_depth7_cols075_weight035,2.3572119971504435e-05,-5.282835786601936e-07
cat__nonpsych_diagnosis_burden_category_0,XGBoost,Targeted XGBoost - xgb_depth7_cols075_weight035,0.0,0.0
cat__nonpsych_diagnosis_burden_category_1-5,XGBoost,Targeted XGBoost - xgb_depth7_cols075_weight035,0.0001685509632807225,5.911786502110772e-05
cat__nonpsych_diagnosis_burden_category_11+,XGBoost,Targeted XGBoost - xgb_depth7_cols075_weight035,0.00018553015252109617,6.0596019466174766e-05
cat__nonpsych_diagnosis_burden_category_6-10,XGBoost,Targeted XGBoost - xgb_depth7_cols075_weight035,0.0005673893028870225,-6.192150613060221e-05
cat__total_diagnosis_burden_category_0-5,XGBoost,Targeted XGBoost - xgb_depth7_cols075_weight035,0.00010169939923798665,-4.2288975237170234e-05
cat__total_diagnosis_burden_category_11-20,XGBoost,Targeted XGBoost - xgb_depth7_cols075_weight035,0.0007193271885626018,5.996487016091123e-05
cat__total_diagnosis_burden_category_21+,XGBoost,Targeted XGBoost - xgb_depth7_cols075_weight035,7.022336649242789e-05,-5.2157367463223636e-05
cat__total_diagnosis_burden_category_6-10,XGBoost,Targeted XGBoost - xgb_depth7_cols075_weight035,0.000498638313729316,-3.4014115954050794e-05
cat__drg_severity_category_Extreme,XGBoost,Targeted XGBoost - xgb_depth7_cols075_weight035,6.0758298786822706e-05,-2.8046702936990187e-05
cat__drg_severity_category_Major,XGBoost,Targeted XGBoost - xgb_depth7_cols075_weight035,0.0017583898734301329,-0.00024399455287493765
cat__drg_severity_category_Minor,XGBoost,Targeted XGBoost - xgb_depth7_cols075_weight035,0.002918962389230728,0.00026959608658216894
cat__drg_severity_category_Moderate,XGBoost,Targeted XGBoost - xgb_depth7_cols075_weight035,0.00018969310622196645,-3.467409624136053e-05
cat__drg_severity_category_No DRG record,XGBoost,Targeted XGBoost - xgb_depth7_cols075_weight035,4.3504573113750666e-05,1.6715224546715035e-06
cat__drg_mortality_category_Extreme,XGBoost,Targeted XGBoost - xgb_depth7_cols075_weight035,3.690028825076297e-05,6.8983936216682196e-06
cat__drg_mortality_category_Major,XGBoost,Targeted XGBoost - xgb_depth7_cols075_weight035,0.0003154880541842431,-3.8882870285306126e-05
cat__drg_mortality_category_Minor,XGBoost,Targeted XGBoost - xgb_depth7_cols075_weight035,0.0035913779865950346,9.646634862292558e-05
cat__drg_mortality_category_Moderate,XGBoost,Targeted XGBoost - xgb_depth7_cols075_weight035,0.0014335630694404244,-0.00022371263185050339
cat__drg_mortality_category_No DRG record,XGBoost,Targeted XGBoost - xgb_depth7_cols075_weight035,0.0,0.0
cat__service_transfer_category_0 transfers,XGBoost,Targeted XGBoost - xgb_depth7_cols075_weight035,0.0,0.0
cat__service_transfer_category_1 transfer,XGBoost,Targeted XGBoost - xgb_depth7_cols075_weight035,0.0024590138345956802,0.0001443246437702328
cat__service_transfer_category_2+ transfers,XGBoost,Targeted XGBoost - xgb_depth7_cols075_weight035,0.0,0.0
cat__physical_transfer_category_0-2 transfer events,XGBoost,Targeted XGBoost - xgb_depth7_cols075_weight035,0.0,0.0
cat__physical_transfer_category_3-4 transfer events,XGBoost,Targeted XGBoost - xgb_depth7_cols075_weight035,0.0006298607331700623,5.69829944652156e-06
cat__physical_transfer_category_5+ transfer events,XGBoost,Targeted XGBoost - xgb_depth7_cols075_weight035,0.0,0.0
cat__procedure_burden_category_0 procedures,XGBoost,Targeted XGBoost - xgb_depth7_cols075_weight035,0.0,0.0
cat__procedure_burden_category_1-2 procedures,XGBoost,Targeted XGBoost - xgb_depth7_cols075_weight035,0.0007412987761199474,0.00010823539196280763
cat__procedure_burden_category_3+ procedures,XGBoost,Targeted XGBoost - xgb_depth7_cols075_weight035,0.0,0.0
cat__psych_medication_burden_category_0 classes,XGBoost,Targeted XGBoost - xgb_depth7_cols075_weight035,0.0,0.0
cat__psych_medication_burden_category_1 class,XGBoost,Targeted XGBoost - xgb_depth7_cols075_weight035,0.0005185485351830721,4.136001007282175e-05
cat__psych_medication_burden_category_2 classes,XGBoost,Targeted XGBoost - xgb_depth7_cols075_weight035,0.000553675286937505,-2.459570714563597e-05
cat__psych_medication_burden_category_3+ classes,XGBoost,Targeted XGBoost - xgb_depth7_cols075_weight035,3.912561805918813e-05,-9.315324859926477e-06
cat__icu_utilisation_category_Multiple ICU stays,XGBoost,Targeted XGBoost - xgb_depth7_cols075_weight035,0.00014943514543119818,2.330466486455407e-06
cat__icu_utilisation_category_No ICU,XGBoost,Targeted XGBoost - xgb_depth7_cols075_weight035,0.0,0.0
cat__icu_utilisation_category_Single ICU stay,XGBoost,Targeted XGBoost - xgb_depth7_cols075_weight035,0.0009756098734214902,0.000259835651377216
cat__physiological_instability_category_0 indicators,XGBoost,Targeted XGBoost - xgb_depth7_cols075_weight035,0.0,0.0
cat__physiological_instability_category_1 indicator,XGBoost,Targeted XGBoost - xgb_depth7_cols075_weight035,0.0,0.0
cat__physiological_instability_category_2 indicators,XGBoost,Targeted XGBoost - xgb_depth7_cols075_weight035,0.0003293498302809894,-1.2340447028691415e-05
cat__physiological_instability_category_3+ indicators,XGBoost,Targeted XGBoost - xgb_depth7_cols075_weight035,0.0,0.0
