processed_feature_name,mean_abs_shap,max_abs_shap,mean_signed_shap,shap_model_count,feature_name_clean,feature_family,nonzero_train_percent,importance_rank
num__late_orders_without_prior_psych_history_flag,0.3455783634299856,0.4078233540058136,0.15412900990472292,2,late_orders_without_prior_psych_history_flag,prior_utilisation,100.0,1
num__late_order_severity_per_late_order_last_12h,0.1314189403129129,0.1482132015372333,0.08401372464386514,2,late_order_severity_per_late_order_last_12h,poe_late_order_pathway,100.0,2
num__last_order_close_to_discharge_hours,0.13019478279021285,0.13509109616279602,0.10282847430646885,2,last_order_close_to_discharge_hours,discharge_aftercare,100.0,3
num__orders_last_12h_before_discharge,0.09607127731986889,0.10695679587022562,0.06338587062397141,2,orders_last_12h_before_discharge,discharge_aftercare,100.0,4
num__low_order_activity_with_self_harm_flag,0.09392710169683928,0.1051001325249672,0.057272512827717406,2,low_order_activity_with_self_harm_flag,psychiatric_history,100.0,5
cat__discharge_location_Unknown / not modelled,0.08920741679506357,0.10559474383268466,0.010345328954061143,2,discharge_location_Unknown / not modelled,discharge_aftercare,100.0,6
num__previous_psych_admissions_365d,0.07519075705762387,0.07967688888311386,-0.0021573964124157966,2,previous_psych_admissions_365d,prior_utilisation,100.0,7
num__previous_psych_admissions_180d,0.07436651316134218,0.07897903674539097,-0.0008954246936135938,2,previous_psych_admissions_180d,prior_utilisation,100.0,8
num__unmanaged_psychiatric_discharge_risk_score,0.05009063342170832,0.05492193624377251,0.015072775740941693,2,unmanaged_psychiatric_discharge_risk_score,psychiatric_history,5.94605895881246,9
num__discharge_hour,0.045025720656246083,0.04618861419028071,0.023077134304152067,2,discharge_hour,discharge_aftercare,100.0,10
num__discharged_to_psych_facility_flag,0.03936752912295333,0.04184699431061745,0.028662098496524728,2,discharged_to_psych_facility_flag,psychiatric_history,100.0,11
num__days_since_latest_body_measure,0.037086775468034766,0.037782199680805206,0.014806183066509302,2,days_since_latest_body_measure,other,100.0,12
num__late_order_intensity_score_last_12h,0.03514465020139464,0.04472583869674699,0.024668662754159798,2,late_order_intensity_score_last_12h,poe_late_order_pathway,100.0,13
num__last_order_close_to_discharge_hours_filled,0.034654746053214454,0.04633609435974674,0.02693787355628206,2,last_order_close_to_discharge_hours_filled,discharge_aftercare,100.0,14
num__elixhauser_psychoses,0.033335255372435486,0.03981804457885153,0.0095861063926392,2,elixhauser_psychoses,psychiatric_history,100.0,15
num__anchor_age,0.032229869582384066,0.0353943407535553,0.0022073306171136974,2,anchor_age,demographic_admin,100.0,16
num__days_since_previous_hospital_admission,0.03212578549210597,0.032195620238780975,0.002978453444504337,2,days_since_previous_hospital_admission,prior_utilisation,100.0,17
num__late_psych_safety_activity_score_near_discharge,0.030650463555797647,0.03121048890957179,0.021157686766039796,2,late_psych_safety_activity_score_near_discharge,psychiatric_history,100.0,18
num__has_depression,0.030335320078279354,0.034131068736314774,0.003274837972497162,2,has_depression,psychiatric_history,100.0,19
num__previous_psych_admissions_from_all_hosp,0.03033407041891007,0.03141053020954132,0.005966074741542831,2,previous_psych_admissions_from_all_hosp,prior_utilisation,100.0,20
num__low_order_activity_with_smi_flag,0.030122879433797923,0.04579458013176918,0.016058833537090644,2,low_order_activity_with_smi_flag,psychiatric_history,100.0,21
num__no_late_orders_but_self_harm_flag,0.02949863860989673,0.03655841201543808,0.018424690694675214,2,no_late_orders_but_self_harm_flag,psychiatric_history,100.0,22
num__psych_diagnosis_group_count,0.029133624250654935,0.031290166079998016,0.0037352784100579805,2,psych_diagnosis_group_count,psychiatric_history,100.0,23
num__care_team_touchpoints_last_6h_before_discharge,0.02859344460374271,0.038300495594739914,0.01966423733872913,2,care_team_touchpoints_last_6h_before_discharge,discharge_aftercare,100.0,24
num__days_since_previous_psych_admission_filled,0.02605459697249044,0.03066060035829761,0.0006574337640532736,2,days_since_previous_psych_admission_filled,prior_utilisation,100.0,25
num__emar_not_given_rate,0.025559688687906666,0.0266217440366745,0.004032580976413157,2,emar_not_given_rate,medication_emar_pharmacy,100.0,26
num__charlson_comorbidity_index_simplified,0.02436373982410854,0.02496381290256977,0.0010897571693459186,2,charlson_comorbidity_index_simplified,medical_comorbidity,100.0,27
num__late_nonroutine_order_count_last_12h,0.023216379639665587,0.029727917164564133,0.01515843684011224,2,late_nonroutine_order_count_last_12h,poe_late_order_pathway,100.0,28
num__last_order_within_12h_of_discharge_flag,0.023208360997611366,0.04641672199522273,0.01690197025496021,2,last_order_within_12h_of_discharge_flag,discharge_aftercare,100.0,29
num__previous_psych_admissions,0.022343147448822785,0.025651963233202554,0.003079906036202544,2,previous_psych_admissions,prior_utilisation,100.0,30
num__num_psych_diagnoses,0.021680857159547685,0.026600375771522522,0.001651277092938972,2,num_psych_diagnoses,psychiatric_history,100.0,31
num__order_activity_last_6h_to_total_ratio,0.021144500317281784,0.022474617396009568,0.011093729461653523,2,order_activity_last_6h_to_total_ratio,poe_late_order_pathway,100.0,32
num__days_since_previous_hospital_admission_filled,0.020747928070342217,0.022176072001457214,0.0013336713749601836,2,days_since_previous_hospital_admission_filled,prior_utilisation,100.0,33
num__num_unique_careunits,0.020630733859659894,0.022580187767744064,-0.00012231912733838945,2,num_unique_careunits,icu_care,100.0,34
num__has_cancer,0.020515108064986902,0.021104978397488594,-0.00018825566821240535,2,has_cancer,medical_comorbidity,100.0,35
num__previous_psych_admissions_90d,0.01946769058751839,0.02244848571717739,-0.002698475398555527,2,previous_psych_admissions_90d,prior_utilisation,100.0,36
num__num_steroid_prescriptions,0.019438643826058546,0.021784326061606407,-0.0016190875473383007,2,num_steroid_prescriptions,other,100.0,37
num__ed_length_of_stay_hours,0.019393301295662947,0.02034204639494419,0.00372011216548094,2,ed_length_of_stay_hours,demographic_admin,100.0,38
num__hemoglobin_lab_last_value,0.01917507790107756,0.020779768005013466,0.0007110428176798975,2,hemoglobin_lab_last_value,lab_vital_hourly,100.0,39
cat__last_service_OMED,0.019133057439774608,0.020068589597940445,0.00032647079080835016,2,last_service_OMED,demographic_admin,100.0,40
num__psychiatric_aftercare_planning_score,0.018910132716030655,0.019656874239444733,0.014724313202890275,2,psychiatric_aftercare_planning_score,psychiatric_history,100.0,41
cat__race_UNKNOWN,0.018792494754291338,0.02214785310436639,0.0045959710781429625,2,race_UNKNOWN,demographic_admin,100.0,42
num__care_team_touchpoints_last_12h_before_discharge,0.01845825596566466,0.025634433009534427,0.013045648711519805,2,care_team_touchpoints_last_12h_before_discharge,discharge_aftercare,100.0,43
num__psychotropic_order_density_per_day,0.018112813444043852,0.02036883495748043,0.00020186314762161203,2,psychotropic_order_density_per_day,psychiatric_history,100.0,44
num__public_insurance_flag,0.017805040623677843,0.018202587962150574,-0.0004067011160905756,2,public_insurance_flag,demographic_admin,100.0,45
num__num_opioid_prescriptions,0.017667012173449886,0.019256332889199257,-0.0010482658702062845,2,num_opioid_prescriptions,psychiatric_history,100.0,46
num__orders_after_72h_per_hospital_day,0.016950791597367912,0.017128027766946132,0.0004904140738588862,2,orders_after_72h_per_hospital_day,poe_late_order_pathway,100.0,47
num__psychosis_or_self_harm_low_aftercare_quality_flag,0.01694769256167237,0.020295117050409317,0.008135289477799212,2,psychosis_or_self_harm_low_aftercare_quality_flag,psychiatric_history,100.0,48
num__ed_to_admission_hours,0.016732461638068272,0.021749794483184814,0.0005388695667770677,2,ed_to_admission_hours,demographic_admin,100.0,49
num__previous_psych_to_total_admission_ratio,0.016325058077994985,0.017682849685796108,0.000328655083549754,2,previous_psych_to_total_admission_ratio,prior_utilisation,100.0,50
num__care_team_touchpoints_per_hospital_day,0.015826457980821284,0.01871107518672943,0.0012971304276365968,2,care_team_touchpoints_per_hospital_day,poe_late_order_pathway,100.0,51
num__discontinued_orders_last_12h_before_discharge,0.01577324012534332,0.030895124301456144,0.010881535936509762,2,discontinued_orders_last_12h_before_discharge,discharge_aftercare,100.0,52
num__safety_order_proportion,0.015401625490913355,0.019116082130331922,0.007751408625250149,2,safety_order_proportion,poe_late_order_pathway,0.08937905080493413,53
num__days_since_latest_body_measure_filled,0.014799372765883846,0.016409805058866824,0.004343350202078727,2,days_since_latest_body_measure_filled,other,100.0,54
num__new_substance_use_this_admission_flag,0.014607782237803976,0.016217932105064392,0.0006432786732930155,2,new_substance_use_this_admission_flag,psychiatric_history,100.0,55
num__quiet_smi_psychosis_low_activity_score,0.014514790925644505,0.014740203507244587,0.010430452958600619,2,quiet_smi_psychosis_low_activity_score,psychiatric_history,100.0,56
num__procedures_per_hospital_day,0.01444261996408645,0.015846440568566322,-0.00021243286359985724,2,procedures_per_hospital_day,medical_comorbidity,100.0,57
num__discharged_to_psych_facility_or_transfer_flag,0.014047777767006641,0.014068204909563065,0.010836243705919606,2,discharged_to_psych_facility_or_transfer_flag,psychiatric_history,100.0,58
num__ed_visit_to_admission_ratio_365d,0.013501323723371688,0.014280193412951359,0.0007699768227583039,2,ed_visit_to_admission_ratio_365d,other,100.0,59
num__medical_workup_near_discharge_score,0.01348559958051926,0.016229430213570595,-0.0018711003173419894,2,medical_workup_near_discharge_score,discharge_aftercare,100.0,60
num__late_discharge_admin_order_share_last_12h,0.01343453110697112,0.01523382868617773,0.0066113475859476325,2,late_discharge_admin_order_share_last_12h,discharge_aftercare,100.0,61
cat__gender_F,0.01327573462992057,0.015237738378345966,8.500636858204546e-05,2,gender_F,demographic_admin,100.0,62
num__previous_psych_admissions_60d,0.013254734308228506,0.015805107714147594,-0.0019235963227913196,2,previous_psych_admissions_60d,prior_utilisation,100.0,63
cat__marital_status_Unknown,0.01319171587867982,0.014629043767719402,0.0030416722390273,2,marital_status_Unknown,demographic_admin,100.0,64
num__wbc_lab_last_value,0.013157294078635848,0.015001817606389523,-0.00038779694925122107,2,wbc_lab_last_value,lab_vital_hourly,22.676667363579345,65
num__quiet_risk_summary_score,0.012985175832586293,0.01430329866707325,0.008011974858726203,2,quiet_risk_summary_score,other,100.0,66
num__new_orders_last_12h_before_discharge_flag,0.012749176546907697,0.019286464899778366,0.008095952515457519,2,new_orders_last_12h_before_discharge_flag,discharge_aftercare,100.0,67
num__min_previous_admission_gap_days_filled,0.012611706985008592,0.013697364367544651,0.0030301274897916895,2,min_previous_admission_gap_days_filled,prior_utilisation,100.0,68
num__hospital_los_days,0.012538860382517633,0.013768406584858894,0.00458362675606667,2,hospital_los_days,demographic_admin,100.0,69
num__sodium_lab_last_value,0.01245725710050315,0.015463589690625668,-0.0017702925832636725,2,sodium_lab_last_value,lab_vital_hourly,2.89410411875392,70
num__num_scheduled_pharmacy_orders,0.012351050152284562,0.01260367501527071,0.0001368941250239231,2,num_scheduled_pharmacy_orders,poe_late_order_pathway,100.0,71
num__medicine_service_involved_anytime,0.011533039867017793,0.01609378308057785,0.0012135842372642692,2,medicine_service_involved_anytime,demographic_admin,100.0,72
num__no_recent_psych_history_and_long_ed_los,0.011510349680728622,0.014046207070350647,0.004478260640574531,2,no_recent_psych_history_and_long_ed_los,prior_utilisation,100.0,73
num__provider_changes_last_24h_before_discharge,0.011402440036587132,0.01167200319468975,-0.00048772409780151513,2,provider_changes_last_24h_before_discharge,discharge_aftercare,100.0,74
num__elixhauser_solid_tumour,0.011388792687130795,0.012296970002353191,-0.0011874306335784622,2,elixhauser_solid_tumour,medical_comorbidity,100.0,75
num__num_iv_prescription_rows,0.011339381218509576,0.011472241715702814,0.00015489304349778732,2,num_iv_prescription_rows,other,100.0,76
num__min_previous_admission_gap_days,0.011257304274541854,0.011955207213759422,0.00043968493142546266,2,min_previous_admission_gap_days,prior_utilisation,100.0,77
num__hemoglobin_lab_min_value,0.01102686453917415,0.012140179052948952,-0.00041924278152882143,2,hemoglobin_lab_min_value,lab_vital_hourly,100.0,78
num__mean_previous_admission_gap_days_filled,0.01082773357488111,0.010951843112707138,0.0008725000455339903,2,mean_previous_admission_gap_days_filled,prior_utilisation,100.0,79
num__has_multiple_psych_diagnosis_groups,0.010776776138470409,0.014394413247259135,0.0012679348272819075,2,has_multiple_psych_diagnosis_groups,psychiatric_history,100.0,80
num__safety_orders_last_24h_before_discharge,0.010516225570204523,0.012505106627941132,0.006959820246045819,2,safety_orders_last_24h_before_discharge,discharge_aftercare,11.121680953376542,81
num__discharge_medication_continuity_score,0.01029366714077898,0.010517306625843048,-0.0006739116464079122,2,discharge_medication_continuity_score,discharge_aftercare,100.0,82
num__ed_to_admission_hours_filled,0.010280119846419453,0.012302345847399946,0.0003342808083012628,2,ed_to_admission_hours_filled,demographic_admin,100.0,83
num__mostly_psych_readmission_pattern_flag,0.00991153617016997,0.01896446370706014,0.0013514130750501938,2,mostly_psych_readmission_pattern_flag,psychiatric_history,100.0,84
cat__discharge_location_grouped_Unknown / not modelled,0.009887934558103877,0.01122186218949238,-0.0016235193096272738,2,discharge_location_grouped_Unknown / not modelled,discharge_aftercare,100.0,85
num__had_discharge_planning_order,0.009815461996936647,0.01347870659083128,0.0016720184423540104,2,had_discharge_planning_order,discharge_aftercare,100.0,86
num__ed_length_of_stay_hours_filled,0.009779514386843935,0.012278949125789196,0.0001660237504425113,2,ed_length_of_stay_hours_filled,demographic_admin,100.0,87
num__urea_nitrogen_lab_std_value,0.009635077017210291,0.009737385755106543,0.0015412991204163326,2,urea_nitrogen_lab_std_value,lab_vital_hourly,24.934141752038467,88
num__safety_order_density_per_day,0.009575392877984576,0.01136320922523737,0.0053423744754450275,2,safety_order_density_per_day,poe_late_order_pathway,2.003972402257997,89
num__last_order_hours_from_admission_filled,0.009462866077124594,0.010699659585952759,0.002356835691743577,2,last_order_hours_from_admission_filled,poe_late_order_pathway,100.0,90
num__admission_year,0.009351115158767237,0.010827683843672276,-0.0004469013817883822,2,admission_year,other,100.0,91
num__new_antidepressant_started_flag,0.009250445752073545,0.009531786665320396,-0.00018861085791488683,2,new_antidepressant_started_flag,other,100.0,92
num__num_psychotropic_pharmacy_orders,0.00924342456465482,0.009812323473503574,0.00017782280990313022,2,num_psychotropic_pharmacy_orders,psychiatric_history,100.0,93
num__emar_administration_count_first_24h,0.00900593482702582,0.009496054403476098,0.000372332007999518,2,emar_administration_count_first_24h,medication_emar_pharmacy,100.0,94
num__num_abnormal_lab_flags_last_48h,0.008987830307759622,0.009537499397993088,-0.0010309375692061273,2,num_abnormal_lab_flags_last_48h,lab_vital_hourly,100.0,95
num__late_nonroutine_order_share_last_12h,0.008812727731752382,0.010246686356341812,0.002079306693483777,2,late_nonroutine_order_share_last_12h,poe_late_order_pathway,100.0,96
num__no_recent_psych_history_and_discharge_to_facility,0.00877302760954261,0.011793463490903378,0.0007494778004678846,2,no_recent_psych_history_and_discharge_to_facility,prior_utilisation,100.0,97
num__previous_total_admissions_180d,0.008768001759950059,0.011765048750795398,-0.0004977522819741248,2,previous_total_admissions_180d,prior_utilisation,100.0,98
num__not_married_flag,0.008710554984089715,0.010717938654124737,0.001165811166210696,2,not_married_flag,other,100.0,99
cat__first_service_NMED,0.008626642398740236,0.008705183863639832,0.0017787748723630634,2,first_service_NMED,demographic_admin,100.0,100
num__order_activity_last_48h_to_total_ratio,0.008597522894982886,0.009197711786517288,-0.0008093642463125393,2,order_activity_last_48h_to_total_ratio,poe_late_order_pathway,100.0,101
num__num_started_emar_events,0.008569077954145726,0.011032499372959137,0.0003288132778632884,2,num_started_emar_events,medication_emar_pharmacy,100.0,102
num__order_activity_ratio_24_to_72h,0.008492836864567643,0.008784016866041909,-0.0001975759351282156,2,order_activity_ratio_24_to_72h,poe_late_order_pathway,100.0,103
num__time_between_last_two_admissions_days,0.008374422729604172,0.00952671549586997,-0.00038666124863274634,2,time_between_last_two_admissions_days,other,0.19809742839222247,104
num__platelet_lab_rate_of_change_per_day,0.00833172168304036,0.008971898816525936,-0.00025897620126598327,2,platelet_lab_rate_of_change_per_day,lab_vital_hourly,100.0,105
num__num_prn_pharmacy_orders,0.008283562302395363,0.009248870424926281,0.0015230580615019078,2,num_prn_pharmacy_orders,poe_late_order_pathway,100.0,106
cat__anchor_year_group_2008 - 2010,0.00824235877379206,0.00829411175816113,-0.00012351272638041658,2,anchor_year_group_2008 - 2010,other,100.0,107
num__low_order_activity_with_psychosis_flag,0.008227180889813494,0.010212010703980923,0.004508377220440151,2,low_order_activity_with_psychosis_flag,psychiatric_history,100.0,108
num__discharge_dayofweek,0.008180390148889043,0.01010268833488226,-7.081969882355732e-06,2,discharge_dayofweek,discharge_aftercare,100.0,109
num__creatinine_lab_coefficient_of_variation,0.008088019661831364,0.009407762438058853,-0.0005628814624563484,2,creatinine_lab_coefficient_of_variation,lab_vital_hourly,100.0,110
num__num_medication_route_types,0.008047926446055802,0.008054953481267755,0.0007079420125094951,2,num_medication_route_types,medication_emar_pharmacy,100.0,111
num__sodium_lab_rate_of_change_per_day,0.008038847955958429,0.00853023026138544,0.0008542942289123055,2,sodium_lab_rate_of_change_per_day,lab_vital_hourly,14.003763328454944,112
num__mean_previous_admission_gap_days,0.00795871004964151,0.008292737416923046,0.0004136071848139849,2,mean_previous_admission_gap_days,prior_utilisation,100.0,113
num__previous_admission_order_activity_count,0.007842974753081197,0.00834871785148858,0.00019311484654035554,2,previous_admission_order_activity_count,prior_utilisation,100.0,114
num__platelet_lab_std_value,0.007702293606220402,0.00862830225378275,0.00022402874763832137,2,platelet_lab_std_value,lab_vital_hourly,100.0,115
num__emergency_room_admission_flag,0.007678563510615296,0.00972801074385643,0.00032487618835287777,2,emergency_room_admission_flag,other,100.0,116
num__safety_orders_first_24h,0.007673471339552736,0.007981040724633407,0.004099337074658321,2,safety_orders_first_24h,poe_late_order_pathway,0.6591051641229354,117
num__admission_hour,0.007672721887984328,0.007755115432756051,5.175227022323257e-05,2,admission_hour,demographic_admin,100.0,118
num__orders_last_48h_before_discharge,0.007658385667408647,0.008436918258666992,-0.0013343194496529107,2,orders_last_48h_before_discharge,discharge_aftercare,100.0,119
num__previous_total_admissions_90d,0.0076049130100952584,0.009272702349016467,-0.00019813508852766025,2,previous_total_admissions_90d,prior_utilisation,100.0,120
num__first_order_hours_from_admission,0.007526279830596846,0.007695830427110195,0.0002812635164664563,2,first_order_hours_from_admission,poe_late_order_pathway,100.0,121
cat__discharge_location_grouped_Facility / rehab / long-term care,0.007408977012783856,0.007727604825049639,0.0008505564790899662,2,discharge_location_grouped_Facility / rehab / long-term care,discharge_aftercare,100.0,122
num__wbc_lab_coefficient_of_variation,0.007354257557391565,0.00785735808312893,0.0004977028513093863,2,wbc_lab_coefficient_of_variation,lab_vital_hourly,55.558749738657745,123
num__sodium_lab_min_value,0.007327570445959523,0.008100158534944057,-0.0009139967160557055,2,sodium_lab_min_value,lab_vital_hourly,0.1949613213464353,124
num__has_dementia,0.007279845673711103,0.007354200817644596,0.0004521126649583522,2,has_dementia,other,100.0,125
num__previous_ed_visits_365d,0.0072603561955466005,0.008334149606525898,-0.0009254427234538392,2,previous_ed_visits_365d,prior_utilisation,100.0,126
num__discharge_month,0.007245551447871085,0.008170104585587978,-0.0003817005774427047,2,discharge_month,discharge_aftercare,100.0,127
num__antipsychotic_plus_benzodiazepine,0.00722982392954096,0.009661803022027016,0.0005599136523714996,2,antipsychotic_plus_benzodiazepine,psychiatric_history,100.0,128
num__mean_previous_los_days_filled,0.007154334726576388,0.008920581080019474,0.0010750295629625487,2,mean_previous_los_days_filled,prior_utilisation,100.0,129
num__urea_nitrogen_lab_coefficient_of_variation,0.007092201055215932,0.007133634569500161,-0.0002994015481815496,2,urea_nitrogen_lab_coefficient_of_variation,lab_vital_hourly,0.7150324064394731,130
num__has_self_harm_or_suicidal_ideation,0.006979445509477122,0.009669036701050725,0.003138564279593213,2,has_self_harm_or_suicidal_ideation,psychiatric_history,100.0,131
num__time_to_first_transfer_hours,0.0069312780700053825,0.007085202727466822,0.00038145518608947776,2,time_to_first_transfer_hours,demographic_admin,0.6763537528747648,132
num__late_care_fragmentation_score,0.006925982628892269,0.008718976750969887,0.0018625634687625052,2,late_care_fragmentation_score,poe_late_order_pathway,100.0,133
num__order_activity_slope_24_to_72h,0.006898459614092717,0.007684580981731415,0.0003058444675715408,2,order_activity_slope_24_to_72h,poe_late_order_pathway,100.0,134
num__ed_only_crisis_pattern_score,0.006815021626761914,0.008027932606637478,0.0019464783589045508,2,ed_only_crisis_pattern_score,other,100.0,135
num__discharged_home_with_services_flag,0.006799371732150873,0.008613308891654015,-0.000919857763928635,2,discharged_home_with_services_flag,discharge_aftercare,100.0,136
num__glucose_lab_first_72h_min,0.006617276385529291,0.007829135283827782,-0.0006347327606829481,2,glucose_lab_first_72h_min,lab_vital_hourly,100.0,137
num__consult_order_proportion,0.006598121414171341,0.006686060078862672,0.0012439923207404001,2,consult_order_proportion,poe_late_order_pathway,100.0,138
num__followup_order_proportion,0.006587413805847531,0.00882975198328495,-0.0005757550970778691,2,followup_order_proportion,discharge_aftercare,100.0,139
cat__first_service_MED,0.00656539612843346,0.006797886453568935,0.0010999833255654595,2,first_service_MED,demographic_admin,100.0,140
num__medication_order_count_first_24h,0.006493530060679516,0.0071761030703783035,-0.0001424324870726267,2,medication_order_count_first_24h,poe_late_order_pathway,100.0,141
num__prescriptions_per_hospital_day,0.006488144273673545,0.0068739233538508415,-0.0009488563219928361,2,prescriptions_per_hospital_day,other,100.0,142
num__num_abnormal_lab_flags,0.006364812159559429,0.008345475420355797,-0.0004942047148852357,2,num_abnormal_lab_flags,lab_vital_hourly,100.0,143
num__first_safety_order_hours_from_admission,0.006354091876365823,0.008017214015126228,0.0022727697394651037,2,first_safety_order_hours_from_admission,poe_late_order_pathway,100.0,144
num__has_alcohol_related_disorder,0.006222897836037324,0.0068829841911792755,0.0004746402288685379,2,has_alcohol_related_disorder,psychiatric_history,100.0,145
num__elixhauser_individual_group_count,0.006215345159569791,0.007475130259990692,-0.00032661633047511196,2,elixhauser_individual_group_count,medical_comorbidity,100.0,146
num__sodium_lab_last_to_first_ratio,0.006130483004619759,0.006209787912666798,-0.00012052394959428336,2,sodium_lab_last_to_first_ratio,lab_vital_hourly,47.637466025507,147
num__emar_administered_to_order_ratio,0.0060873509471388535,0.007566021755337715,-0.0006208930730071039,2,emar_administered_to_order_ratio,poe_late_order_pathway,100.0,148
num__late_admin_to_total_late_order_ratio,0.006008656736821815,0.007468215189874172,0.002862091336512881,2,late_admin_to_total_late_order_ratio,poe_late_order_pathway,100.0,149
cat__psych_diagnosis_burden_category_1 diagnosis,0.00599742294918279,0.006484879845296942,0.0005149540351234065,2,psych_diagnosis_burden_category_1 diagnosis,psychiatric_history,100.0,150
num__order_activity_last_12h_to_total_ratio,0.005984760124681047,0.006378537509590387,0.0002408552567029652,2,order_activity_last_12h_to_total_ratio,poe_late_order_pathway,100.0,151
num__latest_bmi_before_admission,0.005966371162507304,0.006995015777647495,0.0003807762970651349,2,latest_bmi_before_admission,medical_comorbidity,100.0,152
num__emar_administration_record_count,0.0059340278555404255,0.008067157119512558,6.480560608965531e-05,2,emar_administration_record_count,medication_emar_pharmacy,100.0,153
num__had_steroid_exposure,0.005928346002655926,0.006140958983451128,-0.0004159936078929892,2,had_steroid_exposure,other,100.0,154
num__num_care_team_touchpoints,0.005871146069152651,0.006882175337523222,0.002912900537234711,2,num_care_team_touchpoints,poe_late_order_pathway,100.0,155
num__late_care_team_touchpoint_share,0.0058503694415810836,0.00596729592471781,-0.00018229241582447286,2,late_care_team_touchpoint_share,poe_late_order_pathway,100.0,156
num__mean_previous_los_days,0.00584572168695373,0.006294325211543693,-0.00039450510093064635,2,mean_previous_los_days,prior_utilisation,100.0,157
num__emar_administration_count_first_72h,0.005796289803378192,0.007273200433701277,0.000913263312708108,2,emar_administration_count_first_72h,medication_emar_pharmacy,100.0,158
num__glucose_lab_coefficient_of_variation,0.005782582148998168,0.006273017730563879,0.00030735376011161667,2,glucose_lab_coefficient_of_variation,lab_vital_hourly,100.0,159
num__lab_tests_per_hospital_day,0.005756558791173306,0.0062065464444458485,-0.0018095030914228737,2,lab_tests_per_hospital_day,lab_vital_hourly,100.0,160
num__medical_complexity_score,0.005745776351641561,0.005746316630393267,-0.0007333576415839983,2,medical_complexity_score,other,100.0,161
num__psychotropic_pharmacy_orders_per_day,0.005725557583857279,0.006640525802053414,0.00024121460762260277,2,psychotropic_pharmacy_orders_per_day,psychiatric_history,100.0,162
num__last_safety_order_hours_from_admission,0.00563949334463959,0.005994632132927279,0.001835537646324565,2,last_safety_order_hours_from_admission,poe_late_order_pathway,100.0,163
num__creatinine_lab_mean_value,0.005498690026966675,0.006484918296337128,0.0006597075783058293,2,creatinine_lab_mean_value,lab_vital_hourly,100.0,164
num__num_orders_first_72h,0.0054296050011382446,0.005639252252876759,0.001121827388263746,2,num_orders_first_72h,poe_late_order_pathway,100.0,165
num__vital_72h_mean_instability_score,0.00541418799998609,0.005763103437766388,-0.00039810675622320056,2,vital_72h_mean_instability_score,lab_vital_hourly,0.08937905080493413,166
num__had_one_hr_max_order,0.005411838397481021,0.005681124016837233,0.0008654601483763108,2,had_one_hr_max_order,poe_late_order_pathway,100.0,167
num__latest_height_cm_before_admission,0.005409804469105599,0.006149800959974527,0.000708509782273186,2,latest_height_cm_before_admission,other,100.0,168
num__abnormal_lab_burden_score,0.0053927701413709755,0.005715254228562117,0.001106551073170313,2,abnormal_lab_burden_score,lab_vital_hourly,100.0,169
num__no_recent_psych_history_and_high_charlson,0.0053591125526755035,0.007500364747515118,-0.0007132421982161616,2,no_recent_psych_history_and_high_charlson,prior_utilisation,100.0,170
num__orders_last_6h_before_discharge,0.005342966049592575,0.006345745641738176,0.003146697464608258,2,orders_last_6h_before_discharge,discharge_aftercare,100.0,171
num__hemoglobin_lab_coefficient_of_variation,0.005292953118789296,0.006709732115268707,0.0003027983531948633,2,hemoglobin_lab_coefficient_of_variation,lab_vital_hourly,100.0,172
num__orders_first_72h_to_total_ratio,0.005262288821260685,0.0057059689424932,0.0013851475554566804,2,orders_first_72h_to_total_ratio,poe_late_order_pathway,100.0,173
num__emar_dose_given_record_count,0.005209082132669598,0.0065450700474874385,0.000248962712105501,2,emar_dose_given_record_count,medication_emar_pharmacy,100.0,174
num__medicaid_flag,0.005046576821675225,0.005594357848167419,0.000913666720628096,2,medicaid_flag,other,100.0,175
num__heart_rate_vital_rate_of_change_per_day,0.00486784163223801,0.005784612614661455,0.0009334042286173773,2,heart_rate_vital_rate_of_change_per_day,lab_vital_hourly,100.0,176
num__sodium_lab_value_range,0.004856285273032713,0.004916975274682045,0.00016302055028303842,2,sodium_lab_value_range,lab_vital_hourly,0.14060213255279114,177
num__had_benzodiazepine_order,0.004832289975307545,0.0060639940202236176,-0.00038192145551932665,2,had_benzodiazepine_order,poe_late_order_pathway,100.0,178
num__platelet_lab_last_value,0.00476651234777058,0.005109846126288176,0.0002869835765681708,2,platelet_lab_last_value,lab_vital_hourly,100.0,179
num__admissions_per_365d,0.004733511017202583,0.008598616004055733,0.0013835894860164063,2,admissions_per_365d,other,100.0,180
num__num_critical_or_priority_labs,0.0047102776975991335,0.004742826335132122,-0.00040436013178009973,2,num_critical_or_priority_labs,lab_vital_hourly,100.0,181
num__previous_total_admissions,0.0046933016776634405,0.0053405724465847015,0.001304463713547655,2,previous_total_admissions,prior_utilisation,100.0,182
num__num_orders_first_24h,0.00468805665912989,0.004792395047843456,0.0013280789280479947,2,num_orders_first_24h,poe_late_order_pathway,100.0,183
num__wbc_lab_last_to_first_ratio,0.004662585397929504,0.005057162045926956,0.0001057067464496241,2,wbc_lab_last_to_first_ratio,lab_vital_hourly,16.29207610286431,184
num__discharged_against_advice,0.004634051389753353,0.005504786968231201,-0.0005227495508088188,2,discharged_against_advice,discharge_aftercare,100.0,185
num__depression_without_antidepressant_continuity_flag,0.004610317796715826,0.00552668686074263,0.0008747850735977134,2,depression_without_antidepressant_continuity_flag,psychiatric_history,100.0,186
num__previous_admission_los_days_filled,0.004584121216076732,0.0053804959170520306,0.0005722491550932409,2,previous_admission_los_days_filled,prior_utilisation,100.0,187
cat__last_service_MED,0.004572348330789501,0.0058231554211401835,0.0006984240616171897,2,last_service_MED,demographic_admin,100.0,188
cat__gender_M,0.004555896719910742,0.0065553483627598325,0.00013084627536764416,2,gender_M,demographic_admin,100.0,189
num__drg_severity,0.004550633074380817,0.0051841107197105885,-0.0003024829773063231,2,drg_severity,medical_comorbidity,100.0,190
num__emar_missed_or_not_given_count_first_72h,0.004547494142560819,0.004664883017539978,0.00040743646114292697,2,emar_missed_or_not_given_count_first_72h,medication_emar_pharmacy,100.0,191
num__platelet_lab_last_to_first_ratio,0.004520212660300456,0.00511126546189189,-7.691584898379855e-05,2,platelet_lab_last_to_first_ratio,lab_vital_hourly,100.0,192
num__safety_order_near_discharge_flag,0.004392587209785432,0.005139570874560773,0.002809756380206305,2,safety_order_near_discharge_flag,discharge_aftercare,47.55279113527075,193
num__previous_admission_los_days,0.004382569762018704,0.005859812255948782,9.654790792986911e-05,2,previous_admission_los_days,prior_utilisation,100.0,194
num__sodium_lab_coefficient_of_variation,0.0043701292691616265,0.004827301949262619,-0.00046445946269863913,2,sodium_lab_coefficient_of_variation,lab_vital_hourly,0.15157850721304622,195
num__hemoglobin_lab_abnormal,0.004358354537685131,0.005950164049863815,-0.00024226949233625245,2,hemoglobin_lab_abnormal,lab_vital_hourly,100.0,196
num__first_order_hours_from_admission_filled,0.004336043490161253,0.004884182701015974,0.0002089505042271825,2,first_order_hours_from_admission_filled,poe_late_order_pathway,100.0,197
num__num_lab_events_last_48h_before_discharge,0.004334566430894518,0.004902530927211046,0.0003260423431534894,2,num_lab_events_last_48h_before_discharge,discharge_aftercare,100.0,198
num__num_prn_benzodiazepine_orders,0.004331287555453735,0.004468164872378111,0.0001419737998745412,2,num_prn_benzodiazepine_orders,poe_late_order_pathway,100.0,199
num__num_iv_pharmacy_orders,0.004297032250531312,0.005818103666365736,0.00045422818440428176,2,num_iv_pharmacy_orders,poe_late_order_pathway,100.0,200
num__emar_psychotropic_not_given_count,0.004284699734242342,0.0043568719326289125,0.00020631781270484978,2,emar_psychotropic_not_given_count,psychiatric_history,100.0,201
num__time_to_first_transfer_hours_filled,0.004262152487620552,0.004651002585887909,-0.000251416578217364,2,time_to_first_transfer_hours_filled,demographic_admin,0.8023207192138825,202
num__late_lab_order_share_last_12h,0.00425578879261572,0.004438845440745354,-0.0002362917261648685,2,late_lab_order_share_last_12h,poe_late_order_pathway,100.0,203
num__urea_nitrogen_lab_value_range,0.004220295783574843,0.005980528425425291,0.00035915960268363255,2,urea_nitrogen_lab_value_range,lab_vital_hourly,16.149905916788626,204
cat__last_service_TRAUM,0.00418649449163711,0.0048722047016329754,0.00031544122786291914,2,last_service_TRAUM,demographic_admin,100.0,205
num__care_team_touchpoint_density_per_day,0.004144695480375882,0.0056493100710213184,0.00038433339207904127,2,care_team_touchpoint_density_per_day,poe_late_order_pathway,100.0,206
num__medications_per_hospital_day,0.004111105445753834,0.004714122042059898,-0.0007713583134451912,2,medications_per_hospital_day,medication_emar_pharmacy,100.0,207
num__psych_diagnosis_without_psych_discharge_flag,0.004097066932124558,0.0049652960072262345,0.003101082229131782,2,psych_diagnosis_without_psych_discharge_flag,psychiatric_history,100.0,208
num__sodium_lab_first_value,0.004095099477313163,0.0058503057807683945,0.00020925623044979957,2,sodium_lab_first_value,lab_vital_hourly,9.116663182103283,209
num__num_procedures,0.004088909611654555,0.004335589734072039,-0.0003818514249451841,2,num_procedures,medical_comorbidity,100.0,210
num__late_psych_safety_without_psych_facility_discharge_flag,0.00403975329120841,0.004379909378312755,0.002605121816357353,2,late_psych_safety_without_psych_facility_discharge_flag,psychiatric_history,100.0,211
num__night_discharge_flag,0.004017221751135762,0.004320871084928513,0.0008639802527217164,2,night_discharge_flag,discharge_aftercare,100.0,212
num__emar_delayed_or_not_given_last_24h,0.003998320133368574,0.005147671658432289,0.00014516849676482143,2,emar_delayed_or_not_given_last_24h,medication_emar_pharmacy,100.0,213
num__mean_oxygen_flow_rate,0.003964682831739877,0.004406585870932529,-1.537308596011649e-05,2,mean_oxygen_flow_rate,lab_vital_hourly,100.0,214
num__previous_total_admissions_60d,0.003857511121134304,0.0038759045345839725,-0.000790613967193015,2,previous_total_admissions_60d,prior_utilisation,100.0,215
num__systolic_bp_arterial_vital_rate_of_change_per_day,0.0038516432674087706,0.004357177764177322,0.0003165208683565731,2,systolic_bp_arterial_vital_rate_of_change_per_day,lab_vital_hourly,0.027179594396822077,216
num__hemoglobin_lab_first_24h_mean,0.0038513197410022936,0.005401320289820433,-0.00046163677164477783,2,hemoglobin_lab_first_24h_mean,lab_vital_hourly,100.0,217
num__platelet_lab_first_24h_max,0.0038443889617985304,0.0045255376026034355,-8.934727631693752e-05,2,platelet_lab_first_24h_max,lab_vital_hourly,100.0,218
num__sodium_lab_first_72h_mean,0.003816823831285056,0.004055394325405359,-0.00010134153840393162,2,sodium_lab_first_72h_mean,lab_vital_hourly,2.9949822287267405,219
num__time_between_last_two_admissions_days_filled,0.0038101337714225333,0.005127782467752695,0.00014136102497291545,2,time_between_last_two_admissions_days_filled,other,0.0015680535228935813,220
num__latest_weight_kg_before_admission,0.0038050515927078267,0.003978060558438301,-0.00011307247987328841,2,latest_weight_kg_before_admission,medical_comorbidity,100.0,221
num__elixhauser_peripheral_vascular,0.0038038727618744063,0.00384549801721972,-0.0002508451059533598,2,elixhauser_peripheral_vascular,medical_comorbidity,100.0,222
num__previous_admission_late_order_count,0.003800217857294146,0.0043245358392596245,0.00037397634137806615,2,previous_admission_late_order_count,prior_utilisation,100.0,223
num__elixhauser_lymphoma,0.003779208922675119,0.004100380571391913,-0.00013417411221756123,2,elixhauser_lymphoma,medical_comorbidity,100.0,224
num__medication_order_count_first_72h,0.0037609806913864773,0.004123220220208168,-0.0005857367840184601,2,medication_order_count_first_72h,poe_late_order_pathway,100.0,225
num__glucose_lab_last_value,0.003738310366470117,0.004573493730276823,-6.757400135931518e-05,2,glucose_lab_last_value,lab_vital_hourly,100.0,226
num__potassium_lab_first_24h_mean,0.0037306213146114367,0.0039005421567708254,-0.0005309721820110077,2,potassium_lab_first_24h_mean,lab_vital_hourly,100.0,227
num__order_activity_duration_hours,0.0037043232873113343,0.0042990373320939915,4.850451486959888e-06,2,order_activity_duration_hours,poe_late_order_pathway,100.0,228
num__previous_nonpsych_admissions,0.0036838879600448486,0.004219481255859137,0.00020098457130804598,2,previous_nonpsych_admissions,prior_utilisation,100.0,229
num__orders_per_hospital_day,0.0036789730018730138,0.004012239503633017,0.0007051264138025766,2,orders_per_hospital_day,poe_late_order_pathway,100.0,230
num__weight_change_recent,0.0036641825388799513,0.004111619666218758,0.00015614667903186892,2,weight_change_recent,medical_comorbidity,0.6815805979510767,231
cat__discharge_location_grouped_Other,0.0036584342888860075,0.0038017998449504375,-5.8734489994821855e-05,2,discharge_location_grouped_Other,discharge_aftercare,100.0,232
num__num_observation_safety_orders,0.003654395271833688,0.004116972908377647,0.0017170653245430476,2,num_observation_safety_orders,poe_late_order_pathway,100.0,233
num__substance_use_without_followup_or_withdrawal_plan_flag,0.00363856263883995,0.0036897049463656935,0.001044269907250036,2,substance_use_without_followup_or_withdrawal_plan_flag,psychiatric_history,0.3308592933305457,234
num__sodium_lab_abnormal,0.003626963453316121,0.003746103262528777,-0.0006770515195653056,2,sodium_lab_abnormal,lab_vital_hourly,0.019862011289985364,235
num__order_activity_last_24h_to_total_ratio,0.0036245656602334835,0.004579747781580062,0.00033939947821658465,2,order_activity_last_24h_to_total_ratio,poe_late_order_pathway,100.0,236
num__potassium_lab_mean_value,0.0036227023476111285,0.004178112655008314,-6.30695763981821e-05,2,potassium_lab_mean_value,lab_vital_hourly,100.0,237
num__glucose_lab_min_value,0.0036205171610291078,0.004400454927235842,-0.0005688669878376023,2,glucose_lab_min_value,lab_vital_hourly,100.0,238
num__previous_admission_late_order_share,0.003610307624661039,0.004389525856822729,-0.00055811885736986,2,previous_admission_late_order_share,prior_utilisation,100.0,239
num__discontinued_pharmacy_orders_per_hospital_day,0.0036041548943416815,0.004194478038698435,0.0003142889936341856,2,discontinued_pharmacy_orders_per_hospital_day,poe_late_order_pathway,100.0,240
cat__last_service_VSURG,0.0035959725964318477,0.0036848346698037313,-0.0002753015075613412,2,last_service_VSURG,demographic_admin,100.0,241
num__num_prescription_rows,0.0035829862295126795,0.0038192225620150566,-7.188495268455549e-05,2,num_prescription_rows,other,100.0,242
num__care_team_touchpoints_after_72h,0.003530607827132397,0.003717863466590643,4.034815270912455e-05,2,care_team_touchpoints_after_72h,poe_late_order_pathway,100.0,243
num__max_previous_los_days,0.0035303120136870735,0.00392513582482934,1.991811205838363e-05,2,max_previous_los_days,prior_utilisation,100.0,244
num__num_nonpsych_diagnoses,0.0035220179829657744,0.0038564433589400194,8.261424426980941e-06,2,num_nonpsych_diagnoses,psychiatric_history,100.0,245
num__icu_event_density_per_day,0.0035127482921000724,0.0038140933186047088,0.0004076966285041585,2,icu_event_density_per_day,icu_care,100.0,246
num__urea_nitrogen_lab_rate_of_change_per_day,0.003507602775444285,0.0037097639869898558,-2.3756196269399897e-05,2,urea_nitrogen_lab_rate_of_change_per_day,lab_vital_hourly,25.230503867865355,247
num__glucose_lab_first_72h_mean,0.0035052635865488813,0.003524629617150459,-0.00033635524506035736,2,glucose_lab_first_72h_mean,lab_vital_hourly,100.0,248
num__num_lab_events_last_24h_before_discharge,0.003498989745097132,0.003660232527181506,-0.001672002571558313,2,num_lab_events_last_24h_before_discharge,discharge_aftercare,100.0,249
num__hemoglobin_lab_mean_value,0.003482728794451031,0.003954745490571803,-0.00021290680275953415,2,hemoglobin_lab_mean_value,lab_vital_hourly,100.0,250
num__num_total_diagnoses,0.003463321090788423,0.004212033851297257,-1.110559927592091e-05,2,num_total_diagnoses,other,100.0,251
num__spo2_vital_rate_of_change_per_day,0.0034633070271738384,0.004201593808829784,-0.0003403235815001062,2,spo2_vital_rate_of_change_per_day,lab_vital_hourly,1.060004181476061,252
num__potassium_lab_last_to_first_ratio,0.003454220929189864,0.004009361378848553,0.00029965417698745356,2,potassium_lab_last_to_first_ratio,lab_vital_hourly,100.0,253
num__previous_bmi_before_admission,0.0034358632885694686,0.004442048724740744,-0.0004440557788944155,2,previous_bmi_before_admission,prior_utilisation,100.0,254
cat__discharge_season_autumn,0.003428246074788062,0.004002247005701065,-1.577724707427821e-05,2,discharge_season_autumn,discharge_aftercare,100.0,255
num__glucose_lab_value_range,0.0034213834488469705,0.004891690798103809,-8.307007605413025e-05,2,glucose_lab_value_range,lab_vital_hourly,100.0,256
num__elixhauser_depression,0.0034161309550804018,0.0038937776027822735,0.00041942588401067636,2,elixhauser_depression,psychiatric_history,100.0,257
num__previous_2plus_psych_admissions,0.003414632994419412,0.004647141573426279,0.0006267664923121097,2,previous_2plus_psych_admissions,prior_utilisation,100.0,258
num__no_barcode_med_admin_rate,0.003413320612356165,0.003544091899335581,0.0002776316927640437,2,no_barcode_med_admin_rate,medication_emar_pharmacy,100.0,259
num__glucose_lab_last_to_first_ratio,0.0033893088614767386,0.0042271688580513,-0.00036135395465474634,2,glucose_lab_last_to_first_ratio,lab_vital_hourly,100.0,260
num__num_total_poe_orders,0.003366272314152658,0.0037778478575478795,0.0007510323360062812,2,num_total_poe_orders,poe_late_order_pathway,100.0,261
num__orders_after_72h_count,0.0033514007628432266,0.003949881844316195,-0.00017544856234932125,2,orders_after_72h_count,poe_late_order_pathway,100.0,262
num__pain_max_score,0.0033505677223188562,0.004079347010701895,-2.4203814861130488e-05,2,pain_max_score,lab_vital_hourly,100.0,263
num__previous_total_admissions_365d,0.0033342341141128404,0.003887003753334284,0.000712757394667691,2,previous_total_admissions_365d,prior_utilisation,100.0,264
num__potassium_lab_rate_of_change_per_day,0.003327390456499153,0.0034157490319043277,0.00014539310767153714,2,potassium_lab_rate_of_change_per_day,lab_vital_hourly,100.0,265
num__wbc_lab_rate_of_change_per_day,0.003291715684579635,0.004039195831865072,-0.00020592517926850039,2,wbc_lab_rate_of_change_per_day,lab_vital_hourly,54.28862638511395,266
num__psych_related_order_proportion,0.0032808684734231246,0.003307437989860773,0.00033505457430951845,2,psych_related_order_proportion,psychiatric_history,100.0,267
num__last_order_hours_from_admission,0.003255301235142124,0.003596501352062369,0.000628113318981951,2,last_order_hours_from_admission,poe_late_order_pathway,100.0,268
num__discharged_home_flag,0.00322949955425406,0.00325954332947731,1.1014981169515914e-05,2,discharged_home_flag,discharge_aftercare,100.0,269
num__platelet_lab_coefficient_of_variation,0.003220293779350708,0.0033511058268246856,-3.201444293835098e-05,2,platelet_lab_coefficient_of_variation,lab_vital_hourly,100.0,270
num__late_discontinued_medication_orders,0.003213693158762222,0.003338256850838661,-0.0004564587097547436,2,late_discontinued_medication_orders,poe_late_order_pathway,100.0,271
num__previous_icu_admissions,0.0032091581021452533,0.0035416237078607082,2.972699324928842e-05,2,previous_icu_admissions,prior_utilisation,100.0,272
cat__first_service_OMED,0.0031921282706263996,0.0035069189160025784,0.0001604061877202101,2,first_service_OMED,demographic_admin,100.0,273
num__mean_bp_noninvasive_vital_relative_range,0.003184409243534655,0.0042169920904847995,-0.0007690539209120888,2,mean_bp_noninvasive_vital_relative_range,lab_vital_hourly,100.0,274
num__hemoglobin_lab_first_72h_mean,0.0031827584176404916,0.003605605335906148,-0.000726511148919593,2,hemoglobin_lab_first_72h_mean,lab_vital_hourly,100.0,275
num__wbc_lab_min_value,0.0031812956485114128,0.0035436912439763546,-0.00059035185527618,2,wbc_lab_min_value,lab_vital_hourly,69.75015680535229,276
num__creatinine_lab_rate_of_change_per_day,0.003174722219878287,0.0032368774991482496,8.647250383930145e-05,2,creatinine_lab_rate_of_change_per_day,lab_vital_hourly,100.0,277
num__systolic_bp_noninvasive_vital_first_value,0.003148934953918191,0.0032171481288969517,0.0004609944379714649,2,systolic_bp_noninvasive_vital_first_value,lab_vital_hourly,0.006272214091574325,278
num__respiratory_rate_vital_first_value,0.0031478359332354354,0.00396841112524271,-0.00017907271820148874,2,respiratory_rate_vital_first_value,lab_vital_hourly,100.0,279
num__hemoglobin_lab_first_24h_min,0.0031322340343937693,0.0032063893699736234,-0.00023067570725525716,2,hemoglobin_lab_first_24h_min,lab_vital_hourly,100.0,280
num__hemoglobin_lab_rate_of_change_per_day,0.003117659770506882,0.0036150841042399406,0.0001658530891042035,2,hemoglobin_lab_rate_of_change_per_day,lab_vital_hourly,100.0,281
num__late_medication_change_intensity_score,0.003114080652074412,0.003436008933931589,0.00030707409526350326,2,late_medication_change_intensity_score,poe_late_order_pathway,100.0,282
num__admitted_from_ed_flag,0.0031001938551411335,0.003133195088753165,-6.041017288571088e-05,2,admitted_from_ed_flag,other,100.0,283
num__urea_nitrogen_lab_first_24h_mean,0.0030917097436478948,0.003646132303401828,-0.00041489342108112136,2,urea_nitrogen_lab_first_24h_mean,lab_vital_hourly,8.489441772945849,284
num__glucose_lab_mean_value,0.0030834445842728275,0.0032903569044918334,-0.00012742783747079662,2,glucose_lab_mean_value,lab_vital_hourly,100.0,285
num__had_central_line_procedure,0.003071282061602832,0.003803713945671916,-0.0002702193981839413,2,had_central_line_procedure,medical_comorbidity,100.0,286
num__creatinine_lab_last_to_first_ratio,0.0030633462631074315,0.003898147966885115,0.0006044842536791911,2,creatinine_lab_last_to_first_ratio,lab_vital_hourly,100.0,287
cat__insurance_Medicaid,0.0030511754058384147,0.005622904873423054,0.0005493435071511726,2,insurance_Medicaid,demographic_admin,100.0,288
num__mean_bp_noninvasive_72h_min,0.0030472390047460215,0.0031588245183229446,2.0973013887671263e-05,2,mean_bp_noninvasive_72h_min,other,100.0,289
num__admissions_per_90d,0.003037315393929523,0.003128467593342066,-0.0004747873591318849,2,admissions_per_90d,other,100.0,290
num__abnormal_labs_last_24h_before_discharge,0.0030267932444701475,0.004094891947113451,-0.0002570959057584737,2,abnormal_labs_last_24h_before_discharge,discharge_aftercare,100.0,291
num__respiratory_culture_positive,0.003026628341441762,0.003309740452095866,-0.0003059584032368317,2,respiratory_culture_positive,lab_vital_hourly,100.0,292
num__discontinued_orders_per_hospital_day,0.0030214341642168744,0.003164389170706272,-0.00034611485025672284,2,discontinued_orders_per_hospital_day,poe_late_order_pathway,100.0,293
num__num_medication_frequency_types,0.003019485527935133,0.0035490607842803,0.0016856308182898422,2,num_medication_frequency_types,medication_emar_pharmacy,100.0,294
num__older_medical_complexity_score,0.0030083728266219623,0.0038168548627367273,0.00030203529078523625,2,older_medical_complexity_score,other,100.0,295
cat__time_since_previous_psych_category_181-365 days,0.00299882716126109,0.005660975351929665,0.00013753349083918775,2,time_since_previous_psych_category_181-365 days,prior_utilisation,100.0,296
num__urea_nitrogen_lab_mean_value,0.0029925496327105174,0.0031360469292849302,-0.00033905809434339415,2,urea_nitrogen_lab_mean_value,lab_vital_hourly,27.18952540246707,297
num__glucose_lab_max_value,0.002990356519117379,0.0038161093834787607,0.0003741447871436189,2,glucose_lab_max_value,lab_vital_hourly,100.0,298
num__platelet_lab_value_range,0.002986682313350002,0.003759145736694336,0.0005597089124381246,2,platelet_lab_value_range,lab_vital_hourly,100.0,299
num__late_orders_and_psych_facility_discharge_flag,0.0029717090112423737,0.0034652550239115953,-0.0003620511967872838,2,late_orders_and_psych_facility_discharge_flag,psychiatric_history,100.0,300
num__wbc_lab_first_value,0.0029659008237154965,0.003607453079894185,5.0116836180587315e-05,2,wbc_lab_first_value,lab_vital_hourly,33.56000418147606,301
num__emar_missed_or_not_given_count_first_24h,0.0029625487621248846,0.00317210191860795,0.00032436387736456895,2,emar_missed_or_not_given_count_first_24h,medication_emar_pharmacy,100.0,302
num__sodium_lab_first_24h_mean,0.0029587987478203602,0.0035997338127344847,-0.00014017690915938915,2,sodium_lab_first_24h_mean,lab_vital_hourly,0.13223918043069202,303
cat__drg_mortality_category_Minor,0.002955831345974189,0.0035913779865950346,0.00017774854710472836,2,drg_mortality_category_Minor,medical_comorbidity,100.0,304
num__tachycardia_72h_hour_percentage,0.002939539643780713,0.003284521231117496,0.0004397758074799846,2,tachycardia_72h_hour_percentage,demographic_admin,0.003658791553418357,305
num__sodium_lab_mean_value,0.002930469711715399,0.0031261791352816797,-0.0002272847718473305,2,sodium_lab_mean_value,lab_vital_hourly,0.19077984528538572,306
num__num_orders_first_12h,0.0029276684150743087,0.0031461352482438087,0.0005865986525213737,2,num_orders_first_12h,poe_late_order_pathway,100.0,307
num__max_previous_los_days_filled,0.0029145033946713058,0.002998390467837453,-0.00043690636157647637,2,max_previous_los_days_filled,prior_utilisation,100.0,308
num__spo2_vital_mean_value,0.002900468551175789,0.0033123535431812123,0.00020526382843273505,2,spo2_vital_mean_value,lab_vital_hourly,2.6202174367551745,309
num__admission_frequency_acceleration,0.0028985106905963934,0.003487097565084696,0.00012509858921491834,2,admission_frequency_acceleration,other,100.0,310
num__urea_nitrogen_lab_last_to_first_ratio,0.0028984143576102836,0.002972730901092291,-0.0001743663337215654,2,urea_nitrogen_lab_last_to_first_ratio,lab_vital_hourly,20.31883754965503,311
cat__anchor_year_group_2020 - 2022,0.0028936625803597494,0.00403836602345109,-0.0001397135645669751,2,anchor_year_group_2020 - 2022,other,100.0,312
num__potassium_lab_value_change,0.0028816791687710543,0.003040978917852044,0.0004825981667559172,2,potassium_lab_value_change,lab_vital_hourly,100.0,313
num__hemoglobin_lab_std_value,0.002880244701883617,0.0031472757920005382,0.00016522618630255352,2,hemoglobin_lab_std_value,lab_vital_hourly,100.0,314
num__platelet_lab_mean_value,0.0028787022953186527,0.0033076866529881954,0.0002369940441537064,2,platelet_lab_mean_value,lab_vital_hourly,100.0,315
num__night_discharge,0.002869902327338321,0.0030774807737359664,0.0006849373200822862,2,night_discharge,discharge_aftercare,100.0,316
num__previous_weight_kg_before_admission,0.0028621604697512274,0.0031799599528312683,0.00036985230298899603,2,previous_weight_kg_before_admission,prior_utilisation,100.0,317
num__new_orders_last_24h_per_hospital_day,0.00286135291139206,0.003080933902758771,-0.0001299259293932187,2,new_orders_last_24h_per_hospital_day,poe_late_order_pathway,100.0,318
num__late_medication_order_share_last_12h,0.0028522171796689128,0.003026015590876341,-0.00038681850985511465,2,late_medication_order_share_last_12h,poe_late_order_pathway,100.0,319
num__num_positive_blood_culture,0.0028388560639860325,0.0028792195953428745,-0.00010636893120648734,2,num_positive_blood_culture,other,100.0,320
num__emar_administered_event_count,0.0028312985188937937,0.0029454631935162848,-3.3115924560533016e-06,2,emar_administered_event_count,medication_emar_pharmacy,100.0,321
num__days_since_previous_icu_admission,0.0028308926139999644,0.003194622229784727,0.00027111870177566036,2,days_since_previous_icu_admission,prior_utilisation,100.0,322
num__potassium_lab_first_72h_max,0.002814794808583796,0.0041013723239302635,-0.00028563768463620384,2,potassium_lab_first_72h_max,lab_vital_hourly,100.0,323
num__potassium_lab_coefficient_of_variation,0.0028005552332215885,0.003066024975851178,0.00014493987785369416,2,potassium_lab_coefficient_of_variation,lab_vital_hourly,100.0,324
num__sodium_lab_std_value,0.0027999424750503143,0.003228116314858198,-0.0006521937082222942,2,sodium_lab_std_value,lab_vital_hourly,0.8049341417520385,325
num__potassium_lab_std_value,0.002762348917339621,0.0028795558027923107,0.00037827621590625976,2,potassium_lab_std_value,lab_vital_hourly,100.0,326
num__wbc_lab_first_24h_max,0.0027532280676402414,0.00302962982095778,-4.407296366738112e-05,2,wbc_lab_first_24h_max,lab_vital_hourly,3.5072130462053104,327
num__wbc_lab_max_value,0.0027468309484670623,0.003243653802201152,2.8643761532432048e-05,2,wbc_lab_max_value,lab_vital_hourly,33.56000418147606,328
num__glucose_lab_rate_of_change_per_day,0.002745105093654999,0.002770642749965191,0.0001458189432600897,2,glucose_lab_rate_of_change_per_day,lab_vital_hourly,100.0,329
num__num_discontinued_pharmacy_orders,0.0027364381749234814,0.0031564463716104068,-0.0007362257497561379,2,num_discontinued_pharmacy_orders,poe_late_order_pathway,100.0,330
num__num_orders_first_6h,0.002735471728110459,0.002860208973288536,0.00039495749593883506,2,num_orders_first_6h,poe_late_order_pathway,100.0,331
num__num_psych_med_classes,0.0027313960486075595,0.002859959378838539,0.0003130726837340256,2,num_psych_med_classes,psychiatric_history,100.0,332
num__num_social_work_case_management_orders,0.0027215632448237236,0.003287720787578046,-9.19225989568352e-05,2,num_social_work_case_management_orders,poe_late_order_pathway,100.0,333
num__previous_ed_visits_180d,0.0027137349647158985,0.003878281881784321,0.0014620858807955486,2,previous_ed_visits_180d,prior_utilisation,100.0,334
num__wbc_lab_first_72h_max,0.0027086134237466458,0.003085820470005274,-1.0403413661637593e-05,2,wbc_lab_first_72h_max,lab_vital_hourly,17.56585824796153,335
cat__first_service_ORTHO,0.002680621513236795,0.0032113888300955296,-1.8579730749969426e-05,2,first_service_ORTHO,demographic_admin,100.0,336
num__had_antidepressant,0.0026761105000396935,0.003415999235585332,-0.00014534318262036486,2,had_antidepressant,other,100.0,337
num__glucose_lab_first_value,0.0026658229691504456,0.0033566406928002834,-0.000112207184937129,2,glucose_lab_first_value,lab_vital_hourly,0.0,338
num__rass_extreme_flag,0.002660020681291078,0.0028874631971120834,0.00013012292292101108,2,rass_extreme_flag,lab_vital_hourly,100.0,339
num__systolic_bp_noninvasive_vital_rate_of_change_per_day,0.0026473497788017646,0.002713974565267563,6.420388114454072e-05,2,systolic_bp_noninvasive_vital_rate_of_change_per_day,lab_vital_hourly,0.5075266569098892,340
num__self_harm_recurrent_flag,0.002646109713891348,0.002950686728581786,0.0006024799685581526,2,self_harm_recurrent_flag,psychiatric_history,1.2345808070248798,341
num__num_scheduled_psychotropic_orders,0.0026452224144160605,0.0031330158284693667,-0.000290826531816988,2,num_scheduled_psychotropic_orders,psychiatric_history,100.0,342
num__orders_after_72h_to_total_ratio,0.0026331176457538696,0.0029365721508084718,-0.00021429662345381895,2,orders_after_72h_to_total_ratio,poe_late_order_pathway,100.0,343
num__platelet_lab_max_value,0.0026272106866131323,0.002968819103532055,9.056318565964667e-05,2,platelet_lab_max_value,lab_vital_hourly,100.0,344
num__microbiology_test_count,0.0026027575382785895,0.0027027884498238564,-0.00025120850925686026,2,microbiology_test_count,other,100.0,345
num__wbc_lab_value_change,0.002581332725323746,0.002669035689905286,0.00020072393642380962,2,wbc_lab_value_change,lab_vital_hourly,27.049445954421913,346
num__delayed_administered_rate,0.0025604071368298294,0.0026146462187170982,-3.3801224954452246e-05,2,delayed_administered_rate,other,100.0,347
num__late_followup_aftercare_order_share_last_12h,0.0025557540086399103,0.0033257086761295795,0.0003101983808613011,2,late_followup_aftercare_order_share_last_12h,discharge_aftercare,100.0,348
num__hemoglobin_lab_first_24h_max,0.0025538928296266325,0.002836455675184394,-0.00010476351314251222,2,hemoglobin_lab_first_24h_max,lab_vital_hourly,100.0,349
num__wbc_lab_mean_value,0.0025499811054294445,0.0025924430011014413,0.00019761564867694928,2,wbc_lab_mean_value,lab_vital_hourly,5.74848421492787,350
cat__insurance_Private,0.002539891839083406,0.002669133711606264,-0.00012069021245722893,2,insurance_Private,demographic_admin,100.0,351
num__num_discontinued_orders,0.0025204463148486454,0.0028662628028541803,0.0010479543654212118,2,num_discontinued_orders,poe_late_order_pathway,100.0,352
num__late_discontinued_lab_orders,0.002516830493913451,0.0034395542461425066,-7.269615911977902e-05,2,late_discontinued_lab_orders,poe_late_order_pathway,100.0,353
num__chart_acuity_event_density_per_day,0.002508888490885425,0.0036424293648451567,0.0005712596820511473,2,chart_acuity_event_density_per_day,other,100.0,354
num__substance_use_on_current_and_previous_admission_flag,0.0025039620060340172,0.0025513714302064197,-4.28418632292001e-05,2,substance_use_on_current_and_previous_admission_flag,prior_utilisation,0.24252561154087393,355
cat__anchor_year_group_2011 - 2013,0.002495972989201925,0.003343434538692236,3.6144198911666365e-05,2,anchor_year_group_2011 - 2013,other,100.0,356
num__orders_24_to_72h,0.002487047007362969,0.0028142454383143323,-0.0007005082867338086,2,orders_24_to_72h,poe_late_order_pathway,100.0,357
cat__race_OTHER,0.00248455200677202,0.002698522759601474,-2.1102617971668923e-05,2,race_OTHER,demographic_admin,100.0,358
num__num_floor_stock_pharmacy_orders,0.0024816217888629613,0.0027834809963626023,2.2128172139122322e-05,2,num_floor_stock_pharmacy_orders,poe_late_order_pathway,100.0,359
num__sodium_lab_max_value,0.0024648001406126973,0.0025480659678578377,-0.00035918161322409425,2,sodium_lab_max_value,lab_vital_hourly,0.2294584988500941,360
num__potassium_lab_first_24h_min,0.002464163176726018,0.0027731494046747684,-0.0004978108351722309,2,potassium_lab_first_24h_min,lab_vital_hourly,100.0,361
num__num_lab_events_first_24h,0.0024634116935055433,0.0028757606633007526,-0.00041797950449476705,2,num_lab_events_first_24h,lab_vital_hourly,100.0,362
num__num_dose_due_records,0.0024568901816170545,0.0024912296794354916,-0.00013775284150154072,2,num_dose_due_records,medication_emar_pharmacy,100.0,363
num__hemoglobin_lab_first_value,0.002433471447769376,0.0025412377435714006,0.0001089076550127339,2,hemoglobin_lab_first_value,lab_vital_hourly,100.0,364
num__admission_source_high_acuity_flag,0.0024268377228567686,0.0034348980989307165,2.23195397765576e-05,2,admission_source_high_acuity_flag,other,100.0,365
num__sodium_lab_first_72h_min,0.0024260933181546682,0.002708078575561952,0.00017799713569516373,2,sodium_lab_first_72h_min,lab_vital_hourly,0.14844240016725904,366
cat__admission_location_CLINIC REFERRAL,0.002424800407099097,0.0028799583669751883,0.00020535966133763915,2,admission_location_CLINIC REFERRAL,demographic_admin,100.0,367
num__potassium_lab_max_value,0.002420534514305556,0.0025132850640367742,6.631673133134397e-05,2,potassium_lab_max_value,lab_vital_hourly,100.0,368
num__glucose_lab_first_72h_max,0.0024113942602621077,0.0028994258027523756,-2.3866785381431268e-06,2,glucose_lab_first_72h_max,lab_vital_hourly,100.0,369
num__discharged_to_acute_hospital_flag,0.002403116678185837,0.0026087390916796063,0.0009657971104580057,2,discharged_to_acute_hospital_flag,discharge_aftercare,100.0,370
num__mean_bp_noninvasive_vital_rate_of_change_per_day,0.0023983383316858323,0.0024621007032692432,-0.00047047002392869357,2,mean_bp_noninvasive_vital_rate_of_change_per_day,lab_vital_hourly,100.0,371
num__num_abnormal_labs,0.00239321535749229,0.002668011790474101,6.161698060159155e-05,2,num_abnormal_labs,lab_vital_hourly,100.0,372
num__platelet_lab_first_72h_max,0.002382060587706721,0.0028100968338549137,-0.00026943905640352064,2,platelet_lab_first_72h_max,lab_vital_hourly,100.0,373
cat__time_since_previous_psych_category_365+ days,0.0023695369242947633,0.003651566803455353,0.0001751498313039793,2,time_since_previous_psych_category_365+ days,prior_utilisation,100.0,374
cat__first_service_SURG,0.002362562890192753,0.0031630760058760643,-0.0004509198920267319,2,first_service_SURG,demographic_admin,100.0,375
num__num_high_frequency_med_orders,0.0023621119869114415,0.0027733505703508854,0.00018425384083344193,2,num_high_frequency_med_orders,poe_late_order_pathway,100.0,376
num__ed_admission_with_smi_flag,0.0023545790876503543,0.002552475081756711,0.0007657213126913706,2,ed_admission_with_smi_flag,psychiatric_history,100.0,377
num__wbc_lab_first_72h_min,0.00235213078577139,0.002833807375282049,0.00019030991540459663,2,wbc_lab_first_72h_min,lab_vital_hourly,8.890863474806606,378
num__hypotension_72h_hour_percentage,0.0023385754223040414,0.002411019755527377,-9.7396387015221e-09,2,hypotension_72h_hour_percentage,demographic_admin,100.0,379
num__platelet_lab_first_72h_mean,0.002336826819507579,0.002382360864430666,-0.00012678890873055963,2,platelet_lab_first_72h_mean,lab_vital_hourly,100.0,380
num__platelet_lab_first_24h_min,0.0023329320866344446,0.002970837987959385,0.00017478178196878393,2,platelet_lab_first_24h_min,lab_vital_hourly,100.0,381
num__hemoglobin_lab_last_to_first_ratio,0.0023276302835735186,0.0024506731168960536,0.00012506432423851617,2,hemoglobin_lab_last_to_first_ratio,lab_vital_hourly,100.0,382
num__hemoglobin_lab_first_72h_max,0.002320024122527754,0.00281709642149508,0.0004856555854990929,2,hemoglobin_lab_first_72h_max,lab_vital_hourly,100.0,383
num__latest_weight_kg_before_admission_filled,0.002315824355217206,0.0026730212238329403,0.00023514255115310705,2,latest_weight_kg_before_admission_filled,medical_comorbidity,100.0,384
cat__drg_severity_category_Major,0.0023038288645020485,0.002849267855573964,-0.00012176527131336886,2,drg_severity_category_Major,medical_comorbidity,100.0,385
num__frequent_psych_admitter_flag,0.002297763313301361,0.0037879859025487434,0.0006626828521621418,2,frequent_psych_admitter_flag,psychiatric_history,100.0,386
num__admission_dayofweek,0.0022875462762486677,0.0025886534713208675,-3.030068309605073e-05,2,admission_dayofweek,other,100.0,387
cat__last_service_NMED,0.0022746289601447865,0.002375267678871751,0.0004447007512944031,2,last_service_NMED,demographic_admin,100.0,388
num__wbc_lab_std_value,0.0022716216625897827,0.0024310672887173776,-0.00029946463444354104,2,wbc_lab_std_value,lab_vital_hourly,19.371733221827306,389
num__care_team_touchpoints_last_24h_before_discharge,0.002269708105543806,0.002563695190474391,-0.00032317856734445004,2,care_team_touchpoints_last_24h_before_discharge,discharge_aftercare,100.0,390
num__glucose_lab_first_24h_min,0.0022405946610668994,0.002296527149155736,9.647909981191647e-05,2,glucose_lab_first_24h_min,lab_vital_hourly,100.0,391
num__days_since_previous_icu_admission_filled,0.002240081610504988,0.0026867880951613188,0.00015307994266476268,2,days_since_previous_icu_admission_filled,prior_utilisation,100.0,392
num__num_infusion_pharmacy_orders,0.002239934072000212,0.0024076863192021847,0.0007068432331398387,2,num_infusion_pharmacy_orders,poe_late_order_pathway,100.0,393
num__platelet_lab_min_value,0.0022351551345578475,0.0024258311392797317,6.834485409481651e-05,2,platelet_lab_min_value,lab_vital_hourly,100.0,394
num__single_or_divorced_or_widowed,0.002220642094408444,0.0023479117879668296,0.00020000899876373377,2,single_or_divorced_or_widowed,other,0.025611540873928494,395
num__platelet_lab_value_change,0.002217857435935098,0.0022768816698955654,-0.0002446809391465027,2,platelet_lab_value_change,lab_vital_hourly,100.0,396
num__urea_nitrogen_lab_first_72h_mean,0.002204180335225638,0.00233012018725276,-0.0002508204655453167,2,urea_nitrogen_lab_first_72h_mean,lab_vital_hourly,12.618649383232281,397
num__previous_ed_visits_60d,0.0021934245181422425,0.002741134027019143,0.00015920543675316395,2,previous_ed_visits_60d,prior_utilisation,100.0,398
num__hemoglobin_lab_value_range,0.0021852416254161938,0.002523894335618445,-6.831878416783988e-05,2,hemoglobin_lab_value_range,lab_vital_hourly,100.0,399
num__admitted_from_hospital_transfer_flag,0.0021702682807320153,0.0028316376265138388,0.0003227502931040485,2,admitted_from_hospital_transfer_flag,demographic_admin,100.0,400
cat__first_service_OBS,0.0021606705942502375,0.002188259754205893,-0.0005477175841219338,2,first_service_OBS,demographic_admin,100.0,401
num__urea_nitrogen_lab_max_value,0.0021568575023792015,0.0028859807644039392,-0.00023812760557512008,2,urea_nitrogen_lab_max_value,lab_vital_hourly,10.83211373614886,402
num__num_unique_order_providers,0.0021528284588600544,0.0024786191061139107,0.00028070680812156357,2,num_unique_order_providers,poe_late_order_pathway,100.0,403
num__hemoglobin_lab_first_72h_min,0.002149931576884634,0.0024369533639401197,-7.3061026371833e-05,2,hemoglobin_lab_first_72h_min,lab_vital_hourly,100.0,404
num__abnormal_labs_without_psych_history_flag,0.002148959982820116,0.0039364490658044815,-0.00025380846615086493,2,abnormal_labs_without_psych_history_flag,psychiatric_history,100.0,405
num__home_discharge_low_aftercare_quality_flag,0.00212730311463318,0.0022250437177717686,0.000966404572609897,2,home_discharge_low_aftercare_quality_flag,discharge_aftercare,100.0,406
num__std_previous_admission_gap_days,0.00212231060111106,0.0024526179180136437,0.00025737822660682093,2,std_previous_admission_gap_days,prior_utilisation,4.450658582479615,407
num__heart_rate_vital_last_value,0.0021205285494276145,0.0026514152996242046,-0.0001731064972324235,2,heart_rate_vital_last_value,lab_vital_hourly,100.0,408
num__latest_bmi_before_admission_filled,0.0021160463566755813,0.0027051961043577516,2.8637007252551868e-05,2,latest_bmi_before_admission_filled,medical_comorbidity,100.0,409
num__num_unique_procedure_codes,0.002109747783749071,0.0025433968910997464,6.258609035144331e-06,2,num_unique_procedure_codes,medical_comorbidity,100.0,410
num__glucose_lab_first_24h_max,0.0020998095730581697,0.002353363993630075,-0.0003895559387057602,2,glucose_lab_first_24h_max,lab_vital_hourly,100.0,411
num__physical_comorbidity_count,0.0020974349422567826,0.0021216117229687654,-0.00023218024034030787,2,physical_comorbidity_count,other,100.0,412
num__orders_last_24h_before_discharge,0.0020807990745560093,0.0027002585120499134,0.00026453363309791265,2,orders_last_24h_before_discharge,discharge_aftercare,100.0,413
num__emar_unique_medication_count,0.0020611019000119106,0.002186603145673871,-0.00013757132175140993,2,emar_unique_medication_count,medication_emar_pharmacy,100.0,414
num__latest_height_cm_before_admission_filled,0.0020606290220896795,0.0025138960960617456,0.00015778619025679256,2,latest_height_cm_before_admission_filled,other,100.0,415
num__late_discontinued_safety_orders,0.0020464637662684767,0.002890722685759931,0.00117253429397364,2,late_discontinued_safety_orders,poe_late_order_pathway,100.0,416
num__admission_month,0.0020434185764612693,0.0021312320604920387,0.00021849143960332354,2,admission_month,demographic_admin,100.0,417
num__no_late_orders_but_psychosis_flag,0.0020344055282074964,0.004068811056414993,0.0011575121264043482,2,no_late_orders_but_psychosis_flag,psychiatric_history,100.0,418
num__late_discharge_hour_with_no_followup_flag,0.0020190066112880625,0.002158484188839793,0.0002673909358566339,2,late_discharge_hour_with_no_followup_flag,discharge_aftercare,100.0,419
num__has_substance_use,0.002000774949670098,0.0025255316868424416,0.00010580970375203763,2,has_substance_use,psychiatric_history,100.0,420
num__systolic_bp_noninvasive_vital_last_value,0.001995308387225247,0.002375082578510046,0.00013765024835379062,2,systolic_bp_noninvasive_vital_last_value,lab_vital_hourly,0.006794898599205519,421
num__drg_mortality,0.001991617435164848,0.0026423237287329614,0.00024103174198227703,2,drg_mortality,medical_comorbidity,100.0,422
num__poe_order_density_first_72h,0.001978324485157223,0.002539767168753925,0.00022069048311589045,2,poe_order_density_first_72h,poe_late_order_pathway,100.0,423
num__num_unique_order_subtypes,0.0019657290391296616,0.002151437306711171,-0.00027511502176696164,2,num_unique_order_subtypes,poe_late_order_pathway,100.0,424
num__std_previous_admission_gap_days_filled,0.0019577935813157167,0.0024146935902535915,0.0005894566950054546,2,std_previous_admission_gap_days_filled,prior_utilisation,3.003867865356471,425
num__potassium_lab_first_24h_max,0.001956452407875955,0.002370889764279127,-0.00018647503413240352,2,potassium_lab_first_24h_max,lab_vital_hourly,100.0,426
num__num_provider_order_changes,0.0019548807273382525,0.0022560809932176433,-0.0002744651310909558,2,num_provider_order_changes,poe_late_order_pathway,100.0,427
num__respiratory_rate_vital_rate_of_change_per_day,0.001954238264702102,0.0019688205793499947,-0.000265960014100568,2,respiratory_rate_vital_rate_of_change_per_day,lab_vital_hourly,1.8058749738657744,428
num__emar_mean_delay_hours,0.001952346194979479,0.002223125658929348,-0.0004552624549200825,2,emar_mean_delay_hours,medication_emar_pharmacy,100.0,429
num__urea_nitrogen_lab_min_value,0.0019519898839830858,0.0023007914423942566,-0.00042823631574768963,2,urea_nitrogen_lab_min_value,lab_vital_hourly,25.00418147606105,430
num__had_basal_rate_order,0.0019159200168176475,0.0023887056456802255,-0.00023791860426848418,2,had_basal_rate_order,poe_late_order_pathway,100.0,431
num__sodium_lab_first_24h_max,0.0018984518052105501,0.002314563219627121,1.0138364545108601e-05,2,sodium_lab_first_24h_max,lab_vital_hourly,0.040769391595233115,432
num__height_change_recent,0.001892754746333113,0.002338122110813856,-9.353317956553108e-05,2,height_change_recent,other,100.0,433
num__glucose_lab_first_24h_mean,0.0018924643813929879,0.002148865722119808,7.595538497609957e-05,2,glucose_lab_first_24h_mean,lab_vital_hourly,100.0,434
num__has_opioid_related_disorder,0.0018895372094417467,0.0025202264077961445,0.00033259160892599933,2,has_opioid_related_disorder,psychiatric_history,100.0,435
num__potassium_lab_last_value,0.0018820834235664375,0.002133232308551669,-1.4277983696966568e-05,2,potassium_lab_last_value,lab_vital_hourly,100.0,436
num__urea_nitrogen_lab_last_value,0.0018809538925354708,0.002151620341464877,-0.00021113333308152247,2,urea_nitrogen_lab_last_value,lab_vital_hourly,17.943759146978884,437
num__age_65plus,0.0018735227216738664,0.002294203732162714,0.0002328053804425093,2,age_65plus,demographic_admin,100.0,438
cat__drg_severity_category_Minor,0.0018702658130448342,0.002918962389230728,0.0002226858772326528,2,drg_severity_category_Minor,medical_comorbidity,100.0,439
num__creatinine_lab_first_72h_mean,0.0018683498955836832,0.0019826270635318636,8.807954181152516e-05,2,creatinine_lab_first_72h_mean,lab_vital_hourly,100.0,440
num__num_transfer_events,0.0018682621453398611,0.002182867175242632,2.9541608255611637e-05,2,num_transfer_events,demographic_admin,100.0,441
num__num_unique_order_types,0.00186345768567235,0.0020819043274968863,-5.3191467451489246e-06,2,num_unique_order_types,poe_late_order_pathway,100.0,442
cat__service_transfer_category_1 transfer,0.0018500308923950514,0.0024590138345956802,7.155658192268754e-05,2,service_transfer_category_1 transfer,demographic_admin,100.0,443
num__glucose_lab_value_change,0.0018420578947697045,0.002044668421149254,-7.325635060047073e-05,2,glucose_lab_value_change,lab_vital_hourly,100.0,444
num__num_unique_pharmacy_medications,0.001836354908625154,0.001898383151923355,0.0004937559062827002,2,num_unique_pharmacy_medications,medication_emar_pharmacy,100.0,445
num__late_medication_change_home_discharge_flag,0.0018320676193154467,0.002562651876360178,-0.000245114816395629,2,late_medication_change_home_discharge_flag,discharge_aftercare,100.0,446
num__potassium_lab_value_range,0.001816938669674085,0.0020660977648049323,0.00011314031366218537,2,potassium_lab_value_range,lab_vital_hourly,100.0,447
num__late_medical_to_psych_order_ratio_last_12h,0.001815935977141662,0.0022192078798325926,5.781816039779591e-06,2,late_medical_to_psych_order_ratio_last_12h,psychiatric_history,100.0,448
num__psychotropic_medication_change_count,0.0018158872995986898,0.002218403620645404,0.000318266008953425,2,psychotropic_medication_change_count,psychiatric_history,100.0,449
num__polypharmacy_10plus_x_age_65plus,0.0018156021229422913,0.0020927784498780966,0.0003553792579355159,2,polypharmacy_10plus_x_age_65plus,medication_emar_pharmacy,100.0,450
num__elixhauser_alcohol_abuse,0.001805578426599911,0.0020574196241796017,0.00014870507849978372,2,elixhauser_alcohol_abuse,psychiatric_history,100.0,451
num__hemoglobin_lab_max_value,0.0018030856076400625,0.002164241842321286,-0.00010278538910595515,2,hemoglobin_lab_max_value,lab_vital_hourly,100.0,452
num__bmi_change_recent,0.0017890931377984925,0.001904237790192732,-0.00013998325857477722,2,bmi_change_recent,medical_comorbidity,100.0,453
num__had_iv_prescription,0.00177241922500092,0.0019660230521953742,0.0007326506232399306,2,had_iv_prescription,other,100.0,454
num__late_order_severity_score_last_12h,0.0017700150113583522,0.0018016824439229403,2.6998681617525932e-05,2,late_order_severity_score_last_12h,poe_late_order_pathway,100.0,455
num__vital_72h_hours_with_2plus_instability_indicators,0.0017678797477115177,0.0018639676038556263,0.0002456364427015246,2,vital_72h_hours_with_2plus_instability_indicators,lab_vital_hourly,10.291135270750575,456
num__num_lab_events_first_72h,0.0017667880038283613,0.002318853046745062,-0.00027987563766840437,2,num_lab_events_first_72h,lab_vital_hourly,100.0,457
cat__first_service_VSURG,0.0017626314898790407,0.0022250639740377665,-6.035379930166279e-05,2,first_service_VSURG,demographic_admin,100.0,458
num__num_unique_enter_providers,0.0017618770660759982,0.001987413503229618,-8.286137580897272e-05,2,num_unique_enter_providers,poe_late_order_pathway,100.0,459
num__pharmacy_logistics_complexity_score,0.0017546844959538232,0.002857100462969353,2.7373438236612252e-05,2,pharmacy_logistics_complexity_score,medication_emar_pharmacy,100.0,460
cat__discharge_location_HOME HEALTH CARE,0.0017536306510634115,0.002227681011697529,-0.00018048104418720952,2,discharge_location_HOME HEALTH CARE,discharge_aftercare,100.0,461
num__num_distinct_specimen_types,0.0017285201891997226,0.001931497796014203,4.246888363327329e-05,2,num_distinct_specimen_types,other,100.0,462
num__glucose_lab_std_value,0.0017285108210348184,0.0018254790674553504,8.855476721348098e-05,2,glucose_lab_std_value,lab_vital_hourly,100.0,463
num__potassium_lab_first_72h_mean,0.0017284037557121663,0.001904698321595788,-6.015380100583372e-05,2,potassium_lab_first_72h_mean,lab_vital_hourly,100.0,464
num__respiratory_rate_vital_last_value,0.0017043783537258606,0.001927930978126824,-4.7060842013994306e-06,2,respiratory_rate_vital_last_value,lab_vital_hourly,49.1135270750575,465
num__antipsychotic_prescription_count,0.0016996536374868014,0.0017858926439657807,3.025667378260259e-05,2,antipsychotic_prescription_count,psychiatric_history,100.0,466
num__num_unique_drugs,0.0016973673776269783,0.0019274167716503143,-0.0001699719372087621,2,num_unique_drugs,medication_emar_pharmacy,100.0,467
num__new_smi_this_admission_flag,0.0016963733797398365,0.002412276342511177,0.0005583800679847816,2,new_smi_this_admission_flag,psychiatric_history,100.0,468
num__safety_orders_first_72h,0.0016911161510574546,0.002490667626261711,0.0009102199840353342,2,safety_orders_first_72h,poe_late_order_pathway,24.896508467489024,469
num__late_imaging_order_share_last_12h,0.0016848790881844851,0.0020800300408154726,-0.00012123418506923259,2,late_imaging_order_share_last_12h,poe_late_order_pathway,100.0,470
num__wbc_lab_first_72h_mean,0.0016719433992961295,0.0017383674858137965,0.00015174287228903754,2,wbc_lab_first_72h_mean,lab_vital_hourly,10.987873719422957,471
num__num_unique_poe_order_categories,0.001661739747885096,0.0018561723409220576,-0.0003149786743775553,2,num_unique_poe_order_categories,poe_late_order_pathway,100.0,472
num__self_harm_without_aftercare_or_safety_plan_flag,0.0016581306765481845,0.0022159551867604287,0.0007701173647524179,2,self_harm_without_aftercare_or_safety_plan_flag,psychiatric_history,11.782354171022371,473
num__num_unique_order_providers_first_24h,0.001656963026895213,0.0024746465496718884,-0.0006122117300879993,2,num_unique_order_providers_first_24h,poe_late_order_pathway,100.0,474
num__wbc_lab_first_24h_mean,0.0016526476285475778,0.0016557888593524694,-0.0001712335961108566,2,wbc_lab_first_24h_mean,lab_vital_hourly,23.16537737821451,475
num__previous_height_cm_before_admission,0.001639860088264149,0.0017207134515047073,0.00010893955798436974,2,previous_height_cm_before_admission,prior_utilisation,100.0,476
num__hemoglobin_lab_value_change,0.0016221546918006161,0.0017823316624092896,0.00015258983533128826,2,hemoglobin_lab_value_change,lab_vital_hourly,100.0,477
num__prn_psychotropic_orders_last_24h_before_discharge,0.0016141559018297766,0.0017025620909407735,-0.00019997476685268975,2,prn_psychotropic_orders_last_24h_before_discharge,psychiatric_history,100.0,478
num__creatinine_lab_std_value,0.0016034058948632846,0.001639407710172236,-0.00020059686265537074,2,creatinine_lab_std_value,lab_vital_hourly,100.0,479
num__night_admission,0.0016003560085563525,0.002265460556373,-2.7684623844875492e-05,2,night_admission,other,100.0,480
cat__race_UNABLE TO OBTAIN,0.0015994193974694687,0.0018952329432216442,0.00019973827202033744,2,race_UNABLE TO OBTAIN,demographic_admin,100.0,481
num__num_stopped_emar_events,0.001586238576795019,0.001654814491508618,0.0001705525614016169,2,num_stopped_emar_events,medication_emar_pharmacy,100.0,482
num__recent_psych_admission_365d,0.0015787207910863022,0.0027521022326456924,0.0009245976984755241,2,recent_psych_admission_365d,prior_utilisation,100.0,483
num__potassium_lab_first_72h_min,0.001577607842965457,0.002063798950985074,0.00016618305982933604,2,potassium_lab_first_72h_min,lab_vital_hourly,100.0,484
num__admitted_from_emergency_transfer_flag,0.0015658923779405109,0.0016464544703765614,-1.6926621910547956e-05,2,admitted_from_emergency_transfer_flag,demographic_admin,100.0,485
cat__marital_status_SINGLE,0.0015631394043927795,0.0019672463512774123,0.00025177527222581425,2,marital_status_SINGLE,demographic_admin,100.0,486
num__late_order_type_diversity_last_6h,0.0015595764469897386,0.002083930652588606,0.0005609495252228785,2,late_order_type_diversity_last_6h,poe_late_order_pathway,100.0,487
cat__admission_location_EMERGENCY ROOM,0.0015450285673910408,0.0027057889585058448,7.674864752135242e-05,2,admission_location_EMERGENCY ROOM,demographic_admin,100.0,488
num__num_iv_route_pharmacy_orders,0.0015448053121537766,0.0017099012827442685,6.269035005448256e-05,2,num_iv_route_pharmacy_orders,poe_late_order_pathway,100.0,489
num__potassium_lab_first_value,0.0015391695154695724,0.0016143635148182511,-5.8273792771857915e-05,2,potassium_lab_first_value,lab_vital_hourly,100.0,490
num__urea_nitrogen_lab_first_24h_min,0.0015368443127475287,0.001760781044140458,-0.0002406304446775833,2,urea_nitrogen_lab_first_24h_min,lab_vital_hourly,0.0015680535228935813,491
cat__race_WHITE,0.0015290500231824886,0.0017729125684127212,-4.967467116844351e-05,2,race_WHITE,demographic_admin,100.0,492
num__num_pain_chart_events,0.0015190310708412043,0.0018723297398537397,0.00012936260320769256,2,num_pain_chart_events,lab_vital_hourly,100.0,493
num__pharmacy_infusion_complexity_score,0.0015145989644522518,0.0015747285303091111,0.00016676280858868674,2,pharmacy_infusion_complexity_score,medication_emar_pharmacy,100.0,494
num__wbc_lab_first_24h_min,0.0015110986522841796,0.0016596634139261334,5.7569615872397626e-05,2,wbc_lab_first_24h_min,lab_vital_hourly,25.83315910516412,495
num__weight_change_recent_filled,0.001503988243206758,0.001506777829490602,9.981497589876416e-05,2,weight_change_recent_filled,prior_utilisation,2.900376332845495,496
num__previous_ed_visits_90d,0.0015014861682684606,0.0017657318385317922,7.127650121745106e-05,2,previous_ed_visits_90d,prior_utilisation,100.0,497
num__had_benzodiazepine,0.0014992740547433486,0.0022436892613768578,-4.149383761743282e-05,2,had_benzodiazepine,medication_emar_pharmacy,100.0,498
num__platelet_lab_first_value,0.0014985450292643136,0.0016307305275805246,2.641102277101441e-05,2,platelet_lab_first_value,lab_vital_hourly,100.0,499
num__heart_rate_vital_min_value,0.0014957045127545125,0.0015138820590266241,-7.114567269063285e-05,2,heart_rate_vital_min_value,lab_vital_hourly,100.0,500
num__num_antibiotic_prescriptions,0.0014911445380924116,0.0015722974203526974,-1.083433553574999e-05,2,num_antibiotic_prescriptions,other,100.0,501
cat__discharge_location_grouped_Psych facility,0.001488901532224413,0.0020313615155723615,0.0010759467209810916,2,discharge_location_grouped_Psych facility,psychiatric_history,100.0,502
cat__drg_mortality_category_Moderate,0.0014860971489447307,0.0015386312284490368,-0.0002729954214582102,2,drg_mortality_category_Moderate,medical_comorbidity,100.0,503
num__platelet_lab_first_72h_min,0.00148476418124374,0.0015141813782975078,-9.900116507857063e-05,2,platelet_lab_first_72h_min,lab_vital_hourly,100.0,504
num__mean_bp_noninvasive_vital_mean_value,0.0014607113368262043,0.0020162663634703437,-0.000160213541460967,2,mean_bp_noninvasive_vital_mean_value,lab_vital_hourly,100.0,505
num__frequent_psych_admitter_and_discharge_planning,0.0014507608290152138,0.001710491052334286,0.0005196442320606613,2,frequent_psych_admitter_and_discharge_planning,psychiatric_history,100.0,506
num__urea_nitrogen_lab_first_72h_max,0.0014486680433442119,0.0019337596604600549,-0.00014638384608161139,2,urea_nitrogen_lab_first_72h_max,lab_vital_hourly,6.210014635166214,507
num__num_outputevents,0.0014462490593275703,0.0017367815598845482,6.415135538147357e-05,2,num_outputevents,icu_care,100.0,508
num__num_recurrent_psych_diagnosis_groups,0.0014412819950806264,0.0016093173762783408,-0.00046432182511550903,2,num_recurrent_psych_diagnosis_groups,psychiatric_history,100.0,509
num__heart_rate_vital_first_value,0.001434871949757493,0.001876592286862433,3.639239596692822e-05,2,heart_rate_vital_first_value,lab_vital_hourly,100.0,510
num__spo2_vital_last_value,0.0014255630074054247,0.0017212379025295377,0.0001390148262219399,2,spo2_vital_last_value,lab_vital_hourly,0.28486305665900064,511
num__previous_ed_visits_30d,0.0014249422274823405,0.0015604430882847143,0.0008183862345671224,2,previous_ed_visits_30d,prior_utilisation,100.0,512
cat__admission_type_SURGICAL SAME DAY ADMISSION,0.0014239041729976417,0.0018721568631008267,0.00016575903402149563,2,admission_type_SURGICAL SAME DAY ADMISSION,demographic_admin,100.0,513
num__has_severe_mental_illness,0.0014108776834147409,0.0019828404225048393,0.00045600831557743635,2,has_severe_mental_illness,other,100.0,514
num__num_med_orders_with_duration,0.0014038896546012833,0.0014673208352178335,-7.326158059432492e-05,2,num_med_orders_with_duration,poe_late_order_pathway,100.0,515
num__elixhauser_chronic_pulmonary,0.001403548351699191,0.0014786042738705873,-8.618567701707119e-05,2,elixhauser_chronic_pulmonary,medical_comorbidity,100.0,516
num__emar_not_given_event_count,0.0013998876051875058,0.0016323757508565197,7.57762574848264e-05,2,emar_not_given_event_count,medication_emar_pharmacy,100.0,517
num__had_lockout_interval_order,0.0013988330837897051,0.001937215798534453,1.9472323422953488e-05,2,had_lockout_interval_order,poe_late_order_pathway,100.0,518
num__potassium_lab_min_value,0.0013927149497052344,0.0017704946221783757,0.00011554591037800088,2,potassium_lab_min_value,lab_vital_hourly,100.0,519
num__low_psych_marker_medical_instability_flag,0.00139260275440886,0.001622330297951388,-0.00018634633745725235,2,low_psych_marker_medical_instability_flag,psychiatric_history,100.0,520
num__late_routine_care_order_share_last_12h,0.001385313978872454,0.0016623827321216578,0.00013860563523629822,2,late_routine_care_order_share_last_12h,poe_late_order_pathway,100.0,521
num__creatinine_lab_first_24h_mean,0.0013830267659969996,0.0014344544519902013,0.0001198898825287003,2,creatinine_lab_first_24h_mean,lab_vital_hourly,100.0,522
num__mean_bp_noninvasive_vital_min_value,0.0013756341596205001,0.0014132812976979147,7.962254285367854e-05,2,mean_bp_noninvasive_vital_min_value,lab_vital_hourly,100.0,523
num__urea_nitrogen_lab_first_24h_max,0.0013754602178352626,0.0016890408005565405,2.970174812255103e-05,2,urea_nitrogen_lab_first_24h_max,lab_vital_hourly,61.03596069412502,524
num__wbc_lab_value_range,0.0013697011215676696,0.0015747335378209415,8.415361303096398e-05,2,wbc_lab_value_range,lab_vital_hourly,16.089274513903405,525
num__emar_total_delay_hours,0.0013695215012916066,0.001503744162619114,0.00013949763447618108,2,emar_total_delay_hours,medication_emar_pharmacy,100.0,526
cat__first_service_NSURG,0.001359472984979185,0.0013880233793897086,2.286464343649626e-05,2,first_service_NSURG,demographic_admin,100.0,527
num__had_social_work_case_management_order,0.0013585007405463746,0.001887441030703485,-4.4985587497409815e-05,2,had_social_work_case_management_order,poe_late_order_pathway,100.0,528
num__spo2_vital_relative_range,0.0013556224307963963,0.0016605610754315484,0.00012358005283283886,2,spo2_vital_relative_range,lab_vital_hourly,1.9966548191511602,529
num__sodium_lab_first_72h_max,0.001347152044344486,0.0014856249326840043,-0.00014658728465511764,2,sodium_lab_first_72h_max,lab_vital_hourly,1.251829395776709,530
num__emar_infusion_administration_count,0.001331478962142856,0.0013583963736891747,5.14800848982877e-05,2,emar_infusion_administration_count,medication_emar_pharmacy,100.0,531
num__glucose_lab_first_24h_count,0.0013295408830068306,0.001354231033474207,-3.0821273171377786e-05,2,glucose_lab_first_24h_count,lab_vital_hourly,100.0,532
cat__insurance_grouped_Private,0.0013200938794840993,0.0014952791389077902,-2.7433759251145448e-05,2,insurance_grouped_Private,demographic_admin,100.0,533
num__platelet_lab_first_24h_mean,0.0013166358025239802,0.0015667860687632157,-0.00020775322379702695,2,platelet_lab_first_24h_mean,lab_vital_hourly,100.0,534
cat__discharge_location_Unknown,0.00131266574043136,0.00135810358915478,0.00018877648755481774,2,discharge_location_Unknown,discharge_aftercare,100.0,535
num__high_drg_severity,0.0013046372127374375,0.002003382658585906,-0.00026301565489743887,2,high_drg_severity,medical_comorbidity,100.0,536
num__days_since_latest_body_measure_missing,0.0012977913849970852,0.001807224820367992,0.00024349748310108576,2,days_since_latest_body_measure_missing,other,100.0,537
num__heart_rate_72h_std,0.0012871778144288573,0.001619319544224394,0.00014011060516121664,2,heart_rate_72h_std,lab_vital_hourly,100.0,538
num__num_unique_order_providers_first_72h,0.001284274607585749,0.0013727059122174978,-0.00011496144803451804,2,num_unique_order_providers_first_72h,poe_late_order_pathway,100.0,539
num__num_oral_pharmacy_orders,0.001283513973385004,0.0019311023643240333,0.00011118197566158404,2,num_oral_pharmacy_orders,poe_late_order_pathway,100.0,540
num__sodium_lab_count,0.0012766797620393272,0.001610561018075781,0.00029201228303697897,2,sodium_lab_count,lab_vital_hourly,0.01933932678235417,541
num__creatinine_lab_first_24h_max,0.0012727030365242684,0.001805654144845903,-1.9342924065247666e-05,2,creatinine_lab_first_24h_max,lab_vital_hourly,100.0,542
num__has_liver_disease,0.0012686740017015302,0.0014442456171817708,-0.00017950658206093207,2,has_liver_disease,medical_comorbidity,100.0,543
num__late_medication_orders_last_6h,0.0012576042739252651,0.001365475356578827,-0.000134858619380367,2,late_medication_orders_last_6h,poe_late_order_pathway,100.0,544
num__facility_discharge_with_discharge_planning_flag,0.0012500534063211285,0.0019179361406713724,-0.00012990809714469317,2,facility_discharge_with_discharge_planning_flag,discharge_aftercare,100.0,545
num__mean_bp_noninvasive_vital_first_value,0.0012398767994076776,0.0016594275620417335,-7.606453357674183e-05,2,mean_bp_noninvasive_vital_first_value,lab_vital_hourly,100.0,546
num__num_change_dose_rate_inputevents,0.0012364486712502492,0.0018894757871527577,-0.00025303608291891695,2,num_change_dose_rate_inputevents,medication_emar_pharmacy,100.0,547
num__num_outputevents_last_24h_before_discharge,0.0012354426160632046,0.0020898413819149825,0.00011428729084484106,2,num_outputevents_last_24h_before_discharge,discharge_aftercare,100.0,548
num__mean_bp_noninvasive_72h_std,0.0012318815346953568,0.001611177111044526,-0.0001949713943503846,2,mean_bp_noninvasive_72h_std,other,100.0,549
num__late_medication_orders_last_12h,0.001229207360702629,0.001687301672063768,8.533959162342487e-05,2,late_medication_orders_last_12h,poe_late_order_pathway,100.0,550
num__emar_nonpsychotropic_not_given_count,0.0012253285214243927,0.0014149042202037767,6.78661783304288e-05,2,emar_nonpsychotropic_not_given_count,psychiatric_history,100.0,551
num__urea_nitrogen_lab_first_value,0.0012219089948055117,0.001266920706257224,3.501470428130541e-05,2,urea_nitrogen_lab_first_value,lab_vital_hourly,10.958080702487978,552
num__has_previous_hospital_admission,0.0012193210453042263,0.0012203318825486052,0.00022518683468730476,2,has_previous_hospital_admission,prior_utilisation,100.0,553
num__heart_rate_vital_max_value,0.0011996234567075853,0.001609984151587612,6.831405061843231e-05,2,heart_rate_vital_max_value,lab_vital_hourly,100.0,554
num__sodium_lab_first_24h_min,0.0011984231318104552,0.0014494402566924691,0.0001249632045305352,2,sodium_lab_first_24h_min,lab_vital_hourly,0.08258415220572862,555
num__late_orders_without_self_harm_flag,0.0011974151694141876,0.0017429225845262408,0.0006355182158854279,2,late_orders_without_self_harm_flag,psychiatric_history,100.0,556
cat__last_service_OBS,0.0011973150387465826,0.001453811214037959,-0.000313468222724026,2,last_service_OBS,demographic_admin,100.0,557
num__service_change_last_24h_before_discharge_flag,0.0011922339936300684,0.0014451438328251243,0.00015019266264668034,2,service_change_last_24h_before_discharge_flag,discharge_aftercare,0.01777127325946059,558
cat__insurance_grouped_Medicaid,0.0011855582638398239,0.0016037534669482067,0.00022632926673142568,2,insurance_grouped_Medicaid,demographic_admin,100.0,559
cat__discharge_location_AGAINST ADVICE,0.0011836498831783782,0.0017151850220585964,-4.510245622739732e-05,2,discharge_location_AGAINST ADVICE,discharge_aftercare,100.0,560
cat__discharge_season_winter,0.0011806247440908843,0.0013060396304354072,-5.1572232593122416e-05,2,discharge_season_winter,discharge_aftercare,100.0,561
num__spo2_72h_std,0.0011792114760236039,0.0014498592354357243,-7.532937806304536e-05,2,spo2_72h_std,lab_vital_hourly,2.3980765210119173,562
num__creatinine_lab_first_72h_max,0.0011694329481861877,0.0014981456333771348,-2.099236052101333e-05,2,creatinine_lab_first_72h_max,lab_vital_hourly,100.0,563
num__num_no_barcode_med_admins,0.0011685650665047651,0.0013339531113794217,-8.313563974016825e-05,2,num_no_barcode_med_admins,medication_emar_pharmacy,100.0,564
num__elixhauser_liver_disease,0.0011674514756522657,0.0019128513522446156,-0.00012061556544419831,2,elixhauser_liver_disease,medical_comorbidity,100.0,565
num__respiratory_rate_vital_mean_value,0.0011655277135646665,0.001589582086234306,0.0002908154003708134,2,respiratory_rate_vital_mean_value,lab_vital_hourly,13.325318837549654,566
num__late_psych_safety_orders_last_12h,0.0011640833657867843,0.0016507433028891683,9.432839558140899e-05,2,late_psych_safety_orders_last_12h,psychiatric_history,100.0,567
num__late_order_type_diversity_last_12h,0.0011601796620500605,0.0016758976271376014,0.00047883458260488006,2,late_order_type_diversity_last_12h,poe_late_order_pathway,100.0,568
num__elixhauser_drug_abuse,0.001150104284783858,0.0011843802640214562,-5.347006189688867e-05,2,elixhauser_drug_abuse,medication_emar_pharmacy,100.0,569
num__late_clinical_order_count_last_6h,0.0011500605232301164,0.001356388907879591,0.00010088560249152985,2,late_clinical_order_count_last_6h,poe_late_order_pathway,100.0,570
num__has_other_psych_diagnosis,0.001148566030094067,0.002151627792045474,3.757821841706756e-05,2,has_other_psych_diagnosis,psychiatric_history,100.0,571
num__elixhauser_valvular_disease,0.0011413462562969252,0.0012630559504032135,-8.624822626607839e-05,2,elixhauser_valvular_disease,medical_comorbidity,100.0,572
num__previous_weight_kg_before_admission_filled,0.001137603939318227,0.0012591020204126835,1.9220594853962253e-05,2,previous_weight_kg_before_admission_filled,prior_utilisation,100.0,573
num__has_cognitive_delirium,0.0011375345988665069,0.001382689573802054,0.0001459503458819526,2,has_cognitive_delirium,lab_vital_hourly,100.0,574
num__previous_bmi_before_admission_filled,0.0011365805404035582,0.0013706517640050913,-0.00016264067754188021,2,previous_bmi_before_admission_filled,prior_utilisation,100.0,575
num__glucose_lab_first_72h_count,0.00113521070952938,0.0015473739460565347,-0.0003462498029632537,2,glucose_lab_first_72h_count,lab_vital_hourly,100.0,576
num__blood_culture_positive,0.0011317332685301996,0.0012099590385332704,2.7757190603354293e-05,2,blood_culture_positive,other,100.0,577
num__num_prn_psychotropic_orders,0.0011284525391285789,0.0011714062423656725,1.266656230784325e-05,2,num_prn_psychotropic_orders,psychiatric_history,100.0,578
num__num_fall_mobility_chart_events,0.0011260991143543773,0.0015562699377567578,-4.154829701082227e-05,2,num_fall_mobility_chart_events,other,100.0,579
num__urea_nitrogen_lab_first_72h_min,0.0011249590049814532,0.0011337650939822197,9.027620773381294e-05,2,urea_nitrogen_lab_first_72h_min,lab_vital_hourly,45.128580388877275,580
num__age_65plus_x_elixhauser_group_count,0.0011131271204536017,0.0012925047560775988,7.5049820160219815e-06,2,age_65plus_x_elixhauser_group_count,medical_comorbidity,100.0,581
num__transfer_from_hospital_x_high_comorbidity,0.0011128585754498108,0.001386979827657342,0.0001983391399696573,2,transfer_from_hospital_x_high_comorbidity,demographic_admin,3.6587915534183564,582
num__creatinine_lab_first_value,0.0011115750633686856,0.0014672430697828531,-5.6978657916371396e-05,2,creatinine_lab_first_value,lab_vital_hourly,100.0,583
cat__first_service_TRAUM,0.0011086789533711454,0.0014290869003161788,-7.655724739538181e-05,2,first_service_TRAUM,demographic_admin,100.0,584
num__safety_order_activity_duration_hours,0.0011029905266194677,0.0018327708821743727,0.00026629403807101605,2,safety_order_activity_duration_hours,poe_late_order_pathway,8.544323646247125,585
num__systolic_bp_noninvasive_vital_max_value,0.0010958373783942332,0.0013469127006828785,0.00021711502682678015,2,systolic_bp_noninvasive_vital_max_value,lab_vital_hourly,0.7976165586452018,586
num__aftercare_quality_score,0.0010954178374368195,0.0011398918168834336,0.00016352116024573134,2,aftercare_quality_score,discharge_aftercare,100.0,587
num__num_verified_pharmacy_orders,0.0010877045021399248,0.0012338936794549227,0.00020409528744007711,2,num_verified_pharmacy_orders,poe_late_order_pathway,100.0,588
num__has_heart_failure,0.0010861521293079107,0.0015755993081256747,0.000288196585674631,2,has_heart_failure,lab_vital_hourly,100.0,589
num__late_clinical_order_count_last_12h,0.0010759480082286612,0.0010847367847051652,-0.00012905519832038837,2,late_clinical_order_count_last_12h,poe_late_order_pathway,100.0,590
num__previous_admission_had_discharge_planning_order,0.0010741929251964258,0.0011714294009437895,-2.2299607596684314e-05,2,previous_admission_had_discharge_planning_order,prior_utilisation,100.0,591
num__height_change_recent_filled,0.0010684102449932196,0.0012519789445014791,-2.141858956220788e-05,2,height_change_recent_filled,prior_utilisation,100.0,592
num__urea_nitrogen_lab_value_change,0.0010654944388957684,0.0011376412585377693,-8.552006862252502e-05,2,urea_nitrogen_lab_value_change,lab_vital_hourly,25.319882918670288,593
num__num_careunit_transfers,0.0010650726485236526,0.0012233663901096167,5.806964970302886e-05,2,num_careunit_transfers,icu_care,100.0,594
cat__race_BLACK/AFRICAN AMERICAN,0.0010645412572274512,0.001184187252090604,4.3657620530902065e-05,2,race_BLACK/AFRICAN AMERICAN,demographic_admin,100.0,595
num__suspected_infection_flag,0.0010642507866234858,0.001330563798546791,4.780623142979606e-05,2,suspected_infection_flag,other,0.018293957767091786,596
num__home_discharge_without_medication_or_followup_plan_flag,0.0010605336740837604,0.0013830094831064343,0.0003176661216088649,2,home_discharge_without_medication_or_followup_plan_flag,discharge_aftercare,100.0,597
num__mean_bp_arterial_vital_last_value,0.0010494452172560274,0.0011752585470947681,0.00019602019907358838,2,mean_bp_arterial_vital_last_value,lab_vital_hourly,100.0,598
num__elixhauser_fluid_electrolyte,0.0010391464372525665,0.0011132972844665357,-5.86959205714983e-05,2,elixhauser_fluid_electrolyte,medical_comorbidity,100.0,599
num__late_admin_aftercare_order_count_last_12h,0.0010301924097997398,0.0014287064550444484,0.0002673501488841116,2,late_admin_aftercare_order_count_last_12h,discharge_aftercare,100.0,600
num__max_oxygen_flow_rate,0.0010230041446419682,0.0013104755058464162,-1.598358859258442e-05,2,max_oxygen_flow_rate,lab_vital_hourly,100.0,601
num__sodium_lab_first_72h_count,0.0010091589213022047,0.0013909945264458656,-2.44429382317613e-05,2,sodium_lab_first_72h_count,lab_vital_hourly,0.38678653564708343,602
num__spo2_vital_first_value,0.0009985862570104332,0.0011293519055470824,-9.641590836410377e-05,2,spo2_vital_first_value,lab_vital_hourly,0.12021743675517459,603
num__late_discharge_hour_with_late_orders_flag,0.0009947646434942665,0.0010437740646418992,0.00010180958830153207,2,late_discharge_hour_with_late_orders_flag,discharge_aftercare,100.0,604
num__mean_bp_noninvasive_72h_observed_hours,0.000991638756607427,0.001229783520102501,-1.2854003833757966e-05,2,mean_bp_noninvasive_72h_observed_hours,demographic_admin,100.0,605
cat__hospital_los_category_3-7 days,0.0009908398904008755,0.0011340058640781719,-2.031885457573617e-05,2,hospital_los_category_3-7 days,demographic_admin,100.0,606
num__potassium_lab_first_72h_count,0.000985523469739067,0.0012050472767882693,5.3106117010142816e-05,2,potassium_lab_first_72h_count,lab_vital_hourly,100.0,607
num__home_discharge_without_followup_order_flag,0.0009820595221122761,0.0013156295894634045,0.00012221576871995207,2,home_discharge_without_followup_order_flag,discharge_aftercare,100.0,608
num__previous_height_cm_before_admission_filled,0.000980280249367919,0.001026341627328627,7.447226937696419e-05,2,previous_height_cm_before_admission_filled,prior_utilisation,100.0,609
num__mean_bp_arterial_vital_max_value,0.0009793398224035152,0.0009857797454546884,3.8219266111849036e-05,2,mean_bp_arterial_vital_max_value,lab_vital_hourly,100.0,610
num__num_order_provider_changes,0.0009793080939712014,0.0010259057098601036,0.00018365372317164947,2,num_order_provider_changes,poe_late_order_pathway,100.0,611
num__num_consult_orders,0.0009770650856697526,0.0010602144757285714,0.00011197518453548421,2,num_consult_orders,poe_late_order_pathway,100.0,612
num__mean_bp_noninvasive_vital_value_range,0.0009754519279822624,0.001082613249309361,-3.643566495785441e-05,2,mean_bp_noninvasive_vital_value_range,lab_vital_hourly,100.0,613
num__urine_output_total,0.0009744093577972637,0.0010306385811418295,-0.00018001159787946262,2,urine_output_total,lab_vital_hourly,1.2345808070248798,614
num__total_selected_lab_event_count,0.0009693803076367889,0.0010347944771342107,5.5458900198897395e-06,2,total_selected_lab_event_count,lab_vital_hourly,2.2323855320928288,615
num__prior_discharge_instability_score,0.0009682928298800591,0.0010081128740153022,1.0583498210550482e-05,2,prior_discharge_instability_score,prior_utilisation,100.0,616
num__creatinine_lab_first_24h_min,0.0009645292275878588,0.0009727911674417555,-3.0394302936859558e-05,2,creatinine_lab_first_24h_min,lab_vital_hourly,100.0,617
num__num_pharmacy_records,0.0009572316079008497,0.0012331162579357624,0.00022930175414128404,2,num_pharmacy_records,medication_emar_pharmacy,100.0,618
cat__anchor_year_group_2014 - 2016,0.0009472101702253557,0.00118853271871642,-6.82706724619147e-05,2,anchor_year_group_2014 - 2016,other,100.0,619
num__previous_admission_had_safety_order,0.0009417523034634383,0.0009629845010620239,0.00021916590424240256,2,previous_admission_had_safety_order,prior_utilisation,100.0,620
num__discharged_to_facility_flag,0.0009409218088940163,0.0016291324282065034,-2.1099335296901733e-06,2,discharged_to_facility_flag,discharge_aftercare,100.0,621
num__heart_rate_vital_value_change,0.0009396151418431744,0.0010100410110516639,0.00019444126414877098,2,heart_rate_vital_value_change,lab_vital_hourly,100.0,622
num__systolic_bp_noninvasive_72h_min,0.0009359450340701474,0.0009528604568913579,-4.939832894950383e-06,2,systolic_bp_noninvasive_72h_min,lab_vital_hourly,0.05122308174785699,623
num__prior_psych_365d_x_self_harm,0.0009358474047508442,0.0010695449309423566,0.00028776679921824097,2,prior_psych_365d_x_self_harm,prior_utilisation,100.0,624
cat__discharge_location_grouped_Home health care,0.000930718827184773,0.0011580176882120203,-4.344126943205507e-05,2,discharge_location_grouped_Home health care,discharge_aftercare,100.0,625
num__quiet_medical_frailty_low_psych_history_score,0.0009274738876683328,0.0009511062526144087,2.9703152108183305e-05,2,quiet_medical_frailty_low_psych_history_score,psychiatric_history,100.0,626
num__has_sedative_hypnotic_related_disorder,0.0009259212153323261,0.0011882376687251564,-0.00024040009216188168,2,has_sedative_hypnotic_related_disorder,poe_late_order_pathway,100.0,627
num__icu_event_interruption_score,0.0009231951688657981,0.0012207015804498458,-8.420436180757486e-05,2,icu_event_interruption_score,icu_care,100.0,628
cat__marital_status_DIVORCED,0.0009219362227486415,0.0009690335955019979,-1.5251068296490618e-05,2,marital_status_DIVORCED,demographic_admin,100.0,629
num__num_datetimeevents,0.0009209385995821575,0.0012154997870462974,-9.836935341410953e-05,2,num_datetimeevents,icu_care,100.0,630
num__num_positive_respiratory_culture,0.0009192808812032557,0.001034995573855026,-5.632333117608757e-05,2,num_positive_respiratory_culture,lab_vital_hourly,100.0,631
num__glucose_lab_count,0.0009132176950180586,0.0010136428797762208,-0.00041578812603112786,2,glucose_lab_count,lab_vital_hourly,100.0,632
num__hcpcs_observation_to_total_ratio,0.0009115327242625982,0.0010177955217387737,0.000434014696625815,2,hcpcs_observation_to_total_ratio,poe_late_order_pathway,100.0,633
num__creatinine_lab_last_value,0.0009085580595785247,0.0010422634659335017,5.745359564266152e-06,2,creatinine_lab_last_value,lab_vital_hourly,100.0,634
cat__age_group_30-39,0.000901360753113247,0.0014856652123853564,0.00011191296230462529,2,age_group_30-39,demographic_admin,100.0,635
cat__age_group_50-59,0.0009004043359468508,0.0013403786579146981,6.324719924540967e-06,2,age_group_50-59,demographic_admin,100.0,636
cat__admission_location_PHYSICIAN REFERRAL,0.0008993543811899666,0.0012575145810842514,-0.00011153122461479493,2,admission_location_PHYSICIAN REFERRAL,demographic_admin,100.0,637
num__creatinine_lab_min_value,0.0008978286298172689,0.0010134669719263911,-5.784360511558666e-05,2,creatinine_lab_min_value,lab_vital_hourly,100.0,638
num__previous_discharge_to_facility_flag,0.0008933327687473452,0.0012506156926974654,0.0001576639307922205,2,previous_discharge_to_facility_flag,prior_utilisation,100.0,639
num__previous_psych_admissions_30d,0.0008851808565852548,0.0012458506971597672,-1.2116205434259377e-05,2,previous_psych_admissions_30d,prior_utilisation,100.0,640
num__weekend_or_friday_discharge_with_no_followup_flag,0.0008815969361350825,0.0012686946471007448,2.514958767718116e-05,2,weekend_or_friday_discharge_with_no_followup_flag,discharge_aftercare,83.10108718377587,641
num__num_admins_with_remaining_dose,0.000881438046161903,0.0012126907240599394,7.526518763707937e-05,2,num_admins_with_remaining_dose,medication_emar_pharmacy,100.0,642
num__systolic_bp_noninvasive_vital_value_range,0.0008799766440217315,0.0011245444184169173,0.0001246549916837426,2,systolic_bp_noninvasive_vital_value_range,lab_vital_hourly,0.7793226008781099,643
num__num_cam_delirium_chart_events,0.0008781283387887602,0.0009055098620189975,0.0001413066599066084,2,num_cam_delirium_chart_events,lab_vital_hourly,100.0,644
num__previous_nonpsych_admissions_365d,0.0008778730905253411,0.0010703715961426497,4.5305365480662086e-05,2,previous_nonpsych_admissions_365d,prior_utilisation,100.0,645
num__late_discharge_admin_orders_last_12h,0.0008770988869861699,0.0008955483371222391,-9.00449480729895e-05,2,late_discharge_admin_orders_last_12h,discharge_aftercare,100.0,646
num__emergency_admission_with_recent_psych_history_flag,0.0008639989826166928,0.0011805320969391466,0.00016506233670157537,2,emergency_admission_with_recent_psych_history_flag,prior_utilisation,100.0,647
num__gcs_min_score,0.0008636961145986617,0.0009038689038173855,-6.922616956080366e-06,2,gcs_min_score,lab_vital_hourly,100.0,648
cat__discharge_location_PSYCH FACILITY,0.0008597970189836161,0.0017195940379672323,0.000592546653409194,2,discharge_location_PSYCH FACILITY,psychiatric_history,100.0,649
num__sodium_lab_value_change,0.0008590595541008552,0.0009633852472433429,-2.8221076635116743e-05,2,sodium_lab_value_change,lab_vital_hourly,1.3987037424210746,650
num__urea_nitrogen_lab_count,0.000857549825336775,0.001037532463669777,-4.561028309973532e-06,2,urea_nitrogen_lab_count,lab_vital_hourly,0.003658791553418357,651
num__creatinine_lab_max_value,0.0008564708485361686,0.0009998349705711007,-5.5206951337447594e-05,2,creatinine_lab_max_value,lab_vital_hourly,100.0,652
num__systolic_bp_arterial_72h_max,0.0008523511061702626,0.0010992839819335852,7.496595596243753e-05,2,systolic_bp_arterial_72h_max,lab_vital_hourly,0.003658791553418357,653
num__num_lab_value_missing_indicators,0.0008496164715780673,0.0011675299610942602,-0.0002893157217865361,2,num_lab_value_missing_indicators,lab_vital_hourly,100.0,654
num__electrolyte_abnormality_count,0.0008422929145059312,0.0009693987667560577,-0.00010916321136249165,2,electrolyte_abnormality_count,other,100.0,655
num__transfer_admission_with_psych_history_flag,0.0008384165090571563,0.0009640546631999314,0.00010881537010390187,2,transfer_admission_with_psych_history_flag,psychiatric_history,1.3652519339326783,656
num__late_followup_or_aftercare_orders_last_6h,0.0008375436719451795,0.0011829001596197486,5.051994901944377e-05,2,late_followup_or_aftercare_orders_last_6h,discharge_aftercare,100.0,657
cat__last_service_ORTHO,0.0008308685355407994,0.0012913754908367991,5.283178103639724e-05,2,last_service_ORTHO,demographic_admin,100.0,658
num__new_safety_order_last_24h_before_discharge_flag,0.0008293117321564446,0.0010060179130179068,0.0005294617116296334,2,new_safety_order_last_24h_before_discharge_flag,discharge_aftercare,100.0,659
num__creatinine_lab_value_range,0.0008217687278780585,0.0009509520889780413,6.57085847180148e-05,2,creatinine_lab_value_range,lab_vital_hourly,100.0,660
num__discontinued_orders_last_24h_before_discharge,0.0008199776999451578,0.0008985460874222934,-2.62055609457498e-05,2,discontinued_orders_last_24h_before_discharge,discharge_aftercare,100.0,661
num__late_routine_care_orders_last_12h,0.0008184146086156613,0.001186175039038062,2.7425464491110948e-05,2,late_routine_care_orders_last_12h,poe_late_order_pathway,100.0,662
num__depression_and_previous_psych_365d,0.0008151912467078012,0.0010814197594299912,2.1862516844174807e-05,2,depression_and_previous_psych_365d,prior_utilisation,100.0,663
num__hemoglobin_lab_count,0.0008138250225422836,0.0009012072610135987,-0.000284581243917206,2,hemoglobin_lab_count,lab_vital_hourly,100.0,664
num__late_orders_but_psych_facility_discharge_flag,0.0008135356909740105,0.0009873092928259343,-8.310245654048511e-05,2,late_orders_but_psych_facility_discharge_flag,psychiatric_history,100.0,665
num__num_inputevent_rate_changes,0.0008007756050913007,0.0012048501685735526,-0.00013805674643604764,2,num_inputevent_rate_changes,icu_care,100.0,666
num__psychotropic_orders_last_48h_before_discharge,0.0007993862657903336,0.0010192354062763258,2.228100538631733e-05,2,psychotropic_orders_last_48h_before_discharge,psychiatric_history,100.0,667
cat__marital_status_MARRIED,0.0007923542344529119,0.0012931969360552604,6.1019003494120595e-05,2,marital_status_MARRIED,demographic_admin,100.0,668
num__tachypnoea_72h_hour_percentage,0.000791274095868789,0.000993821187876165,-0.00034495101643587666,2,tachypnoea_72h_hour_percentage,demographic_admin,1.7264269287058331,669
cat__total_diagnosis_burden_category_6-10,0.0007890927916989924,0.0010795472696686688,-3.2720942394241255e-05,2,total_diagnosis_burden_category_6-10,other,100.0,670
num__heart_rate_72h_max,0.0007876616753725754,0.0008963728905655444,-0.00010432825516317658,2,heart_rate_72h_max,lab_vital_hourly,100.0,671
num__psychotropic_orders_last_24h_before_discharge,0.0007871324039617516,0.00089619419304654,-3.503176259401685e-05,2,psychotropic_orders_last_24h_before_discharge,psychiatric_history,100.0,672
num__systolic_bp_noninvasive_vital_value_change,0.0007862651095391392,0.000817103395916736,-4.261181893863425e-05,2,systolic_bp_noninvasive_vital_value_change,lab_vital_hourly,5.774618440309429,673
cat__total_diagnosis_burden_category_11-20,0.0007841013006823106,0.0008488754128020194,0.00011260117510285786,2,total_diagnosis_burden_category_11-20,other,100.0,674
cat__age_group_80+,0.0007831180161388908,0.0008740111455437429,8.190414145161005e-05,2,age_group_80+,demographic_admin,100.0,675
num__respiratory_rate_vital_value_change,0.0007727654222479755,0.000977070986309408,9.765736897867254e-05,2,respiratory_rate_vital_value_change,lab_vital_hourly,33.89870374242108,676
num__potassium_lab_first_24h_count,0.0007709461727191083,0.001301005179437314,0.0001066872578717329,2,potassium_lab_first_24h_count,lab_vital_hourly,100.0,677
num__ed_admission_with_self_harm_flag,0.0007668282848429952,0.0011258372105658054,0.00019726615603377296,2,ed_admission_with_self_harm_flag,psychiatric_history,100.0,678
num__elixhauser_rheumatoid_collagen,0.0007658713225762165,0.0010003065690398216,-6.511059123149148e-05,2,elixhauser_rheumatoid_collagen,medical_comorbidity,100.0,679
num__discharged_to_snf_flag,0.0007649990267445468,0.0011418646899983287,9.003085779872505e-06,2,discharged_to_snf_flag,discharge_aftercare,100.0,680
cat__icu_utilisation_category_Single ICU stay,0.0007648783234951322,0.0009756098734214902,0.00020884365985277833,2,icu_utilisation_category_Single ICU stay,prior_utilisation,100.0,681
num__admitted_from_clinic_referral_flag,0.0007631227140391298,0.0011997951660305262,3.558051249111989e-05,2,admitted_from_clinic_referral_flag,other,100.0,682
num__spo2_vital_value_change,0.0007607545582584909,0.0008942605685457331,4.843778095870685e-05,2,spo2_vital_value_change,lab_vital_hourly,1.7766046414384278,683
num__systolic_bp_noninvasive_72h_mean,0.0007600097565666811,0.0008657700610788618,-2.596909577030763e-06,2,systolic_bp_noninvasive_72h_mean,lab_vital_hourly,83.05665900062722,684
cat__admission_type_EW EMER.,0.0007557274019476153,0.0007957922532484188,-4.118261504154195e-05,2,admission_type_EW EMER.,demographic_admin,100.0,685
num__medicare_flag,0.0007556243547043312,0.0007724433671683073,5.721304140125856e-05,2,medicare_flag,other,100.0,686
num__quiet_prior_psych_low_activity_score,0.0007555627886219637,0.000924284104257822,0.00018289830135991393,2,quiet_prior_psych_low_activity_score,prior_utilisation,100.0,687
num__discharged_home_without_services_flag,0.0007547382727490057,0.0009385459467286743,8.616699405282664e-05,2,discharged_home_without_services_flag,discharge_aftercare,100.0,688
num__late_discharge_admin_orders_last_6h,0.000748727124465299,0.0007688545217768199,2.0314587965165984e-05,2,late_discharge_admin_orders_last_6h,discharge_aftercare,100.0,689
num__had_outpatient_followup_order,0.0007442627165263019,0.0009012181544676423,0.00019056915034166937,2,had_outpatient_followup_order,discharge_aftercare,100.0,690
num__latest_weight_kg_before_admission_missing,0.0007429482427442132,0.0010052475845441222,8.762322655064134e-05,2,latest_weight_kg_before_admission_missing,medical_comorbidity,100.0,691
num__systolic_bp_noninvasive_72h_max,0.0007406350478387103,0.0007704967283643782,6.946616831677568e-05,2,systolic_bp_noninvasive_72h_max,lab_vital_hourly,1.5100355425465188,692
num__late_consult_order_share_last_12h,0.0007382399036646239,0.0010649780742824078,8.118039093537441e-05,2,late_consult_order_share_last_12h,poe_late_order_pathway,100.0,693
num__mean_bp_arterial_vital_value_range,0.0007311590854899069,0.0008651050738990307,-1.6284959454850898e-05,2,mean_bp_arterial_vital_value_range,lab_vital_hourly,100.0,694
num__systolic_bp_arterial_vital_first_value,0.0007273025387155971,0.0007781447461253328,6.969583943134812e-05,2,systolic_bp_arterial_vital_first_value,lab_vital_hourly,0.0031361070457871626,695
num__respiratory_rate_vital_relative_range,0.0007250057638816663,0.0008479707757942379,-0.00010746270189559875,2,respiratory_rate_vital_relative_range,lab_vital_hourly,25.25559272423165,696
cat__psych_diagnosis_burden_category_2 diagnoses,0.0007202970699031318,0.0008228272705518533,1.1520566403023372e-06,2,psych_diagnosis_burden_category_2 diagnoses,psychiatric_history,100.0,697
num__transfer_from_hospital_flag,0.000719596429773654,0.0007498521042038709,0.000129931291196705,2,transfer_from_hospital_flag,demographic_admin,4.4543173740330335,698
num__self_harm_without_safety_order_flag,0.000717107223953172,0.001000512396965279,0.00020484383912563396,2,self_harm_without_safety_order_flag,psychiatric_history,3.3624294375914703,699
num__wbc_lab_count,0.00070512024903579,0.0008864876741338957,-0.000234998187878022,2,wbc_lab_count,lab_vital_hourly,25.597428392222454,700
num__urine_output_per_icu_day,0.0007049014621894017,0.0010275534770945371,8.834229348635528e-05,2,urine_output_per_icu_day,lab_vital_hourly,2.316537737821451,701
num__late_lab_order_share_last_6h,0.0006987677395115131,0.0008291279664263129,-7.907390837860205e-05,2,late_lab_order_share_last_6h,poe_late_order_pathway,100.0,702
cat__discharge_location_ACUTE HOSPITAL,0.000695665280425231,0.0011241676418059674,0.00031496891329017623,2,discharge_location_ACUTE HOSPITAL,discharge_aftercare,100.0,703
cat__age_group_60-69,0.0006951780463450351,0.000814905378012498,-4.005541524899594e-05,2,age_group_60-69,demographic_admin,100.0,704
num__has_bipolar_disorder,0.0006937430783227644,0.0006958163381659612,0.00016641637546896095,2,has_bipolar_disorder,psychiatric_history,100.0,705
num__sodium_lab_first_24h_count,0.0006929384519704292,0.0008035532664507627,-1.2327814836602911e-06,2,sodium_lab_first_24h_count,lab_vital_hourly,0.544637256951704,706
num__respiratory_rate_72h_std,0.0006903554640583402,0.0007718604756519198,-5.5372576410850905e-05,2,respiratory_rate_72h_std,lab_vital_hourly,100.0,707
num__had_antibiotic_exposure,0.0006894270627577105,0.0010028950637206435,0.00027627527178448617,2,had_antibiotic_exposure,other,100.0,708
num__num_orientation_chart_events,0.0006887610406016882,0.0007552014430984855,1.9975964116446642e-05,2,num_orientation_chart_events,other,100.0,709
num__new_benzodiazepine_started_flag,0.0006807794033516523,0.0013615588067033045,9.68881512880558e-06,2,new_benzodiazepine_started_flag,medication_emar_pharmacy,100.0,710
num__recent_psych_admission_30d,0.000678494986694863,0.0007434273138642311,2.7768693376441396e-05,2,recent_psych_admission_30d,prior_utilisation,100.0,711
num__quiet_self_harm_low_activity_score,0.0006770991451965281,0.0009562636259943247,0.00044944097411957483,2,quiet_self_harm_low_activity_score,psychiatric_history,100.0,712
num__medical_to_psych_service_transfer,0.0006754045375869946,0.001020145003221065,0.00016372316702594533,2,medical_to_psych_service_transfer,psychiatric_history,100.0,713
num__age_65plus_x_charlson,0.0006750635093962488,0.0007944262798781866,-8.860816207121187e-05,2,age_65plus_x_charlson,medical_comorbidity,100.0,714
num__respiratory_rate_72h_mean,0.0006750413715112067,0.0007629756532086148,-7.446504387279895e-05,2,respiratory_rate_72h_mean,lab_vital_hourly,100.0,715
num__previous_total_admissions_30d,0.0006726053347797022,0.0007772576063871384,7.923043786202456e-05,2,previous_total_admissions_30d,prior_utilisation,100.0,716
num__systolic_bp_noninvasive_vital_min_value,0.0006704271653544605,0.0008792240987531841,-9.408595608354444e-05,2,systolic_bp_noninvasive_vital_min_value,lab_vital_hourly,4.336713359816015,717
cat__admission_type_OBSERVATION ADMIT,0.0006685920551117483,0.0008599137072451413,-0.00013578667410851582,2,admission_type_OBSERVATION ADMIT,poe_late_order_pathway,100.0,718
num__prior_psych_90d_x_substance_use,0.0006639808907963038,0.0009546614601276815,6.0896940125236145e-05,2,prior_psych_90d_x_substance_use,prior_utilisation,100.0,719
num__prior_instability_score,0.0006609184274832649,0.0007501642249358679,8.301435462613839e-05,2,prior_instability_score,prior_utilisation,100.0,720
num__spo2_72h_mean,0.0006590795255940975,0.0008928542956709862,-0.0001087003598440783,2,spo2_72h_mean,lab_vital_hourly,0.23259460589588124,721
num__heart_rate_72h_min,0.000658364928909298,0.0006881834706291556,1.680751732809018e-05,2,heart_rate_72h_min,lab_vital_hourly,100.0,722
num__systolic_bp_noninvasive_72h_std,0.0006548102970361586,0.0006786156729116789,0.0001206769810974369,2,systolic_bp_noninvasive_72h_std,lab_vital_hourly,6.842462889399958,723
num__elixhauser_weight_loss,0.0006520026772467555,0.0007735207563635232,5.1894841533064826e-05,2,elixhauser_weight_loss,medical_comorbidity,100.0,724
num__heart_rate_vital_value_range,0.0006499415027623695,0.0006580948823492371,-6.117153316313848e-05,2,heart_rate_vital_value_range,lab_vital_hourly,100.0,725
num__creatinine_lab_first_72h_min,0.0006499117889040512,0.0006730440089608335,0.000130025622935257,2,creatinine_lab_first_72h_min,lab_vital_hourly,100.0,726
num__finer_substance_use_category_count,0.0006496325977795132,0.0008511641118109839,-2.2561807279147908e-05,2,finer_substance_use_category_count,psychiatric_history,100.0,727
num__num_positive_urine_culture,0.0006489786469403907,0.0007621416889183728,5.522726245201672e-05,2,num_positive_urine_culture,lab_vital_hourly,100.0,728
num__latest_height_cm_before_admission_missing,0.0006468268016384165,0.0009057097878368937,9.851109215844019e-05,2,latest_height_cm_before_admission_missing,other,100.0,729
num__heart_rate_72h_mean,0.0006457915803640866,0.0007030664128251374,-4.319713251498053e-05,2,heart_rate_72h_mean,lab_vital_hourly,100.0,730
num__missing_bmi_flag,0.0006394267547875643,0.0012788535095751286,0.00013302717707119882,2,missing_bmi_flag,medical_comorbidity,100.0,731
num__self_harm_no_psych_followup_flag,0.0006386698783181679,0.0008915168000385165,0.0003231709105836471,2,self_harm_no_psych_followup_flag,psychiatric_history,0.46884800334518084,732
num__num_oxygen_support_chart_events,0.0006362647429068011,0.0009486298658885062,4.01733619757456e-05,2,num_oxygen_support_chart_events,lab_vital_hourly,100.0,733
num__followup_order_first_72h_flag,0.0006348313995622281,0.0007850086549296975,-0.00011987835412970669,2,followup_order_first_72h_flag,discharge_aftercare,100.0,734
num__emar_started_stopped_activity_last_24h,0.00063472285320603,0.0007299334974959493,-3.922769054516559e-05,2,emar_started_stopped_activity_last_24h,medication_emar_pharmacy,100.0,735
num__substance_use_home_discharge_no_followup_flag,0.0006344245899583859,0.0008887457079254091,-6.590369437940201e-05,2,substance_use_home_discharge_no_followup_flag,psychiatric_history,0.9366506376750994,736
num__had_antipsychotic,0.0006314162261453312,0.000871710847810813,8.939635540261753e-05,2,had_antipsychotic,psychiatric_history,100.0,737
num__late_routine_care_orders_last_6h,0.000628782108098412,0.0007527198016609141,2.8191555947792368e-05,2,late_routine_care_orders_last_6h,poe_late_order_pathway,100.0,738
cat__last_icu_careunit_Medical/Surgical Intensive Care Unit (MICU/SICU),0.0006281811303828081,0.0006347893504425883,1.1488225925706624e-05,2,last_icu_careunit_Medical/Surgical Intensive Care Unit (MICU/SICU),icu_care,100.0,739
num__num_gcs_chart_events,0.0006257325082011783,0.0007324821199290454,0.00012846479813583388,2,num_gcs_chart_events,lab_vital_hourly,100.0,740
num__bmi_change_recent_filled,0.0006255916217149369,0.0007922831251831992,-2.281492672088745e-05,2,bmi_change_recent_filled,prior_utilisation,100.0,741
cat__first_service_PSYCH,0.0006246608508883358,0.0011244562920182943,2.8551762745879876e-05,2,first_service_PSYCH,psychiatric_history,100.0,742
num__minimum_mean_bp,0.0006196312628114585,0.0007399658832486697,3.44782994706549e-05,2,minimum_mean_bp,other,100.0,743
num__had_case_management_order,0.0006190549716433663,0.0012381099432867326,-1.1053616509649305e-05,2,had_case_management_order,poe_late_order_pathway,100.0,744
num__time_to_first_transfer_hours_missing,0.0006112397918449255,0.0010334764374420047,-0.00013928870735344735,2,time_to_first_transfer_hours_missing,demographic_admin,59.73238553209283,745
num__respiratory_rate_72h_max,0.0006086477829671307,0.0007342680229929893,2.4777581673988297e-05,2,respiratory_rate_72h_max,lab_vital_hourly,100.0,746
num__lab_activity_last_24h_flag,0.0006080136779193585,0.0010464859660714865,0.00022134018981709506,2,lab_activity_last_24h_flag,lab_vital_hourly,100.0,747
num__high_pain_flag,0.0006056966790321832,0.0011835524519505146,9.539156771826851e-05,2,high_pain_flag,lab_vital_hourly,100.0,748
num__mean_bp_arterial_vital_relative_range,0.0006015103807436254,0.0006321906694211066,0.00013126333148803587,2,mean_bp_arterial_vital_relative_range,lab_vital_hourly,100.0,749
num__emar_delayed_administration_count,0.0005954415110955545,0.0006441020523197949,-7.436862475271463e-05,2,emar_delayed_administration_count,medication_emar_pharmacy,100.0,750
num__heart_rate_vital_mean_value,0.0005871032676149541,0.0007976247096811253,-4.7300634795915145e-05,2,heart_rate_vital_mean_value,lab_vital_hourly,100.0,751
num__has_previous_nonpsych_admission,0.0005838759629383368,0.0007357873255386949,3.664648278881079e-05,2,has_previous_nonpsych_admission,prior_utilisation,100.0,752
num__systolic_bp_noninvasive_vital_mean_value,0.000582677272099614,0.0006321434630081058,-6.284240290967275e-05,2,systolic_bp_noninvasive_vital_mean_value,lab_vital_hourly,4.180430692034288,753
num__current_psych_group_not_seen_previous_flag,0.0005822831870650851,0.0008770154360473111,1.5350044867356948e-05,2,current_psych_group_not_seen_previous_flag,prior_utilisation,100.0,754
cat__admission_season_winter,0.0005738429735229293,0.0007811224786564708,-2.5340056640818132e-06,2,admission_season_winter,other,100.0,755
cat__admission_location_grouped_Physician / clinic referral,0.0005651984050619146,0.0009716295942162555,9.709007479150184e-06,2,admission_location_grouped_Physician / clinic referral,demographic_admin,100.0,756
cat__discharge_location_OTHER FACILITY,0.0005638080814878606,0.000617816811427474,9.109011235646693e-05,2,discharge_location_OTHER FACILITY,discharge_aftercare,100.0,757
num__respiratory_rate_72h_min,0.0005592096630614518,0.0007172211771830916,-7.971305183884256e-06,2,respiratory_rate_72h_min,lab_vital_hourly,100.0,758
num__respiratory_rate_vital_min_value,0.000558914204275423,0.0007485351134710036,0.00011024992502570871,2,respiratory_rate_vital_min_value,lab_vital_hourly,3.7303993309638304,759
num__new_antipsychotic_started_flag,0.0005545799735777225,0.0009792248019948602,4.1823356782274225e-05,2,new_antipsychotic_started_flag,psychiatric_history,100.0,760
num__psychotropic_change_with_aftercare_plan_flag,0.0005544448146213888,0.0009192526922561228,7.98366744344332e-05,2,psychotropic_change_with_aftercare_plan_flag,psychiatric_history,100.0,761
num__num_unique_antipsychotics,0.000553648307400254,0.0005603196326502813,2.5142320003615468e-05,2,num_unique_antipsychotics,psychiatric_history,100.0,762
num__creatinine_lab_value_change,0.0005531346428781901,0.0005563917576551743,-3.922769063157137e-05,2,creatinine_lab_value_change,lab_vital_hourly,100.0,763
num__num_active_icu_interventions,0.0005474824594428524,0.0005781449726782739,-0.000123523511032069,2,num_active_icu_interventions,icu_care,100.0,764
num__self_harm_and_previous_psych_365d,0.0005472431579901897,0.0005535029922612011,0.00020301952656320808,2,self_harm_and_previous_psych_365d,prior_utilisation,1.815805979510767,765
num__num_rass_sedation_chart_events,0.0005430515225636919,0.0008206804050132632,3.5453335385666312e-06,2,num_rass_sedation_chart_events,lab_vital_hourly,100.0,766
num__heart_rate_72h_observed_hours,0.000543014362787667,0.0006446852930821478,5.4760138300506393e-05,2,heart_rate_72h_observed_hours,lab_vital_hourly,100.0,767
num__mean_bp_arterial_vital_value_change,0.0005428750924474749,0.0007157507934607565,-6.054156580074453e-05,2,mean_bp_arterial_vital_value_change,lab_vital_hourly,100.0,768
num__hemoglobin_lab_first_72h_count,0.0005410930511421929,0.0007954692700877786,3.3247959142510094e-05,2,hemoglobin_lab_first_72h_count,lab_vital_hourly,100.0,769
num__facility_discharge_and_late_orders_flag,0.0005348888527204078,0.000955726116688043,5.64845861456722e-06,2,facility_discharge_and_late_orders_flag,discharge_aftercare,100.0,770
cat__last_service_NSURG,0.0005328066298467583,0.0007176828221417964,1.7347650376858046e-05,2,last_service_NSURG,demographic_admin,100.0,771
cat__physical_transfer_category_3-4 transfer events,0.0005324574434964076,0.0006298607331700623,1.9953895587723214e-05,2,physical_transfer_category_3-4 transfer events,demographic_admin,100.0,772
cat__last_icu_careunit_Coronary Care Unit (CCU),0.0005318935294222622,0.0008284862269647419,4.3185685280360914e-05,2,last_icu_careunit_Coronary Care Unit (CCU),icu_care,100.0,773
cat__psych_medication_burden_category_1 class,0.0005303812386082114,0.0005422139420333507,2.309336525180399e-05,2,psych_medication_burden_category_1 class,psychiatric_history,100.0,774
cat__procedure_burden_category_1-2 procedures,0.0005303762063445063,0.0007412987761199474,7.73730320040965e-05,2,procedure_burden_category_1-2 procedures,medical_comorbidity,100.0,775
num__previous_admission_had_late_safety_orders,0.0005260696125802167,0.0009145656367763877,-6.789071829588131e-05,2,previous_admission_had_late_safety_orders,prior_utilisation,100.0,776
num__previous_nonpsych_admissions_90d,0.0005220669887884047,0.0007830981630831957,-4.7746313572110016e-05,2,previous_nonpsych_admissions_90d,prior_utilisation,100.0,777
num__creatinine_lab_abnormal,0.0005212040453612665,0.0008446004145636877,6.344001381359488e-05,2,creatinine_lab_abnormal,lab_vital_hourly,100.0,778
num__substance_use_x_benzodiazepine,0.000515838146572092,0.0006402761359030334,-7.777132939564434e-05,2,substance_use_x_benzodiazepine,psychiatric_history,83.05665900062722,779
num__previous_nonpsych_admissions_180d,0.0005107488420687012,0.0005186959751881659,5.280290957681629e-05,2,previous_nonpsych_admissions_180d,prior_utilisation,100.0,780
num__mean_bp_noninvasive_vital_max_value,0.0005096141030804264,0.0005554572562687099,3.628713790091688e-05,2,mean_bp_noninvasive_vital_max_value,lab_vital_hourly,100.0,781
num__vital_abnormality_burden_score,0.0005070521073293579,0.0007610883330926299,5.645495636188654e-05,2,vital_abnormality_burden_score,lab_vital_hourly,25.501777127325948,782
num__late_medication_orders_and_psychotropic_change_flag,0.000505876700400118,0.000904180237395641,0.00011567878165402448,2,late_medication_orders_and_psychotropic_change_flag,psychiatric_history,100.0,783
cat__psych_diagnosis_burden_category_3-4 diagnoses,0.0005045261151036161,0.0006475763511843979,4.6007513354833837e-05,2,psych_diagnosis_burden_category_3-4 diagnoses,psychiatric_history,100.0,784
num__previous_psych_admissions_14d,0.0005032749581992754,0.0006694259354844689,-4.6130323108049194e-05,2,previous_psych_admissions_14d,prior_utilisation,100.0,785
num__has_copd,0.0005032432764397206,0.000624170457823429,-5.5681068662433945e-05,2,has_copd,medical_comorbidity,100.0,786
num__systolic_bp_noninvasive_72h_observed_hours,0.0005010165851790689,0.0007123326815654054,0.0001179085122300484,2,systolic_bp_noninvasive_72h_observed_hours,lab_vital_hourly,7.1581643320092,787
num__had_opioid_exposure,0.0005004802591554548,0.0006140709309216043,0.00015477551518880588,2,had_opioid_exposure,psychiatric_history,100.0,788
num__emar_new_iv_bag_count,0.0004992616623652974,0.0005380654474720359,6.967287660628868e-05,2,emar_new_iv_bag_count,medication_emar_pharmacy,100.0,789
num__elixhauser_hypertension,0.0004979097883087746,0.0005503566935658455,7.097734705530367e-05,2,elixhauser_hypertension,medical_comorbidity,100.0,790
num__late_lab_orders_without_psych_safety_orders_flag,0.0004965096599295859,0.0006609043921343982,-7.260792529703632e-05,2,late_lab_orders_without_psych_safety_orders_flag,psychiatric_history,100.0,791
num__has_anxiety_ptsd,0.0004961483700474874,0.0006538699381053448,6.776495866341971e-05,2,has_anxiety_ptsd,other,100.0,792
num__vital_72h_longest_abnormal_run_hours,0.0004959722375337078,0.0008138730190694332,-0.00011469258545506876,2,vital_72h_longest_abnormal_run_hours,lab_vital_hourly,11.121680953376542,793
num__smi_without_followup_order_flag,0.0004950764302713097,0.0005200941299720199,0.00016199202733234777,2,smi_without_followup_order_flag,psychiatric_history,92.5987873719423,794
num__high_ed_los_flag,0.0004924892010361866,0.0005305150172596756,0.00013392374503702208,2,high_ed_los_flag,demographic_admin,100.0,795
num__respiratory_rate_vital_value_range,0.00048828037959885567,0.0007533401949331164,3.0768161455974744e-05,2,respiratory_rate_vital_value_range,lab_vital_hourly,5.450031361070458,796
num__hemoglobin_lab_first_24h_count,0.00048773436751630496,0.0009006416446030021,-9.66291201352199e-05,2,hemoglobin_lab_first_24h_count,lab_vital_hourly,100.0,797
num__mean_bp_noninvasive_vital_value_change,0.0004876571031937319,0.0005449890437904632,2.3339343249608954e-05,2,mean_bp_noninvasive_vital_value_change,lab_vital_hourly,100.0,798
cat__admission_location_grouped_Other,0.0004802992017222662,0.0005328215193003416,3.974429507364205e-05,2,admission_location_grouped_Other,demographic_admin,100.0,799
num__total_icu_los_days,0.00047865753933414793,0.0004940239596180618,0.00013898600375635077,2,total_icu_los_days,icu_care,4.21179176249216,800
num__elixhauser_hypothyroidism,0.0004776278661343672,0.0007086603436619043,-4.1244235725752245e-05,2,elixhauser_hypothyroidism,medical_comorbidity,100.0,801
num__num_icu_datetime_events,0.0004675415034681137,0.0007073729648254812,-2.6924892110534678e-05,2,num_icu_datetime_events,icu_care,100.0,802
num__num_service_records,0.00046138872191216505,0.0006125030498281063,-2.0161413682746206e-05,2,num_service_records,demographic_admin,100.0,803
num__previous_admission_had_home_discharge_no_followup,0.0004580048967029745,0.0004615200450643897,5.7363048825672054e-05,2,previous_admission_had_home_discharge_no_followup,prior_utilisation,100.0,804
num__vital_72h_abnormal_window_count,0.0004573769294483082,0.0005825331900268793,-0.00010183745073695172,2,vital_72h_abnormal_window_count,lab_vital_hourly,32.675099310056446,805
cat__race_PATIENT DECLINED TO ANSWER,0.00045411989428866206,0.0006111994301587254,-6.587880894452395e-05,2,race_PATIENT DECLINED TO ANSWER,demographic_admin,100.0,806
num__creatinine_lab_count,0.0004480086075327457,0.0006490832335220845,0.00015163728325552308,2,creatinine_lab_count,lab_vital_hourly,100.0,807
num__protective_aftercare_present_flag,0.0004447958791934581,0.0004990082546283814,-7.853134345349455e-05,2,protective_aftercare_present_flag,discharge_aftercare,100.0,808
cat__last_service_PSYCH,0.000444783118354566,0.000493848230689764,8.588089321814448e-05,2,last_service_PSYCH,psychiatric_history,100.0,809
num__num_icu_output_events,0.0004447457030384515,0.0005186874768696725,5.6685464581556334e-05,2,num_icu_output_events,icu_care,100.0,810
num__platelet_lab_first_72h_count,0.00043981507055486455,0.00045396976956216424,-7.994684764177365e-05,2,platelet_lab_first_72h_count,lab_vital_hourly,100.0,811
num__has_tobacco_or_nicotine_related_disorder,0.00043772695936910916,0.0007104766555130482,-2.1744661279661523e-05,2,has_tobacco_or_nicotine_related_disorder,poe_late_order_pathway,100.0,812
num__mean_bp_noninvasive_72h_mean,0.00043580378620720184,0.0005359891219995916,-5.869939605225149e-05,2,mean_bp_noninvasive_72h_mean,other,100.0,813
num__vital_72h_abnormal_window_percentage,0.00043511127915401773,0.000504372117575258,-5.58574195616257e-06,2,vital_72h_abnormal_window_percentage,lab_vital_hourly,47.55279113527075,814
num__has_psychotic_disorder,0.0004335812670829105,0.0006066380301490426,3.308851218223898e-05,2,has_psychotic_disorder,psychiatric_history,100.0,815
num__mean_bp_noninvasive_vital_last_value,0.0004324536395130473,0.0005451571778394282,0.0001484843090664879,2,mean_bp_noninvasive_vital_last_value,lab_vital_hourly,100.0,816
num__late_psych_safety_order_share_last_12h,0.0004308137987868332,0.00044594486311775314,3.3324221558919236e-06,2,late_psych_safety_order_share_last_12h,psychiatric_history,100.0,817
num__late_lab_activity_without_followup_flag,0.0004298624378364244,0.0004360657767392695,-3.745810973369359e-05,2,late_lab_activity_without_followup_flag,discharge_aftercare,100.0,818
cat__age_group_18-29,0.00042828499057180754,0.0006305772242478941,3.2774508755765857e-06,2,age_group_18-29,demographic_admin,100.0,819
num__had_prn_benzodiazepine,0.0004243944319387529,0.0005461809341795743,-3.719290927422285e-05,2,had_prn_benzodiazepine,medication_emar_pharmacy,100.0,820
num__potassium_lab_count,0.00041956472396031204,0.00044868194636181355,-0.0001034730369891859,2,potassium_lab_count,lab_vital_hourly,100.0,821
num__psychotropic_started_after_72h_flag,0.0004188824192976103,0.0007809201488271356,5.609456209842833e-05,2,psychotropic_started_after_72h_flag,psychiatric_history,100.0,822
cat__nonpsych_diagnosis_burden_category_6-10,0.000413451415047347,0.0005673893028870225,-4.044425750746275e-05,2,nonpsych_diagnosis_burden_category_6-10,psychiatric_history,100.0,823
cat__infection_burden_category_1-2 tests,0.0004119579908577502,0.0006640274659730494,2.8269346792521745e-05,2,infection_burden_category_1-2 tests,other,100.0,824
num__mostly_medical_readmission_pattern_flag,0.0004108222851991453,0.0007353608380071819,3.5369994921947806e-05,2,mostly_medical_readmission_pattern_flag,other,100.0,825
num__systolic_bp_noninvasive_vital_relative_range,0.000408861913452889,0.00042209733510389924,0.00019137589328099283,2,systolic_bp_noninvasive_vital_relative_range,lab_vital_hourly,4.007944804515994,826
num__elixhauser_comorbidity_group_count_simplified,0.00040515914276795657,0.0005582051027397478,3.775846519824421e-05,2,elixhauser_comorbidity_group_count_simplified,medical_comorbidity,100.0,827
num__num_inputevents,0.00040463817127838126,0.0004275135986292241,-2.630176011762557e-05,2,num_inputevents,icu_care,100.0,828
num__elixhauser_obesity,0.0004041287079902249,0.0007175690843723714,-5.503262813062713e-05,2,elixhauser_obesity,medical_comorbidity,100.0,829
cat__discharge_season_summer,0.00040323253077907673,0.0005095187807455659,-3.1640848150751836e-05,2,discharge_season_summer,discharge_aftercare,100.0,830
cat__last_service_CMED,0.0004021594313477747,0.000511001911945641,-9.103607654299784e-05,2,last_service_CMED,demographic_admin,100.0,831
num__substance_use_and_withdrawal_treatment_flag,0.00039977403473810105,0.0004983669496141374,-2.3049297771464403e-05,2,substance_use_and_withdrawal_treatment_flag,psychiatric_history,0.0015680535228935813,832
num__depression_and_substance_use_flag,0.0003974528595969091,0.0006595515890141969,4.134968134491535e-05,2,depression_and_substance_use_flag,psychiatric_history,100.0,833
num__systolic_bp_arterial_vital_last_value,0.00039171915337644946,0.0004298841303534146,-6.363536070455041e-05,2,systolic_bp_arterial_vital_last_value,lab_vital_hourly,4.477838176876437,834
num__followup_order_last_48h_before_discharge,0.0003908338815363783,0.00042536985216079417,6.017587741245313e-05,2,followup_order_last_48h_before_discharge,discharge_aftercare,100.0,835
num__psych_diagnosis_group_count_increased_from_previous_flag,0.0003902465321730357,0.0005109337359017693,2.1669905731326723e-05,2,psych_diagnosis_group_count_increased_from_previous_flag,prior_utilisation,100.0,836
num__had_ed_transfer_record,0.00038731881415447213,0.0005806145123992859,2.498158923280351e-05,2,had_ed_transfer_record,demographic_admin,100.0,837
num__had_withdrawal_treatment_order,0.0003865970394544209,0.0005043765995651484,2.2392224433346323e-05,2,had_withdrawal_treatment_order,poe_late_order_pathway,100.0,838
num__elixhauser_other_neurological,0.0003823294536623161,0.0004719648859463632,-3.7283067066224185e-05,2,elixhauser_other_neurological,medical_comorbidity,100.0,839
num__followup_order_last_24h_before_discharge,0.000381699175613406,0.0006349671928536797,1.2534043950123342e-05,2,followup_order_last_24h_before_discharge,discharge_aftercare,100.0,840
num__lab_abnormality_burden_x_icu_use,0.00038142722281307533,0.0005218116177880502,9.642616583206983e-05,2,lab_abnormality_burden_x_icu_use,lab_vital_hourly,100.0,841
cat__admission_season_summer,0.00037798673259452,0.0004674869414884597,-7.2562657073864254e-06,2,admission_season_summer,other,100.0,842
cat__hospital_los_category_1-3 days,0.0003748440171360608,0.0006041068118065596,-3.6011636287464386e-05,2,hospital_los_category_1-3 days,demographic_admin,100.0,843
num__hypoxia_72h_hour_percentage,0.00037463042196318394,0.00041086301110617596,0.00010524303208178358,2,hypoxia_72h_hour_percentage,demographic_admin,100.0,844
num__num_procedureevents,0.0003731520933562911,0.0004160792741458863,-0.00011241378618605819,2,num_procedureevents,medical_comorbidity,100.0,845
num__elixhauser_deficiency_anaemia,0.00037257386944668464,0.0005932699671795983,3.536891794006526e-05,2,elixhauser_deficiency_anaemia,medical_comorbidity,100.0,846
num__underweight_or_weight_loss_flag,0.00037141354904416746,0.00047167896991595626,1.0200792455246615e-05,2,underweight_or_weight_loss_flag,medical_comorbidity,4.010035542546519,847
num__num_hcpcs_events,0.0003710207445212067,0.0005990555196097837,8.381592283773521e-05,2,num_hcpcs_events,medical_comorbidity,100.0,848
num__heart_rate_vital_relative_range,0.00037040360802784064,0.000505756532214572,3.461203782753631e-05,2,heart_rate_vital_relative_range,lab_vital_hourly,100.0,849
cat__admission_season_spring,0.00036788310467537086,0.0004821160400751978,-4.8903985461788496e-06,2,admission_season_spring,other,100.0,850
num__spo2_72h_min,0.00036723016385603065,0.0005002202292049177,3.11769073594238e-05,2,spo2_72h_min,lab_vital_hourly,0.13171649592306084,851
num__num_unique_hcpcs_codes,0.00036492266616035046,0.0004420090699568391,9.903053103787141e-05,2,num_unique_hcpcs_codes,medical_comorbidity,100.0,852
num__recent_psych_admission_90d_x_substance_use,0.00036410670664568077,0.00046105237561278045,-4.053451480703952e-05,2,recent_psych_admission_90d_x_substance_use,prior_utilisation,100.0,853
cat__time_since_previous_psych_category_0-30 days,0.000359698623759194,0.0005397698259912431,1.2956401048016868e-05,2,time_since_previous_psych_category_0-30 days,prior_utilisation,100.0,854
num__older_age_and_no_recent_psych_history,0.00035776420412943753,0.0003913608642366725,9.052007786639234e-06,2,older_age_and_no_recent_psych_history,prior_utilisation,100.0,855
num__psychosis_without_followup_order_flag,0.000357370274336145,0.0005215505153575404,0.00013245478600867793,2,psychosis_without_followup_order_flag,psychiatric_history,100.0,856
num__systolic_bp_arterial_72h_min,0.0003558224423406663,0.00046897982247173786,-6.490799904060971e-07,2,systolic_bp_arterial_72h_min,lab_vital_hourly,2.2156596278486305,857
num__num_followup_referral_orders,0.00034994490893541753,0.0004259503330104053,-4.488245729257648e-05,2,num_followup_referral_orders,discharge_aftercare,100.0,858
cat__physiological_instability_category_2 indicators,0.0003499337763229475,0.0003705177223649056,-3.407720548488813e-05,2,physiological_instability_category_2 indicators,other,100.0,859
cat__psych_medication_burden_category_2 classes,0.00034806030759953696,0.000553675286937505,-2.8704638325953837e-05,2,psych_medication_burden_category_2 classes,psychiatric_history,100.0,860
num__previous_icu_admissions_365d,0.0003475392507205977,0.000594262673985213,1.0032684580501893e-05,2,previous_icu_admissions_365d,prior_utilisation,100.0,861
num__had_naloxone_order,0.0003462653725375233,0.0004517504130490124,2.8431575292170594e-05,2,had_naloxone_order,poe_late_order_pathway,100.0,862
num__had_procedure,0.00034605067804568815,0.0006921013560913763,1.6679898544304575e-05,2,had_procedure,medical_comorbidity,100.0,863
cat__age_group_40-49,0.0003447060892249383,0.0004829118261113763,7.9156711467642e-06,2,age_group_40-49,demographic_admin,100.0,864
num__num_labs_measured,0.0003440660544265257,0.0006735937314533204,0.00021218345073063918,2,num_labs_measured,lab_vital_hourly,100.0,865
num__mean_bp_arterial_vital_rate_of_change_per_day,0.0003439880753452108,0.00045142608115992714,-1.9812346428264092e-05,2,mean_bp_arterial_vital_rate_of_change_per_day,lab_vital_hourly,100.0,866
num__num_paused_inputevents,0.00034278103651870083,0.00046287666191346943,-6.833701254808541e-05,2,num_paused_inputevents,icu_care,100.0,867
num__previous_weight_kg_before_admission_missing,0.00034253790123622813,0.0004901340580545366,-3.783548307476707e-06,2,previous_weight_kg_before_admission_missing,prior_utilisation,100.0,868
num__platelet_lab_count,0.00034011259061806975,0.00046833436524609383,-5.1662523615882005e-05,2,platelet_lab_count,lab_vital_hourly,100.0,869
num__careunit_change_last_24h_before_discharge_flag,0.00033977333217121856,0.0004761593008879572,-9.032197400270269e-05,2,careunit_change_last_24h_before_discharge_flag,discharge_aftercare,100.0,870
num__has_personality_disorder,0.00033843861750682295,0.0004555694467853755,3.641686651001965e-05,2,has_personality_disorder,poe_late_order_pathway,100.0,871
num__discharge_planning_and_social_work_flag,0.0003378887956854388,0.00040038806037046015,-1.0262605611731791e-05,2,discharge_planning_and_social_work_flag,discharge_aftercare,100.0,872
num__num_unique_caregivers_icu,0.0003369182212595201,0.0004306378794070942,0.00015786868711023145,2,num_unique_caregivers_icu,icu_care,100.0,873
num__systolic_bp_arterial_72h_observed_hours,0.00033485032435726564,0.00040797636246748647,1.590638581993349e-05,2,systolic_bp_arterial_72h_observed_hours,lab_vital_hourly,1.9349780472506795,874
num__late_medication_change_without_discharge_med_plan_flag,0.00033329532898346325,0.0003484474031224547,7.638393525267175e-05,2,late_medication_change_without_discharge_med_plan_flag,discharge_aftercare,100.0,875
num__spo2_72h_observed_hours,0.00033266474958107265,0.00035343505442142487,-9.26561825838736e-06,2,spo2_72h_observed_hours,lab_vital_hourly,0.14844240016725904,876
num__psych_service_involved_anytime,0.000332177027651972,0.00048503153154054067,4.816623702430494e-05,2,psych_service_involved_anytime,psychiatric_history,100.0,877
num__high_medical_activity_low_psych_activity_flag,0.0003302401412748409,0.00041627284372225404,3.532523428676569e-05,2,high_medical_activity_low_psych_activity_flag,psychiatric_history,100.0,878
cat__admission_location_WALK-IN/SELF REFERRAL,0.0003227762512916729,0.0004168660697635323,2.897179212090533e-05,2,admission_location_WALK-IN/SELF REFERRAL,demographic_admin,100.0,879
num__prior_psych_365d_x_smi,0.000320719823837516,0.00035641182330437005,2.6852631537514148e-05,2,prior_psych_365d_x_smi,prior_utilisation,100.0,880
num__num_icu_input_events,0.0003206125036694814,0.0003803164432519593,1.049905153386992e-05,2,num_icu_input_events,icu_care,100.0,881
num__wbc_lab_first_72h_count,0.0003148623239260216,0.0003406901711154828,-4.943598566024535e-05,2,wbc_lab_first_72h_count,lab_vital_hourly,39.48097428392223,882
num__age_65plus_x_hospital_los_7plus,0.00031247513908124115,0.000497386499773711,6.783374776945097e-05,2,age_65plus_x_hospital_los_7plus,demographic_admin,100.0,883
num__home_discharge_with_followup_order_flag,0.0003123260375143205,0.0004520519287325442,5.6841766197960574e-05,2,home_discharge_with_followup_order_flag,discharge_aftercare,100.0,884
num__late_followup_to_total_late_order_ratio,0.00030961938235409307,0.0004671942134939829,3.572906281426731e-05,2,late_followup_to_total_late_order_ratio,discharge_aftercare,100.0,885
num__systolic_bp_arterial_vital_value_range,0.00030892862634615315,0.00040786503814160824,9.481558655517018e-05,2,systolic_bp_arterial_vital_value_range,lab_vital_hourly,4.450658582479615,886
num__wbc_lab_abnormal,0.00030883472363171436,0.0005071951309219003,7.449730113304016e-05,2,wbc_lab_abnormal,lab_vital_hourly,25.12178549027807,887
num__late_order_severity_x_low_aftercare_score,0.00030547010785735674,0.0003996812447439879,2.1365978265456417e-05,2,late_order_severity_x_low_aftercare_score,discharge_aftercare,100.0,888
num__platelet_lab_abnormal,0.0003043421443913031,0.000526363612152636,-4.229741185091387e-05,2,platelet_lab_abnormal,lab_vital_hourly,100.0,889
cat__icu_type_Cardiac ICU,0.00030166602661837696,0.0003124102513027352,2.3891574501993963e-05,2,icu_type_Cardiac ICU,icu_care,100.0,890
num__previous_total_admissions_14d,0.0003013321719975571,0.00030435677035711706,5.338424210746433e-05,2,previous_total_admissions_14d,prior_utilisation,100.0,891
num__elixhauser_congestive_heart_failure,0.0002978709921145658,0.00035219928287394994,2.218393658742279e-05,2,elixhauser_congestive_heart_failure,lab_vital_hourly,100.0,892
num__previous_height_cm_before_admission_missing,0.00029719548956597775,0.0004782693868037313,1.2456787303582114e-05,2,previous_height_cm_before_admission_missing,prior_utilisation,100.0,893
num__respiratory_rate_vital_max_value,0.00029664635589035095,0.00032577564707025886,3.7672112759830676e-05,2,respiratory_rate_vital_max_value,lab_vital_hourly,20.448985992055196,894
num__creatinine_lab_first_72h_count,0.0002962179072014608,0.0003455272987111644,9.478524172548024e-06,2,creatinine_lab_first_72h_count,lab_vital_hourly,100.0,895
num__previous_admission_had_followup_order,0.0002960351465425688,0.00029719266941160926,-4.0068476947147124e-05,2,previous_admission_had_followup_order,prior_utilisation,100.0,896
num__friday_evening_discharge_flag,0.00029460492005521416,0.00037769842165421663,1.9196322665838554e-05,2,friday_evening_discharge_flag,discharge_aftercare,100.0,897
cat__drg_mortality_category_Extreme,0.00029448894598142983,0.0005520776037120967,2.3262810164885257e-05,2,drg_mortality_category_Extreme,medical_comorbidity,100.0,898
num__antidepressant_antipsychotic_combination,0.0002915746469530031,0.0004971533198840916,-1.3536783279934354e-05,2,antidepressant_antipsychotic_combination,psychiatric_history,100.0,899
num__num_delayed_administered_events,0.0002912169227324636,0.0003387319447938353,-1.753231954997293e-05,2,num_delayed_administered_events,other,100.0,900
num__home_discharge_with_discharge_planning_order_flag,0.0002907717494629275,0.00034506362862885,2.0136277041605753e-05,2,home_discharge_with_discharge_planning_order_flag,discharge_aftercare,100.0,901
cat__admission_type_EU OBSERVATION,0.00028615954728978334,0.00036679956247098744,-0.00011646644514277913,2,admission_type_EU OBSERVATION,poe_late_order_pathway,100.0,902
num__older_age_x_no_recent_psych_history,0.0002847891254113657,0.0004389974637888372,2.031847686981846e-05,2,older_age_x_no_recent_psych_history,prior_utilisation,100.0,903
num__num_selected_neuro_behavioral_chart_events,0.00028141692484971584,0.0003772570291861982,-0.00013092923068512113,2,num_selected_neuro_behavioral_chart_events,other,100.0,904
num__previous_bmi_before_admission_missing,0.00028080481570214033,0.0005616096314042807,-1.3567339919973165e-05,2,previous_bmi_before_admission_missing,prior_utilisation,100.0,905
num__systolic_bp_arterial_vital_mean_value,0.0002793168576636473,0.0002903607382904738,-5.13136093336582e-05,2,systolic_bp_arterial_vital_mean_value,lab_vital_hourly,0.2440936650637675,906
num__medical_complexity_late_workup_home_discharge_flag,0.0002791977021843195,0.000558395404368639,-2.3928336304379627e-05,2,medical_complexity_late_workup_home_discharge_flag,discharge_aftercare,100.0,907
num__previous_ed_visits_14d,0.00027659116825375486,0.000369034019304584,5.198199046939644e-05,2,previous_ed_visits_14d,prior_utilisation,100.0,908
num__discharged_to_rehab_flag,0.0002747690573649114,0.0002848950926377635,2.8135265769017116e-05,2,discharged_to_rehab_flag,discharge_aftercare,100.0,909
num__num_restraint_chart_events,0.0002726087662798006,0.00036641523976561197,-6.649949284831858e-05,2,num_restraint_chart_events,other,100.0,910
num__previous_icu_admissions_90d,0.00027098017577191627,0.00039423975977115333,1.652365695707528e-05,2,previous_icu_admissions_90d,prior_utilisation,100.0,911
num__mean_bp_noninvasive_72h_max,0.00027028305372988264,0.00036053889198228717,-4.906469344410878e-05,2,mean_bp_noninvasive_72h_max,other,100.0,912
num__emar_complete_dose_not_given_rate,0.0002664055705186029,0.00027144023349956665,-1.852478243818884e-05,2,emar_complete_dose_not_given_rate,medication_emar_pharmacy,0.0,913
num__previous_short_los_flag,0.00026554931893705625,0.00043076484129285915,3.5796112492046834e-05,2,previous_short_los_flag,prior_utilisation,100.0,914
num__smi_and_previous_psych_365d,0.0002643370477895523,0.00038388558040713716,-6.96980828132045e-06,2,smi_and_previous_psych_365d,prior_utilisation,0.014112481706042231,915
num__self_harm_without_followup_order_flag,0.0002625913047461528,0.000359245139406994,-0.00010797647482454898,2,self_harm_without_followup_order_flag,psychiatric_history,29.31266987246498,916
num__careunit_change_count,0.0002610473119092813,0.0004179790100241427,-1.78668471419425e-05,2,careunit_change_count,icu_care,100.0,917
num__mean_bp_arterial_72h_min,0.00025944606760510607,0.00031496977317146957,-6.576444057906439e-06,2,mean_bp_arterial_72h_min,other,100.0,918
num__num_dosing_by_pharmacy_orders,0.0002589529145557094,0.0002915061279063365,0.00014198071183503622,2,num_dosing_by_pharmacy_orders,poe_late_order_pathway,100.0,919
num__los_7_to_30_days,0.0002565246195923198,0.0002777898954310708,-5.7215747892559176e-05,2,los_7_to_30_days,demographic_admin,100.0,920
num__frequent_ed_user_flag,0.00025220092629162495,0.0005044018525832499,3.295644228487191e-05,2,frequent_ed_user_flag,other,100.0,921
cat__age_group_70-79,0.0002513232368377631,0.0003024111742587085,-6.369041218700181e-06,2,age_group_70-79,demographic_admin,100.0,922
cat__admission_location_grouped_Emergency room,0.0002485078457663418,0.0004970156915326836,6.8788634547994925e-06,2,admission_location_grouped_Emergency room,demographic_admin,100.0,923
cat__admission_type_URGENT,0.0002438590479877115,0.0003961668990086764,-2.0975419066869512e-05,2,admission_type_URGENT,demographic_admin,100.0,924
num__late_followup_order_flag,0.00024370639532300868,0.0004724231257569045,-3.694020147327368e-05,2,late_followup_order_flag,discharge_aftercare,100.0,925
cat__drg_severity_category_Moderate,0.00024313614210021137,0.0002965791779784563,-1.1328947203000785e-06,2,drg_severity_category_Moderate,medical_comorbidity,100.0,926
num__late_orders_but_supervised_discharge_flag,0.00024247474271563195,0.0004849494854312639,-1.9347408618757923e-05,2,late_orders_but_supervised_discharge_flag,discharge_aftercare,100.0,927
num__smi_x_antipsychotic_polypharmacy,0.00024227897950627493,0.00037683381948746045,9.889215319449965e-06,2,smi_x_antipsychotic_polypharmacy,psychiatric_history,0.3261551327618649,928
num__wbc_lab_first_24h_count,0.0002415872844467527,0.0003455134865362197,-1.260412409806336e-05,2,wbc_lab_first_24h_count,lab_vital_hourly,15.336608822914489,929
cat__discharge_season_spring,0.00024114337406574453,0.0003812929498963058,-1.0265173246287527e-05,2,discharge_season_spring,discharge_aftercare,100.0,930
num__vital_72h_hourly_rows,0.00024100218014401684,0.0002971759302230798,2.944655251866729e-05,2,vital_72h_hourly_rows,lab_vital_hourly,2.427346853439264,931
num__had_followup_or_discharge_planning_order,0.00023953332856763154,0.0004790666571352631,0.00016182697436306626,2,had_followup_or_discharge_planning_order,discharge_aftercare,100.0,932
num__discontinued_order_proportion,0.00023883990722584756,0.0002504127623979002,-7.139587717002702e-05,2,discontinued_order_proportion,poe_late_order_pathway,100.0,933
num__multiple_procedure_codes,0.00023583833829647833,0.00030410554609261453,-3.9810319964807816e-05,2,multiple_procedure_codes,medical_comorbidity,100.0,934
num__age_65plus_x_discharge_to_facility,0.0002347991438902468,0.0002938013058155775,-3.2724672155270415e-05,2,age_65plus_x_discharge_to_facility,discharge_aftercare,100.0,935
num__late_lab_orders_last_12h,0.0002337997283060766,0.00028752145590260625,-1.6833276838866297e-05,2,late_lab_orders_last_12h,poe_late_order_pathway,100.0,936
num__previous_admission_had_late_lab_orders,0.00023324203804333868,0.0003097188600804657,-2.8034077836692566e-05,2,previous_admission_had_late_lab_orders,prior_utilisation,100.0,937
num__lab_activity_near_discharge_flag,0.00023308516024699916,0.00046617032049399833,0.00011734735816573427,2,lab_activity_near_discharge_flag,discharge_aftercare,100.0,938
num__respiratory_rate_72h_observed_hours,0.0002314247609748174,0.00034695843351073563,-2.7012745787944562e-05,2,respiratory_rate_72h_observed_hours,lab_vital_hourly,100.0,939
num__num_stopped_inputevents,0.00023119931850845826,0.00026442011585459113,-7.596883326380766e-05,2,num_stopped_inputevents,icu_care,100.0,940
num__mean_bp_arterial_vital_first_value,0.0002300673768741876,0.00023966198205016553,3.129894943127722e-05,2,mean_bp_arterial_vital_first_value,lab_vital_hourly,100.0,941
cat__discharge_location_REHAB,0.00022783448253143332,0.00024474208476021886,5.0621987253057295e-05,2,discharge_location_REHAB,discharge_aftercare,100.0,942
num__severe_tachycardia_72h_hour_percentage,0.00022537289802967636,0.000306493926417177,5.8181881672485275e-06,2,severe_tachycardia_72h_hour_percentage,demographic_admin,2.4017353125653353,943
num__distinct_organism_count,0.00022374968576039522,0.00026856092154048383,4.4532551369462214e-06,2,distinct_organism_count,other,100.0,944
num__had_constant_observation_order,0.00022277835194005113,0.0002971734502352774,2.7495108062614697e-05,2,had_constant_observation_order,poe_late_order_pathway,100.0,945
cat__first_service_CMED,0.00022074104578345178,0.00024387543089687824,1.3341144756903479e-05,2,first_service_CMED,demographic_admin,100.0,946
num__bipolar_without_mood_stabiliser_continuity_flag,0.00021972004752484497,0.0003065381897613406,6.090559026574524e-06,2,bipolar_without_mood_stabiliser_continuity_flag,psychiatric_history,100.0,947
num__friday_discharge,0.0002157060074764424,0.00024220497289206833,-6.459972305132608e-06,2,friday_discharge,discharge_aftercare,100.0,948
cat__first_icu_careunit_Medical/Surgical Intensive Care Unit (MICU/SICU),0.00021556484998724846,0.00031509215477854013,7.92904505059626e-06,2,first_icu_careunit_Medical/Surgical Intensive Care Unit (MICU/SICU),icu_care,100.0,949
num__num_prn_antipsychotic_orders,0.00021495939584331806,0.00035011795849537914,5.6405082701724707e-05,2,num_prn_antipsychotic_orders,psychiatric_history,100.0,950
cat__psych_medication_burden_category_3+ classes,0.00021298628547351649,0.00038684695288784484,-3.792031320310257e-06,2,psych_medication_burden_category_3+ classes,psychiatric_history,100.0,951
num__long_gap_recurrent_readmission_pattern_flag,0.00021267196229044855,0.00027764777769334614,1.9828841645295237e-05,2,long_gap_recurrent_readmission_pattern_flag,other,100.0,952
cat__race_ASIAN,0.000212220610356534,0.0002290381962666288,3.993690257078697e-05,2,race_ASIAN,demographic_admin,100.0,953
num__late_icu_intervention_activity,0.00021182638777224127,0.000255821825703606,-2.0588008130572645e-05,2,late_icu_intervention_activity,poe_late_order_pathway,100.0,954
cat__last_service_SURG,0.00021086517361402078,0.00021426145394798368,-3.5331551113500794e-06,2,last_service_SURG,demographic_admin,100.0,955
num__potassium_lab_first_24h_max_missing,0.00021080276760784033,0.0003141638701930467,2.4996017920418563e-05,2,potassium_lab_first_24h_max_missing,lab_vital_hourly,100.0,956
cat__anchor_year_group_2017 - 2019,0.00020986102625850098,0.00037688101292587817,-1.982152709556944e-05,2,anchor_year_group_2017 - 2019,other,100.0,957
num__late_psych_safety_orders_last_6h,0.00020858744940750198,0.00026716681895777583,0.0001600910857906759,2,late_psych_safety_orders_last_6h,psychiatric_history,100.0,958
num__has_polysubstance_related_disorder,0.00020611131403478023,0.00033146137138828635,6.0915076149131396e-06,2,has_polysubstance_related_disorder,psychiatric_history,100.0,959
num__platelet_lab_first_24h_count,0.00020487108291542032,0.00022970815527617678,-1.703388747289273e-05,2,platelet_lab_first_24h_count,lab_vital_hourly,100.0,960
num__month_end_discharge_flag,0.0002042914605524551,0.0003213708696421236,3.8809924349750426e-06,2,month_end_discharge_flag,discharge_aftercare,100.0,961
num__previous_admission_had_facility_discharge,0.0002041898376860429,0.00026498461375012994,2.294445187158516e-05,2,previous_admission_had_facility_discharge,prior_utilisation,100.0,962
num__mean_bp_arterial_72h_observed_hours,0.00020387416158384685,0.00029615400720017115,9.465902843477068e-06,2,mean_bp_arterial_72h_observed_hours,demographic_admin,100.0,963
num__had_careunit_transfer,0.00020163290901109576,0.0004032658180221915,-4.5466087613021955e-05,2,had_careunit_transfer,icu_care,100.0,964
num__icu_utilisation_x_physiological_instability,0.0002012388680311675,0.00038668320732676624,3.19671508022543e-05,2,icu_utilisation_x_physiological_instability,prior_utilisation,100.0,965
num__minimum_systolic_bp,0.00020106924112052606,0.0002764600212685764,4.128632414475694e-05,2,minimum_systolic_bp,lab_vital_hourly,100.0,966
num__num_selected_resp_support_chart_events,0.00020086541750204676,0.00021565373419722396,9.294467124373308e-05,2,num_selected_resp_support_chart_events,other,100.0,967
cat__discharge_location_HOME,0.0002007968117768051,0.0002329603157704696,7.172725509906145e-05,2,discharge_location_HOME,discharge_aftercare,100.0,968
num__weekend_admission,0.00020001473117711596,0.00021257121989037842,6.531503643613309e-06,2,weekend_admission,demographic_admin,83.05665900062722,969
num__multiple_careunits,0.0001990079696099884,0.00023370818345260904,1.5242654777022384e-05,2,multiple_careunits,icu_care,100.0,970
num__prior_psych_90d_x_self_harm,0.0001977091450041083,0.0003085919306613505,2.4491151429649283e-05,2,prior_psych_90d_x_self_harm,prior_utilisation,100.0,971
num__medical_complexity_no_aftercare_flag,0.00019490841008048933,0.00033588754601593054,3.230559708113484e-05,2,medical_complexity_no_aftercare_flag,discharge_aftercare,100.0,972
num__late_lab_orders_last_6h,0.00019389895632048091,0.00022758805425837636,-6.177194249542089e-06,2,late_lab_orders_last_6h,poe_late_order_pathway,100.0,973
num__had_clinic_referral_order,0.0001916175000516164,0.00033171336943654844,6.669644811476143e-05,2,had_clinic_referral_order,poe_late_order_pathway,100.0,974
num__admitted_from_facility_flag,0.00019131156229898632,0.0003470167235277187,2.5228657006126217e-05,2,admitted_from_facility_flag,discharge_aftercare,100.0,975
num__agitation_chart_event_flag,0.00018958258983438515,0.00025074951908535617,6.677187628667636e-05,2,agitation_chart_event_flag,other,100.0,976
cat__last_service_CSURG,0.00018953824579019657,0.00024147742078639567,9.553567296687519e-06,2,last_service_CSURG,demographic_admin,100.0,977
cat__admission_season_autumn,0.00018931048766439507,0.0003138272121704129,-1.1161781099620949e-06,2,admission_season_autumn,other,100.0,978
num__elixhauser_diabetes_uncomplicated,0.00018891238605815494,0.00031199923250824213,5.623013334364292e-07,2,elixhauser_diabetes_uncomplicated,medical_comorbidity,100.0,979
num__ed_length_of_stay_hours_missing,0.00018830604676622897,0.00037661209353245795,-4.8911591875366867e-05,2,ed_length_of_stay_hours_missing,demographic_admin,100.0,980
num__spo2_vital_min_value,0.00018742007747543646,0.0002754521556198597,4.163229587551785e-05,2,spo2_vital_min_value,lab_vital_hourly,0.36796989337236047,981
num__weekend_discharge,0.00018734863060858623,0.000283894594758749,-1.873846304990113e-05,2,weekend_discharge,discharge_aftercare,15.291135270750575,982
cat__first_icu_careunit_Coronary Care Unit (CCU),0.00018624512256434016,0.0002664958990427445,3.852254110824257e-05,2,first_icu_careunit_Coronary Care Unit (CCU),icu_care,100.0,983
num__recent_psych_admission_90d,0.00018583525396747557,0.00025604580878280103,-6.435920247750712e-05,2,recent_psych_admission_90d,prior_utilisation,100.0,984
num__new_self_harm_this_admission_flag,0.00018555179768123262,0.00026225033798255026,9.113556714943161e-05,2,new_self_harm_this_admission_flag,psychiatric_history,100.0,985
num__hematology_lab_abnormality,0.00018107953218522526,0.0002922467247117311,9.20576168344244e-05,2,hematology_lab_abnormality,lab_vital_hourly,100.0,986
num__high_procedure_burden,0.00017982104891144744,0.00026461316156201065,-2.1750456404120562e-05,2,high_procedure_burden,medical_comorbidity,100.0,987
num__medical_complexity_without_prior_psych_flag,0.0001791097310102037,0.0002614334225654602,-2.1040391561683063e-05,2,medical_complexity_without_prior_psych_flag,prior_utilisation,100.0,988
num__previous_psych_admissions_7d,0.00017659326794107754,0.00019298421102575958,-8.366015514250841e-06,2,previous_psych_admissions_7d,prior_utilisation,100.0,989
num__systolic_bp_arterial_vital_max_value,0.00017558162565752022,0.00021069083595648408,5.9124886002786774e-05,2,systolic_bp_arterial_vital_max_value,lab_vital_hourly,0.0015680535228935813,990
num__vital_72h_hours_with_3plus_instability_indicators,0.00017403261259118767,0.00017619972641114146,3.140127841171418e-05,2,vital_72h_hours_with_3plus_instability_indicators,lab_vital_hourly,26.900480869747025,991
num__creatinine_lab_first_24h_count,0.00017311218644591692,0.00022079338668845594,-3.1830399060777816e-05,2,creatinine_lab_first_24h_count,lab_vital_hourly,100.0,992
cat__nonpsych_diagnosis_burden_category_11+,0.00017222412356056007,0.00018553015252109617,4.236115267978049e-05,2,nonpsych_diagnosis_burden_category_11+,psychiatric_history,100.0,993
num__previous_nonpsych_admissions_60d,0.00017101812132016962,0.0002198965902642761,4.3725624957882915e-05,2,previous_nonpsych_admissions_60d,prior_utilisation,100.0,994
cat__admission_location_grouped_Transfer from hospital,0.00017075246372225846,0.0003415049274445169,2.2367522182513932e-05,2,admission_location_grouped_Transfer from hospital,demographic_admin,100.0,995
num__has_ed_timing,0.00017072792222595944,0.0003414558444519189,1.2133785927636724e-05,2,has_ed_timing,other,100.0,996
cat__time_since_previous_psych_category_91-180 days,0.00016887506045187834,0.00022658372583139706,1.1292857155232959e-05,2,time_since_previous_psych_category_91-180 days,prior_utilisation,100.0,997
num__safety_order_and_self_harm_flag,0.00016599526861682534,0.0003319905372336507,8.517552487319335e-05,2,safety_order_and_self_harm_flag,psychiatric_history,0.05592724231653774,998
num__had_sitter_or_constant_observation_order,0.00016535278260344238,0.00024131337551371322,-1.6320711246429265e-05,2,had_sitter_or_constant_observation_order,poe_late_order_pathway,100.0,999
num__spo2_vital_value_range,0.00016410554456864203,0.0001887519364313166,1.919393482629806e-05,2,spo2_vital_value_range,lab_vital_hourly,0.0005226845076311937,1000
num__mean_bp_arterial_72h_mean,0.00016321232761955332,0.00029757714946754277,-5.357069623392688e-05,2,mean_bp_arterial_72h_mean,other,100.0,1001
num__systolic_bp_arterial_72h_mean,0.00016186730060041676,0.00025429457885706386,2.05824932841851e-05,2,systolic_bp_arterial_72h_mean,lab_vital_hourly,0.027179594396822077,1002
num__urea_nitrogen_lab_first_72h_count,0.00016146762940420718,0.00016752484953030944,-1.529077710466629e-06,2,urea_nitrogen_lab_first_72h_count,lab_vital_hourly,20.015680535228935,1003
num__safety_orders_without_self_harm_flag,0.00016107690212606885,0.00021267321426421404,-4.548700393931357e-05,2,safety_orders_without_self_harm_flag,psychiatric_history,0.5644992682416894,1004
cat__discharge_location_SKILLED NURSING FACILITY,0.00015999888428310291,0.00018901702424045652,1.0035571326765607e-05,2,discharge_location_SKILLED NURSING FACILITY,discharge_aftercare,100.0,1005
num__icu_complexity_without_psych_history_flag,0.00015964701284923048,0.00025802472373470664,5.803920423417985e-05,2,icu_complexity_without_psych_history_flag,psychiatric_history,100.0,1006
num__recent_psych_admission_90d_x_severe_mental_illness,0.00015951803723561955,0.0002022210915685148,3.684640062091617e-05,2,recent_psych_admission_90d_x_severe_mental_illness,prior_utilisation,100.0,1007
num__physiological_instability_score,0.00015860216803099242,0.000181708179297857,9.4273965086819e-05,2,physiological_instability_score,other,100.0,1008
cat__drg_mortality_category_Major,0.00015774402709212154,0.0003154880541842431,-1.9441435142653063e-05,2,drg_mortality_category_Major,medical_comorbidity,100.0,1009
num__smi_without_psychotropic_continuity_flag,0.00015739003916705202,0.00019720260752364993,6.030778554731477e-05,2,smi_without_psychotropic_continuity_flag,psychiatric_history,0.02979301693497805,1010
num__glucose_lab_abnormal,0.00015414104274127357,0.00019555966719053686,-2.1552013642079907e-05,2,glucose_lab_abnormal,lab_vital_hourly,100.0,1011
cat__last_icu_careunit_Surgical Intensive Care Unit (SICU),0.00015386256944400042,0.0002312594879185781,1.8897618868640056e-05,2,last_icu_careunit_Surgical Intensive Care Unit (SICU),icu_care,100.0,1012
num__num_nonformulary_visual_verification,0.0001537961568791757,0.0001790263609944587,-4.860928574143175e-06,2,num_nonformulary_visual_verification,other,100.0,1013
num__prior_near_30d_readmission_flag,0.00015293802096427608,0.00022177536447998136,2.222595795688848e-05,2,prior_near_30d_readmission_flag,prior_utilisation,100.0,1014
num__late_followup_or_aftercare_orders_last_12h,0.00015063314868951942,0.00027974456409108413,2.0113905859641454e-06,2,late_followup_or_aftercare_orders_last_12h,discharge_aftercare,100.0,1015
num__weight_change_recent_missing,0.00015042682638160632,0.00030085365276321264,9.311661795882536e-06,2,weight_change_recent_missing,prior_utilisation,13.316955885427555,1016
num__mean_bp_arterial_vital_min_value,0.00014866070869659832,0.00021840106966070482,-3.1789036600662696e-05,2,mean_bp_arterial_vital_min_value,lab_vital_hourly,100.0,1017
num__had_sedative_hypnotic,0.00014719729563765643,0.000263570953393355,-7.306934198008345e-06,2,had_sedative_hypnotic,other,100.0,1018
num__holiday_period_discharge_flag,0.00014715590794663112,0.00022379720758181065,-3.886347546267156e-07,2,holiday_period_discharge_flag,discharge_aftercare,100.0,1019
num__any_electrolyte_abnormality,0.00014631084923166782,0.00029262169846333563,-5.372344094212167e-05,2,any_electrolyte_abnormality,other,100.0,1020
num__late_orders_but_discharge_planning_present_flag,0.00014537225790910098,0.00029074451581820196,1.323101357069762e-05,2,late_orders_but_discharge_planning_present_flag,discharge_aftercare,100.0,1021
num__icu_or_procedure_without_psych_marker_flag,0.00014408201125417242,0.00015253573424582113,4.9692285650459244e-05,2,icu_or_procedure_without_psych_marker_flag,psychiatric_history,100.0,1022
num__num_psych_related_poe_orders,0.00014181514517780684,0.0001582143595442176,2.4806089971151768e-05,2,num_psych_related_poe_orders,psychiatric_history,100.0,1023
num__num_service_transfers,0.00014154929263169924,0.00017359417688567191,3.5673923573804457e-06,2,num_service_transfers,demographic_admin,100.0,1024
num__high_utiliser_previous_year,0.0001408833343425643,0.00018319372611586004,2.5964704028233055e-06,2,high_utiliser_previous_year,prior_utilisation,100.0,1025
cat__marital_status_WIDOWED,0.0001406270192427601,0.0001751818199409172,6.94407269747563e-07,2,marital_status_WIDOWED,demographic_admin,100.0,1026
num__safety_orders_last_12h_before_discharge,0.0001393819982433378,0.0002787639964866756,7.941503796213201e-05,2,safety_orders_last_12h_before_discharge,discharge_aftercare,0.9831695588542756,1027
num__urea_nitrogen_lab_first_24h_count,0.00013931205187456527,0.00027862410374913054,-2.8295866346568482e-05,2,urea_nitrogen_lab_first_24h_count,lab_vital_hourly,1.6109136525193393,1028
num__service_or_careunit_change_flag,0.00013865756740642738,0.0001773170370142907,-4.6025606691863306e-05,2,service_or_careunit_change_flag,icu_care,2.5611540873928496,1029
num__late_consult_orders_last_12h,0.00013854629579864044,0.00023476967180613428,1.2826546253211998e-05,2,late_consult_orders_last_12h,poe_late_order_pathway,100.0,1030
num__num_followup_related_orders,0.00013814281954869156,0.0001393042264454345,-7.209673039333072e-06,2,num_followup_related_orders,discharge_aftercare,100.0,1031
cat__infection_burden_category_3-5 tests,0.00013716791242322906,0.00014574363497940867,-3.340271235838871e-05,2,infection_burden_category_3-5 tests,other,100.0,1032
num__previous_total_admissions_7d,0.00013662150889928617,0.00015551222895737737,-1.3080565869922258e-05,2,previous_total_admissions_7d,prior_utilisation,100.0,1033
num__had_prn_antipsychotic,0.0001365516347452856,0.00020037450303789228,-1.0474245364608222e-05,2,had_prn_antipsychotic,psychiatric_history,100.0,1034
num__psychotropic_change_without_aftercare_plan_flag,0.00013573097417958276,0.00023393923765979707,1.1800639939757655e-06,2,psychotropic_change_without_aftercare_plan_flag,psychiatric_history,100.0,1035
num__previous_nonpsych_admissions_30d,0.0001326699022716005,0.00020779731531280103,1.891117764730394e-05,2,previous_nonpsych_admissions_30d,prior_utilisation,100.0,1036
cat__insurance_Medicare,0.00013166464224044944,0.0002078242125396014,1.5478312072539078e-05,2,insurance_Medicare,demographic_admin,100.0,1037
num__elixhauser_pulmonary_circulation,0.00013160055416882866,0.00013220280294334313,-2.2060907918589034e-05,2,elixhauser_pulmonary_circulation,medical_comorbidity,100.0,1038
num__severe_mental_illness_x_antipsychotic,0.00013124070021039203,0.00019242595575413388,1.1567476345747265e-05,2,severe_mental_illness_x_antipsychotic,psychiatric_history,25.12178549027807,1039
num__systolic_bp_arterial_vital_value_change,0.000131231948570917,0.0001818425687623408,6.956669108419762e-05,2,systolic_bp_arterial_vital_value_change,lab_vital_hourly,1.9355007317583106,1040
num__icu_stay_count,0.0001307924885428232,0.00016107046394608915,2.8787773334767704e-06,2,icu_stay_count,icu_care,100.0,1041
cat__race_PORTUGUESE,0.00013037922326475382,0.00026075844652950764,1.020125546347117e-05,2,race_PORTUGUESE,demographic_admin,100.0,1042
num__depression_on_current_and_previous_admission_flag,0.00012967240289442827,0.00021440512500703335,-1.1351270416144789e-05,2,depression_on_current_and_previous_admission_flag,prior_utilisation,100.0,1043
num__num_safety_observation_orders,0.0001295319670400793,0.0002267812813975339,3.599137549818149e-05,2,num_safety_observation_orders,poe_late_order_pathway,100.0,1044
num__decreasing_admission_frequency_flag,0.00012904110316942424,0.00022185979469213635,2.1623811838577757e-05,2,decreasing_admission_frequency_flag,other,100.0,1045
num__urea_nitrogen_lab_severe_abnormal,0.00012847846664953977,0.00025695693329907954,3.1876563298283145e-05,2,urea_nitrogen_lab_severe_abnormal,lab_vital_hourly,24.634643529165796,1046
num__mixed_psych_medical_readmission_pattern_flag,0.00012810481504351416,0.00020372741294420423,5.566303786455988e-06,2,mixed_psych_medical_readmission_pattern_flag,psychiatric_history,100.0,1047
num__respiratory_rate_abnormal_anytime_flag,0.00012552844566400542,0.00020876160124316812,-1.316778265851488e-05,2,respiratory_rate_abnormal_anytime_flag,lab_vital_hourly,100.0,1048
num__has_diabetes,0.00012478186546129526,0.00015685819380450994,-2.9487116031418242e-05,2,has_diabetes,medical_comorbidity,100.0,1049
cat__admission_type_DIRECT EMER.,0.0001243915903614834,0.0002487831807229668,1.265707760467194e-05,2,admission_type_DIRECT EMER.,demographic_admin,100.0,1050
num__culture_positive_first_72h,0.0001239817055522367,0.00017768560792319477,1.9803256909548614e-05,2,culture_positive_first_72h,other,100.0,1051
num__infection_or_positive_culture_x_older_age,0.00012286238839004338,0.00012396214879117906,-1.9047875591732934e-05,2,infection_or_positive_culture_x_older_age,demographic_admin,100.0,1052
num__height_change_recent_missing,0.00012194370832891754,0.0002169439562599471,-9.153709350299472e-06,2,height_change_recent_missing,prior_utilisation,100.0,1053
num__icu_or_procedure_complexity_flag,0.0001217622374679794,0.0001423760621402214,-7.096976043127263e-06,2,icu_or_procedure_complexity_flag,medical_comorbidity,100.0,1054
num__had_mechanical_ventilation_procedure,0.00012147970119258389,0.00024295940238516778,-6.178069452289492e-05,2,had_mechanical_ventilation_procedure,medical_comorbidity,100.0,1055
num__prn_psychotropic_and_self_harm_flag,0.00011919792514466032,0.00019254293874837458,-2.3034063263267895e-05,2,prn_psychotropic_and_self_harm_flag,psychiatric_history,100.0,1056
num__num_unique_services_during_admission,0.00011779499434266065,0.0002355899886853213,1.1795374020582002e-05,2,num_unique_services_during_admission,demographic_admin,100.0,1057
cat__admission_location_TRANSFER FROM HOSPITAL,0.0001176458176399243,0.0002352916352798486,1.2494569196277667e-05,2,admission_location_TRANSFER FROM HOSPITAL,demographic_admin,100.0,1058
num__late_orders_but_facility_discharge_flag,0.0001172684590800161,0.00014177364633697243,-4.576043851012592e-05,2,late_orders_but_facility_discharge_flag,discharge_aftercare,100.0,1059
num__mean_bp_arterial_72h_max,0.00011664509564017158,0.0001743760221870616,4.7999566043692874e-05,2,mean_bp_arterial_72h_max,other,100.0,1060
cat__time_since_previous_psych_category_31-90 days,0.00011570116314929129,0.0001284151553224616,-1.7506820652611525e-05,2,time_since_previous_psych_category_31-90 days,prior_utilisation,100.0,1061
num__spo2_72h_max,0.00011524549930762712,0.00017124829173553735,1.777724321790676e-05,2,spo2_72h_max,lab_vital_hourly,0.9115617813088019,1062
cat__physical_transfer_category_0-2 transfer events,0.00011488839430706613,0.00022977678861413225,1.167054052500718e-05,2,physical_transfer_category_0-2 transfer events,demographic_admin,100.0,1063
num__late_orders_and_self_harm_flag,0.00011209622623678316,0.00015920914302114397,-1.138779828330959e-05,2,late_orders_and_self_harm_flag,psychiatric_history,100.0,1064
num__has_chronic_kidney_disease,0.00011068496987672352,0.00017829874450306997,9.847550748006966e-06,2,has_chronic_kidney_disease,other,100.0,1065
num__self_harm_and_substance_use_flag,0.00011006296270524864,0.00015771615159228006,2.53038677330625e-06,2,self_harm_and_substance_use_flag,psychiatric_history,17.29040351243989,1066
num__elixhauser_metastatic_cancer,0.00010998178888482833,0.00012863567098975182,-3.0375545409356675e-06,2,elixhauser_metastatic_cancer,medical_comorbidity,100.0,1067
num__abnormal_labs_last_12h_before_discharge,0.0001094515117781882,0.0002189030235563764,-2.134632943904815e-05,2,abnormal_labs_last_12h_before_discharge,discharge_aftercare,100.0,1068
num__vital_instability_near_discharge_score,0.00010903681420368705,0.00013747533375862986,3.030769847027638e-05,2,vital_instability_near_discharge_score,discharge_aftercare,4.980660673217646,1069
cat__last_service_PSURG,0.00010609632329768957,0.0001854572765296325,3.9277378598673615e-05,2,last_service_PSURG,demographic_admin,100.0,1070
num__new_abnormal_lab_last_24h_flag,0.00010559783202354143,0.00012489937976683114,2.354821699505176e-05,2,new_abnormal_lab_last_24h_flag,lab_vital_hourly,100.0,1071
num__vital_72h_max_instability_score,0.00010528922800851733,0.0001696872722730828,1.9647702495847003e-05,2,vital_72h_max_instability_score,lab_vital_hourly,1.6171858666109138,1072
cat__admission_type_ELECTIVE,0.00010451121488586068,0.00020902242977172136,-2.627082949402393e-06,2,admission_type_ELECTIVE,demographic_admin,100.0,1073
num__safety_orders_last_6h_before_discharge,0.00010436157967157575,0.00016953421498686833,2.608682669838862e-05,2,safety_orders_last_6h_before_discharge,discharge_aftercare,1.6171858666109138,1074
num__elixhauser_coagulopathy,0.00010367825272961014,0.00011901439652084293,2.1455274566693654e-06,2,elixhauser_coagulopathy,medical_comorbidity,100.0,1075
cat__nonpsych_diagnosis_burden_category_1-5,0.00010167941185645713,0.0001685509632807225,2.7019708142871595e-05,2,nonpsych_diagnosis_burden_category_1-5,psychiatric_history,100.0,1076
num__renal_lab_abnormality,0.00010015345760178927,0.00012750714667188353,6.946636360100988e-06,2,renal_lab_abnormality,lab_vital_hourly,100.0,1077
num__same_first_last_service,9.919067360852399e-05,0.00011897565673190207,3.772292776243407e-05,2,same_first_last_service,demographic_admin,1.0704578716286848,1078
num__psychosis_and_substance_use_flag,9.777186812431634e-05,0.0001405062503181398,2.4684771750861828e-05,2,psychosis_and_substance_use_flag,psychiatric_history,100.0,1079
num__late_safety_to_total_late_order_ratio,9.760689026174681e-05,0.00019521378052349362,1.4743609706873601e-05,2,late_safety_to_total_late_order_ratio,poe_late_order_pathway,100.0,1080
num__late_imaging_orders_last_12h,9.584078182570692e-05,0.00011147754782088213,2.4799460995898265e-06,2,late_imaging_orders_last_12h,poe_late_order_pathway,100.0,1081
cat__admission_location_PROCEDURE SITE,9.582808766385639e-05,0.00011099426774308085,-8.686121412800052e-06,2,admission_location_PROCEDURE SITE,medical_comorbidity,100.0,1082
num__urea_nitrogen_lab_abnormal,9.551352559356019e-05,0.00019102705118712038,-3.424984970479272e-05,2,urea_nitrogen_lab_abnormal,lab_vital_hourly,1.2633284549445953,1083
num__late_lab_activity_without_facility_discharge_flag,9.416460730952842e-05,9.484784215926525e-05,8.417035641147083e-07,2,late_lab_activity_without_facility_discharge_flag,discharge_aftercare,100.0,1084
num__num_icu_procedure_events,9.392157224124157e-05,0.00015124580891688074,-5.0815599747214444e-05,2,num_icu_procedure_events,medical_comorbidity,100.0,1085
num__latest_bmi_before_admission_missing,9.226977050512655e-05,0.00013970386055481803,4.500039249929188e-05,2,latest_bmi_before_admission_missing,medical_comorbidity,100.0,1086
num__mean_bp_noninvasive_abnormal_anytime_flag,9.158159809885547e-05,0.00018316319619771093,1.9388598957448266e-06,2,mean_bp_noninvasive_abnormal_anytime_flag,other,100.0,1087
num__late_orders_but_followup_present_flag,9.131081607749436e-05,9.690998558653519e-05,-2.948089023701278e-05,2,late_orders_but_followup_present_flag,discharge_aftercare,100.0,1088
num__non_english_language_flag,9.054628664904036e-05,0.00012292087194509804,1.9004590320932417e-06,2,non_english_language_flag,demographic_admin,100.0,1089
num__antipsychotic_plus_mood_stabiliser,8.979234214825206e-05,9.453988604946062e-05,-7.311423232225132e-06,2,antipsychotic_plus_mood_stabiliser,psychiatric_history,100.0,1090
num__bmi_change_recent_missing,8.855973365307974e-05,0.00012411022908054292,-2.1384034287847254e-05,2,bmi_change_recent_missing,prior_utilisation,100.0,1091
num__home_discharge_without_discharge_planning_order_flag,8.809690916677937e-05,0.00017619381833355874,3.965214636991732e-05,2,home_discharge_without_discharge_planning_order_flag,discharge_aftercare,100.0,1092
num__had_therapy_or_counselling_followup_order,8.77859661938452e-05,0.00010457532805173041,1.5603940992136665e-05,2,had_therapy_or_counselling_followup_order,discharge_aftercare,100.0,1093
cat__infection_burden_category_6+ tests,8.756353640340653e-05,0.00010238488620367671,1.6597058703813997e-05,2,infection_burden_category_6+ tests,other,100.0,1094
num__had_followup_or_outpatient_referral_order,8.670449575495678e-05,0.00017340899150991356,-7.680160671221398e-06,2,had_followup_or_outpatient_referral_order,discharge_aftercare,100.0,1095
num__antipsychotic_polypharmacy_2plus,8.548018377041444e-05,0.00017096036754082888,-3.1775853130966425e-05,2,antipsychotic_polypharmacy_2plus,psychiatric_history,100.0,1096
num__had_mood_stabiliser,8.475615800737284e-05,0.0001060046924976632,1.9736161206571067e-05,2,had_mood_stabiliser,medication_emar_pharmacy,100.0,1097
num__mean_bp_arterial_72h_std,8.338060163884216e-05,9.599760420836094e-05,-9.40828358969927e-06,2,mean_bp_arterial_72h_std,other,100.0,1098
num__has_drg_record,8.270341641036794e-05,0.00016540683282073587,1.8142287444788963e-05,2,has_drg_record,medical_comorbidity,100.0,1099
num__urine_culture_positive,8.18688077734034e-05,0.00015101637109182775,3.614364814599486e-06,2,urine_culture_positive,lab_vital_hourly,17.29040351243989,1100
num__has_previous_icu_admission,8.171487823288519e-05,9.310168894327438e-05,2.2357783029262954e-06,2,has_previous_icu_admission,prior_utilisation,100.0,1101
num__had_psych_consult_order,8.150608130456135e-05,8.673538832226768e-05,4.213220560925435e-06,2,had_psych_consult_order,psychiatric_history,100.0,1102
num__internal_transfer_from_psych_flag,8.025592822841379e-05,0.00016051185645682759,8.675007577065839e-06,2,internal_transfer_from_psych_flag,psychiatric_history,100.0,1103
cat__admission_type_DIRECT OBSERVATION,7.936581363355713e-05,0.00015873162726711426,-2.440018731528511e-06,2,admission_type_DIRECT OBSERVATION,poe_late_order_pathway,100.0,1104
num__previous_icu_admissions_7d,7.637646451517062e-05,0.00010460755584063008,3.196062295546804e-06,2,previous_icu_admissions_7d,prior_utilisation,100.0,1105
cat__discharge_location_CHRONIC/LONG TERM ACUTE CARE,7.530610309913754e-05,0.0001506122061982751,1.907388104882557e-05,2,discharge_location_CHRONIC/LONG TERM ACUTE CARE,discharge_aftercare,100.0,1106
cat__icu_utilisation_category_Multiple ICU stays,7.471757271559909e-05,0.00014943514543119818,1.1652332432277035e-06,2,icu_utilisation_category_Multiple ICU stays,prior_utilisation,100.0,1107
num__mean_bp_arterial_vital_mean_value,7.341974262584382e-05,7.364666817011312e-05,8.074374254019923e-06,2,mean_bp_arterial_vital_mean_value,lab_vital_hourly,100.0,1108
num__potassium_lab_abnormal,7.281208672793582e-05,0.00014562417345587164,-2.330659845029004e-05,2,potassium_lab_abnormal,lab_vital_hourly,100.0,1109
num__hypotension_last_24h_before_discharge_flag,7.19931922503747e-05,0.0001439863845007494,-4.086891294718953e-06,2,hypotension_last_24h_before_discharge_flag,discharge_aftercare,100.0,1110
num__late_consult_orders_last_6h,7.136403705662433e-05,0.00010176992609339469,-6.3630828356928e-06,2,late_consult_orders_last_6h,poe_late_order_pathway,100.0,1111
num__quiet_home_discharge_psych_risk_flag,7.055846636042971e-05,7.35650941375465e-05,4.958235871808105e-05,2,quiet_home_discharge_psych_risk_flag,psychiatric_history,100.0,1112
num__wbc_lab_value_range_missing,7.023842488528345e-05,0.0001404768497705669,4.871532381882696e-05,2,wbc_lab_value_range_missing,lab_vital_hourly,1.6522057286222036,1113
cat__total_diagnosis_burden_category_21+,6.794249963062526e-05,7.022336649242789e-05,-2.3030719409699823e-05,2,total_diagnosis_burden_category_21+,other,100.0,1114
num__low_order_activity_with_recent_psych_admission_flag,6.786279399516109e-05,7.088530235895982e-05,7.76118336516022e-06,2,low_order_activity_with_recent_psych_admission_flag,prior_utilisation,100.0,1115
num__spo2_vital_max_value,6.780306773029373e-05,6.929510230900931e-05,-4.6728052099846454e-06,2,spo2_vital_max_value,lab_vital_hourly,0.10610495504913234,1116
cat__admission_location_TRANSFER FROM SKILLED NURSING FACILITY,6.741055460828273e-05,0.00013482110921656545,5.37573831500556e-06,2,admission_location_TRANSFER FROM SKILLED NURSING FACILITY,discharge_aftercare,100.0,1117
num__new_psychosis_this_admission_flag,6.736907380400226e-05,0.0001347381476080045,1.4834511603112333e-05,2,new_psychosis_this_admission_flag,psychiatric_history,100.0,1118
num__ed_admission_with_psychosis_flag,6.69225692480415e-05,0.000133845138496083,-1.1477671160138397e-05,2,ed_admission_with_psychosis_flag,psychiatric_history,100.0,1119
num__previous_3plus_psych_admissions,6.622924542840497e-05,0.00011022349908191564,1.1162750075734945e-05,2,previous_3plus_psych_admissions,prior_utilisation,100.0,1120
num__has_previous_psych_admission,6.492067041108385e-05,0.0001298413408221677,-9.453354323341046e-06,2,has_previous_psych_admission,prior_utilisation,100.0,1121
num__admissions_per_30d,6.483330029625762e-05,0.00012966660059251524,3.5434188297273928e-06,2,admissions_per_30d,other,100.0,1122
num__recent_icu_admission_90d_flag,6.454146372571953e-05,0.00012908292745143906,-2.404257634687371e-07,2,recent_icu_admission_90d_flag,prior_utilisation,100.0,1123
num__num_unique_services,6.391314141657708e-05,0.00012782628283315416,3.266981129038574e-06,2,num_unique_services,demographic_admin,100.0,1124
num__rapid_recurrent_readmission_pattern_flag,6.36686731132371e-05,9.6429321274627e-05,1.1544586229412471e-05,2,rapid_recurrent_readmission_pattern_flag,other,100.0,1125
num__previous_long_los_flag,6.321556965239662e-05,7.675292727071792e-05,-3.269807125702811e-06,2,previous_long_los_flag,prior_utilisation,100.0,1126
num__systolic_bp_arterial_vital_min_value,6.13800141257042e-05,6.338340107370987e-05,-3.245790034285308e-06,2,systolic_bp_arterial_vital_min_value,lab_vital_hourly,0.018293957767091786,1127
num__previous_icu_admissions_60d,6.110483829851489e-05,0.00012220967659702978,-2.4513863664383406e-06,2,previous_icu_admissions_60d,prior_utilisation,100.0,1128
num__systolic_bp_arterial_72h_std,6.057784490498982e-05,6.316733353496134e-05,1.1188688112843414e-06,2,systolic_bp_arterial_72h_std,lab_vital_hourly,2.003972402257997,1129
num__smi_home_discharge_no_followup_flag,6.045118994843325e-05,6.443825259339064e-05,2.075874164279025e-05,2,smi_home_discharge_no_followup_flag,psychiatric_history,0.007317583106836714,1130
num__num_continuous_infusion_events,5.977521576795753e-05,6.093990812530793e-05,2.5080175823037502e-05,2,num_continuous_infusion_events,medication_emar_pharmacy,100.0,1131
num__had_mood_stabiliser_order,5.8475993798439644e-05,0.00010216540977125987,1.0773742416778414e-05,2,had_mood_stabiliser_order,poe_late_order_pathway,100.0,1132
cat__race_HISPANIC/LATINO - PUERTO RICAN,5.7743468571742265e-05,0.00011548693714348453,1.7221777481328636e-06,2,race_HISPANIC/LATINO - PUERTO RICAN,demographic_admin,100.0,1133
num__late_order_type_diversity_x_low_aftercare_flag,5.7666588543331596e-05,8.835987682687119e-05,1.098941362880153e-05,2,late_order_type_diversity_x_low_aftercare_flag,discharge_aftercare,100.0,1134
num__sodium_lab_first_24h_max_missing,5.7520991850140016e-05,0.00011504198370028003,-2.7996617790663076e-05,2,sodium_lab_first_24h_max_missing,lab_vital_hourly,0.04495086765628267,1135
num__discharged_to_residential_care_flag,5.542826693272218e-05,0.00011085653386544436,9.618383955967147e-06,2,discharged_to_residential_care_flag,discharge_aftercare,100.0,1136
num__has_stimulant_related_disorder,5.484149369294755e-05,0.0001096829873858951,2.334597047592979e-05,2,has_stimulant_related_disorder,psychiatric_history,100.0,1137
num__had_sliding_scale_order,5.3667357762646344e-05,9.51589026954025e-05,4.2925690502669555e-06,2,had_sliding_scale_order,poe_late_order_pathway,100.0,1138
cat__last_icu_careunit_Medical Intensive Care Unit (MICU),5.3633095376426354e-05,0.00010726619075285271,-1.5099948541319463e-05,2,last_icu_careunit_Medical Intensive Care Unit (MICU),icu_care,100.0,1139
num__emar_had_infusion_administration,5.356557801325405e-05,0.0001071311560265081,-1.030181522932383e-05,2,emar_had_infusion_administration,medication_emar_pharmacy,100.0,1140
num__psychosis_and_previous_psych_365d,5.207611693916596e-05,7.447570734081763e-05,5.936266607773222e-06,2,psychosis_and_previous_psych_365d,prior_utilisation,100.0,1141
cat__drg_severity_category_Extreme,5.203476012628526e-05,6.0758298786822706e-05,-1.3581303568521246e-05,2,drg_severity_category_Extreme,medical_comorbidity,100.0,1142
num__no_psychotropic_discharge_med_in_psychosis_flag,5.1923125283792615e-05,0.00010384625056758523,-6.2116537264955696e-06,2,no_psychotropic_discharge_med_in_psychosis_flag,psychiatric_history,100.0,1143
cat__icu_type_Surgical/Trauma ICU,5.178158308004693e-05,6.833524585301453e-05,-6.029281418255043e-06,2,icu_type_Surgical/Trauma ICU,icu_care,100.0,1144
cat__total_diagnosis_burden_category_0-5,5.084969961899333e-05,0.00010169939923798665,-2.1144487618585117e-05,2,total_diagnosis_burden_category_0-5,other,100.0,1145
num__mood_stabiliser_antipsychotic_combination,5.070397968456483e-05,0.00010140795936912966,-3.793354515255475e-07,2,mood_stabiliser_antipsychotic_combination,psychiatric_history,100.0,1146
num__previous_ed_visits_7d,5.0473809985903215e-05,8.334698213730007e-05,-3.142773944341311e-07,2,previous_ed_visits_7d,prior_utilisation,100.0,1147
num__psych_and_medical_comorbidity_flag,5.0103313697036356e-05,0.00010020662739407271,1.1212623576284386e-05,2,psych_and_medical_comorbidity_flag,psychiatric_history,100.0,1148
num__num_vital_types_measured,4.969310975866392e-05,9.938621951732785e-05,-2.3419874196406454e-05,2,num_vital_types_measured,lab_vital_hourly,100.0,1149
num__high_care_team_touchpoints_near_discharge_flag,4.8436120706074817e-05,9.687224141214963e-05,-9.172739209232857e-06,2,high_care_team_touchpoints_near_discharge_flag,discharge_aftercare,100.0,1150
num__quiet_risk_flag,4.74426073295683e-05,9.48852146591366e-05,1.9832413479872017e-05,2,quiet_risk_flag,other,100.0,1151
num__high_physical_transfer_burden,4.7349782107630745e-05,9.469956421526149e-05,-1.5469056961592287e-05,2,high_physical_transfer_burden,demographic_admin,100.0,1152
num__num_distinct_organisms,4.6615466669096494e-05,6.308083290946553e-05,-6.204125764186498e-06,2,num_distinct_organisms,other,100.0,1153
num__late_psychotropic_change_flag,4.6369547971994416e-05,9.273909594398883e-05,1.3669229632452721e-06,2,late_psychotropic_change_flag,psychiatric_history,100.0,1154
num__late_psych_safety_without_followup_flag,4.600223110173829e-05,9.200446220347658e-05,-4.07586298933893e-07,2,late_psych_safety_without_followup_flag,psychiatric_history,100.0,1155
num__increasing_admission_frequency_flag,4.4546645030196e-05,8.9093290060392e-05,2.493613704004386e-07,2,increasing_admission_frequency_flag,other,100.0,1156
num__previous_3plus_total_admissions_365d,4.451571184047852e-05,8.903142368095704e-05,1.878817542144754e-05,2,previous_3plus_total_admissions_365d,prior_utilisation,100.0,1157
num__systolic_bp_arterial_vital_relative_range,4.356902116578841e-05,5.1052422350039706e-05,-1.2117725750339079e-05,2,systolic_bp_arterial_vital_relative_range,lab_vital_hourly,2.208342044741794,1158
num__self_harm_and_previous_psych_90d,4.302025748273442e-05,8.604051496546884e-05,3.0755476949340165e-06,2,self_harm_and_previous_psych_90d,prior_utilisation,0.009931005644992682,1159
cat__insurance_grouped_Medicare,4.237758342816861e-05,8.475516685633722e-05,2.0970079073840843e-05,2,insurance_grouped_Medicare,demographic_admin,100.0,1160
num__glucose_lab_first_72h_mean_missing,4.21126181271682e-05,8.42252362543364e-05,-9.664707864280805e-06,2,glucose_lab_first_72h_mean_missing,lab_vital_hourly,100.0,1161
num__late_imaging_orders_last_6h,4.131184323341586e-05,8.262368646683171e-05,-6.844504696346121e-06,2,late_imaging_orders_last_6h,poe_late_order_pathway,100.0,1162
num__psychosis_with_late_safety_order_flag,4.08620978368462e-05,5.349628918338567e-05,3.5524728975746135e-05,2,psychosis_with_late_safety_order_flag,psychiatric_history,100.0,1163
num__older_medical_complexity_home_discharge_flag,4.011330518820551e-05,5.6546602505403476e-05,-2.1593611275617427e-06,2,older_medical_complexity_home_discharge_flag,discharge_aftercare,100.0,1164
cat__procedure_burden_category_0 procedures,3.9268361682815056e-05,7.853672336563011e-05,-7.252933774517837e-06,2,procedure_burden_category_0 procedures,medical_comorbidity,100.0,1165
cat__language_Spanish,3.890717925969511e-05,7.781435851939023e-05,1.6188928384508472e-06,2,language_Spanish,demographic_admin,100.0,1166
num__home_discharge_and_late_orders_flag,3.809541158261709e-05,7.619082316523418e-05,1.241921927430667e-05,2,home_discharge_and_late_orders_flag,discharge_aftercare,100.0,1167
num__wbc_lab_severe_abnormal,3.78018983025718e-05,3.884553140903068e-05,7.985841475629543e-06,2,wbc_lab_severe_abnormal,lab_vital_hourly,26.33964039305875,1168
cat__procedure_burden_category_3+ procedures,3.68659094942489e-05,7.37318189884978e-05,1.2191286840594255e-06,2,procedure_burden_category_3+ procedures,medical_comorbidity,100.0,1169
num__impaired_orientation_flag,3.668024805029761e-05,4.433290450833738e-05,-6.88078757240735e-06,2,impaired_orientation_flag,other,100.0,1170
num__has_any_psych_medication,3.665678377728909e-05,7.331356755457819e-05,-6.354428023769287e-06,2,has_any_psych_medication,psychiatric_history,100.0,1171
cat__admission_location_grouped_Internal transfer involving psych,3.6544480189439834e-05,7.308896037887967e-05,6.6021046333997776e-06,2,admission_location_grouped_Internal transfer involving psych,psychiatric_history,100.0,1172
cat__first_icu_careunit_Medical Intensive Care Unit (MICU),3.6362307582749054e-05,7.272461516549811e-05,-1.4229922271624673e-05,2,first_icu_careunit_Medical Intensive Care Unit (MICU),icu_care,100.0,1173
num__elixhauser_diabetes_complicated,3.509756788844243e-05,7.019513577688485e-05,6.72965398962333e-08,2,elixhauser_diabetes_complicated,medical_comorbidity,100.0,1174
cat__first_icu_careunit_Surgical Intensive Care Unit (SICU),3.486770947347395e-05,6.97354189469479e-05,-1.3888174180465285e-05,2,first_icu_careunit_Surgical Intensive Care Unit (SICU),icu_care,100.0,1175
cat__hospital_los_category_0-1 days,3.429249026409551e-05,6.858498052819102e-05,-4.469447042357944e-06,2,hospital_los_category_0-1 days,demographic_admin,100.0,1176
num__previous_admission_within_27_33d_flag,3.2253993679186464e-05,4.7067653213161975e-05,1.021448867991887e-05,2,previous_admission_within_27_33d_flag,prior_utilisation,100.0,1177
num__previous_icu_admissions_30d,3.1178454718171766e-05,6.235690943634353e-05,3.1683132835895106e-06,2,previous_icu_admissions_30d,prior_utilisation,100.0,1178
num__safety_orders_without_prior_readmission_history_flag,3.0501570676424124e-05,3.6105620209418335e-05,-6.355661216576573e-06,2,safety_orders_without_prior_readmission_history_flag,prior_utilisation,8.592933305456826,1179
num__systolic_bp_noninvasive_abnormal_anytime_flag,2.9635790473286572e-05,3.133239847322655e-05,4.842189596710034e-06,2,systolic_bp_noninvasive_abnormal_anytime_flag,lab_vital_hourly,1.1995609450135898,1180
num__prolonged_icu_stay_7plus_days,2.9139989420126274e-05,5.827997884025255e-05,1.1968445847533602e-05,2,prolonged_icu_stay_7plus_days,icu_care,100.0,1181
num__glucose_lab_severe_abnormal,2.9110632910530507e-05,3.486879722913727e-05,2.218133575990736e-06,2,glucose_lab_severe_abnormal,lab_vital_hourly,100.0,1182
cat__language_English,2.8601035078751088e-05,3.603216464398429e-05,-3.005511941603181e-06,2,language_English,demographic_admin,100.0,1183
num__previous_icu_admissions_14d,2.828167453117203e-05,5.656334906234406e-05,1.3666271115653217e-05,2,previous_icu_admissions_14d,prior_utilisation,100.0,1184
num__elixhauser_renal_failure,2.8196438506711274e-05,5.639287701342255e-05,4.4717476157529745e-06,2,elixhauser_renal_failure,medical_comorbidity,100.0,1185
num__obesity_flag,2.7938577733301086e-05,5.587715546660217e-05,1.8464877810662065e-08,2,obesity_flag,other,100.0,1186
num__num_hospital_observation_hcpcs_events,2.7906960952256194e-05,5.581392190451239e-05,2.012000889225834e-06,2,num_hospital_observation_hcpcs_events,poe_late_order_pathway,100.0,1187
num__emar_complete_dose_not_given_count,2.713829599088058e-05,5.427659198176116e-05,-1.0234191449853824e-06,2,emar_complete_dose_not_given_count,medication_emar_pharmacy,100.0,1188
num__transfer_from_snf_flag,2.6309437209766666e-05,5.261887441953333e-05,-2.188560869565433e-08,2,transfer_from_snf_flag,discharge_aftercare,0.5289567217227681,1189
cat__language_Russian,2.5634050017210458e-05,5.1268100034420916e-05,1.3921052153575547e-05,2,language_Russian,demographic_admin,100.0,1190
num__systolic_bp_arterial_abnormal_anytime_flag,2.479058733997759e-05,2.7991918614134192e-05,-8.857310216782528e-07,2,systolic_bp_arterial_abnormal_anytime_flag,lab_vital_hourly,1.7457662554881872,1191
num__high_drg_mortality,2.4339280571439303e-05,4.867856114287861e-05,-6.0150327954033855e-06,2,high_drg_mortality,medical_comorbidity,100.0,1192
cat__last_icu_careunit_Cardiac Vascular Intensive Care Unit (CVICU),2.3940598404228904e-05,4.788119680845781e-05,3.176986331108723e-06,2,last_icu_careunit_Cardiac Vascular Intensive Care Unit (CVICU),icu_care,100.0,1193
num__low_order_activity_with_prior_psych_365d_flag,2.3685235646553338e-05,4.7370471293106675e-05,-6.703302233290742e-07,2,low_order_activity_with_prior_psych_365d_flag,prior_utilisation,100.0,1194
num__psychosis_on_current_and_previous_admission_flag,2.3534480025170568e-05,2.5214449926965333e-05,6.681933030268285e-06,2,psychosis_on_current_and_previous_admission_flag,prior_utilisation,100.0,1195
num__had_service_transfer,2.3346286746923413e-05,4.6692573493846826e-05,3.3486073168723985e-06,2,had_service_transfer,demographic_admin,100.0,1196
num__recent_icu_admission_365d_flag,2.293961006216705e-05,4.58792201243341e-05,-1.7304910215898417e-06,2,recent_icu_admission_365d_flag,prior_utilisation,100.0,1197
num__late_medication_change_without_followup_flag,2.241160473204218e-05,4.482320946408436e-05,-1.3997805581311695e-06,2,late_medication_change_without_followup_flag,discharge_aftercare,100.0,1198
num__num_stopped_procedureevents,2.1948904107367518e-05,2.3422506274073385e-05,-5.894677074007913e-07,2,num_stopped_procedureevents,medical_comorbidity,100.0,1199
cat__drg_severity_category_No DRG record,2.1752286556875333e-05,4.3504573113750666e-05,8.357612273357518e-07,2,drg_severity_category_No DRG record,medical_comorbidity,100.0,1200
num__psychosis_home_discharge_no_followup_flag,2.0472250039904864e-05,4.094450007980973e-05,-1.7883073761496078e-06,2,psychosis_home_discharge_no_followup_flag,psychiatric_history,100.0,1201
num__num_patient_may_take_own_med_orders,2.0296138245612383e-05,4.0592276491224766e-05,-1.2211910416226601e-06,2,num_patient_may_take_own_med_orders,poe_late_order_pathway,100.0,1202
num__previous_admission_had_late_orders,1.9436136426520534e-05,3.887227285304107e-05,4.103299033886287e-06,2,previous_admission_had_late_orders,prior_utilisation,100.0,1203
num__hemoglobin_lab_severe_abnormal,1.8648210360958485e-05,2.4516653191470568e-05,5.6393848294708975e-06,2,hemoglobin_lab_severe_abnormal,lab_vital_hourly,100.0,1204
num__has_microbiology_test,1.783456900739111e-05,3.566913801478222e-05,-6.673366442555562e-06,2,has_microbiology_test,other,100.0,1205
num__days_since_previous_icu_admission_missing,1.7364047904790918e-05,3.4728095809581836e-05,3.546045865850201e-06,2,days_since_previous_icu_admission_missing,prior_utilisation,100.0,1206
num__glucose_lab_first_24h_max_missing,1.702711428947189e-05,3.405422857894378e-05,-7.818794940677577e-06,2,glucose_lab_first_24h_max_missing,lab_vital_hourly,100.0,1207
num__previous_icu_admissions_180d,1.5571511539747007e-05,3.1143023079494014e-05,6.272547580010723e-06,2,previous_icu_admissions_180d,prior_utilisation,100.0,1208
num__platelet_lab_severe_abnormal,1.530766712676268e-05,3.061533425352536e-05,2.571378900029231e-06,2,platelet_lab_severe_abnormal,lab_vital_hourly,100.0,1209
num__had_icu_stay,1.5283270040267073e-05,3.056654008053415e-05,-7.0849088367401865e-06,2,had_icu_stay,icu_care,100.0,1210
num__multiple_services,1.4491709467630648e-05,2.8983418935261295e-05,-5.000032856994236e-07,2,multiple_services,demographic_admin,100.0,1211
num__new_mood_stabiliser_started_flag,1.4338563232740853e-05,2.8677126465481706e-05,-3.3378926218574634e-06,2,new_mood_stabiliser_started_flag,medication_emar_pharmacy,100.0,1212
num__medical_complexity_without_psych_history_flag,1.2834682820539456e-05,2.5669365641078912e-05,4.794836172550276e-07,2,medical_complexity_without_psych_history_flag,psychiatric_history,100.0,1213
num__recent_icu_admission_60d_flag,1.2664072528423276e-05,2.532814505684655e-05,-3.5787609249382513e-06,2,recent_icu_admission_60d_flag,prior_utilisation,100.0,1214
num__mean_bp_arterial_abnormal_anytime_flag,1.2605339179572184e-05,2.5210678359144367e-05,-4.910499683319358e-06,2,mean_bp_arterial_abnormal_anytime_flag,other,100.0,1215
num__tachypnoea_indicator,1.1951785381825175e-05,2.390357076365035e-05,7.313402079489606e-07,2,tachypnoea_indicator,other,0.005226845076311938,1216
cat__psych_diagnosis_burden_category_5+ diagnoses,1.1786059985752217e-05,2.3572119971504435e-05,-2.641417893300968e-07,2,psych_diagnosis_burden_category_5+ diagnoses,psychiatric_history,100.0,1217
num__antipsychotic_polypharmacy_3plus,1.1337882824591361e-05,2.2675765649182722e-05,-7.0623354986310005e-06,2,antipsychotic_polypharmacy_3plus,psychiatric_history,100.0,1218
num__prolonged_icu_stay_3plus_days,1.0813559129019268e-05,2.1627118258038536e-05,7.460279221049859e-07,2,prolonged_icu_stay_3plus_days,icu_care,100.0,1219
num__smi_and_high_charlson_flag,1.0793956255240761e-05,2.1587912510481522e-05,-2.222437442224419e-06,2,smi_and_high_charlson_flag,psychiatric_history,0.0846748902362534,1220
num__los_under_2_days,1.0739600838860497e-05,2.1479201677720994e-05,2.3497141228290275e-06,2,los_under_2_days,demographic_admin,100.0,1221
num__tachycardia_indicator,9.851110239667597e-06,1.9702220479335193e-05,-3.6135570036649175e-06,2,tachycardia_indicator,other,1.6004599623667155,1222
num__ed_los_high_x_high_order_activity,8.793115577152189e-06,1.7586231154304377e-05,9.030818773382998e-07,2,ed_los_high_x_high_order_activity,poe_late_order_pathway,100.0,1223
num__drg_code_count,8.506845915690064e-06,1.701369183138013e-05,-6.320271381810016e-07,2,drg_code_count,medical_comorbidity,100.0,1224
num__late_order_activity_x_high_poe_orders,8.235407221945934e-06,1.6470814443891868e-05,1.8794117977449787e-06,2,late_order_activity_x_high_poe_orders,poe_late_order_pathway,100.0,1225
num__ed_to_ward_delay_hours_filled,7.153102827557671e-06,1.4306205655115342e-05,-4.1644080462936825e-06,2,ed_to_ward_delay_hours_filled,demographic_admin,100.0,1226
num__previous_2plus_total_admissions_365d,6.5520180214662105e-06,1.3104036042932421e-05,1.6340247839252697e-06,2,previous_2plus_total_admissions_365d,prior_utilisation,100.0,1227
num__recent_icu_admission_30d_flag,5.032639112219025e-06,1.006527822443805e-05,3.016147256941655e-06,2,recent_icu_admission_30d_flag,prior_utilisation,100.0,1228
num__no_late_orders_but_recent_psych_admission_flag,4.335608889688767e-06,8.671217779377535e-06,7.269793829638512e-07,2,no_late_orders_but_recent_psych_admission_flag,prior_utilisation,100.0,1229
num__had_long_acting_injectable_antipsychotic,4.230324950563345e-06,8.46064990112669e-06,-3.883719959542514e-06,2,had_long_acting_injectable_antipsychotic,psychiatric_history,100.0,1230
cat__admission_location_AMBULATORY SURGERY TRANSFER,0.0,0.0,0.0,2,admission_location_AMBULATORY SURGERY TRANSFER,demographic_admin,100.0,1231
cat__admission_location_INFORMATION NOT AVAILABLE,0.0,0.0,0.0,2,admission_location_INFORMATION NOT AVAILABLE,lab_vital_hourly,100.0,1232
cat__admission_location_INTERNAL TRANSFER TO OR FROM PSYCH,0.0,0.0,0.0,2,admission_location_INTERNAL TRANSFER TO OR FROM PSYCH,psychiatric_history,100.0,1233
cat__admission_location_PACU,0.0,0.0,0.0,2,admission_location_PACU,demographic_admin,100.0,1234
cat__admission_location_grouped_Transfer from skilled nursing facility,0.0,0.0,0.0,2,admission_location_grouped_Transfer from skilled nursing facility,discharge_aftercare,100.0,1235
cat__admission_location_grouped_Unknown,0.0,0.0,0.0,2,admission_location_grouped_Unknown,demographic_admin,100.0,1236
cat__admission_type_AMBULATORY OBSERVATION,0.0,0.0,0.0,2,admission_type_AMBULATORY OBSERVATION,poe_late_order_pathway,100.0,1237
cat__discharge_location_ASSISTED LIVING,0.0,0.0,0.0,2,discharge_location_ASSISTED LIVING,discharge_aftercare,100.0,1238
cat__discharge_location_HEALTHCARE FACILITY,0.0,0.0,0.0,2,discharge_location_HEALTHCARE FACILITY,discharge_aftercare,100.0,1239
cat__discharge_location_grouped_Home,0.0,0.0,0.0,2,discharge_location_grouped_Home,discharge_aftercare,100.0,1240
cat__drg_mortality_category_No DRG record,0.0,0.0,0.0,2,drg_mortality_category_No DRG record,medical_comorbidity,100.0,1241
cat__first_icu_careunit_Cardiac Vascular Intensive Care Unit (CVICU),0.0,0.0,0.0,2,first_icu_careunit_Cardiac Vascular Intensive Care Unit (CVICU),icu_care,100.0,1242
cat__first_icu_careunit_Intensive Care Unit (ICU),0.0,0.0,0.0,2,first_icu_careunit_Intensive Care Unit (ICU),icu_care,100.0,1243
cat__first_icu_careunit_Med/Surg,0.0,0.0,0.0,2,first_icu_careunit_Med/Surg,icu_care,100.0,1244
cat__first_icu_careunit_Medicine,0.0,0.0,0.0,2,first_icu_careunit_Medicine,icu_care,100.0,1245
cat__first_icu_careunit_Neuro Intermediate,0.0,0.0,0.0,2,first_icu_careunit_Neuro Intermediate,icu_care,100.0,1246
cat__first_icu_careunit_Neuro Stepdown,0.0,0.0,0.0,2,first_icu_careunit_Neuro Stepdown,icu_care,100.0,1247
cat__first_icu_careunit_Neuro Surgical Intensive Care Unit (Neuro SICU),0.0,0.0,0.0,2,first_icu_careunit_Neuro Surgical Intensive Care Unit (Neuro SICU),icu_care,100.0,1248
cat__first_icu_careunit_No ICU,0.0,0.0,0.0,2,first_icu_careunit_No ICU,icu_care,100.0,1249
cat__first_icu_careunit_PACU,0.0,0.0,0.0,2,first_icu_careunit_PACU,icu_care,100.0,1250
cat__first_icu_careunit_Surgery/Trauma,0.0,0.0,0.0,2,first_icu_careunit_Surgery/Trauma,icu_care,100.0,1251
cat__first_icu_careunit_Surgery/Vascular/Intermediate,0.0,0.0,0.0,2,first_icu_careunit_Surgery/Vascular/Intermediate,icu_care,100.0,1252
cat__first_icu_careunit_Trauma SICU (TSICU),0.0,0.0,0.0,2,first_icu_careunit_Trauma SICU (TSICU),icu_care,100.0,1253
cat__first_service_CSURG,0.0,0.0,0.0,2,first_service_CSURG,demographic_admin,100.0,1254
cat__first_service_DENT,0.0,0.0,0.0,2,first_service_DENT,demographic_admin,100.0,1255
cat__first_service_ENT,0.0,0.0,0.0,2,first_service_ENT,demographic_admin,100.0,1256
cat__first_service_EYE,0.0,0.0,0.0,2,first_service_EYE,demographic_admin,100.0,1257
cat__first_service_GU,0.0,0.0,0.0,2,first_service_GU,demographic_admin,100.0,1258
cat__first_service_GYN,0.0,0.0,0.0,2,first_service_GYN,demographic_admin,100.0,1259
cat__first_service_PSURG,0.0,0.0,0.0,2,first_service_PSURG,demographic_admin,100.0,1260
cat__first_service_TSURG,0.0,0.0,0.0,2,first_service_TSURG,demographic_admin,100.0,1261
cat__first_service_Unknown,0.0,0.0,0.0,2,first_service_Unknown,demographic_admin,100.0,1262
cat__hospital_los_category_7+ days,0.0,0.0,0.0,2,hospital_los_category_7+ days,demographic_admin,100.0,1263
cat__icu_type_Medical ICU,0.0,0.0,0.0,2,icu_type_Medical ICU,icu_care,100.0,1264
cat__icu_type_Neuro ICU,0.0,0.0,0.0,2,icu_type_Neuro ICU,icu_care,100.0,1265
cat__icu_type_No ICU,0.0,0.0,0.0,2,icu_type_No ICU,icu_care,100.0,1266
cat__icu_type_Other ICU,0.0,0.0,0.0,2,icu_type_Other ICU,icu_care,100.0,1267
cat__icu_utilisation_category_No ICU,0.0,0.0,0.0,2,icu_utilisation_category_No ICU,prior_utilisation,100.0,1268
cat__infection_burden_category_0 tests,0.0,0.0,0.0,2,infection_burden_category_0 tests,other,100.0,1269
cat__insurance_No charge,0.0,0.0,0.0,2,insurance_No charge,demographic_admin,100.0,1270
cat__insurance_Other,0.0,0.0,0.0,2,insurance_Other,demographic_admin,100.0,1271
cat__insurance_Unknown,0.0,0.0,0.0,2,insurance_Unknown,demographic_admin,100.0,1272
cat__insurance_grouped_Other / unknown,0.0,0.0,0.0,2,insurance_grouped_Other / unknown,demographic_admin,100.0,1273
cat__language_American Sign Language,0.0,0.0,0.0,2,language_American Sign Language,demographic_admin,100.0,1274
cat__language_Amharic,0.0,0.0,0.0,2,language_Amharic,demographic_admin,100.0,1275
cat__language_Arabic,0.0,0.0,0.0,2,language_Arabic,demographic_admin,100.0,1276
cat__language_Armenian,0.0,0.0,0.0,2,language_Armenian,demographic_admin,100.0,1277
cat__language_Bengali,0.0,0.0,0.0,2,language_Bengali,demographic_admin,100.0,1278
cat__language_Chinese,0.0,0.0,0.0,2,language_Chinese,demographic_admin,100.0,1279
cat__language_French,0.0,0.0,0.0,2,language_French,demographic_admin,100.0,1280
cat__language_Haitian,0.0,0.0,0.0,2,language_Haitian,demographic_admin,100.0,1281
cat__language_Hindi,0.0,0.0,0.0,2,language_Hindi,demographic_admin,100.0,1282
cat__language_Italian,0.0,0.0,0.0,2,language_Italian,demographic_admin,100.0,1283
cat__language_Japanese,0.0,0.0,0.0,2,language_Japanese,demographic_admin,100.0,1284
cat__language_Kabuverdianu,0.0,0.0,0.0,2,language_Kabuverdianu,demographic_admin,100.0,1285
cat__language_Khmer,0.0,0.0,0.0,2,language_Khmer,demographic_admin,100.0,1286
cat__language_Korean,0.0,0.0,0.0,2,language_Korean,demographic_admin,100.0,1287
cat__language_Modern Greek (1453-),0.0,0.0,0.0,2,language_Modern Greek (1453-),demographic_admin,100.0,1288
cat__language_Other,0.0,0.0,0.0,2,language_Other,demographic_admin,100.0,1289
cat__language_Persian,0.0,0.0,0.0,2,language_Persian,demographic_admin,100.0,1290
cat__language_Polish,0.0,0.0,0.0,2,language_Polish,demographic_admin,100.0,1291
cat__language_Portuguese,0.0,0.0,0.0,2,language_Portuguese,demographic_admin,100.0,1292
cat__language_Somali,0.0,0.0,0.0,2,language_Somali,demographic_admin,100.0,1293
cat__language_Thai,0.0,0.0,0.0,2,language_Thai,demographic_admin,100.0,1294
cat__language_Unknown,0.0,0.0,0.0,2,language_Unknown,demographic_admin,100.0,1295
cat__language_Vietnamese,0.0,0.0,0.0,2,language_Vietnamese,demographic_admin,100.0,1296
cat__last_careunit_before_discharge_No transfer record,0.0,0.0,0.0,2,last_careunit_before_discharge_No transfer record,discharge_aftercare,100.0,1297
cat__last_careunit_before_discharge_UNKNOWN,0.0,0.0,0.0,2,last_careunit_before_discharge_UNKNOWN,discharge_aftercare,100.0,1298
cat__last_icu_careunit_Intensive Care Unit (ICU),0.0,0.0,0.0,2,last_icu_careunit_Intensive Care Unit (ICU),icu_care,100.0,1299
cat__last_icu_careunit_Med/Surg,0.0,0.0,0.0,2,last_icu_careunit_Med/Surg,icu_care,100.0,1300
cat__last_icu_careunit_Medicine,0.0,0.0,0.0,2,last_icu_careunit_Medicine,icu_care,100.0,1301
cat__last_icu_careunit_Neuro Intermediate,0.0,0.0,0.0,2,last_icu_careunit_Neuro Intermediate,icu_care,100.0,1302
cat__last_icu_careunit_Neuro Stepdown,0.0,0.0,0.0,2,last_icu_careunit_Neuro Stepdown,icu_care,100.0,1303
cat__last_icu_careunit_Neuro Surgical Intensive Care Unit (Neuro SICU),0.0,0.0,0.0,2,last_icu_careunit_Neuro Surgical Intensive Care Unit (Neuro SICU),icu_care,100.0,1304
cat__last_icu_careunit_No ICU,0.0,0.0,0.0,2,last_icu_careunit_No ICU,icu_care,100.0,1305
cat__last_icu_careunit_PACU,0.0,0.0,0.0,2,last_icu_careunit_PACU,icu_care,100.0,1306
cat__last_icu_careunit_Surgery/Trauma,0.0,0.0,0.0,2,last_icu_careunit_Surgery/Trauma,icu_care,100.0,1307
cat__last_icu_careunit_Surgery/Vascular/Intermediate,0.0,0.0,0.0,2,last_icu_careunit_Surgery/Vascular/Intermediate,icu_care,100.0,1308
cat__last_icu_careunit_Trauma SICU (TSICU),0.0,0.0,0.0,2,last_icu_careunit_Trauma SICU (TSICU),icu_care,100.0,1309
cat__last_service_DENT,0.0,0.0,0.0,2,last_service_DENT,demographic_admin,100.0,1310
cat__last_service_ENT,0.0,0.0,0.0,2,last_service_ENT,demographic_admin,100.0,1311
cat__last_service_EYE,0.0,0.0,0.0,2,last_service_EYE,demographic_admin,100.0,1312
cat__last_service_GU,0.0,0.0,0.0,2,last_service_GU,demographic_admin,100.0,1313
cat__last_service_GYN,0.0,0.0,0.0,2,last_service_GYN,demographic_admin,100.0,1314
cat__last_service_TSURG,0.0,0.0,0.0,2,last_service_TSURG,demographic_admin,100.0,1315
cat__last_service_Unknown,0.0,0.0,0.0,2,last_service_Unknown,demographic_admin,100.0,1316
cat__nonpsych_diagnosis_burden_category_0,0.0,0.0,0.0,2,nonpsych_diagnosis_burden_category_0,psychiatric_history,100.0,1317
cat__physical_transfer_category_5+ transfer events,0.0,0.0,0.0,2,physical_transfer_category_5+ transfer events,demographic_admin,100.0,1318
cat__physiological_instability_category_0 indicators,0.0,0.0,0.0,2,physiological_instability_category_0 indicators,other,100.0,1319
cat__physiological_instability_category_1 indicator,0.0,0.0,0.0,2,physiological_instability_category_1 indicator,other,100.0,1320
cat__physiological_instability_category_3+ indicators,0.0,0.0,0.0,2,physiological_instability_category_3+ indicators,other,100.0,1321
cat__psych_medication_burden_category_0 classes,0.0,0.0,0.0,2,psych_medication_burden_category_0 classes,psychiatric_history,100.0,1322
cat__race_AMERICAN INDIAN/ALASKA NATIVE,0.0,0.0,0.0,2,race_AMERICAN INDIAN/ALASKA NATIVE,demographic_admin,100.0,1323
cat__race_ASIAN - ASIAN INDIAN,0.0,0.0,0.0,2,race_ASIAN - ASIAN INDIAN,demographic_admin,100.0,1324
cat__race_ASIAN - CHINESE,0.0,0.0,0.0,2,race_ASIAN - CHINESE,demographic_admin,100.0,1325
cat__race_ASIAN - KOREAN,0.0,0.0,0.0,2,race_ASIAN - KOREAN,demographic_admin,100.0,1326
cat__race_ASIAN - SOUTH EAST ASIAN,0.0,0.0,0.0,2,race_ASIAN - SOUTH EAST ASIAN,demographic_admin,100.0,1327
cat__race_BLACK/AFRICAN,0.0,0.0,0.0,2,race_BLACK/AFRICAN,demographic_admin,100.0,1328
cat__race_BLACK/CAPE VERDEAN,0.0,0.0,0.0,2,race_BLACK/CAPE VERDEAN,demographic_admin,100.0,1329
cat__race_BLACK/CARIBBEAN ISLAND,0.0,0.0,0.0,2,race_BLACK/CARIBBEAN ISLAND,demographic_admin,100.0,1330
cat__race_HISPANIC OR LATINO,0.0,0.0,0.0,2,race_HISPANIC OR LATINO,demographic_admin,100.0,1331
cat__race_HISPANIC/LATINO - CENTRAL AMERICAN,0.0,0.0,0.0,2,race_HISPANIC/LATINO - CENTRAL AMERICAN,demographic_admin,100.0,1332
cat__race_HISPANIC/LATINO - COLUMBIAN,0.0,0.0,0.0,2,race_HISPANIC/LATINO - COLUMBIAN,demographic_admin,100.0,1333
cat__race_HISPANIC/LATINO - CUBAN,0.0,0.0,0.0,2,race_HISPANIC/LATINO - CUBAN,demographic_admin,100.0,1334
cat__race_HISPANIC/LATINO - DOMINICAN,0.0,0.0,0.0,2,race_HISPANIC/LATINO - DOMINICAN,demographic_admin,100.0,1335
cat__race_HISPANIC/LATINO - GUATEMALAN,0.0,0.0,0.0,2,race_HISPANIC/LATINO - GUATEMALAN,demographic_admin,100.0,1336
cat__race_HISPANIC/LATINO - HONDURAN,0.0,0.0,0.0,2,race_HISPANIC/LATINO - HONDURAN,demographic_admin,100.0,1337
cat__race_HISPANIC/LATINO - MEXICAN,0.0,0.0,0.0,2,race_HISPANIC/LATINO - MEXICAN,demographic_admin,100.0,1338
cat__race_HISPANIC/LATINO - SALVADORAN,0.0,0.0,0.0,2,race_HISPANIC/LATINO - SALVADORAN,demographic_admin,100.0,1339
cat__race_MULTIPLE RACE/ETHNICITY,0.0,0.0,0.0,2,race_MULTIPLE RACE/ETHNICITY,demographic_admin,100.0,1340
cat__race_NATIVE HAWAIIAN OR OTHER PACIFIC ISLANDER,0.0,0.0,0.0,2,race_NATIVE HAWAIIAN OR OTHER PACIFIC ISLANDER,demographic_admin,100.0,1341
cat__race_SOUTH AMERICAN,0.0,0.0,0.0,2,race_SOUTH AMERICAN,demographic_admin,100.0,1342
cat__race_WHITE - BRAZILIAN,0.0,0.0,0.0,2,race_WHITE - BRAZILIAN,demographic_admin,100.0,1343
cat__race_WHITE - EASTERN EUROPEAN,0.0,0.0,0.0,2,race_WHITE - EASTERN EUROPEAN,demographic_admin,100.0,1344
cat__race_WHITE - OTHER EUROPEAN,0.0,0.0,0.0,2,race_WHITE - OTHER EUROPEAN,demographic_admin,100.0,1345
cat__race_WHITE - RUSSIAN,0.0,0.0,0.0,2,race_WHITE - RUSSIAN,demographic_admin,100.0,1346
cat__service_transfer_category_0 transfers,0.0,0.0,0.0,2,service_transfer_category_0 transfers,demographic_admin,100.0,1347
cat__service_transfer_category_2+ transfers,0.0,0.0,0.0,2,service_transfer_category_2+ transfers,demographic_admin,100.0,1348
cat__time_since_previous_psych_category_No previous psychiatric admission,0.0,0.0,0.0,2,time_since_previous_psych_category_No previous psychiatric admission,prior_utilisation,100.0,1349
num__any_abnormal_lab,0.0,0.0,0.0,2,any_abnormal_lab,lab_vital_hourly,100.0,1350
num__cancelled_orders_last_24h_before_discharge,0.0,0.0,0.0,2,cancelled_orders_last_24h_before_discharge,discharge_aftercare,100.0,1351
num__creatinine_lab_first_24h_max_missing,0.0,0.0,0.0,2,creatinine_lab_first_24h_max_missing,lab_vital_hourly,100.0,1352
num__creatinine_lab_first_24h_mean_missing,0.0,0.0,0.0,2,creatinine_lab_first_24h_mean_missing,lab_vital_hourly,100.0,1353
num__creatinine_lab_first_24h_min_missing,0.0,0.0,0.0,2,creatinine_lab_first_24h_min_missing,lab_vital_hourly,100.0,1354
num__creatinine_lab_first_72h_max_missing,0.0,0.0,0.0,2,creatinine_lab_first_72h_max_missing,lab_vital_hourly,100.0,1355
num__creatinine_lab_first_72h_mean_missing,0.0,0.0,0.0,2,creatinine_lab_first_72h_mean_missing,lab_vital_hourly,100.0,1356
num__creatinine_lab_first_72h_min_missing,0.0,0.0,0.0,2,creatinine_lab_first_72h_min_missing,lab_vital_hourly,100.0,1357
num__creatinine_lab_first_value_missing,0.0,0.0,0.0,2,creatinine_lab_first_value_missing,lab_vital_hourly,100.0,1358
num__creatinine_lab_last_value_missing,0.0,0.0,0.0,2,creatinine_lab_last_value_missing,lab_vital_hourly,100.0,1359
num__creatinine_lab_max_value_missing,0.0,0.0,0.0,2,creatinine_lab_max_value_missing,lab_vital_hourly,100.0,1360
num__creatinine_lab_mean_value_missing,0.0,0.0,0.0,2,creatinine_lab_mean_value_missing,lab_vital_hourly,100.0,1361
num__creatinine_lab_measured,0.0,0.0,0.0,2,creatinine_lab_measured,lab_vital_hourly,100.0,1362
num__creatinine_lab_min_value_missing,0.0,0.0,0.0,2,creatinine_lab_min_value_missing,lab_vital_hourly,100.0,1363
num__creatinine_lab_severe_abnormal,0.0,0.0,0.0,2,creatinine_lab_severe_abnormal,lab_vital_hourly,100.0,1364
num__creatinine_lab_std_value_missing,0.0,0.0,0.0,2,creatinine_lab_std_value_missing,lab_vital_hourly,100.0,1365
num__creatinine_lab_value_change_missing,0.0,0.0,0.0,2,creatinine_lab_value_change_missing,lab_vital_hourly,100.0,1366
num__creatinine_lab_value_range_missing,0.0,0.0,0.0,2,creatinine_lab_value_range_missing,lab_vital_hourly,100.0,1367
num__days_since_previous_admission_near_30d_flag,0.0,0.0,0.0,2,days_since_previous_admission_near_30d_flag,prior_utilisation,100.0,1368
num__days_since_previous_hospital_admission_missing,0.0,0.0,0.0,2,days_since_previous_hospital_admission_missing,prior_utilisation,100.0,1369
num__delirium_or_cam_positive_flag,0.0,0.0,0.0,2,delirium_or_cam_positive_flag,lab_vital_hourly,100.0,1370
num__ect_during_admission_flag,0.0,0.0,0.0,2,ect_during_admission_flag,other,100.0,1371
num__ect_procedure_count,0.0,0.0,0.0,2,ect_procedure_count,medical_comorbidity,100.0,1372
num__ect_within_first_72h,0.0,0.0,0.0,2,ect_within_first_72h,other,100.0,1373
num__ed_to_admission_hours_missing,0.0,0.0,0.0,2,ed_to_admission_hours_missing,demographic_admin,100.0,1374
num__ed_to_ward_delay_hours,0.0,0.0,0.0,2,ed_to_ward_delay_hours,demographic_admin,100.0,1375
num__ed_to_ward_delay_hours_missing,0.0,0.0,0.0,2,ed_to_ward_delay_hours_missing,demographic_admin,100.0,1376
num__elixhauser_aids_hiv,0.0,0.0,0.0,2,elixhauser_aids_hiv,medical_comorbidity,100.0,1377
num__elixhauser_blood_loss_anaemia,0.0,0.0,0.0,2,elixhauser_blood_loss_anaemia,medical_comorbidity,100.0,1378
num__elixhauser_paralysis,0.0,0.0,0.0,2,elixhauser_paralysis,medical_comorbidity,100.0,1379
num__elixhauser_peptic_ulcer,0.0,0.0,0.0,2,elixhauser_peptic_ulcer,medical_comorbidity,100.0,1380
num__emar_complete_dose_not_given_flag,0.0,0.0,0.0,2,emar_complete_dose_not_given_flag,medication_emar_pharmacy,100.0,1381
num__emar_had_iv_administration,0.0,0.0,0.0,2,emar_had_iv_administration,medication_emar_pharmacy,100.0,1382
num__fall_or_mobility_risk_flag,0.0,0.0,0.0,2,fall_or_mobility_risk_flag,other,100.0,1383
num__first_order_hours_from_admission_missing,0.0,0.0,0.0,2,first_order_hours_from_admission_missing,poe_late_order_pathway,100.0,1384
num__frequent_psych_admitter_x_discharged_against_advice,0.0,0.0,0.0,2,frequent_psych_admitter_x_discharged_against_advice,psychiatric_history,100.0,1385
num__glucose_lab_first_24h_mean_missing,0.0,0.0,0.0,2,glucose_lab_first_24h_mean_missing,lab_vital_hourly,100.0,1386
num__glucose_lab_first_24h_min_missing,0.0,0.0,0.0,2,glucose_lab_first_24h_min_missing,lab_vital_hourly,100.0,1387
num__glucose_lab_first_72h_max_missing,0.0,0.0,0.0,2,glucose_lab_first_72h_max_missing,lab_vital_hourly,100.0,1388
num__glucose_lab_first_72h_min_missing,0.0,0.0,0.0,2,glucose_lab_first_72h_min_missing,lab_vital_hourly,100.0,1389
num__glucose_lab_first_value_missing,0.0,0.0,0.0,2,glucose_lab_first_value_missing,lab_vital_hourly,100.0,1390
num__glucose_lab_last_value_missing,0.0,0.0,0.0,2,glucose_lab_last_value_missing,lab_vital_hourly,100.0,1391
num__glucose_lab_max_value_missing,0.0,0.0,0.0,2,glucose_lab_max_value_missing,lab_vital_hourly,100.0,1392
num__glucose_lab_mean_value_missing,0.0,0.0,0.0,2,glucose_lab_mean_value_missing,lab_vital_hourly,100.0,1393
num__glucose_lab_measured,0.0,0.0,0.0,2,glucose_lab_measured,lab_vital_hourly,100.0,1394
num__glucose_lab_min_value_missing,0.0,0.0,0.0,2,glucose_lab_min_value_missing,lab_vital_hourly,100.0,1395
num__glucose_lab_std_value_missing,0.0,0.0,0.0,2,glucose_lab_std_value_missing,lab_vital_hourly,100.0,1396
num__glucose_lab_value_change_missing,0.0,0.0,0.0,2,glucose_lab_value_change_missing,lab_vital_hourly,100.0,1397
num__glucose_lab_value_range_missing,0.0,0.0,0.0,2,glucose_lab_value_range_missing,lab_vital_hourly,100.0,1398
num__had_chart_warning,0.0,0.0,0.0,2,had_chart_warning,other,100.0,1399
num__had_dialysis_procedure,0.0,0.0,0.0,2,had_dialysis_procedure,medical_comorbidity,100.0,1400
num__had_ect_procedure,0.0,0.0,0.0,2,had_ect_procedure,medical_comorbidity,100.0,1401
num__had_restraint_chart_event,0.0,0.0,0.0,2,had_restraint_chart_event,other,100.0,1402
num__had_stimulant,0.0,0.0,0.0,2,had_stimulant,psychiatric_history,100.0,1403
num__had_substance_use_followup_order,0.0,0.0,0.0,2,had_substance_use_followup_order,psychiatric_history,100.0,1404
num__had_unknown_transfer_careunit,0.0,0.0,0.0,2,had_unknown_transfer_careunit,icu_care,100.0,1405
num__has_any_prescription,0.0,0.0,0.0,2,has_any_prescription,other,100.0,1406
num__has_cannabis_related_disorder,0.0,0.0,0.0,2,has_cannabis_related_disorder,psychiatric_history,100.0,1407
num__has_eating_disorder,0.0,0.0,0.0,2,has_eating_disorder,poe_late_order_pathway,100.0,1408
num__has_first_72h_vital_burden_data,0.0,0.0,0.0,2,has_first_72h_vital_burden_data,lab_vital_hourly,100.0,1409
num__has_multiple_previous_hospital_admissions,0.0,0.0,0.0,2,has_multiple_previous_hospital_admissions,prior_utilisation,100.0,1410
num__has_neurodevelopmental_disorder,0.0,0.0,0.0,2,has_neurodevelopmental_disorder,poe_late_order_pathway,100.0,1411
num__heart_rate_abnormal_anytime_flag,0.0,0.0,0.0,2,heart_rate_abnormal_anytime_flag,lab_vital_hourly,100.0,1412
num__heart_rate_vital_first_value_missing,0.0,0.0,0.0,2,heart_rate_vital_first_value_missing,lab_vital_hourly,100.0,1413
num__heart_rate_vital_last_value_missing,0.0,0.0,0.0,2,heart_rate_vital_last_value_missing,lab_vital_hourly,100.0,1414
num__heart_rate_vital_max_value_missing,0.0,0.0,0.0,2,heart_rate_vital_max_value_missing,lab_vital_hourly,100.0,1415
num__heart_rate_vital_mean_value_missing,0.0,0.0,0.0,2,heart_rate_vital_mean_value_missing,lab_vital_hourly,100.0,1416
num__heart_rate_vital_measured,0.0,0.0,0.0,2,heart_rate_vital_measured,lab_vital_hourly,100.0,1417
num__heart_rate_vital_min_value_missing,0.0,0.0,0.0,2,heart_rate_vital_min_value_missing,lab_vital_hourly,100.0,1418
num__heart_rate_vital_value_change_missing,0.0,0.0,0.0,2,heart_rate_vital_value_change_missing,lab_vital_hourly,100.0,1419
num__hemoglobin_lab_first_24h_max_missing,0.0,0.0,0.0,2,hemoglobin_lab_first_24h_max_missing,lab_vital_hourly,100.0,1420
num__hemoglobin_lab_first_24h_mean_missing,0.0,0.0,0.0,2,hemoglobin_lab_first_24h_mean_missing,lab_vital_hourly,100.0,1421
num__hemoglobin_lab_first_24h_min_missing,0.0,0.0,0.0,2,hemoglobin_lab_first_24h_min_missing,lab_vital_hourly,100.0,1422
num__hemoglobin_lab_first_72h_max_missing,0.0,0.0,0.0,2,hemoglobin_lab_first_72h_max_missing,lab_vital_hourly,100.0,1423
num__hemoglobin_lab_first_72h_mean_missing,0.0,0.0,0.0,2,hemoglobin_lab_first_72h_mean_missing,lab_vital_hourly,100.0,1424
num__hemoglobin_lab_first_72h_min_missing,0.0,0.0,0.0,2,hemoglobin_lab_first_72h_min_missing,lab_vital_hourly,100.0,1425
num__hemoglobin_lab_first_value_missing,0.0,0.0,0.0,2,hemoglobin_lab_first_value_missing,lab_vital_hourly,100.0,1426
num__hemoglobin_lab_last_value_missing,0.0,0.0,0.0,2,hemoglobin_lab_last_value_missing,lab_vital_hourly,100.0,1427
num__hemoglobin_lab_max_value_missing,0.0,0.0,0.0,2,hemoglobin_lab_max_value_missing,lab_vital_hourly,100.0,1428
num__hemoglobin_lab_mean_value_missing,0.0,0.0,0.0,2,hemoglobin_lab_mean_value_missing,lab_vital_hourly,100.0,1429
num__hemoglobin_lab_measured,0.0,0.0,0.0,2,hemoglobin_lab_measured,lab_vital_hourly,100.0,1430
num__hemoglobin_lab_min_value_missing,0.0,0.0,0.0,2,hemoglobin_lab_min_value_missing,lab_vital_hourly,100.0,1431
num__hemoglobin_lab_std_value_missing,0.0,0.0,0.0,2,hemoglobin_lab_std_value_missing,lab_vital_hourly,100.0,1432
num__hemoglobin_lab_value_change_missing,0.0,0.0,0.0,2,hemoglobin_lab_value_change_missing,lab_vital_hourly,100.0,1433
num__hemoglobin_lab_value_range_missing,0.0,0.0,0.0,2,hemoglobin_lab_value_range_missing,lab_vital_hourly,100.0,1434
num__high_care_team_touchpoints,0.0,0.0,0.0,2,high_care_team_touchpoints,poe_late_order_pathway,100.0,1435
num__high_order_activity_and_late_last_order,0.0,0.0,0.0,2,high_order_activity_and_late_last_order,poe_late_order_pathway,100.0,1436
num__high_oxygen_flow_flag,0.0,0.0,0.0,2,high_oxygen_flow_flag,lab_vital_hourly,100.0,1437
num__high_poe_order_activity,0.0,0.0,0.0,2,high_poe_order_activity,poe_late_order_pathway,100.0,1438
num__high_service_transfer_burden,0.0,0.0,0.0,2,high_service_transfer_burden,demographic_admin,100.0,1439
num__home_discharge_low_activity_prior_psych_flag,0.0,0.0,0.0,2,home_discharge_low_activity_prior_psych_flag,prior_utilisation,100.0,1440
num__hypotension_indicator,0.0,0.0,0.0,2,hypotension_indicator,other,100.0,1441
num__hypoxia_indicator,0.0,0.0,0.0,2,hypoxia_indicator,other,100.0,1442
num__insurance_missing_flag,0.0,0.0,0.0,2,insurance_missing_flag,demographic_admin,100.0,1443
num__last_order_after_72h_flag,0.0,0.0,0.0,2,last_order_after_72h_flag,poe_late_order_pathway,100.0,1444
num__last_order_hours_from_admission_missing,0.0,0.0,0.0,2,last_order_hours_from_admission_missing,poe_late_order_pathway,100.0,1445
num__last_order_within_24h_of_discharge_flag,0.0,0.0,0.0,2,last_order_within_24h_of_discharge_flag,discharge_aftercare,100.0,1446
num__last_order_within_6h_of_discharge_flag,0.0,0.0,0.0,2,last_order_within_6h_of_discharge_flag,discharge_aftercare,100.0,1447
num__late_activity_with_low_aftercare_quality_flag,0.0,0.0,0.0,2,late_activity_with_low_aftercare_quality_flag,discharge_aftercare,100.0,1448
num__late_care_team_activity_flag,0.0,0.0,0.0,2,late_care_team_activity_flag,poe_late_order_pathway,100.0,1449
num__late_discharge_planning_after_72h_flag,0.0,0.0,0.0,2,late_discharge_planning_after_72h_flag,discharge_aftercare,100.0,1450
num__late_order_activity_and_high_poe_orders,0.0,0.0,0.0,2,late_order_activity_and_high_poe_orders,poe_late_order_pathway,100.0,1451
num__late_order_activity_flag,0.0,0.0,0.0,2,late_order_activity_flag,poe_late_order_pathway,100.0,1452
num__late_order_discontinuation_share,0.0,0.0,0.0,2,late_order_discontinuation_share,poe_late_order_pathway,100.0,1453
num__late_psych_safety_home_discharge_flag,0.0,0.0,0.0,2,late_psych_safety_home_discharge_flag,psychiatric_history,100.0,1454
num__late_safety_order_flag,0.0,0.0,0.0,2,late_safety_order_flag,poe_late_order_pathway,100.0,1455
num__late_safety_orders_and_self_harm_flag,0.0,0.0,0.0,2,late_safety_orders_and_self_harm_flag,psychiatric_history,100.0,1456
num__late_social_work_or_case_management_orders_last_12h,0.0,0.0,0.0,2,late_social_work_or_case_management_orders_last_12h,poe_late_order_pathway,100.0,1457
num__late_social_work_or_case_management_orders_last_6h,0.0,0.0,0.0,2,late_social_work_or_case_management_orders_last_6h,poe_late_order_pathway,100.0,1458
num__los_30plus_days,0.0,0.0,0.0,2,los_30plus_days,demographic_admin,100.0,1459
num__los_60plus_days,0.0,0.0,0.0,2,los_60plus_days,demographic_admin,100.0,1460
num__los_under_7_days,0.0,0.0,0.0,2,los_under_7_days,demographic_admin,100.0,1461
num__low_aftercare_quality_flag,0.0,0.0,0.0,2,low_aftercare_quality_flag,discharge_aftercare,100.0,1462
num__low_gcs_flag,0.0,0.0,0.0,2,low_gcs_flag,lab_vital_hourly,100.0,1463
num__low_late_order_activity_flag,0.0,0.0,0.0,2,low_late_order_activity_flag,poe_late_order_pathway,100.0,1464
num__low_urine_output_flag,0.0,0.0,0.0,2,low_urine_output_flag,lab_vital_hourly,100.0,1465
num__mean_bp_arterial_vital_first_value_missing,0.0,0.0,0.0,2,mean_bp_arterial_vital_first_value_missing,lab_vital_hourly,100.0,1466
num__mean_bp_arterial_vital_last_value_missing,0.0,0.0,0.0,2,mean_bp_arterial_vital_last_value_missing,lab_vital_hourly,100.0,1467
num__mean_bp_arterial_vital_max_value_missing,0.0,0.0,0.0,2,mean_bp_arterial_vital_max_value_missing,lab_vital_hourly,100.0,1468
num__mean_bp_arterial_vital_mean_value_missing,0.0,0.0,0.0,2,mean_bp_arterial_vital_mean_value_missing,lab_vital_hourly,100.0,1469
num__mean_bp_arterial_vital_measured,0.0,0.0,0.0,2,mean_bp_arterial_vital_measured,lab_vital_hourly,100.0,1470
num__mean_bp_arterial_vital_min_value_missing,0.0,0.0,0.0,2,mean_bp_arterial_vital_min_value_missing,lab_vital_hourly,100.0,1471
num__mean_bp_arterial_vital_value_change_missing,0.0,0.0,0.0,2,mean_bp_arterial_vital_value_change_missing,lab_vital_hourly,100.0,1472
num__mean_bp_noninvasive_vital_first_value_missing,0.0,0.0,0.0,2,mean_bp_noninvasive_vital_first_value_missing,lab_vital_hourly,100.0,1473
num__mean_bp_noninvasive_vital_last_value_missing,0.0,0.0,0.0,2,mean_bp_noninvasive_vital_last_value_missing,lab_vital_hourly,100.0,1474
num__mean_bp_noninvasive_vital_max_value_missing,0.0,0.0,0.0,2,mean_bp_noninvasive_vital_max_value_missing,lab_vital_hourly,100.0,1475
num__mean_bp_noninvasive_vital_mean_value_missing,0.0,0.0,0.0,2,mean_bp_noninvasive_vital_mean_value_missing,lab_vital_hourly,100.0,1476
num__mean_bp_noninvasive_vital_measured,0.0,0.0,0.0,2,mean_bp_noninvasive_vital_measured,lab_vital_hourly,100.0,1477
num__mean_bp_noninvasive_vital_min_value_missing,0.0,0.0,0.0,2,mean_bp_noninvasive_vital_min_value_missing,lab_vital_hourly,100.0,1478
num__mean_bp_noninvasive_vital_value_change_missing,0.0,0.0,0.0,2,mean_bp_noninvasive_vital_value_change_missing,lab_vital_hourly,100.0,1479
num__medicine_and_psych_services_both_flag,0.0,0.0,0.0,2,medicine_and_psych_services_both_flag,psychiatric_history,100.0,1480
num__new_orders_last_24h_before_discharge_flag,0.0,0.0,0.0,2,new_orders_last_24h_before_discharge_flag,discharge_aftercare,100.0,1481
num__new_safety_order_last_12h_before_discharge_flag,0.0,0.0,0.0,2,new_safety_order_last_12h_before_discharge_flag,discharge_aftercare,100.0,1482
num__num_chart_warnings,0.0,0.0,0.0,2,num_chart_warnings,other,100.0,1483
num__num_discharge_med_proc_type_orders,0.0,0.0,0.0,2,num_discharge_med_proc_type_orders,discharge_aftercare,100.0,1484
num__num_icu_event_warnings,0.0,0.0,0.0,2,num_icu_event_warnings,icu_care,100.0,1485
num__num_paused_procedureevents,0.0,0.0,0.0,2,num_paused_procedureevents,medical_comorbidity,100.0,1486
num__num_unverified_pharmacy_orders,0.0,0.0,0.0,2,num_unverified_pharmacy_orders,poe_late_order_pathway,100.0,1487
num__num_vital_value_missing_indicators,0.0,0.0,0.0,2,num_vital_value_missing_indicators,lab_vital_hourly,100.0,1488
num__platelet_lab_first_24h_max_missing,0.0,0.0,0.0,2,platelet_lab_first_24h_max_missing,lab_vital_hourly,100.0,1489
num__platelet_lab_first_24h_mean_missing,0.0,0.0,0.0,2,platelet_lab_first_24h_mean_missing,lab_vital_hourly,100.0,1490
num__platelet_lab_first_24h_min_missing,0.0,0.0,0.0,2,platelet_lab_first_24h_min_missing,lab_vital_hourly,100.0,1491
num__platelet_lab_first_72h_max_missing,0.0,0.0,0.0,2,platelet_lab_first_72h_max_missing,lab_vital_hourly,100.0,1492
num__platelet_lab_first_72h_mean_missing,0.0,0.0,0.0,2,platelet_lab_first_72h_mean_missing,lab_vital_hourly,100.0,1493
num__platelet_lab_first_72h_min_missing,0.0,0.0,0.0,2,platelet_lab_first_72h_min_missing,lab_vital_hourly,100.0,1494
num__platelet_lab_first_value_missing,0.0,0.0,0.0,2,platelet_lab_first_value_missing,lab_vital_hourly,100.0,1495
num__platelet_lab_last_value_missing,0.0,0.0,0.0,2,platelet_lab_last_value_missing,lab_vital_hourly,100.0,1496
num__platelet_lab_max_value_missing,0.0,0.0,0.0,2,platelet_lab_max_value_missing,lab_vital_hourly,100.0,1497
num__platelet_lab_mean_value_missing,0.0,0.0,0.0,2,platelet_lab_mean_value_missing,lab_vital_hourly,100.0,1498
num__platelet_lab_measured,0.0,0.0,0.0,2,platelet_lab_measured,lab_vital_hourly,100.0,1499
num__platelet_lab_min_value_missing,0.0,0.0,0.0,2,platelet_lab_min_value_missing,lab_vital_hourly,100.0,1500
num__platelet_lab_std_value_missing,0.0,0.0,0.0,2,platelet_lab_std_value_missing,lab_vital_hourly,100.0,1501
num__platelet_lab_value_change_missing,0.0,0.0,0.0,2,platelet_lab_value_change_missing,lab_vital_hourly,100.0,1502
num__platelet_lab_value_range_missing,0.0,0.0,0.0,2,platelet_lab_value_range_missing,lab_vital_hourly,100.0,1503
num__polypharmacy_10plus,0.0,0.0,0.0,2,polypharmacy_10plus,medication_emar_pharmacy,100.0,1504
num__polypharmacy_5plus,0.0,0.0,0.0,2,polypharmacy_5plus,medication_emar_pharmacy,100.0,1505
num__potassium_lab_first_24h_mean_missing,0.0,0.0,0.0,2,potassium_lab_first_24h_mean_missing,lab_vital_hourly,100.0,1506
num__potassium_lab_first_24h_min_missing,0.0,0.0,0.0,2,potassium_lab_first_24h_min_missing,lab_vital_hourly,100.0,1507
num__potassium_lab_first_72h_max_missing,0.0,0.0,0.0,2,potassium_lab_first_72h_max_missing,lab_vital_hourly,100.0,1508
num__potassium_lab_first_72h_mean_missing,0.0,0.0,0.0,2,potassium_lab_first_72h_mean_missing,lab_vital_hourly,100.0,1509
num__potassium_lab_first_72h_min_missing,0.0,0.0,0.0,2,potassium_lab_first_72h_min_missing,lab_vital_hourly,100.0,1510
num__potassium_lab_first_value_missing,0.0,0.0,0.0,2,potassium_lab_first_value_missing,lab_vital_hourly,100.0,1511
num__potassium_lab_last_value_missing,0.0,0.0,0.0,2,potassium_lab_last_value_missing,lab_vital_hourly,100.0,1512
num__potassium_lab_max_value_missing,0.0,0.0,0.0,2,potassium_lab_max_value_missing,lab_vital_hourly,100.0,1513
num__potassium_lab_mean_value_missing,0.0,0.0,0.0,2,potassium_lab_mean_value_missing,lab_vital_hourly,100.0,1514
num__potassium_lab_measured,0.0,0.0,0.0,2,potassium_lab_measured,lab_vital_hourly,100.0,1515
num__potassium_lab_min_value_missing,0.0,0.0,0.0,2,potassium_lab_min_value_missing,lab_vital_hourly,100.0,1516
num__potassium_lab_severe_abnormal,0.0,0.0,0.0,2,potassium_lab_severe_abnormal,lab_vital_hourly,100.0,1517
num__potassium_lab_std_value_missing,0.0,0.0,0.0,2,potassium_lab_std_value_missing,lab_vital_hourly,100.0,1518
num__potassium_lab_value_change_missing,0.0,0.0,0.0,2,potassium_lab_value_change_missing,lab_vital_hourly,100.0,1519
num__potassium_lab_value_range_missing,0.0,0.0,0.0,2,potassium_lab_value_range_missing,lab_vital_hourly,100.0,1520
num__previous_admission_had_late_medication_orders,0.0,0.0,0.0,2,previous_admission_had_late_medication_orders,prior_utilisation,100.0,1521
num__previous_admission_had_psych_facility_discharge,0.0,0.0,0.0,2,previous_admission_had_psych_facility_discharge,prior_utilisation,100.0,1522
num__previous_discharge_against_advice_flag,0.0,0.0,0.0,2,previous_discharge_against_advice_flag,prior_utilisation,100.0,1523
num__previous_discharge_to_psych_facility_flag,0.0,0.0,0.0,2,previous_discharge_to_psych_facility_flag,prior_utilisation,100.0,1524
num__previous_nonpsych_admissions_14d,0.0,0.0,0.0,2,previous_nonpsych_admissions_14d,prior_utilisation,100.0,1525
num__previous_nonpsych_admissions_7d,0.0,0.0,0.0,2,previous_nonpsych_admissions_7d,prior_utilisation,100.0,1526
num__prior_psych_admission_no_followup_flag,0.0,0.0,0.0,2,prior_psych_admission_no_followup_flag,prior_utilisation,100.0,1527
num__psych_facility_discharge_and_safety_orders_flag,0.0,0.0,0.0,2,psych_facility_discharge_and_safety_orders_flag,psychiatric_history,100.0,1528
num__psych_facility_discharge_and_self_harm_flag,0.0,0.0,0.0,2,psych_facility_discharge_and_self_harm_flag,psychiatric_history,100.0,1529
num__psych_facility_discharge_with_followup_order_flag,0.0,0.0,0.0,2,psych_facility_discharge_with_followup_order_flag,psychiatric_history,100.0,1530
num__psych_to_medical_service_transfer,0.0,0.0,0.0,2,psych_to_medical_service_transfer,psychiatric_history,100.0,1531
num__psychosis_without_antipsychotic_continuity_flag,0.0,0.0,0.0,2,psychosis_without_antipsychotic_continuity_flag,psychiatric_history,100.0,1532
num__recent_icu_admission_14d_flag,0.0,0.0,0.0,2,recent_icu_admission_14d_flag,prior_utilisation,100.0,1533
num__recent_icu_admission_180d_flag,0.0,0.0,0.0,2,recent_icu_admission_180d_flag,prior_utilisation,100.0,1534
num__recent_icu_admission_7d_flag,0.0,0.0,0.0,2,recent_icu_admission_7d_flag,prior_utilisation,100.0,1535
num__respiratory_rate_vital_first_value_missing,0.0,0.0,0.0,2,respiratory_rate_vital_first_value_missing,lab_vital_hourly,50.8864729249425,1536
num__respiratory_rate_vital_last_value_missing,0.0,0.0,0.0,2,respiratory_rate_vital_last_value_missing,lab_vital_hourly,40.42128371315074,1537
num__respiratory_rate_vital_max_value_missing,0.0,0.0,0.0,2,respiratory_rate_vital_max_value_missing,lab_vital_hourly,17.687643738239597,1538
num__respiratory_rate_vital_mean_value_missing,0.0,0.0,0.0,2,respiratory_rate_vital_mean_value_missing,lab_vital_hourly,8.116767719004809,1539
num__respiratory_rate_vital_measured,0.0,0.0,0.0,2,respiratory_rate_vital_measured,lab_vital_hourly,0.7537110600041814,1540
num__respiratory_rate_vital_min_value_missing,0.0,0.0,0.0,2,respiratory_rate_vital_min_value_missing,lab_vital_hourly,3.5620949195065856,1541
num__respiratory_rate_vital_value_change_missing,0.0,0.0,0.0,2,respiratory_rate_vital_value_change_missing,lab_vital_hourly,16.999268241689318,1542
num__safety_orders_after_72h,0.0,0.0,0.0,2,safety_orders_after_72h,poe_late_order_pathway,2.427346853439264,1543
num__self_harm_and_late_safety_order_flag,0.0,0.0,0.0,2,self_harm_and_late_safety_order_flag,psychiatric_history,0.2028015889609032,1544
num__self_harm_and_psych_facility_discharge,0.0,0.0,0.0,2,self_harm_and_psych_facility_discharge,psychiatric_history,30.3334727158687,1545
num__self_harm_with_late_safety_order_flag,0.0,0.0,0.0,2,self_harm_with_late_safety_order_flag,psychiatric_history,2.5517457662554883,1546
num__self_harm_x_discharged_to_psych_facility,0.0,0.0,0.0,2,self_harm_x_discharged_to_psych_facility,psychiatric_history,25.501777127325948,1547
num__service_change_count,0.0,0.0,0.0,2,service_change_count,demographic_admin,44.39577670917834,1548
num__severe_tachycardia_indicator,0.0,0.0,0.0,2,severe_tachycardia_indicator,other,0.11499059167886265,1549
num__smi_with_psych_facility_discharge_flag,0.0,0.0,0.0,2,smi_with_psych_facility_discharge_flag,psychiatric_history,0.574430273886682,1550
num__sodium_lab_first_24h_mean_missing,0.0,0.0,0.0,2,sodium_lab_first_24h_mean_missing,lab_vital_hourly,0.15680535228935816,1551
num__sodium_lab_first_24h_min_missing,0.0,0.0,0.0,2,sodium_lab_first_24h_min_missing,lab_vital_hourly,0.08572025925151579,1552
num__sodium_lab_first_72h_max_missing,0.0,0.0,0.0,2,sodium_lab_first_72h_max_missing,lab_vital_hourly,0.02090738030524775,1553
num__sodium_lab_first_72h_mean_missing,0.0,0.0,0.0,2,sodium_lab_first_72h_mean_missing,lab_vital_hourly,0.031361070457871634,1554
num__sodium_lab_first_72h_min_missing,0.0,0.0,0.0,2,sodium_lab_first_72h_min_missing,lab_vital_hourly,0.11133180012544427,1555
num__sodium_lab_first_value_missing,0.0,0.0,0.0,2,sodium_lab_first_value_missing,lab_vital_hourly,30.611540873928494,1556
num__sodium_lab_last_value_missing,0.0,0.0,0.0,2,sodium_lab_last_value_missing,lab_vital_hourly,9.740225799707297,1557
num__sodium_lab_max_value_missing,0.0,0.0,0.0,2,sodium_lab_max_value_missing,lab_vital_hourly,0.9246288939995819,1558
num__sodium_lab_mean_value_missing,0.0,0.0,0.0,2,sodium_lab_mean_value_missing,lab_vital_hourly,0.6596278486305666,1559
num__sodium_lab_measured,0.0,0.0,0.0,2,sodium_lab_measured,lab_vital_hourly,0.10924106209491952,1560
num__sodium_lab_min_value_missing,0.0,0.0,0.0,2,sodium_lab_min_value_missing,lab_vital_hourly,0.5284340372151369,1561
num__sodium_lab_std_value_missing,0.0,0.0,0.0,2,sodium_lab_std_value_missing,lab_vital_hourly,0.46100773573071296,1562
num__sodium_lab_value_change_missing,0.0,0.0,0.0,2,sodium_lab_value_change_missing,lab_vital_hourly,0.08049341417520385,1563
num__sodium_lab_value_range_missing,0.0,0.0,0.0,2,sodium_lab_value_range_missing,lab_vital_hourly,0.1343299184612168,1564
num__spo2_low_anytime_flag,0.0,0.0,0.0,2,spo2_low_anytime_flag,lab_vital_hourly,0.19652937486932887,1565
num__spo2_low_last_24h_before_discharge_flag,0.0,0.0,0.0,2,spo2_low_last_24h_before_discharge_flag,discharge_aftercare,0.08624294375914697,1566
num__spo2_vital_first_value_missing,0.0,0.0,0.0,2,spo2_vital_first_value_missing,lab_vital_hourly,3.12617604014217,1567
num__spo2_vital_last_value_missing,0.0,0.0,0.0,2,spo2_vital_last_value_missing,lab_vital_hourly,0.4097846539828559,1568
num__spo2_vital_max_value_missing,0.0,0.0,0.0,2,spo2_vital_max_value_missing,lab_vital_hourly,0.6214718795734895,1569
num__spo2_vital_mean_value_missing,0.0,0.0,0.0,2,spo2_vital_mean_value_missing,lab_vital_hourly,64.57662554881874,1570
num__spo2_vital_measured,0.0,0.0,0.0,2,spo2_vital_measured,lab_vital_hourly,0.19757474388459126,1571
num__spo2_vital_min_value_missing,0.0,0.0,0.0,2,spo2_vital_min_value_missing,lab_vital_hourly,2.542860129625758,1572
num__spo2_vital_value_change_missing,0.0,0.0,0.0,2,spo2_vital_value_change_missing,lab_vital_hourly,0.003658791553418357,1573
num__systolic_bp_arterial_vital_first_value_missing,0.0,0.0,0.0,2,systolic_bp_arterial_vital_first_value_missing,lab_vital_hourly,0.0005226845076311937,1574
num__systolic_bp_arterial_vital_last_value_missing,0.0,0.0,0.0,2,systolic_bp_arterial_vital_last_value_missing,lab_vital_hourly,2.99916370478779,1575
num__systolic_bp_arterial_vital_max_value_missing,0.0,0.0,0.0,2,systolic_bp_arterial_vital_max_value_missing,lab_vital_hourly,0.9403094292285176,1576
num__systolic_bp_arterial_vital_mean_value_missing,0.0,0.0,0.0,2,systolic_bp_arterial_vital_mean_value_missing,lab_vital_hourly,0.3350407693915952,1577
num__systolic_bp_arterial_vital_measured,0.0,0.0,0.0,2,systolic_bp_arterial_vital_measured,lab_vital_hourly,83.05665900062722,1578
num__systolic_bp_arterial_vital_min_value_missing,0.0,0.0,0.0,2,systolic_bp_arterial_vital_min_value_missing,lab_vital_hourly,0.002613422538155969,1579
num__systolic_bp_arterial_vital_value_change_missing,0.0,0.0,0.0,2,systolic_bp_arterial_vital_value_change_missing,lab_vital_hourly,3.773259460589588,1580
num__systolic_bp_noninvasive_vital_first_value_missing,0.0,0.0,0.0,2,systolic_bp_noninvasive_vital_first_value_missing,lab_vital_hourly,0.20646038051432156,1581
num__systolic_bp_noninvasive_vital_last_value_missing,0.0,0.0,0.0,2,systolic_bp_noninvasive_vital_last_value_missing,lab_vital_hourly,0.6789671754129207,1582
num__systolic_bp_noninvasive_vital_max_value_missing,0.0,0.0,0.0,2,systolic_bp_noninvasive_vital_max_value_missing,lab_vital_hourly,59.9278695379469,1583
num__systolic_bp_noninvasive_vital_mean_value_missing,0.0,0.0,0.0,2,systolic_bp_noninvasive_vital_mean_value_missing,lab_vital_hourly,2.410620949195066,1584
num__systolic_bp_noninvasive_vital_measured,0.0,0.0,0.0,2,systolic_bp_noninvasive_vital_measured,lab_vital_hourly,1.3448672381350617,1585
num__systolic_bp_noninvasive_vital_min_value_missing,0.0,0.0,0.0,2,systolic_bp_noninvasive_vital_min_value_missing,lab_vital_hourly,3.803052477524566,1586
num__systolic_bp_noninvasive_vital_value_change_missing,0.0,0.0,0.0,2,systolic_bp_noninvasive_vital_value_change_missing,lab_vital_hourly,1.5847794271377798,1587
num__tachycardia_last_24h_before_discharge_flag,0.0,0.0,0.0,2,tachycardia_last_24h_before_discharge_flag,discharge_aftercare,6.8570980556136325,1588
num__urea_nitrogen_lab_first_24h_max_missing,0.0,0.0,0.0,2,urea_nitrogen_lab_first_24h_max_missing,lab_vital_hourly,15.010453690152623,1589
num__urea_nitrogen_lab_first_24h_mean_missing,0.0,0.0,0.0,2,urea_nitrogen_lab_first_24h_mean_missing,lab_vital_hourly,15.464143842776501,1590
num__urea_nitrogen_lab_first_24h_min_missing,0.0,0.0,0.0,2,urea_nitrogen_lab_first_24h_min_missing,lab_vital_hourly,99.99843194647711,1591
num__urea_nitrogen_lab_first_72h_max_missing,0.0,0.0,0.0,2,urea_nitrogen_lab_first_72h_max_missing,lab_vital_hourly,9.773154923688061,1592
num__urea_nitrogen_lab_first_72h_mean_missing,0.0,0.0,0.0,2,urea_nitrogen_lab_first_72h_mean_missing,lab_vital_hourly,6.253920133807234,1593
num__urea_nitrogen_lab_first_72h_min_missing,0.0,0.0,0.0,2,urea_nitrogen_lab_first_72h_min_missing,lab_vital_hourly,12.865879155341837,1594
num__urea_nitrogen_lab_first_value_missing,0.0,0.0,0.0,2,urea_nitrogen_lab_first_value_missing,lab_vital_hourly,15.181371524148023,1595
num__urea_nitrogen_lab_last_value_missing,0.0,0.0,0.0,2,urea_nitrogen_lab_last_value_missing,lab_vital_hourly,11.89995818523939,1596
num__urea_nitrogen_lab_max_value_missing,0.0,0.0,0.0,2,urea_nitrogen_lab_max_value_missing,lab_vital_hourly,22.658373405812252,1597
num__urea_nitrogen_lab_mean_value_missing,0.0,0.0,0.0,2,urea_nitrogen_lab_mean_value_missing,lab_vital_hourly,28.841208446581646,1598
num__urea_nitrogen_lab_measured,0.0,0.0,0.0,2,urea_nitrogen_lab_measured,lab_vital_hourly,21.310892745139036,1599
num__urea_nitrogen_lab_min_value_missing,0.0,0.0,0.0,2,urea_nitrogen_lab_min_value_missing,lab_vital_hourly,25.1306711269078,1600
num__urea_nitrogen_lab_std_value_missing,0.0,0.0,0.0,2,urea_nitrogen_lab_std_value_missing,lab_vital_hourly,25.085720259251516,1601
num__urea_nitrogen_lab_value_change_missing,0.0,0.0,0.0,2,urea_nitrogen_lab_value_change_missing,lab_vital_hourly,24.660255070039725,1602
num__urea_nitrogen_lab_value_range_missing,0.0,0.0,0.0,2,urea_nitrogen_lab_value_range_missing,lab_vital_hourly,30.3334727158687,1603
num__vital_instability_home_discharge_flag,0.0,0.0,0.0,2,vital_instability_home_discharge_flag,discharge_aftercare,44.39577670917834,1604
num__wbc_lab_first_24h_max_missing,0.0,0.0,0.0,2,wbc_lab_first_24h_max_missing,lab_vital_hourly,3.1131089274513903,1605
num__wbc_lab_first_24h_mean_missing,0.0,0.0,0.0,2,wbc_lab_first_24h_mean_missing,lab_vital_hourly,47.88835458916998,1606
num__wbc_lab_first_24h_min_missing,0.0,0.0,0.0,2,wbc_lab_first_24h_min_missing,lab_vital_hourly,17.025402467070876,1607
num__wbc_lab_first_72h_max_missing,0.0,0.0,0.0,2,wbc_lab_first_72h_max_missing,lab_vital_hourly,25.927765001045366,1608
num__wbc_lab_first_72h_mean_missing,0.0,0.0,0.0,2,wbc_lab_first_72h_mean_missing,lab_vital_hourly,24.283399540037635,1609
num__wbc_lab_first_72h_min_missing,0.0,0.0,0.0,2,wbc_lab_first_72h_min_missing,lab_vital_hourly,22.277859084256743,1610
num__wbc_lab_first_value_missing,0.0,0.0,0.0,2,wbc_lab_first_value_missing,lab_vital_hourly,8.669767928078612,1611
num__wbc_lab_last_value_missing,0.0,0.0,0.0,2,wbc_lab_last_value_missing,lab_vital_hourly,18.80148442400167,1612
num__wbc_lab_max_value_missing,0.0,0.0,0.0,2,wbc_lab_max_value_missing,lab_vital_hourly,92.91814760610495,1613
num__wbc_lab_mean_value_missing,0.0,0.0,0.0,2,wbc_lab_mean_value_missing,lab_vital_hourly,1.3333681789671754,1614
num__wbc_lab_measured,0.0,0.0,0.0,2,wbc_lab_measured,lab_vital_hourly,9.588124607986618,1615
num__wbc_lab_min_value_missing,0.0,0.0,0.0,2,wbc_lab_min_value_missing,lab_vital_hourly,20.66171858666109,1616
num__wbc_lab_std_value_missing,0.0,0.0,0.0,2,wbc_lab_std_value_missing,lab_vital_hourly,33.42881037006063,1617
num__wbc_lab_value_change_missing,0.0,0.0,0.0,2,wbc_lab_value_change_missing,lab_vital_hourly,23.43246916161405,1618
