processed_feature_name,feature_name_clean,feature_family,importance_rank,mean_abs_shap,mean_signed_shap,nonzero_train_percent,selection_reason
num__late_orders_without_prior_psych_history_flag,late_orders_without_prior_psych_history_flag,prior_utilisation,1,0.3455783634299856,0.15412900990472292,100.0,top_global_shap
num__late_order_severity_per_late_order_last_12h,late_order_severity_per_late_order_last_12h,poe_late_order_pathway,2,0.1314189403129129,0.08401372464386514,100.0,top_global_shap
num__last_order_close_to_discharge_hours,last_order_close_to_discharge_hours,discharge_aftercare,3,0.13019478279021285,0.10282847430646885,100.0,top_global_shap
num__orders_last_12h_before_discharge,orders_last_12h_before_discharge,discharge_aftercare,4,0.09607127731986889,0.06338587062397141,100.0,top_global_shap
num__low_order_activity_with_self_harm_flag,low_order_activity_with_self_harm_flag,psychiatric_history,5,0.09392710169683928,0.057272512827717406,100.0,top_global_shap
cat__discharge_location_Unknown / not modelled,discharge_location_Unknown / not modelled,discharge_aftercare,6,0.08920741679506357,0.010345328954061143,100.0,top_global_shap
num__previous_psych_admissions_365d,previous_psych_admissions_365d,prior_utilisation,7,0.07519075705762387,-0.0021573964124157966,100.0,top_global_shap
num__previous_psych_admissions_180d,previous_psych_admissions_180d,prior_utilisation,8,0.07436651316134218,-0.0008954246936135938,100.0,top_global_shap
num__unmanaged_psychiatric_discharge_risk_score,unmanaged_psychiatric_discharge_risk_score,psychiatric_history,9,0.05009063342170832,0.015072775740941693,5.94605895881246,top_global_shap
num__discharge_hour,discharge_hour,discharge_aftercare,10,0.045025720656246083,0.023077134304152067,100.0,top_global_shap
num__discharged_to_psych_facility_flag,discharged_to_psych_facility_flag,psychiatric_history,11,0.03936752912295333,0.028662098496524728,100.0,top_global_shap
num__days_since_latest_body_measure,days_since_latest_body_measure,other,12,0.037086775468034766,0.014806183066509302,100.0,top_global_shap
num__late_order_intensity_score_last_12h,late_order_intensity_score_last_12h,poe_late_order_pathway,13,0.03514465020139464,0.024668662754159798,100.0,top_global_shap
num__last_order_close_to_discharge_hours_filled,last_order_close_to_discharge_hours_filled,discharge_aftercare,14,0.034654746053214454,0.02693787355628206,100.0,top_global_shap
num__elixhauser_psychoses,elixhauser_psychoses,psychiatric_history,15,0.033335255372435486,0.0095861063926392,100.0,top_global_shap
num__anchor_age,anchor_age,demographic_admin,16,0.032229869582384066,0.0022073306171136974,100.0,top_global_shap
num__days_since_previous_hospital_admission,days_since_previous_hospital_admission,prior_utilisation,17,0.03212578549210597,0.002978453444504337,100.0,top_global_shap
num__late_psych_safety_activity_score_near_discharge,late_psych_safety_activity_score_near_discharge,psychiatric_history,18,0.030650463555797647,0.021157686766039796,100.0,top_global_shap
num__has_depression,has_depression,psychiatric_history,19,0.030335320078279354,0.003274837972497162,100.0,top_global_shap
num__previous_psych_admissions_from_all_hosp,previous_psych_admissions_from_all_hosp,prior_utilisation,20,0.03033407041891007,0.005966074741542831,100.0,top_global_shap
num__low_order_activity_with_smi_flag,low_order_activity_with_smi_flag,psychiatric_history,21,0.030122879433797923,0.016058833537090644,100.0,top_global_shap
num__no_late_orders_but_self_harm_flag,no_late_orders_but_self_harm_flag,psychiatric_history,22,0.02949863860989673,0.018424690694675214,100.0,top_global_shap
num__psych_diagnosis_group_count,psych_diagnosis_group_count,psychiatric_history,23,0.029133624250654935,0.0037352784100579805,100.0,top_global_shap
num__care_team_touchpoints_last_6h_before_discharge,care_team_touchpoints_last_6h_before_discharge,discharge_aftercare,24,0.02859344460374271,0.01966423733872913,100.0,top_global_shap
num__days_since_previous_psych_admission_filled,days_since_previous_psych_admission_filled,prior_utilisation,25,0.02605459697249044,0.0006574337640532736,100.0,top_global_shap
num__emar_not_given_rate,emar_not_given_rate,medication_emar_pharmacy,26,0.025559688687906666,0.004032580976413157,100.0,top_global_shap
num__charlson_comorbidity_index_simplified,charlson_comorbidity_index_simplified,medical_comorbidity,27,0.02436373982410854,0.0010897571693459186,100.0,top_global_shap
num__late_nonroutine_order_count_last_12h,late_nonroutine_order_count_last_12h,poe_late_order_pathway,28,0.023216379639665587,0.01515843684011224,100.0,top_global_shap
num__last_order_within_12h_of_discharge_flag,last_order_within_12h_of_discharge_flag,discharge_aftercare,29,0.023208360997611366,0.01690197025496021,100.0,top_global_shap
num__previous_psych_admissions,previous_psych_admissions,prior_utilisation,30,0.022343147448822785,0.003079906036202544,100.0,top_global_shap
num__num_psych_diagnoses,num_psych_diagnoses,psychiatric_history,31,0.021680857159547685,0.001651277092938972,100.0,top_global_shap
num__order_activity_last_6h_to_total_ratio,order_activity_last_6h_to_total_ratio,poe_late_order_pathway,32,0.021144500317281784,0.011093729461653523,100.0,top_global_shap
num__days_since_previous_hospital_admission_filled,days_since_previous_hospital_admission_filled,prior_utilisation,33,0.020747928070342217,0.0013336713749601836,100.0,top_global_shap
num__num_unique_careunits,num_unique_careunits,icu_care,34,0.020630733859659894,-0.00012231912733838945,100.0,top_global_shap
num__has_cancer,has_cancer,medical_comorbidity,35,0.020515108064986902,-0.00018825566821240535,100.0,top_global_shap
num__previous_psych_admissions_90d,previous_psych_admissions_90d,prior_utilisation,36,0.01946769058751839,-0.002698475398555527,100.0,top_global_shap
num__num_steroid_prescriptions,num_steroid_prescriptions,other,37,0.019438643826058546,-0.0016190875473383007,100.0,top_global_shap
num__ed_length_of_stay_hours,ed_length_of_stay_hours,demographic_admin,38,0.019393301295662947,0.00372011216548094,100.0,top_global_shap
num__hemoglobin_lab_last_value,hemoglobin_lab_last_value,lab_vital_hourly,39,0.01917507790107756,0.0007110428176798975,100.0,top_global_shap
cat__last_service_OMED,last_service_OMED,demographic_admin,40,0.019133057439774608,0.00032647079080835016,100.0,top_global_shap
num__psychiatric_aftercare_planning_score,psychiatric_aftercare_planning_score,psychiatric_history,41,0.018910132716030655,0.014724313202890275,100.0,top_global_shap
cat__race_UNKNOWN,race_UNKNOWN,demographic_admin,42,0.018792494754291338,0.0045959710781429625,100.0,top_global_shap
num__care_team_touchpoints_last_12h_before_discharge,care_team_touchpoints_last_12h_before_discharge,discharge_aftercare,43,0.01845825596566466,0.013045648711519805,100.0,top_global_shap
num__psychotropic_order_density_per_day,psychotropic_order_density_per_day,psychiatric_history,44,0.018112813444043852,0.00020186314762161203,100.0,top_global_shap
num__public_insurance_flag,public_insurance_flag,demographic_admin,45,0.017805040623677843,-0.0004067011160905756,100.0,top_global_shap
num__num_opioid_prescriptions,num_opioid_prescriptions,psychiatric_history,46,0.017667012173449886,-0.0010482658702062845,100.0,top_global_shap
num__orders_after_72h_per_hospital_day,orders_after_72h_per_hospital_day,poe_late_order_pathway,47,0.016950791597367912,0.0004904140738588862,100.0,top_global_shap
num__psychosis_or_self_harm_low_aftercare_quality_flag,psychosis_or_self_harm_low_aftercare_quality_flag,psychiatric_history,48,0.01694769256167237,0.008135289477799212,100.0,top_global_shap
num__ed_to_admission_hours,ed_to_admission_hours,demographic_admin,49,0.016732461638068272,0.0005388695667770677,100.0,top_global_shap
num__previous_psych_to_total_admission_ratio,previous_psych_to_total_admission_ratio,prior_utilisation,50,0.016325058077994985,0.000328655083549754,100.0,top_global_shap
num__care_team_touchpoints_per_hospital_day,care_team_touchpoints_per_hospital_day,poe_late_order_pathway,51,0.015826457980821284,0.0012971304276365968,100.0,top_global_shap
num__discontinued_orders_last_12h_before_discharge,discontinued_orders_last_12h_before_discharge,discharge_aftercare,52,0.01577324012534332,0.010881535936509762,100.0,top_global_shap
num__safety_order_proportion,safety_order_proportion,poe_late_order_pathway,53,0.015401625490913355,0.007751408625250149,0.08937905080493413,top_global_shap
num__days_since_latest_body_measure_filled,days_since_latest_body_measure_filled,other,54,0.014799372765883846,0.004343350202078727,100.0,top_global_shap
num__new_substance_use_this_admission_flag,new_substance_use_this_admission_flag,psychiatric_history,55,0.014607782237803976,0.0006432786732930155,100.0,top_global_shap
num__quiet_smi_psychosis_low_activity_score,quiet_smi_psychosis_low_activity_score,psychiatric_history,56,0.014514790925644505,0.010430452958600619,100.0,top_global_shap
num__procedures_per_hospital_day,procedures_per_hospital_day,medical_comorbidity,57,0.01444261996408645,-0.00021243286359985724,100.0,top_global_shap
num__discharged_to_psych_facility_or_transfer_flag,discharged_to_psych_facility_or_transfer_flag,psychiatric_history,58,0.014047777767006641,0.010836243705919606,100.0,top_global_shap
num__ed_visit_to_admission_ratio_365d,ed_visit_to_admission_ratio_365d,other,59,0.013501323723371688,0.0007699768227583039,100.0,top_global_shap
num__medical_workup_near_discharge_score,medical_workup_near_discharge_score,discharge_aftercare,60,0.01348559958051926,-0.0018711003173419894,100.0,top_global_shap
num__late_discharge_admin_order_share_last_12h,late_discharge_admin_order_share_last_12h,discharge_aftercare,61,0.01343453110697112,0.0066113475859476325,100.0,top_global_shap
cat__gender_F,gender_F,demographic_admin,62,0.01327573462992057,8.500636858204546e-05,100.0,top_global_shap
num__previous_psych_admissions_60d,previous_psych_admissions_60d,prior_utilisation,63,0.013254734308228506,-0.0019235963227913196,100.0,top_global_shap
cat__marital_status_Unknown,marital_status_Unknown,demographic_admin,64,0.01319171587867982,0.0030416722390273,100.0,top_global_shap
num__wbc_lab_last_value,wbc_lab_last_value,lab_vital_hourly,65,0.013157294078635848,-0.00038779694925122107,22.676667363579345,top_global_shap
num__quiet_risk_summary_score,quiet_risk_summary_score,other,66,0.012985175832586293,0.008011974858726203,100.0,top_global_shap
num__new_orders_last_12h_before_discharge_flag,new_orders_last_12h_before_discharge_flag,discharge_aftercare,67,0.012749176546907697,0.008095952515457519,100.0,top_global_shap
num__min_previous_admission_gap_days_filled,min_previous_admission_gap_days_filled,prior_utilisation,68,0.012611706985008592,0.0030301274897916895,100.0,top_global_shap
num__hospital_los_days,hospital_los_days,demographic_admin,69,0.012538860382517633,0.00458362675606667,100.0,top_global_shap
num__sodium_lab_last_value,sodium_lab_last_value,lab_vital_hourly,70,0.01245725710050315,-0.0017702925832636725,2.89410411875392,top_global_shap
num__num_scheduled_pharmacy_orders,num_scheduled_pharmacy_orders,poe_late_order_pathway,71,0.012351050152284562,0.0001368941250239231,100.0,top_global_shap
num__medicine_service_involved_anytime,medicine_service_involved_anytime,demographic_admin,72,0.011533039867017793,0.0012135842372642692,100.0,top_global_shap
num__no_recent_psych_history_and_long_ed_los,no_recent_psych_history_and_long_ed_los,prior_utilisation,73,0.011510349680728622,0.004478260640574531,100.0,top_global_shap
num__provider_changes_last_24h_before_discharge,provider_changes_last_24h_before_discharge,discharge_aftercare,74,0.011402440036587132,-0.00048772409780151513,100.0,top_global_shap
num__elixhauser_solid_tumour,elixhauser_solid_tumour,medical_comorbidity,75,0.011388792687130795,-0.0011874306335784622,100.0,top_global_shap
num__num_iv_prescription_rows,num_iv_prescription_rows,other,76,0.011339381218509576,0.00015489304349778732,100.0,top_global_shap
num__min_previous_admission_gap_days,min_previous_admission_gap_days,prior_utilisation,77,0.011257304274541854,0.00043968493142546266,100.0,top_global_shap
num__hemoglobin_lab_min_value,hemoglobin_lab_min_value,lab_vital_hourly,78,0.01102686453917415,-0.00041924278152882143,100.0,top_global_shap
num__mean_previous_admission_gap_days_filled,mean_previous_admission_gap_days_filled,prior_utilisation,79,0.01082773357488111,0.0008725000455339903,100.0,top_global_shap
num__has_multiple_psych_diagnosis_groups,has_multiple_psych_diagnosis_groups,psychiatric_history,80,0.010776776138470409,0.0012679348272819075,100.0,top_global_shap
num__safety_orders_last_24h_before_discharge,safety_orders_last_24h_before_discharge,discharge_aftercare,81,0.010516225570204523,0.006959820246045819,11.121680953376542,top_global_shap
num__discharge_medication_continuity_score,discharge_medication_continuity_score,discharge_aftercare,82,0.01029366714077898,-0.0006739116464079122,100.0,top_global_shap
num__ed_to_admission_hours_filled,ed_to_admission_hours_filled,demographic_admin,83,0.010280119846419453,0.0003342808083012628,100.0,top_global_shap
num__mostly_psych_readmission_pattern_flag,mostly_psych_readmission_pattern_flag,psychiatric_history,84,0.00991153617016997,0.0013514130750501938,100.0,top_global_shap
cat__discharge_location_grouped_Unknown / not modelled,discharge_location_grouped_Unknown / not modelled,discharge_aftercare,85,0.009887934558103877,-0.0016235193096272738,100.0,top_global_shap
num__had_discharge_planning_order,had_discharge_planning_order,discharge_aftercare,86,0.009815461996936647,0.0016720184423540104,100.0,top_global_shap
num__ed_length_of_stay_hours_filled,ed_length_of_stay_hours_filled,demographic_admin,87,0.009779514386843935,0.0001660237504425113,100.0,top_global_shap
num__urea_nitrogen_lab_std_value,urea_nitrogen_lab_std_value,lab_vital_hourly,88,0.009635077017210291,0.0015412991204163326,24.934141752038467,top_global_shap
num__safety_order_density_per_day,safety_order_density_per_day,poe_late_order_pathway,89,0.009575392877984576,0.0053423744754450275,2.003972402257997,top_global_shap
num__last_order_hours_from_admission_filled,last_order_hours_from_admission_filled,poe_late_order_pathway,90,0.009462866077124594,0.002356835691743577,100.0,top_global_shap
num__admission_year,admission_year,other,91,0.009351115158767237,-0.0004469013817883822,100.0,top_global_shap
num__new_antidepressant_started_flag,new_antidepressant_started_flag,other,92,0.009250445752073545,-0.00018861085791488683,100.0,top_global_shap
num__num_psychotropic_pharmacy_orders,num_psychotropic_pharmacy_orders,psychiatric_history,93,0.00924342456465482,0.00017782280990313022,100.0,top_global_shap
num__emar_administration_count_first_24h,emar_administration_count_first_24h,medication_emar_pharmacy,94,0.00900593482702582,0.000372332007999518,100.0,top_global_shap
num__num_abnormal_lab_flags_last_48h,num_abnormal_lab_flags_last_48h,lab_vital_hourly,95,0.008987830307759622,-0.0010309375692061273,100.0,top_global_shap
num__late_nonroutine_order_share_last_12h,late_nonroutine_order_share_last_12h,poe_late_order_pathway,96,0.008812727731752382,0.002079306693483777,100.0,top_global_shap
num__no_recent_psych_history_and_discharge_to_facility,no_recent_psych_history_and_discharge_to_facility,prior_utilisation,97,0.00877302760954261,0.0007494778004678846,100.0,top_global_shap
num__previous_total_admissions_180d,previous_total_admissions_180d,prior_utilisation,98,0.008768001759950059,-0.0004977522819741248,100.0,top_global_shap
num__not_married_flag,not_married_flag,other,99,0.008710554984089715,0.001165811166210696,100.0,top_global_shap
cat__first_service_NMED,first_service_NMED,demographic_admin,100,0.008626642398740236,0.0017787748723630634,100.0,top_global_shap
num__order_activity_last_48h_to_total_ratio,order_activity_last_48h_to_total_ratio,poe_late_order_pathway,101,0.008597522894982886,-0.0008093642463125393,100.0,top_global_shap
num__num_started_emar_events,num_started_emar_events,medication_emar_pharmacy,102,0.008569077954145726,0.0003288132778632884,100.0,top_global_shap
num__order_activity_ratio_24_to_72h,order_activity_ratio_24_to_72h,poe_late_order_pathway,103,0.008492836864567643,-0.0001975759351282156,100.0,top_global_shap
num__time_between_last_two_admissions_days,time_between_last_two_admissions_days,other,104,0.008374422729604172,-0.00038666124863274634,0.19809742839222247,top_global_shap
num__platelet_lab_rate_of_change_per_day,platelet_lab_rate_of_change_per_day,lab_vital_hourly,105,0.00833172168304036,-0.00025897620126598327,100.0,top_global_shap
num__num_prn_pharmacy_orders,num_prn_pharmacy_orders,poe_late_order_pathway,106,0.008283562302395363,0.0015230580615019078,100.0,top_global_shap
cat__anchor_year_group_2008 - 2010,anchor_year_group_2008 - 2010,other,107,0.00824235877379206,-0.00012351272638041658,100.0,top_global_shap
num__low_order_activity_with_psychosis_flag,low_order_activity_with_psychosis_flag,psychiatric_history,108,0.008227180889813494,0.004508377220440151,100.0,top_global_shap
num__discharge_dayofweek,discharge_dayofweek,discharge_aftercare,109,0.008180390148889043,-7.081969882355732e-06,100.0,top_global_shap
num__creatinine_lab_coefficient_of_variation,creatinine_lab_coefficient_of_variation,lab_vital_hourly,110,0.008088019661831364,-0.0005628814624563484,100.0,top_global_shap
num__num_medication_route_types,num_medication_route_types,medication_emar_pharmacy,111,0.008047926446055802,0.0007079420125094951,100.0,top_global_shap
num__sodium_lab_rate_of_change_per_day,sodium_lab_rate_of_change_per_day,lab_vital_hourly,112,0.008038847955958429,0.0008542942289123055,14.003763328454944,top_global_shap
num__mean_previous_admission_gap_days,mean_previous_admission_gap_days,prior_utilisation,113,0.00795871004964151,0.0004136071848139849,100.0,top_global_shap
num__previous_admission_order_activity_count,previous_admission_order_activity_count,prior_utilisation,114,0.007842974753081197,0.00019311484654035554,100.0,top_global_shap
num__platelet_lab_std_value,platelet_lab_std_value,lab_vital_hourly,115,0.007702293606220402,0.00022402874763832137,100.0,top_global_shap
num__emergency_room_admission_flag,emergency_room_admission_flag,other,116,0.007678563510615296,0.00032487618835287777,100.0,top_global_shap
num__safety_orders_first_24h,safety_orders_first_24h,poe_late_order_pathway,117,0.007673471339552736,0.004099337074658321,0.6591051641229354,top_global_shap
num__admission_hour,admission_hour,demographic_admin,118,0.007672721887984328,5.175227022323257e-05,100.0,top_global_shap
num__orders_last_48h_before_discharge,orders_last_48h_before_discharge,discharge_aftercare,119,0.007658385667408647,-0.0013343194496529107,100.0,top_global_shap
num__previous_total_admissions_90d,previous_total_admissions_90d,prior_utilisation,120,0.0076049130100952584,-0.00019813508852766025,100.0,top_global_shap
num__first_order_hours_from_admission,first_order_hours_from_admission,poe_late_order_pathway,121,0.007526279830596846,0.0002812635164664563,100.0,top_global_shap
cat__discharge_location_grouped_Facility / rehab / long-term care,discharge_location_grouped_Facility / rehab / long-term care,discharge_aftercare,122,0.007408977012783856,0.0008505564790899662,100.0,top_global_shap
num__wbc_lab_coefficient_of_variation,wbc_lab_coefficient_of_variation,lab_vital_hourly,123,0.007354257557391565,0.0004977028513093863,55.558749738657745,top_global_shap
num__sodium_lab_min_value,sodium_lab_min_value,lab_vital_hourly,124,0.007327570445959523,-0.0009139967160557055,0.1949613213464353,top_global_shap
num__has_dementia,has_dementia,other,125,0.007279845673711103,0.0004521126649583522,100.0,top_global_shap
num__previous_ed_visits_365d,previous_ed_visits_365d,prior_utilisation,126,0.0072603561955466005,-0.0009254427234538392,100.0,top_global_shap
num__discharge_month,discharge_month,discharge_aftercare,127,0.007245551447871085,-0.0003817005774427047,100.0,top_global_shap
num__antipsychotic_plus_benzodiazepine,antipsychotic_plus_benzodiazepine,psychiatric_history,128,0.00722982392954096,0.0005599136523714996,100.0,top_global_shap
num__mean_previous_los_days_filled,mean_previous_los_days_filled,prior_utilisation,129,0.007154334726576388,0.0010750295629625487,100.0,top_global_shap
num__urea_nitrogen_lab_coefficient_of_variation,urea_nitrogen_lab_coefficient_of_variation,lab_vital_hourly,130,0.007092201055215932,-0.0002994015481815496,0.7150324064394731,top_global_shap
num__has_self_harm_or_suicidal_ideation,has_self_harm_or_suicidal_ideation,psychiatric_history,131,0.006979445509477122,0.003138564279593213,100.0,top_global_shap
num__time_to_first_transfer_hours,time_to_first_transfer_hours,demographic_admin,132,0.0069312780700053825,0.00038145518608947776,0.6763537528747648,top_global_shap
num__late_care_fragmentation_score,late_care_fragmentation_score,poe_late_order_pathway,133,0.006925982628892269,0.0018625634687625052,100.0,top_global_shap
num__order_activity_slope_24_to_72h,order_activity_slope_24_to_72h,poe_late_order_pathway,134,0.006898459614092717,0.0003058444675715408,100.0,top_global_shap
num__ed_only_crisis_pattern_score,ed_only_crisis_pattern_score,other,135,0.006815021626761914,0.0019464783589045508,100.0,top_global_shap
num__discharged_home_with_services_flag,discharged_home_with_services_flag,discharge_aftercare,136,0.006799371732150873,-0.000919857763928635,100.0,top_global_shap
num__glucose_lab_first_72h_min,glucose_lab_first_72h_min,lab_vital_hourly,137,0.006617276385529291,-0.0006347327606829481,100.0,top_global_shap
num__consult_order_proportion,consult_order_proportion,poe_late_order_pathway,138,0.006598121414171341,0.0012439923207404001,100.0,top_global_shap
num__followup_order_proportion,followup_order_proportion,discharge_aftercare,139,0.006587413805847531,-0.0005757550970778691,100.0,top_global_shap
cat__first_service_MED,first_service_MED,demographic_admin,140,0.00656539612843346,0.0010999833255654595,100.0,top_global_shap
num__medication_order_count_first_24h,medication_order_count_first_24h,poe_late_order_pathway,141,0.006493530060679516,-0.0001424324870726267,100.0,top_global_shap
num__prescriptions_per_hospital_day,prescriptions_per_hospital_day,other,142,0.006488144273673545,-0.0009488563219928361,100.0,top_global_shap
num__num_abnormal_lab_flags,num_abnormal_lab_flags,lab_vital_hourly,143,0.006364812159559429,-0.0004942047148852357,100.0,top_global_shap
num__first_safety_order_hours_from_admission,first_safety_order_hours_from_admission,poe_late_order_pathway,144,0.006354091876365823,0.0022727697394651037,100.0,top_global_shap
num__has_alcohol_related_disorder,has_alcohol_related_disorder,psychiatric_history,145,0.006222897836037324,0.0004746402288685379,100.0,top_global_shap
num__elixhauser_individual_group_count,elixhauser_individual_group_count,medical_comorbidity,146,0.006215345159569791,-0.00032661633047511196,100.0,top_global_shap
num__sodium_lab_last_to_first_ratio,sodium_lab_last_to_first_ratio,lab_vital_hourly,147,0.006130483004619759,-0.00012052394959428336,47.637466025507,top_global_shap
num__emar_administered_to_order_ratio,emar_administered_to_order_ratio,poe_late_order_pathway,148,0.0060873509471388535,-0.0006208930730071039,100.0,top_global_shap
num__late_admin_to_total_late_order_ratio,late_admin_to_total_late_order_ratio,poe_late_order_pathway,149,0.006008656736821815,0.002862091336512881,100.0,top_global_shap
cat__psych_diagnosis_burden_category_1 diagnosis,psych_diagnosis_burden_category_1 diagnosis,psychiatric_history,150,0.00599742294918279,0.0005149540351234065,100.0,top_global_shap
num__order_activity_last_12h_to_total_ratio,order_activity_last_12h_to_total_ratio,poe_late_order_pathway,151,0.005984760124681047,0.0002408552567029652,100.0,top_global_shap
num__latest_bmi_before_admission,latest_bmi_before_admission,medical_comorbidity,152,0.005966371162507304,0.0003807762970651349,100.0,top_global_shap
num__emar_administration_record_count,emar_administration_record_count,medication_emar_pharmacy,153,0.0059340278555404255,6.480560608965531e-05,100.0,top_global_shap
num__had_steroid_exposure,had_steroid_exposure,other,154,0.005928346002655926,-0.0004159936078929892,100.0,top_global_shap
num__num_care_team_touchpoints,num_care_team_touchpoints,poe_late_order_pathway,155,0.005871146069152651,0.002912900537234711,100.0,top_global_shap
num__late_care_team_touchpoint_share,late_care_team_touchpoint_share,poe_late_order_pathway,156,0.0058503694415810836,-0.00018229241582447286,100.0,top_global_shap
num__mean_previous_los_days,mean_previous_los_days,prior_utilisation,157,0.00584572168695373,-0.00039450510093064635,100.0,top_global_shap
num__emar_administration_count_first_72h,emar_administration_count_first_72h,medication_emar_pharmacy,158,0.005796289803378192,0.000913263312708108,100.0,top_global_shap
num__glucose_lab_coefficient_of_variation,glucose_lab_coefficient_of_variation,lab_vital_hourly,159,0.005782582148998168,0.00030735376011161667,100.0,top_global_shap
num__lab_tests_per_hospital_day,lab_tests_per_hospital_day,lab_vital_hourly,160,0.005756558791173306,-0.0018095030914228737,100.0,top_global_shap
num__medical_complexity_score,medical_complexity_score,other,161,0.005745776351641561,-0.0007333576415839983,100.0,top_global_shap
num__psychotropic_pharmacy_orders_per_day,psychotropic_pharmacy_orders_per_day,psychiatric_history,162,0.005725557583857279,0.00024121460762260277,100.0,top_global_shap
num__last_safety_order_hours_from_admission,last_safety_order_hours_from_admission,poe_late_order_pathway,163,0.00563949334463959,0.001835537646324565,100.0,top_global_shap
num__creatinine_lab_mean_value,creatinine_lab_mean_value,lab_vital_hourly,164,0.005498690026966675,0.0006597075783058293,100.0,top_global_shap
num__num_orders_first_72h,num_orders_first_72h,poe_late_order_pathway,165,0.0054296050011382446,0.001121827388263746,100.0,top_global_shap
num__vital_72h_mean_instability_score,vital_72h_mean_instability_score,lab_vital_hourly,166,0.00541418799998609,-0.00039810675622320056,0.08937905080493413,top_global_shap
num__had_one_hr_max_order,had_one_hr_max_order,poe_late_order_pathway,167,0.005411838397481021,0.0008654601483763108,100.0,top_global_shap
num__latest_height_cm_before_admission,latest_height_cm_before_admission,other,168,0.005409804469105599,0.000708509782273186,100.0,top_global_shap
num__abnormal_lab_burden_score,abnormal_lab_burden_score,lab_vital_hourly,169,0.0053927701413709755,0.001106551073170313,100.0,top_global_shap
num__no_recent_psych_history_and_high_charlson,no_recent_psych_history_and_high_charlson,prior_utilisation,170,0.0053591125526755035,-0.0007132421982161616,100.0,top_global_shap
num__orders_last_6h_before_discharge,orders_last_6h_before_discharge,discharge_aftercare,171,0.005342966049592575,0.003146697464608258,100.0,top_global_shap
num__hemoglobin_lab_coefficient_of_variation,hemoglobin_lab_coefficient_of_variation,lab_vital_hourly,172,0.005292953118789296,0.0003027983531948633,100.0,top_global_shap
num__orders_first_72h_to_total_ratio,orders_first_72h_to_total_ratio,poe_late_order_pathway,173,0.005262288821260685,0.0013851475554566804,100.0,top_global_shap
num__emar_dose_given_record_count,emar_dose_given_record_count,medication_emar_pharmacy,174,0.005209082132669598,0.000248962712105501,100.0,top_global_shap
num__medicaid_flag,medicaid_flag,other,175,0.005046576821675225,0.000913666720628096,100.0,top_global_shap
num__heart_rate_vital_rate_of_change_per_day,heart_rate_vital_rate_of_change_per_day,lab_vital_hourly,176,0.00486784163223801,0.0009334042286173773,100.0,top_global_shap
num__sodium_lab_value_range,sodium_lab_value_range,lab_vital_hourly,177,0.004856285273032713,0.00016302055028303842,0.14060213255279114,top_global_shap
num__had_benzodiazepine_order,had_benzodiazepine_order,poe_late_order_pathway,178,0.004832289975307545,-0.00038192145551932665,100.0,top_global_shap
num__platelet_lab_last_value,platelet_lab_last_value,lab_vital_hourly,179,0.00476651234777058,0.0002869835765681708,100.0,top_global_shap
num__admissions_per_365d,admissions_per_365d,other,180,0.004733511017202583,0.0013835894860164063,100.0,top_global_shap
num__num_critical_or_priority_labs,num_critical_or_priority_labs,lab_vital_hourly,181,0.0047102776975991335,-0.00040436013178009973,100.0,top_global_shap
num__previous_total_admissions,previous_total_admissions,prior_utilisation,182,0.0046933016776634405,0.001304463713547655,100.0,top_global_shap
num__num_orders_first_24h,num_orders_first_24h,poe_late_order_pathway,183,0.00468805665912989,0.0013280789280479947,100.0,top_global_shap
num__wbc_lab_last_to_first_ratio,wbc_lab_last_to_first_ratio,lab_vital_hourly,184,0.004662585397929504,0.0001057067464496241,16.29207610286431,top_global_shap
num__discharged_against_advice,discharged_against_advice,discharge_aftercare,185,0.004634051389753353,-0.0005227495508088188,100.0,top_global_shap
num__depression_without_antidepressant_continuity_flag,depression_without_antidepressant_continuity_flag,psychiatric_history,186,0.004610317796715826,0.0008747850735977134,100.0,top_global_shap
num__previous_admission_los_days_filled,previous_admission_los_days_filled,prior_utilisation,187,0.004584121216076732,0.0005722491550932409,100.0,top_global_shap
cat__last_service_MED,last_service_MED,demographic_admin,188,0.004572348330789501,0.0006984240616171897,100.0,top_global_shap
cat__gender_M,gender_M,demographic_admin,189,0.004555896719910742,0.00013084627536764416,100.0,top_global_shap
num__drg_severity,drg_severity,medical_comorbidity,190,0.004550633074380817,-0.0003024829773063231,100.0,top_global_shap
num__emar_missed_or_not_given_count_first_72h,emar_missed_or_not_given_count_first_72h,medication_emar_pharmacy,191,0.004547494142560819,0.00040743646114292697,100.0,top_global_shap
num__platelet_lab_last_to_first_ratio,platelet_lab_last_to_first_ratio,lab_vital_hourly,192,0.004520212660300456,-7.691584898379855e-05,100.0,top_global_shap
num__safety_order_near_discharge_flag,safety_order_near_discharge_flag,discharge_aftercare,193,0.004392587209785432,0.002809756380206305,47.55279113527075,top_global_shap
num__previous_admission_los_days,previous_admission_los_days,prior_utilisation,194,0.004382569762018704,9.654790792986911e-05,100.0,top_global_shap
num__sodium_lab_coefficient_of_variation,sodium_lab_coefficient_of_variation,lab_vital_hourly,195,0.0043701292691616265,-0.00046445946269863913,0.15157850721304622,top_global_shap
num__hemoglobin_lab_abnormal,hemoglobin_lab_abnormal,lab_vital_hourly,196,0.004358354537685131,-0.00024226949233625245,100.0,top_global_shap
num__first_order_hours_from_admission_filled,first_order_hours_from_admission_filled,poe_late_order_pathway,197,0.004336043490161253,0.0002089505042271825,100.0,top_global_shap
num__num_lab_events_last_48h_before_discharge,num_lab_events_last_48h_before_discharge,discharge_aftercare,198,0.004334566430894518,0.0003260423431534894,100.0,top_global_shap
num__num_prn_benzodiazepine_orders,num_prn_benzodiazepine_orders,poe_late_order_pathway,199,0.004331287555453735,0.0001419737998745412,100.0,top_global_shap
num__num_iv_pharmacy_orders,num_iv_pharmacy_orders,poe_late_order_pathway,200,0.004297032250531312,0.00045422818440428176,100.0,top_global_shap
num__emar_psychotropic_not_given_count,emar_psychotropic_not_given_count,psychiatric_history,201,0.004284699734242342,0.00020631781270484978,100.0,top_global_shap
num__time_to_first_transfer_hours_filled,time_to_first_transfer_hours_filled,demographic_admin,202,0.004262152487620552,-0.000251416578217364,0.8023207192138825,top_global_shap
num__late_lab_order_share_last_12h,late_lab_order_share_last_12h,poe_late_order_pathway,203,0.00425578879261572,-0.0002362917261648685,100.0,top_global_shap
num__urea_nitrogen_lab_value_range,urea_nitrogen_lab_value_range,lab_vital_hourly,204,0.004220295783574843,0.00035915960268363255,16.149905916788626,top_global_shap
cat__last_service_TRAUM,last_service_TRAUM,demographic_admin,205,0.00418649449163711,0.00031544122786291914,100.0,top_global_shap
num__care_team_touchpoint_density_per_day,care_team_touchpoint_density_per_day,poe_late_order_pathway,206,0.004144695480375882,0.00038433339207904127,100.0,top_global_shap
num__medications_per_hospital_day,medications_per_hospital_day,medication_emar_pharmacy,207,0.004111105445753834,-0.0007713583134451912,100.0,top_global_shap
num__psych_diagnosis_without_psych_discharge_flag,psych_diagnosis_without_psych_discharge_flag,psychiatric_history,208,0.004097066932124558,0.003101082229131782,100.0,top_global_shap
num__sodium_lab_first_value,sodium_lab_first_value,lab_vital_hourly,209,0.004095099477313163,0.00020925623044979957,9.116663182103283,top_global_shap
num__num_procedures,num_procedures,medical_comorbidity,210,0.004088909611654555,-0.0003818514249451841,100.0,top_global_shap
num__late_psych_safety_without_psych_facility_discharge_flag,late_psych_safety_without_psych_facility_discharge_flag,psychiatric_history,211,0.00403975329120841,0.002605121816357353,100.0,top_global_shap
num__night_discharge_flag,night_discharge_flag,discharge_aftercare,212,0.004017221751135762,0.0008639802527217164,100.0,top_global_shap
num__emar_delayed_or_not_given_last_24h,emar_delayed_or_not_given_last_24h,medication_emar_pharmacy,213,0.003998320133368574,0.00014516849676482143,100.0,top_global_shap
num__mean_oxygen_flow_rate,mean_oxygen_flow_rate,lab_vital_hourly,214,0.003964682831739877,-1.537308596011649e-05,100.0,top_global_shap
num__previous_total_admissions_60d,previous_total_admissions_60d,prior_utilisation,215,0.003857511121134304,-0.000790613967193015,100.0,top_global_shap
num__systolic_bp_arterial_vital_rate_of_change_per_day,systolic_bp_arterial_vital_rate_of_change_per_day,lab_vital_hourly,216,0.0038516432674087706,0.0003165208683565731,0.027179594396822077,top_global_shap
num__hemoglobin_lab_first_24h_mean,hemoglobin_lab_first_24h_mean,lab_vital_hourly,217,0.0038513197410022936,-0.00046163677164477783,100.0,top_global_shap
num__platelet_lab_first_24h_max,platelet_lab_first_24h_max,lab_vital_hourly,218,0.0038443889617985304,-8.934727631693752e-05,100.0,top_global_shap
num__sodium_lab_first_72h_mean,sodium_lab_first_72h_mean,lab_vital_hourly,219,0.003816823831285056,-0.00010134153840393162,2.9949822287267405,top_global_shap
num__time_between_last_two_admissions_days_filled,time_between_last_two_admissions_days_filled,other,220,0.0038101337714225333,0.00014136102497291545,0.0015680535228935813,top_global_shap
num__latest_weight_kg_before_admission,latest_weight_kg_before_admission,medical_comorbidity,221,0.0038050515927078267,-0.00011307247987328841,100.0,top_global_shap
num__elixhauser_peripheral_vascular,elixhauser_peripheral_vascular,medical_comorbidity,222,0.0038038727618744063,-0.0002508451059533598,100.0,top_global_shap
num__previous_admission_late_order_count,previous_admission_late_order_count,prior_utilisation,223,0.003800217857294146,0.00037397634137806615,100.0,top_global_shap
num__elixhauser_lymphoma,elixhauser_lymphoma,medical_comorbidity,224,0.003779208922675119,-0.00013417411221756123,100.0,top_global_shap
num__medication_order_count_first_72h,medication_order_count_first_72h,poe_late_order_pathway,225,0.0037609806913864773,-0.0005857367840184601,100.0,top_global_shap
num__glucose_lab_last_value,glucose_lab_last_value,lab_vital_hourly,226,0.003738310366470117,-6.757400135931518e-05,100.0,top_global_shap
num__potassium_lab_first_24h_mean,potassium_lab_first_24h_mean,lab_vital_hourly,227,0.0037306213146114367,-0.0005309721820110077,100.0,top_global_shap
num__order_activity_duration_hours,order_activity_duration_hours,poe_late_order_pathway,228,0.0037043232873113343,4.850451486959888e-06,100.0,top_global_shap
num__previous_nonpsych_admissions,previous_nonpsych_admissions,prior_utilisation,229,0.0036838879600448486,0.00020098457130804598,100.0,top_global_shap
num__orders_per_hospital_day,orders_per_hospital_day,poe_late_order_pathway,230,0.0036789730018730138,0.0007051264138025766,100.0,top_global_shap
num__weight_change_recent,weight_change_recent,medical_comorbidity,231,0.0036641825388799513,0.00015614667903186892,0.6815805979510767,top_global_shap
cat__discharge_location_grouped_Other,discharge_location_grouped_Other,discharge_aftercare,232,0.0036584342888860075,-5.8734489994821855e-05,100.0,top_global_shap
num__num_observation_safety_orders,num_observation_safety_orders,poe_late_order_pathway,233,0.003654395271833688,0.0017170653245430476,100.0,top_global_shap
num__substance_use_without_followup_or_withdrawal_plan_flag,substance_use_without_followup_or_withdrawal_plan_flag,psychiatric_history,234,0.00363856263883995,0.001044269907250036,0.3308592933305457,top_global_shap
num__sodium_lab_abnormal,sodium_lab_abnormal,lab_vital_hourly,235,0.003626963453316121,-0.0006770515195653056,0.019862011289985364,top_global_shap
num__order_activity_last_24h_to_total_ratio,order_activity_last_24h_to_total_ratio,poe_late_order_pathway,236,0.0036245656602334835,0.00033939947821658465,100.0,top_global_shap
num__potassium_lab_mean_value,potassium_lab_mean_value,lab_vital_hourly,237,0.0036227023476111285,-6.30695763981821e-05,100.0,top_global_shap
num__glucose_lab_min_value,glucose_lab_min_value,lab_vital_hourly,238,0.0036205171610291078,-0.0005688669878376023,100.0,top_global_shap
num__previous_admission_late_order_share,previous_admission_late_order_share,prior_utilisation,239,0.003610307624661039,-0.00055811885736986,100.0,top_global_shap
num__discontinued_pharmacy_orders_per_hospital_day,discontinued_pharmacy_orders_per_hospital_day,poe_late_order_pathway,240,0.0036041548943416815,0.0003142889936341856,100.0,top_global_shap
cat__last_service_VSURG,last_service_VSURG,demographic_admin,241,0.0035959725964318477,-0.0002753015075613412,100.0,top_global_shap
num__num_prescription_rows,num_prescription_rows,other,242,0.0035829862295126795,-7.188495268455549e-05,100.0,top_global_shap
num__care_team_touchpoints_after_72h,care_team_touchpoints_after_72h,poe_late_order_pathway,243,0.003530607827132397,4.034815270912455e-05,100.0,top_global_shap
num__max_previous_los_days,max_previous_los_days,prior_utilisation,244,0.0035303120136870735,1.991811205838363e-05,100.0,top_global_shap
num__num_nonpsych_diagnoses,num_nonpsych_diagnoses,psychiatric_history,245,0.0035220179829657744,8.261424426980941e-06,100.0,top_global_shap
num__icu_event_density_per_day,icu_event_density_per_day,icu_care,246,0.0035127482921000724,0.0004076966285041585,100.0,top_global_shap
num__urea_nitrogen_lab_rate_of_change_per_day,urea_nitrogen_lab_rate_of_change_per_day,lab_vital_hourly,247,0.003507602775444285,-2.3756196269399897e-05,25.230503867865355,top_global_shap
num__glucose_lab_first_72h_mean,glucose_lab_first_72h_mean,lab_vital_hourly,248,0.0035052635865488813,-0.00033635524506035736,100.0,top_global_shap
num__num_lab_events_last_24h_before_discharge,num_lab_events_last_24h_before_discharge,discharge_aftercare,249,0.003498989745097132,-0.001672002571558313,100.0,top_global_shap
num__hemoglobin_lab_mean_value,hemoglobin_lab_mean_value,lab_vital_hourly,250,0.003482728794451031,-0.00021290680275953415,100.0,top_global_shap
num__num_total_diagnoses,num_total_diagnoses,other,251,0.003463321090788423,-1.110559927592091e-05,100.0,top_global_shap
num__spo2_vital_rate_of_change_per_day,spo2_vital_rate_of_change_per_day,lab_vital_hourly,252,0.0034633070271738384,-0.0003403235815001062,1.060004181476061,top_global_shap
num__potassium_lab_last_to_first_ratio,potassium_lab_last_to_first_ratio,lab_vital_hourly,253,0.003454220929189864,0.00029965417698745356,100.0,top_global_shap
num__previous_bmi_before_admission,previous_bmi_before_admission,prior_utilisation,254,0.0034358632885694686,-0.0004440557788944155,100.0,top_global_shap
cat__discharge_season_autumn,discharge_season_autumn,discharge_aftercare,255,0.003428246074788062,-1.577724707427821e-05,100.0,top_global_shap
num__glucose_lab_value_range,glucose_lab_value_range,lab_vital_hourly,256,0.0034213834488469705,-8.307007605413025e-05,100.0,top_global_shap
num__elixhauser_depression,elixhauser_depression,psychiatric_history,257,0.0034161309550804018,0.00041942588401067636,100.0,top_global_shap
num__previous_2plus_psych_admissions,previous_2plus_psych_admissions,prior_utilisation,258,0.003414632994419412,0.0006267664923121097,100.0,top_global_shap
num__no_barcode_med_admin_rate,no_barcode_med_admin_rate,medication_emar_pharmacy,259,0.003413320612356165,0.0002776316927640437,100.0,top_global_shap
num__glucose_lab_last_to_first_ratio,glucose_lab_last_to_first_ratio,lab_vital_hourly,260,0.0033893088614767386,-0.00036135395465474634,100.0,top_global_shap
num__num_total_poe_orders,num_total_poe_orders,poe_late_order_pathway,261,0.003366272314152658,0.0007510323360062812,100.0,top_global_shap
num__orders_after_72h_count,orders_after_72h_count,poe_late_order_pathway,262,0.0033514007628432266,-0.00017544856234932125,100.0,top_global_shap
num__pain_max_score,pain_max_score,lab_vital_hourly,263,0.0033505677223188562,-2.4203814861130488e-05,100.0,top_global_shap
num__previous_total_admissions_365d,previous_total_admissions_365d,prior_utilisation,264,0.0033342341141128404,0.000712757394667691,100.0,top_global_shap
num__potassium_lab_rate_of_change_per_day,potassium_lab_rate_of_change_per_day,lab_vital_hourly,265,0.003327390456499153,0.00014539310767153714,100.0,top_global_shap
num__wbc_lab_rate_of_change_per_day,wbc_lab_rate_of_change_per_day,lab_vital_hourly,266,0.003291715684579635,-0.00020592517926850039,54.28862638511395,top_global_shap
num__psych_related_order_proportion,psych_related_order_proportion,psychiatric_history,267,0.0032808684734231246,0.00033505457430951845,100.0,top_global_shap
num__last_order_hours_from_admission,last_order_hours_from_admission,poe_late_order_pathway,268,0.003255301235142124,0.000628113318981951,100.0,top_global_shap
num__discharged_home_flag,discharged_home_flag,discharge_aftercare,269,0.00322949955425406,1.1014981169515914e-05,100.0,top_global_shap
num__platelet_lab_coefficient_of_variation,platelet_lab_coefficient_of_variation,lab_vital_hourly,270,0.003220293779350708,-3.201444293835098e-05,100.0,top_global_shap
num__late_discontinued_medication_orders,late_discontinued_medication_orders,poe_late_order_pathway,271,0.003213693158762222,-0.0004564587097547436,100.0,top_global_shap
num__previous_icu_admissions,previous_icu_admissions,prior_utilisation,272,0.0032091581021452533,2.972699324928842e-05,100.0,top_global_shap
cat__first_service_OMED,first_service_OMED,demographic_admin,273,0.0031921282706263996,0.0001604061877202101,100.0,top_global_shap
num__mean_bp_noninvasive_vital_relative_range,mean_bp_noninvasive_vital_relative_range,lab_vital_hourly,274,0.003184409243534655,-0.0007690539209120888,100.0,top_global_shap
num__hemoglobin_lab_first_72h_mean,hemoglobin_lab_first_72h_mean,lab_vital_hourly,275,0.0031827584176404916,-0.000726511148919593,100.0,top_global_shap
num__wbc_lab_min_value,wbc_lab_min_value,lab_vital_hourly,276,0.0031812956485114128,-0.00059035185527618,69.75015680535229,top_global_shap
num__creatinine_lab_rate_of_change_per_day,creatinine_lab_rate_of_change_per_day,lab_vital_hourly,277,0.003174722219878287,8.647250383930145e-05,100.0,top_global_shap
num__systolic_bp_noninvasive_vital_first_value,systolic_bp_noninvasive_vital_first_value,lab_vital_hourly,278,0.003148934953918191,0.0004609944379714649,0.006272214091574325,top_global_shap
num__respiratory_rate_vital_first_value,respiratory_rate_vital_first_value,lab_vital_hourly,279,0.0031478359332354354,-0.00017907271820148874,100.0,top_global_shap
num__hemoglobin_lab_first_24h_min,hemoglobin_lab_first_24h_min,lab_vital_hourly,280,0.0031322340343937693,-0.00023067570725525716,100.0,top_global_shap
num__hemoglobin_lab_rate_of_change_per_day,hemoglobin_lab_rate_of_change_per_day,lab_vital_hourly,281,0.003117659770506882,0.0001658530891042035,100.0,top_global_shap
num__late_medication_change_intensity_score,late_medication_change_intensity_score,poe_late_order_pathway,282,0.003114080652074412,0.00030707409526350326,100.0,top_global_shap
num__admitted_from_ed_flag,admitted_from_ed_flag,other,283,0.0031001938551411335,-6.041017288571088e-05,100.0,top_global_shap
num__urea_nitrogen_lab_first_24h_mean,urea_nitrogen_lab_first_24h_mean,lab_vital_hourly,284,0.0030917097436478948,-0.00041489342108112136,8.489441772945849,top_global_shap
num__glucose_lab_mean_value,glucose_lab_mean_value,lab_vital_hourly,285,0.0030834445842728275,-0.00012742783747079662,100.0,top_global_shap
num__had_central_line_procedure,had_central_line_procedure,medical_comorbidity,286,0.003071282061602832,-0.0002702193981839413,100.0,top_global_shap
num__creatinine_lab_last_to_first_ratio,creatinine_lab_last_to_first_ratio,lab_vital_hourly,287,0.0030633462631074315,0.0006044842536791911,100.0,top_global_shap
cat__insurance_Medicaid,insurance_Medicaid,demographic_admin,288,0.0030511754058384147,0.0005493435071511726,100.0,top_global_shap
num__mean_bp_noninvasive_72h_min,mean_bp_noninvasive_72h_min,other,289,0.0030472390047460215,2.0973013887671263e-05,100.0,top_global_shap
num__admissions_per_90d,admissions_per_90d,other,290,0.003037315393929523,-0.0004747873591318849,100.0,top_global_shap
num__abnormal_labs_last_24h_before_discharge,abnormal_labs_last_24h_before_discharge,discharge_aftercare,291,0.0030267932444701475,-0.0002570959057584737,100.0,top_global_shap
num__respiratory_culture_positive,respiratory_culture_positive,lab_vital_hourly,292,0.003026628341441762,-0.0003059584032368317,100.0,top_global_shap
num__discontinued_orders_per_hospital_day,discontinued_orders_per_hospital_day,poe_late_order_pathway,293,0.0030214341642168744,-0.00034611485025672284,100.0,top_global_shap
num__num_medication_frequency_types,num_medication_frequency_types,medication_emar_pharmacy,294,0.003019485527935133,0.0016856308182898422,100.0,top_global_shap
num__older_medical_complexity_score,older_medical_complexity_score,other,295,0.0030083728266219623,0.00030203529078523625,100.0,top_global_shap
cat__time_since_previous_psych_category_181-365 days,time_since_previous_psych_category_181-365 days,prior_utilisation,296,0.00299882716126109,0.00013753349083918775,100.0,top_global_shap
num__urea_nitrogen_lab_mean_value,urea_nitrogen_lab_mean_value,lab_vital_hourly,297,0.0029925496327105174,-0.00033905809434339415,27.18952540246707,top_global_shap
num__glucose_lab_max_value,glucose_lab_max_value,lab_vital_hourly,298,0.002990356519117379,0.0003741447871436189,100.0,top_global_shap
num__platelet_lab_value_range,platelet_lab_value_range,lab_vital_hourly,299,0.002986682313350002,0.0005597089124381246,100.0,top_global_shap
num__late_orders_and_psych_facility_discharge_flag,late_orders_and_psych_facility_discharge_flag,psychiatric_history,300,0.0029717090112423737,-0.0003620511967872838,100.0,top_global_shap
num__wbc_lab_first_value,wbc_lab_first_value,lab_vital_hourly,301,0.0029659008237154965,5.0116836180587315e-05,33.56000418147606,top_global_shap
num__emar_missed_or_not_given_count_first_24h,emar_missed_or_not_given_count_first_24h,medication_emar_pharmacy,302,0.0029625487621248846,0.00032436387736456895,100.0,top_global_shap
num__sodium_lab_first_24h_mean,sodium_lab_first_24h_mean,lab_vital_hourly,303,0.0029587987478203602,-0.00014017690915938915,0.13223918043069202,top_global_shap
cat__drg_mortality_category_Minor,drg_mortality_category_Minor,medical_comorbidity,304,0.002955831345974189,0.00017774854710472836,100.0,top_global_shap
num__tachycardia_72h_hour_percentage,tachycardia_72h_hour_percentage,demographic_admin,305,0.002939539643780713,0.0004397758074799846,0.003658791553418357,top_global_shap
num__sodium_lab_mean_value,sodium_lab_mean_value,lab_vital_hourly,306,0.002930469711715399,-0.0002272847718473305,0.19077984528538572,top_global_shap
num__num_orders_first_12h,num_orders_first_12h,poe_late_order_pathway,307,0.0029276684150743087,0.0005865986525213737,100.0,top_global_shap
num__max_previous_los_days_filled,max_previous_los_days_filled,prior_utilisation,308,0.0029145033946713058,-0.00043690636157647637,100.0,top_global_shap
num__spo2_vital_mean_value,spo2_vital_mean_value,lab_vital_hourly,309,0.002900468551175789,0.00020526382843273505,2.6202174367551745,top_global_shap
num__admission_frequency_acceleration,admission_frequency_acceleration,other,310,0.0028985106905963934,0.00012509858921491834,100.0,top_global_shap
num__urea_nitrogen_lab_last_to_first_ratio,urea_nitrogen_lab_last_to_first_ratio,lab_vital_hourly,311,0.0028984143576102836,-0.0001743663337215654,20.31883754965503,top_global_shap
cat__anchor_year_group_2020 - 2022,anchor_year_group_2020 - 2022,other,312,0.0028936625803597494,-0.0001397135645669751,100.0,top_global_shap
num__potassium_lab_value_change,potassium_lab_value_change,lab_vital_hourly,313,0.0028816791687710543,0.0004825981667559172,100.0,top_global_shap
num__hemoglobin_lab_std_value,hemoglobin_lab_std_value,lab_vital_hourly,314,0.002880244701883617,0.00016522618630255352,100.0,top_global_shap
num__platelet_lab_mean_value,platelet_lab_mean_value,lab_vital_hourly,315,0.0028787022953186527,0.0002369940441537064,100.0,top_global_shap
num__night_discharge,night_discharge,discharge_aftercare,316,0.002869902327338321,0.0006849373200822862,100.0,top_global_shap
num__previous_weight_kg_before_admission,previous_weight_kg_before_admission,prior_utilisation,317,0.0028621604697512274,0.00036985230298899603,100.0,top_global_shap
num__new_orders_last_24h_per_hospital_day,new_orders_last_24h_per_hospital_day,poe_late_order_pathway,318,0.00286135291139206,-0.0001299259293932187,100.0,top_global_shap
num__late_medication_order_share_last_12h,late_medication_order_share_last_12h,poe_late_order_pathway,319,0.0028522171796689128,-0.00038681850985511465,100.0,top_global_shap
num__num_positive_blood_culture,num_positive_blood_culture,other,320,0.0028388560639860325,-0.00010636893120648734,100.0,top_global_shap
num__emar_administered_event_count,emar_administered_event_count,medication_emar_pharmacy,321,0.0028312985188937937,-3.3115924560533016e-06,100.0,top_global_shap
num__days_since_previous_icu_admission,days_since_previous_icu_admission,prior_utilisation,322,0.0028308926139999644,0.00027111870177566036,100.0,top_global_shap
num__potassium_lab_first_72h_max,potassium_lab_first_72h_max,lab_vital_hourly,323,0.002814794808583796,-0.00028563768463620384,100.0,top_global_shap
num__potassium_lab_coefficient_of_variation,potassium_lab_coefficient_of_variation,lab_vital_hourly,324,0.0028005552332215885,0.00014493987785369416,100.0,top_global_shap
num__sodium_lab_std_value,sodium_lab_std_value,lab_vital_hourly,325,0.0027999424750503143,-0.0006521937082222942,0.8049341417520385,top_global_shap
num__potassium_lab_std_value,potassium_lab_std_value,lab_vital_hourly,326,0.002762348917339621,0.00037827621590625976,100.0,top_global_shap
num__wbc_lab_first_24h_max,wbc_lab_first_24h_max,lab_vital_hourly,327,0.0027532280676402414,-4.407296366738112e-05,3.5072130462053104,top_global_shap
num__wbc_lab_max_value,wbc_lab_max_value,lab_vital_hourly,328,0.0027468309484670623,2.8643761532432048e-05,33.56000418147606,top_global_shap
num__glucose_lab_rate_of_change_per_day,glucose_lab_rate_of_change_per_day,lab_vital_hourly,329,0.002745105093654999,0.0001458189432600897,100.0,top_global_shap
num__num_discontinued_pharmacy_orders,num_discontinued_pharmacy_orders,poe_late_order_pathway,330,0.0027364381749234814,-0.0007362257497561379,100.0,top_global_shap
num__num_orders_first_6h,num_orders_first_6h,poe_late_order_pathway,331,0.002735471728110459,0.00039495749593883506,100.0,top_global_shap
num__num_psych_med_classes,num_psych_med_classes,psychiatric_history,332,0.0027313960486075595,0.0003130726837340256,100.0,top_global_shap
num__num_social_work_case_management_orders,num_social_work_case_management_orders,poe_late_order_pathway,333,0.0027215632448237236,-9.19225989568352e-05,100.0,top_global_shap
num__previous_ed_visits_180d,previous_ed_visits_180d,prior_utilisation,334,0.0027137349647158985,0.0014620858807955486,100.0,top_global_shap
num__wbc_lab_first_72h_max,wbc_lab_first_72h_max,lab_vital_hourly,335,0.0027086134237466458,-1.0403413661637593e-05,17.56585824796153,top_global_shap
cat__first_service_ORTHO,first_service_ORTHO,demographic_admin,336,0.002680621513236795,-1.8579730749969426e-05,100.0,top_global_shap
num__had_antidepressant,had_antidepressant,other,337,0.0026761105000396935,-0.00014534318262036486,100.0,top_global_shap
num__glucose_lab_first_value,glucose_lab_first_value,lab_vital_hourly,338,0.0026658229691504456,-0.000112207184937129,0.0,top_global_shap
num__rass_extreme_flag,rass_extreme_flag,lab_vital_hourly,339,0.002660020681291078,0.00013012292292101108,100.0,top_global_shap
num__systolic_bp_noninvasive_vital_rate_of_change_per_day,systolic_bp_noninvasive_vital_rate_of_change_per_day,lab_vital_hourly,340,0.0026473497788017646,6.420388114454072e-05,0.5075266569098892,top_global_shap
num__self_harm_recurrent_flag,self_harm_recurrent_flag,psychiatric_history,341,0.002646109713891348,0.0006024799685581526,1.2345808070248798,top_global_shap
num__num_scheduled_psychotropic_orders,num_scheduled_psychotropic_orders,psychiatric_history,342,0.0026452224144160605,-0.000290826531816988,100.0,top_global_shap
num__orders_after_72h_to_total_ratio,orders_after_72h_to_total_ratio,poe_late_order_pathway,343,0.0026331176457538696,-0.00021429662345381895,100.0,top_global_shap
num__platelet_lab_max_value,platelet_lab_max_value,lab_vital_hourly,344,0.0026272106866131323,9.056318565964667e-05,100.0,top_global_shap
num__microbiology_test_count,microbiology_test_count,other,345,0.0026027575382785895,-0.00025120850925686026,100.0,top_global_shap
num__wbc_lab_value_change,wbc_lab_value_change,lab_vital_hourly,346,0.002581332725323746,0.00020072393642380962,27.049445954421913,top_global_shap
num__delayed_administered_rate,delayed_administered_rate,other,347,0.0025604071368298294,-3.3801224954452246e-05,100.0,top_global_shap
num__late_followup_aftercare_order_share_last_12h,late_followup_aftercare_order_share_last_12h,discharge_aftercare,348,0.0025557540086399103,0.0003101983808613011,100.0,top_global_shap
num__hemoglobin_lab_first_24h_max,hemoglobin_lab_first_24h_max,lab_vital_hourly,349,0.0025538928296266325,-0.00010476351314251222,100.0,top_global_shap
num__wbc_lab_mean_value,wbc_lab_mean_value,lab_vital_hourly,350,0.0025499811054294445,0.00019761564867694928,5.74848421492787,top_global_shap
cat__insurance_Private,insurance_Private,demographic_admin,351,0.002539891839083406,-0.00012069021245722893,100.0,top_global_shap
num__num_discontinued_orders,num_discontinued_orders,poe_late_order_pathway,352,0.0025204463148486454,0.0010479543654212118,100.0,top_global_shap
num__late_discontinued_lab_orders,late_discontinued_lab_orders,poe_late_order_pathway,353,0.002516830493913451,-7.269615911977902e-05,100.0,top_global_shap
num__chart_acuity_event_density_per_day,chart_acuity_event_density_per_day,other,354,0.002508888490885425,0.0005712596820511473,100.0,top_global_shap
num__substance_use_on_current_and_previous_admission_flag,substance_use_on_current_and_previous_admission_flag,prior_utilisation,355,0.0025039620060340172,-4.28418632292001e-05,0.24252561154087393,top_global_shap
cat__anchor_year_group_2011 - 2013,anchor_year_group_2011 - 2013,other,356,0.002495972989201925,3.6144198911666365e-05,100.0,top_global_shap
num__orders_24_to_72h,orders_24_to_72h,poe_late_order_pathway,357,0.002487047007362969,-0.0007005082867338086,100.0,top_global_shap
cat__race_OTHER,race_OTHER,demographic_admin,358,0.00248455200677202,-2.1102617971668923e-05,100.0,top_global_shap
num__num_floor_stock_pharmacy_orders,num_floor_stock_pharmacy_orders,poe_late_order_pathway,359,0.0024816217888629613,2.2128172139122322e-05,100.0,top_global_shap
num__sodium_lab_max_value,sodium_lab_max_value,lab_vital_hourly,360,0.0024648001406126973,-0.00035918161322409425,0.2294584988500941,top_global_shap
num__potassium_lab_first_24h_min,potassium_lab_first_24h_min,lab_vital_hourly,361,0.002464163176726018,-0.0004978108351722309,100.0,top_global_shap
num__num_lab_events_first_24h,num_lab_events_first_24h,lab_vital_hourly,362,0.0024634116935055433,-0.00041797950449476705,100.0,top_global_shap
num__num_dose_due_records,num_dose_due_records,medication_emar_pharmacy,363,0.0024568901816170545,-0.00013775284150154072,100.0,top_global_shap
num__hemoglobin_lab_first_value,hemoglobin_lab_first_value,lab_vital_hourly,364,0.002433471447769376,0.0001089076550127339,100.0,top_global_shap
num__admission_source_high_acuity_flag,admission_source_high_acuity_flag,other,365,0.0024268377228567686,2.23195397765576e-05,100.0,top_global_shap
num__sodium_lab_first_72h_min,sodium_lab_first_72h_min,lab_vital_hourly,366,0.0024260933181546682,0.00017799713569516373,0.14844240016725904,top_global_shap
cat__admission_location_CLINIC REFERRAL,admission_location_CLINIC REFERRAL,demographic_admin,367,0.002424800407099097,0.00020535966133763915,100.0,top_global_shap
num__potassium_lab_max_value,potassium_lab_max_value,lab_vital_hourly,368,0.002420534514305556,6.631673133134397e-05,100.0,top_global_shap
num__glucose_lab_first_72h_max,glucose_lab_first_72h_max,lab_vital_hourly,369,0.0024113942602621077,-2.3866785381431268e-06,100.0,top_global_shap
num__discharged_to_acute_hospital_flag,discharged_to_acute_hospital_flag,discharge_aftercare,370,0.002403116678185837,0.0009657971104580057,100.0,top_global_shap
num__mean_bp_noninvasive_vital_rate_of_change_per_day,mean_bp_noninvasive_vital_rate_of_change_per_day,lab_vital_hourly,371,0.0023983383316858323,-0.00047047002392869357,100.0,top_global_shap
num__num_abnormal_labs,num_abnormal_labs,lab_vital_hourly,372,0.00239321535749229,6.161698060159155e-05,100.0,top_global_shap
num__platelet_lab_first_72h_max,platelet_lab_first_72h_max,lab_vital_hourly,373,0.002382060587706721,-0.00026943905640352064,100.0,top_global_shap
cat__time_since_previous_psych_category_365+ days,time_since_previous_psych_category_365+ days,prior_utilisation,374,0.0023695369242947633,0.0001751498313039793,100.0,top_global_shap
cat__first_service_SURG,first_service_SURG,demographic_admin,375,0.002362562890192753,-0.0004509198920267319,100.0,top_global_shap
num__num_high_frequency_med_orders,num_high_frequency_med_orders,poe_late_order_pathway,376,0.0023621119869114415,0.00018425384083344193,100.0,top_global_shap
num__ed_admission_with_smi_flag,ed_admission_with_smi_flag,psychiatric_history,377,0.0023545790876503543,0.0007657213126913706,100.0,top_global_shap
num__wbc_lab_first_72h_min,wbc_lab_first_72h_min,lab_vital_hourly,378,0.00235213078577139,0.00019030991540459663,8.890863474806606,top_global_shap
num__hypotension_72h_hour_percentage,hypotension_72h_hour_percentage,demographic_admin,379,0.0023385754223040414,-9.7396387015221e-09,100.0,top_global_shap
num__platelet_lab_first_72h_mean,platelet_lab_first_72h_mean,lab_vital_hourly,380,0.002336826819507579,-0.00012678890873055963,100.0,top_global_shap
num__platelet_lab_first_24h_min,platelet_lab_first_24h_min,lab_vital_hourly,381,0.0023329320866344446,0.00017478178196878393,100.0,top_global_shap
num__hemoglobin_lab_last_to_first_ratio,hemoglobin_lab_last_to_first_ratio,lab_vital_hourly,382,0.0023276302835735186,0.00012506432423851617,100.0,top_global_shap
num__hemoglobin_lab_first_72h_max,hemoglobin_lab_first_72h_max,lab_vital_hourly,383,0.002320024122527754,0.0004856555854990929,100.0,top_global_shap
num__latest_weight_kg_before_admission_filled,latest_weight_kg_before_admission_filled,medical_comorbidity,384,0.002315824355217206,0.00023514255115310705,100.0,top_global_shap
cat__drg_severity_category_Major,drg_severity_category_Major,medical_comorbidity,385,0.0023038288645020485,-0.00012176527131336886,100.0,top_global_shap
num__frequent_psych_admitter_flag,frequent_psych_admitter_flag,psychiatric_history,386,0.002297763313301361,0.0006626828521621418,100.0,top_global_shap
num__admission_dayofweek,admission_dayofweek,other,387,0.0022875462762486677,-3.030068309605073e-05,100.0,top_global_shap
cat__last_service_NMED,last_service_NMED,demographic_admin,388,0.0022746289601447865,0.0004447007512944031,100.0,top_global_shap
num__wbc_lab_std_value,wbc_lab_std_value,lab_vital_hourly,389,0.0022716216625897827,-0.00029946463444354104,19.371733221827306,top_global_shap
num__care_team_touchpoints_last_24h_before_discharge,care_team_touchpoints_last_24h_before_discharge,discharge_aftercare,390,0.002269708105543806,-0.00032317856734445004,100.0,top_global_shap
num__glucose_lab_first_24h_min,glucose_lab_first_24h_min,lab_vital_hourly,391,0.0022405946610668994,9.647909981191647e-05,100.0,top_global_shap
num__days_since_previous_icu_admission_filled,days_since_previous_icu_admission_filled,prior_utilisation,392,0.002240081610504988,0.00015307994266476268,100.0,top_global_shap
num__num_infusion_pharmacy_orders,num_infusion_pharmacy_orders,poe_late_order_pathway,393,0.002239934072000212,0.0007068432331398387,100.0,top_global_shap
num__platelet_lab_min_value,platelet_lab_min_value,lab_vital_hourly,394,0.0022351551345578475,6.834485409481651e-05,100.0,top_global_shap
num__single_or_divorced_or_widowed,single_or_divorced_or_widowed,other,395,0.002220642094408444,0.00020000899876373377,0.025611540873928494,top_global_shap
num__platelet_lab_value_change,platelet_lab_value_change,lab_vital_hourly,396,0.002217857435935098,-0.0002446809391465027,100.0,top_global_shap
num__urea_nitrogen_lab_first_72h_mean,urea_nitrogen_lab_first_72h_mean,lab_vital_hourly,397,0.002204180335225638,-0.0002508204655453167,12.618649383232281,top_global_shap
num__previous_ed_visits_60d,previous_ed_visits_60d,prior_utilisation,398,0.0021934245181422425,0.00015920543675316395,100.0,top_global_shap
num__hemoglobin_lab_value_range,hemoglobin_lab_value_range,lab_vital_hourly,399,0.0021852416254161938,-6.831878416783988e-05,100.0,top_global_shap
num__admitted_from_hospital_transfer_flag,admitted_from_hospital_transfer_flag,demographic_admin,400,0.0021702682807320153,0.0003227502931040485,100.0,top_global_shap
cat__first_service_OBS,first_service_OBS,demographic_admin,401,0.0021606705942502375,-0.0005477175841219338,100.0,top_global_shap
num__urea_nitrogen_lab_max_value,urea_nitrogen_lab_max_value,lab_vital_hourly,402,0.0021568575023792015,-0.00023812760557512008,10.83211373614886,top_global_shap
num__num_unique_order_providers,num_unique_order_providers,poe_late_order_pathway,403,0.0021528284588600544,0.00028070680812156357,100.0,top_global_shap
num__hemoglobin_lab_first_72h_min,hemoglobin_lab_first_72h_min,lab_vital_hourly,404,0.002149931576884634,-7.3061026371833e-05,100.0,top_global_shap
num__abnormal_labs_without_psych_history_flag,abnormal_labs_without_psych_history_flag,psychiatric_history,405,0.002148959982820116,-0.00025380846615086493,100.0,top_global_shap
num__home_discharge_low_aftercare_quality_flag,home_discharge_low_aftercare_quality_flag,discharge_aftercare,406,0.00212730311463318,0.000966404572609897,100.0,top_global_shap
num__std_previous_admission_gap_days,std_previous_admission_gap_days,prior_utilisation,407,0.00212231060111106,0.00025737822660682093,4.450658582479615,top_global_shap
num__heart_rate_vital_last_value,heart_rate_vital_last_value,lab_vital_hourly,408,0.0021205285494276145,-0.0001731064972324235,100.0,top_global_shap
num__latest_bmi_before_admission_filled,latest_bmi_before_admission_filled,medical_comorbidity,409,0.0021160463566755813,2.8637007252551868e-05,100.0,top_global_shap
num__num_unique_procedure_codes,num_unique_procedure_codes,medical_comorbidity,410,0.002109747783749071,6.258609035144331e-06,100.0,top_global_shap
num__glucose_lab_first_24h_max,glucose_lab_first_24h_max,lab_vital_hourly,411,0.0020998095730581697,-0.0003895559387057602,100.0,top_global_shap
num__physical_comorbidity_count,physical_comorbidity_count,other,412,0.0020974349422567826,-0.00023218024034030787,100.0,top_global_shap
num__orders_last_24h_before_discharge,orders_last_24h_before_discharge,discharge_aftercare,413,0.0020807990745560093,0.00026453363309791265,100.0,top_global_shap
num__emar_unique_medication_count,emar_unique_medication_count,medication_emar_pharmacy,414,0.0020611019000119106,-0.00013757132175140993,100.0,top_global_shap
num__latest_height_cm_before_admission_filled,latest_height_cm_before_admission_filled,other,415,0.0020606290220896795,0.00015778619025679256,100.0,top_global_shap
num__late_discontinued_safety_orders,late_discontinued_safety_orders,poe_late_order_pathway,416,0.0020464637662684767,0.00117253429397364,100.0,top_global_shap
num__admission_month,admission_month,demographic_admin,417,0.0020434185764612693,0.00021849143960332354,100.0,top_global_shap
num__no_late_orders_but_psychosis_flag,no_late_orders_but_psychosis_flag,psychiatric_history,418,0.0020344055282074964,0.0011575121264043482,100.0,top_global_shap
num__late_discharge_hour_with_no_followup_flag,late_discharge_hour_with_no_followup_flag,discharge_aftercare,419,0.0020190066112880625,0.0002673909358566339,100.0,top_global_shap
num__has_substance_use,has_substance_use,psychiatric_history,420,0.002000774949670098,0.00010580970375203763,100.0,top_global_shap
num__systolic_bp_noninvasive_vital_last_value,systolic_bp_noninvasive_vital_last_value,lab_vital_hourly,421,0.001995308387225247,0.00013765024835379062,0.006794898599205519,top_global_shap
num__drg_mortality,drg_mortality,medical_comorbidity,422,0.001991617435164848,0.00024103174198227703,100.0,top_global_shap
num__poe_order_density_first_72h,poe_order_density_first_72h,poe_late_order_pathway,423,0.001978324485157223,0.00022069048311589045,100.0,top_global_shap
num__num_unique_order_subtypes,num_unique_order_subtypes,poe_late_order_pathway,424,0.0019657290391296616,-0.00027511502176696164,100.0,top_global_shap
num__std_previous_admission_gap_days_filled,std_previous_admission_gap_days_filled,prior_utilisation,425,0.0019577935813157167,0.0005894566950054546,3.003867865356471,top_global_shap
num__potassium_lab_first_24h_max,potassium_lab_first_24h_max,lab_vital_hourly,426,0.001956452407875955,-0.00018647503413240352,100.0,top_global_shap
num__num_provider_order_changes,num_provider_order_changes,poe_late_order_pathway,427,0.0019548807273382525,-0.0002744651310909558,100.0,top_global_shap
num__respiratory_rate_vital_rate_of_change_per_day,respiratory_rate_vital_rate_of_change_per_day,lab_vital_hourly,428,0.001954238264702102,-0.000265960014100568,1.8058749738657744,top_global_shap
num__emar_mean_delay_hours,emar_mean_delay_hours,medication_emar_pharmacy,429,0.001952346194979479,-0.0004552624549200825,100.0,top_global_shap
num__urea_nitrogen_lab_min_value,urea_nitrogen_lab_min_value,lab_vital_hourly,430,0.0019519898839830858,-0.00042823631574768963,25.00418147606105,top_global_shap
num__had_basal_rate_order,had_basal_rate_order,poe_late_order_pathway,431,0.0019159200168176475,-0.00023791860426848418,100.0,top_global_shap
num__sodium_lab_first_24h_max,sodium_lab_first_24h_max,lab_vital_hourly,432,0.0018984518052105501,1.0138364545108601e-05,0.040769391595233115,top_global_shap
num__height_change_recent,height_change_recent,other,433,0.001892754746333113,-9.353317956553108e-05,100.0,top_global_shap
num__glucose_lab_first_24h_mean,glucose_lab_first_24h_mean,lab_vital_hourly,434,0.0018924643813929879,7.595538497609957e-05,100.0,top_global_shap
num__has_opioid_related_disorder,has_opioid_related_disorder,psychiatric_history,435,0.0018895372094417467,0.00033259160892599933,100.0,top_global_shap
num__potassium_lab_last_value,potassium_lab_last_value,lab_vital_hourly,436,0.0018820834235664375,-1.4277983696966568e-05,100.0,top_global_shap
num__urea_nitrogen_lab_last_value,urea_nitrogen_lab_last_value,lab_vital_hourly,437,0.0018809538925354708,-0.00021113333308152247,17.943759146978884,top_global_shap
num__age_65plus,age_65plus,demographic_admin,438,0.0018735227216738664,0.0002328053804425093,100.0,top_global_shap
cat__drg_severity_category_Minor,drg_severity_category_Minor,medical_comorbidity,439,0.0018702658130448342,0.0002226858772326528,100.0,top_global_shap
num__creatinine_lab_first_72h_mean,creatinine_lab_first_72h_mean,lab_vital_hourly,440,0.0018683498955836832,8.807954181152516e-05,100.0,top_global_shap
num__num_transfer_events,num_transfer_events,demographic_admin,441,0.0018682621453398611,2.9541608255611637e-05,100.0,top_global_shap
num__num_unique_order_types,num_unique_order_types,poe_late_order_pathway,442,0.00186345768567235,-5.3191467451489246e-06,100.0,top_global_shap
cat__service_transfer_category_1 transfer,service_transfer_category_1 transfer,demographic_admin,443,0.0018500308923950514,7.155658192268754e-05,100.0,top_global_shap
num__glucose_lab_value_change,glucose_lab_value_change,lab_vital_hourly,444,0.0018420578947697045,-7.325635060047073e-05,100.0,top_global_shap
num__num_unique_pharmacy_medications,num_unique_pharmacy_medications,medication_emar_pharmacy,445,0.001836354908625154,0.0004937559062827002,100.0,top_global_shap
num__late_medication_change_home_discharge_flag,late_medication_change_home_discharge_flag,discharge_aftercare,446,0.0018320676193154467,-0.000245114816395629,100.0,top_global_shap
num__potassium_lab_value_range,potassium_lab_value_range,lab_vital_hourly,447,0.001816938669674085,0.00011314031366218537,100.0,top_global_shap
num__late_medical_to_psych_order_ratio_last_12h,late_medical_to_psych_order_ratio_last_12h,psychiatric_history,448,0.001815935977141662,5.781816039779591e-06,100.0,top_global_shap
num__psychotropic_medication_change_count,psychotropic_medication_change_count,psychiatric_history,449,0.0018158872995986898,0.000318266008953425,100.0,top_global_shap
num__polypharmacy_10plus_x_age_65plus,polypharmacy_10plus_x_age_65plus,medication_emar_pharmacy,450,0.0018156021229422913,0.0003553792579355159,100.0,top_global_shap
num__elixhauser_alcohol_abuse,elixhauser_alcohol_abuse,psychiatric_history,451,0.001805578426599911,0.00014870507849978372,100.0,top_global_shap
num__hemoglobin_lab_max_value,hemoglobin_lab_max_value,lab_vital_hourly,452,0.0018030856076400625,-0.00010278538910595515,100.0,top_global_shap
num__bmi_change_recent,bmi_change_recent,medical_comorbidity,453,0.0017890931377984925,-0.00013998325857477722,100.0,top_global_shap
num__had_iv_prescription,had_iv_prescription,other,454,0.00177241922500092,0.0007326506232399306,100.0,top_global_shap
num__late_order_severity_score_last_12h,late_order_severity_score_last_12h,poe_late_order_pathway,455,0.0017700150113583522,2.6998681617525932e-05,100.0,top_global_shap
num__vital_72h_hours_with_2plus_instability_indicators,vital_72h_hours_with_2plus_instability_indicators,lab_vital_hourly,456,0.0017678797477115177,0.0002456364427015246,10.291135270750575,top_global_shap
num__num_lab_events_first_72h,num_lab_events_first_72h,lab_vital_hourly,457,0.0017667880038283613,-0.00027987563766840437,100.0,top_global_shap
cat__first_service_VSURG,first_service_VSURG,demographic_admin,458,0.0017626314898790407,-6.035379930166279e-05,100.0,top_global_shap
num__num_unique_enter_providers,num_unique_enter_providers,poe_late_order_pathway,459,0.0017618770660759982,-8.286137580897272e-05,100.0,top_global_shap
num__pharmacy_logistics_complexity_score,pharmacy_logistics_complexity_score,medication_emar_pharmacy,460,0.0017546844959538232,2.7373438236612252e-05,100.0,top_global_shap
cat__discharge_location_HOME HEALTH CARE,discharge_location_HOME HEALTH CARE,discharge_aftercare,461,0.0017536306510634115,-0.00018048104418720952,100.0,top_global_shap
num__num_distinct_specimen_types,num_distinct_specimen_types,other,462,0.0017285201891997226,4.246888363327329e-05,100.0,top_global_shap
num__glucose_lab_std_value,glucose_lab_std_value,lab_vital_hourly,463,0.0017285108210348184,8.855476721348098e-05,100.0,top_global_shap
num__potassium_lab_first_72h_mean,potassium_lab_first_72h_mean,lab_vital_hourly,464,0.0017284037557121663,-6.015380100583372e-05,100.0,top_global_shap
num__respiratory_rate_vital_last_value,respiratory_rate_vital_last_value,lab_vital_hourly,465,0.0017043783537258606,-4.7060842013994306e-06,49.1135270750575,top_global_shap
num__antipsychotic_prescription_count,antipsychotic_prescription_count,psychiatric_history,466,0.0016996536374868014,3.025667378260259e-05,100.0,top_global_shap
num__num_unique_drugs,num_unique_drugs,medication_emar_pharmacy,467,0.0016973673776269783,-0.0001699719372087621,100.0,top_global_shap
num__new_smi_this_admission_flag,new_smi_this_admission_flag,psychiatric_history,468,0.0016963733797398365,0.0005583800679847816,100.0,top_global_shap
num__safety_orders_first_72h,safety_orders_first_72h,poe_late_order_pathway,469,0.0016911161510574546,0.0009102199840353342,24.896508467489024,top_global_shap
num__late_imaging_order_share_last_12h,late_imaging_order_share_last_12h,poe_late_order_pathway,470,0.0016848790881844851,-0.00012123418506923259,100.0,top_global_shap
num__wbc_lab_first_72h_mean,wbc_lab_first_72h_mean,lab_vital_hourly,471,0.0016719433992961295,0.00015174287228903754,10.987873719422957,top_global_shap
num__num_unique_poe_order_categories,num_unique_poe_order_categories,poe_late_order_pathway,472,0.001661739747885096,-0.0003149786743775553,100.0,top_global_shap
num__self_harm_without_aftercare_or_safety_plan_flag,self_harm_without_aftercare_or_safety_plan_flag,psychiatric_history,473,0.0016581306765481845,0.0007701173647524179,11.782354171022371,top_global_shap
num__num_unique_order_providers_first_24h,num_unique_order_providers_first_24h,poe_late_order_pathway,474,0.001656963026895213,-0.0006122117300879993,100.0,top_global_shap
num__wbc_lab_first_24h_mean,wbc_lab_first_24h_mean,lab_vital_hourly,475,0.0016526476285475778,-0.0001712335961108566,23.16537737821451,top_global_shap
num__previous_height_cm_before_admission,previous_height_cm_before_admission,prior_utilisation,476,0.001639860088264149,0.00010893955798436974,100.0,top_global_shap
num__hemoglobin_lab_value_change,hemoglobin_lab_value_change,lab_vital_hourly,477,0.0016221546918006161,0.00015258983533128826,100.0,top_global_shap
num__prn_psychotropic_orders_last_24h_before_discharge,prn_psychotropic_orders_last_24h_before_discharge,psychiatric_history,478,0.0016141559018297766,-0.00019997476685268975,100.0,top_global_shap
num__creatinine_lab_std_value,creatinine_lab_std_value,lab_vital_hourly,479,0.0016034058948632846,-0.00020059686265537074,100.0,top_global_shap
num__night_admission,night_admission,other,480,0.0016003560085563525,-2.7684623844875492e-05,100.0,top_global_shap
cat__race_UNABLE TO OBTAIN,race_UNABLE TO OBTAIN,demographic_admin,481,0.0015994193974694687,0.00019973827202033744,100.0,top_global_shap
num__num_stopped_emar_events,num_stopped_emar_events,medication_emar_pharmacy,482,0.001586238576795019,0.0001705525614016169,100.0,top_global_shap
num__recent_psych_admission_365d,recent_psych_admission_365d,prior_utilisation,483,0.0015787207910863022,0.0009245976984755241,100.0,top_global_shap
num__potassium_lab_first_72h_min,potassium_lab_first_72h_min,lab_vital_hourly,484,0.001577607842965457,0.00016618305982933604,100.0,top_global_shap
num__admitted_from_emergency_transfer_flag,admitted_from_emergency_transfer_flag,demographic_admin,485,0.0015658923779405109,-1.6926621910547956e-05,100.0,top_global_shap
cat__marital_status_SINGLE,marital_status_SINGLE,demographic_admin,486,0.0015631394043927795,0.00025177527222581425,100.0,top_global_shap
num__late_order_type_diversity_last_6h,late_order_type_diversity_last_6h,poe_late_order_pathway,487,0.0015595764469897386,0.0005609495252228785,100.0,top_global_shap
cat__admission_location_EMERGENCY ROOM,admission_location_EMERGENCY ROOM,demographic_admin,488,0.0015450285673910408,7.674864752135242e-05,100.0,top_global_shap
num__num_iv_route_pharmacy_orders,num_iv_route_pharmacy_orders,poe_late_order_pathway,489,0.0015448053121537766,6.269035005448256e-05,100.0,top_global_shap
num__potassium_lab_first_value,potassium_lab_first_value,lab_vital_hourly,490,0.0015391695154695724,-5.8273792771857915e-05,100.0,top_global_shap
num__urea_nitrogen_lab_first_24h_min,urea_nitrogen_lab_first_24h_min,lab_vital_hourly,491,0.0015368443127475287,-0.0002406304446775833,0.0015680535228935813,top_global_shap
cat__race_WHITE,race_WHITE,demographic_admin,492,0.0015290500231824886,-4.967467116844351e-05,100.0,top_global_shap
num__num_pain_chart_events,num_pain_chart_events,lab_vital_hourly,493,0.0015190310708412043,0.00012936260320769256,100.0,top_global_shap
num__pharmacy_infusion_complexity_score,pharmacy_infusion_complexity_score,medication_emar_pharmacy,494,0.0015145989644522518,0.00016676280858868674,100.0,top_global_shap
num__wbc_lab_first_24h_min,wbc_lab_first_24h_min,lab_vital_hourly,495,0.0015110986522841796,5.7569615872397626e-05,25.83315910516412,top_global_shap
num__weight_change_recent_filled,weight_change_recent_filled,prior_utilisation,496,0.001503988243206758,9.981497589876416e-05,2.900376332845495,top_global_shap
num__previous_ed_visits_90d,previous_ed_visits_90d,prior_utilisation,497,0.0015014861682684606,7.127650121745106e-05,100.0,top_global_shap
num__had_benzodiazepine,had_benzodiazepine,medication_emar_pharmacy,498,0.0014992740547433486,-4.149383761743282e-05,100.0,top_global_shap
num__platelet_lab_first_value,platelet_lab_first_value,lab_vital_hourly,499,0.0014985450292643136,2.641102277101441e-05,100.0,top_global_shap
num__heart_rate_vital_min_value,heart_rate_vital_min_value,lab_vital_hourly,500,0.0014957045127545125,-7.114567269063285e-05,100.0,top_global_shap
num__num_antibiotic_prescriptions,num_antibiotic_prescriptions,other,501,0.0014911445380924116,-1.083433553574999e-05,100.0,top_global_shap
cat__discharge_location_grouped_Psych facility,discharge_location_grouped_Psych facility,psychiatric_history,502,0.001488901532224413,0.0010759467209810916,100.0,top_global_shap
cat__drg_mortality_category_Moderate,drg_mortality_category_Moderate,medical_comorbidity,503,0.0014860971489447307,-0.0002729954214582102,100.0,top_global_shap
num__platelet_lab_first_72h_min,platelet_lab_first_72h_min,lab_vital_hourly,504,0.00148476418124374,-9.900116507857063e-05,100.0,top_global_shap
num__mean_bp_noninvasive_vital_mean_value,mean_bp_noninvasive_vital_mean_value,lab_vital_hourly,505,0.0014607113368262043,-0.000160213541460967,100.0,top_global_shap
num__frequent_psych_admitter_and_discharge_planning,frequent_psych_admitter_and_discharge_planning,psychiatric_history,506,0.0014507608290152138,0.0005196442320606613,100.0,top_global_shap
num__urea_nitrogen_lab_first_72h_max,urea_nitrogen_lab_first_72h_max,lab_vital_hourly,507,0.0014486680433442119,-0.00014638384608161139,6.210014635166214,top_global_shap
num__num_outputevents,num_outputevents,icu_care,508,0.0014462490593275703,6.415135538147357e-05,100.0,top_global_shap
num__num_recurrent_psych_diagnosis_groups,num_recurrent_psych_diagnosis_groups,psychiatric_history,509,0.0014412819950806264,-0.00046432182511550903,100.0,top_global_shap
num__heart_rate_vital_first_value,heart_rate_vital_first_value,lab_vital_hourly,510,0.001434871949757493,3.639239596692822e-05,100.0,top_global_shap
num__spo2_vital_last_value,spo2_vital_last_value,lab_vital_hourly,511,0.0014255630074054247,0.0001390148262219399,0.28486305665900064,top_global_shap
num__previous_ed_visits_30d,previous_ed_visits_30d,prior_utilisation,512,0.0014249422274823405,0.0008183862345671224,100.0,top_global_shap
cat__admission_type_SURGICAL SAME DAY ADMISSION,admission_type_SURGICAL SAME DAY ADMISSION,demographic_admin,513,0.0014239041729976417,0.00016575903402149563,100.0,top_global_shap
num__has_severe_mental_illness,has_severe_mental_illness,other,514,0.0014108776834147409,0.00045600831557743635,100.0,top_global_shap
num__num_med_orders_with_duration,num_med_orders_with_duration,poe_late_order_pathway,515,0.0014038896546012833,-7.326158059432492e-05,100.0,top_global_shap
num__elixhauser_chronic_pulmonary,elixhauser_chronic_pulmonary,medical_comorbidity,516,0.001403548351699191,-8.618567701707119e-05,100.0,top_global_shap
num__emar_not_given_event_count,emar_not_given_event_count,medication_emar_pharmacy,517,0.0013998876051875058,7.57762574848264e-05,100.0,top_global_shap
num__had_lockout_interval_order,had_lockout_interval_order,poe_late_order_pathway,518,0.0013988330837897051,1.9472323422953488e-05,100.0,top_global_shap
num__potassium_lab_min_value,potassium_lab_min_value,lab_vital_hourly,519,0.0013927149497052344,0.00011554591037800088,100.0,top_global_shap
num__low_psych_marker_medical_instability_flag,low_psych_marker_medical_instability_flag,psychiatric_history,520,0.00139260275440886,-0.00018634633745725235,100.0,top_global_shap
num__late_routine_care_order_share_last_12h,late_routine_care_order_share_last_12h,poe_late_order_pathway,521,0.001385313978872454,0.00013860563523629822,100.0,top_global_shap
num__creatinine_lab_first_24h_mean,creatinine_lab_first_24h_mean,lab_vital_hourly,522,0.0013830267659969996,0.0001198898825287003,100.0,top_global_shap
num__mean_bp_noninvasive_vital_min_value,mean_bp_noninvasive_vital_min_value,lab_vital_hourly,523,0.0013756341596205001,7.962254285367854e-05,100.0,top_global_shap
num__urea_nitrogen_lab_first_24h_max,urea_nitrogen_lab_first_24h_max,lab_vital_hourly,524,0.0013754602178352626,2.970174812255103e-05,61.03596069412502,top_global_shap
num__wbc_lab_value_range,wbc_lab_value_range,lab_vital_hourly,525,0.0013697011215676696,8.415361303096398e-05,16.089274513903405,top_global_shap
num__emar_total_delay_hours,emar_total_delay_hours,medication_emar_pharmacy,526,0.0013695215012916066,0.00013949763447618108,100.0,top_global_shap
cat__first_service_NSURG,first_service_NSURG,demographic_admin,527,0.001359472984979185,2.286464343649626e-05,100.0,top_global_shap
num__had_social_work_case_management_order,had_social_work_case_management_order,poe_late_order_pathway,528,0.0013585007405463746,-4.4985587497409815e-05,100.0,top_global_shap
num__spo2_vital_relative_range,spo2_vital_relative_range,lab_vital_hourly,529,0.0013556224307963963,0.00012358005283283886,1.9966548191511602,top_global_shap
num__sodium_lab_first_72h_max,sodium_lab_first_72h_max,lab_vital_hourly,530,0.001347152044344486,-0.00014658728465511764,1.251829395776709,top_global_shap
num__emar_infusion_administration_count,emar_infusion_administration_count,medication_emar_pharmacy,531,0.001331478962142856,5.14800848982877e-05,100.0,top_global_shap
num__glucose_lab_first_24h_count,glucose_lab_first_24h_count,lab_vital_hourly,532,0.0013295408830068306,-3.0821273171377786e-05,100.0,top_global_shap
cat__insurance_grouped_Private,insurance_grouped_Private,demographic_admin,533,0.0013200938794840993,-2.7433759251145448e-05,100.0,top_global_shap
num__platelet_lab_first_24h_mean,platelet_lab_first_24h_mean,lab_vital_hourly,534,0.0013166358025239802,-0.00020775322379702695,100.0,top_global_shap
cat__discharge_location_Unknown,discharge_location_Unknown,discharge_aftercare,535,0.00131266574043136,0.00018877648755481774,100.0,top_global_shap
num__high_drg_severity,high_drg_severity,medical_comorbidity,536,0.0013046372127374375,-0.00026301565489743887,100.0,top_global_shap
num__days_since_latest_body_measure_missing,days_since_latest_body_measure_missing,other,537,0.0012977913849970852,0.00024349748310108576,100.0,top_global_shap
num__heart_rate_72h_std,heart_rate_72h_std,lab_vital_hourly,538,0.0012871778144288573,0.00014011060516121664,100.0,top_global_shap
num__num_unique_order_providers_first_72h,num_unique_order_providers_first_72h,poe_late_order_pathway,539,0.001284274607585749,-0.00011496144803451804,100.0,top_global_shap
num__num_oral_pharmacy_orders,num_oral_pharmacy_orders,poe_late_order_pathway,540,0.001283513973385004,0.00011118197566158404,100.0,top_global_shap
num__sodium_lab_count,sodium_lab_count,lab_vital_hourly,541,0.0012766797620393272,0.00029201228303697897,0.01933932678235417,top_global_shap
num__creatinine_lab_first_24h_max,creatinine_lab_first_24h_max,lab_vital_hourly,542,0.0012727030365242684,-1.9342924065247666e-05,100.0,top_global_shap
num__has_liver_disease,has_liver_disease,medical_comorbidity,543,0.0012686740017015302,-0.00017950658206093207,100.0,top_global_shap
num__late_medication_orders_last_6h,late_medication_orders_last_6h,poe_late_order_pathway,544,0.0012576042739252651,-0.000134858619380367,100.0,top_global_shap
num__facility_discharge_with_discharge_planning_flag,facility_discharge_with_discharge_planning_flag,discharge_aftercare,545,0.0012500534063211285,-0.00012990809714469317,100.0,top_global_shap
num__mean_bp_noninvasive_vital_first_value,mean_bp_noninvasive_vital_first_value,lab_vital_hourly,546,0.0012398767994076776,-7.606453357674183e-05,100.0,top_global_shap
num__num_change_dose_rate_inputevents,num_change_dose_rate_inputevents,medication_emar_pharmacy,547,0.0012364486712502492,-0.00025303608291891695,100.0,top_global_shap
num__num_outputevents_last_24h_before_discharge,num_outputevents_last_24h_before_discharge,discharge_aftercare,548,0.0012354426160632046,0.00011428729084484106,100.0,top_global_shap
num__mean_bp_noninvasive_72h_std,mean_bp_noninvasive_72h_std,other,549,0.0012318815346953568,-0.0001949713943503846,100.0,top_global_shap
num__late_medication_orders_last_12h,late_medication_orders_last_12h,poe_late_order_pathway,550,0.001229207360702629,8.533959162342487e-05,100.0,top_global_shap
num__emar_nonpsychotropic_not_given_count,emar_nonpsychotropic_not_given_count,psychiatric_history,551,0.0012253285214243927,6.78661783304288e-05,100.0,clinical_pattern_addback
num__has_previous_hospital_admission,has_previous_hospital_admission,prior_utilisation,553,0.0012193210453042263,0.00022518683468730476,100.0,clinical_pattern_addback
num__heart_rate_vital_max_value,heart_rate_vital_max_value,lab_vital_hourly,554,0.0011996234567075853,6.831405061843231e-05,100.0,clinical_pattern_addback
num__late_orders_without_self_harm_flag,late_orders_without_self_harm_flag,psychiatric_history,556,0.0011974151694141876,0.0006355182158854279,100.0,clinical_pattern_addback
num__service_change_last_24h_before_discharge_flag,service_change_last_24h_before_discharge_flag,discharge_aftercare,558,0.0011922339936300684,0.00015019266264668034,0.01777127325946059,clinical_pattern_addback
cat__discharge_location_AGAINST ADVICE,discharge_location_AGAINST ADVICE,discharge_aftercare,560,0.0011836498831783782,-4.510245622739732e-05,100.0,clinical_pattern_addback
cat__discharge_season_winter,discharge_season_winter,discharge_aftercare,561,0.0011806247440908843,-5.1572232593122416e-05,100.0,clinical_pattern_addback
num__spo2_72h_std,spo2_72h_std,lab_vital_hourly,562,0.0011792114760236039,-7.532937806304536e-05,2.3980765210119173,clinical_pattern_addback
num__elixhauser_liver_disease,elixhauser_liver_disease,medical_comorbidity,565,0.0011674514756522657,-0.00012061556544419831,100.0,clinical_pattern_addback
num__respiratory_rate_vital_mean_value,respiratory_rate_vital_mean_value,lab_vital_hourly,566,0.0011655277135646665,0.0002908154003708134,13.325318837549654,clinical_pattern_addback
num__late_psych_safety_orders_last_12h,late_psych_safety_orders_last_12h,psychiatric_history,567,0.0011640833657867843,9.432839558140899e-05,100.0,clinical_pattern_addback
num__late_order_type_diversity_last_12h,late_order_type_diversity_last_12h,poe_late_order_pathway,568,0.0011601796620500605,0.00047883458260488006,100.0,clinical_pattern_addback
num__elixhauser_drug_abuse,elixhauser_drug_abuse,medication_emar_pharmacy,569,0.001150104284783858,-5.347006189688867e-05,100.0,clinical_pattern_addback
num__late_clinical_order_count_last_6h,late_clinical_order_count_last_6h,poe_late_order_pathway,570,0.0011500605232301164,0.00010088560249152985,100.0,clinical_pattern_addback
num__has_other_psych_diagnosis,has_other_psych_diagnosis,psychiatric_history,571,0.001148566030094067,3.757821841706756e-05,100.0,clinical_pattern_addback
num__elixhauser_valvular_disease,elixhauser_valvular_disease,medical_comorbidity,572,0.0011413462562969252,-8.624822626607839e-05,100.0,clinical_pattern_addback
num__previous_weight_kg_before_admission_filled,previous_weight_kg_before_admission_filled,prior_utilisation,573,0.001137603939318227,1.9220594853962253e-05,100.0,clinical_pattern_addback
num__has_cognitive_delirium,has_cognitive_delirium,lab_vital_hourly,574,0.0011375345988665069,0.0001459503458819526,100.0,clinical_pattern_addback
num__previous_bmi_before_admission_filled,previous_bmi_before_admission_filled,prior_utilisation,575,0.0011365805404035582,-0.00016264067754188021,100.0,clinical_pattern_addback
num__num_prn_psychotropic_orders,num_prn_psychotropic_orders,psychiatric_history,578,0.0011284525391285789,1.266656230784325e-05,100.0,clinical_pattern_addback
num__age_65plus_x_elixhauser_group_count,age_65plus_x_elixhauser_group_count,medical_comorbidity,581,0.0011131271204536017,7.5049820160219815e-06,100.0,clinical_pattern_addback
num__systolic_bp_noninvasive_vital_max_value,systolic_bp_noninvasive_vital_max_value,lab_vital_hourly,586,0.0010958373783942332,0.00021711502682678015,0.7976165586452018,clinical_pattern_addback
num__aftercare_quality_score,aftercare_quality_score,discharge_aftercare,587,0.0010954178374368195,0.00016352116024573134,100.0,clinical_pattern_addback
num__late_clinical_order_count_last_12h,late_clinical_order_count_last_12h,poe_late_order_pathway,590,0.0010759480082286612,-0.00012905519832038837,100.0,clinical_pattern_addback
num__previous_admission_had_discharge_planning_order,previous_admission_had_discharge_planning_order,prior_utilisation,591,0.0010741929251964258,-2.2299607596684314e-05,100.0,clinical_pattern_addback
num__height_change_recent_filled,height_change_recent_filled,prior_utilisation,592,0.0010684102449932196,-2.141858956220788e-05,100.0,clinical_pattern_addback
num__num_careunit_transfers,num_careunit_transfers,icu_care,594,0.0010650726485236526,5.806964970302886e-05,100.0,top_within_family
num__home_discharge_without_medication_or_followup_plan_flag,home_discharge_without_medication_or_followup_plan_flag,discharge_aftercare,597,0.0010605336740837604,0.0003176661216088649,100.0,clinical_pattern_addback
num__mean_bp_arterial_vital_last_value,mean_bp_arterial_vital_last_value,lab_vital_hourly,598,0.0010494452172560274,0.00019602019907358838,100.0,clinical_pattern_addback
num__elixhauser_fluid_electrolyte,elixhauser_fluid_electrolyte,medical_comorbidity,599,0.0010391464372525665,-5.86959205714983e-05,100.0,clinical_pattern_addback
num__late_admin_aftercare_order_count_last_12h,late_admin_aftercare_order_count_last_12h,discharge_aftercare,600,0.0010301924097997398,0.0002673501488841116,100.0,clinical_pattern_addback
num__max_oxygen_flow_rate,max_oxygen_flow_rate,lab_vital_hourly,601,0.0010230041446419682,-1.598358859258442e-05,100.0,clinical_pattern_addback
num__spo2_vital_first_value,spo2_vital_first_value,lab_vital_hourly,603,0.0009985862570104332,-9.641590836410377e-05,0.12021743675517459,clinical_pattern_addback
num__late_discharge_hour_with_late_orders_flag,late_discharge_hour_with_late_orders_flag,discharge_aftercare,604,0.0009947646434942665,0.00010180958830153207,100.0,clinical_pattern_addback
num__home_discharge_without_followup_order_flag,home_discharge_without_followup_order_flag,discharge_aftercare,608,0.0009820595221122761,0.00012221576871995207,100.0,clinical_pattern_addback
num__previous_height_cm_before_admission_filled,previous_height_cm_before_admission_filled,prior_utilisation,609,0.000980280249367919,7.447226937696419e-05,100.0,clinical_pattern_addback
num__mean_bp_arterial_vital_max_value,mean_bp_arterial_vital_max_value,lab_vital_hourly,610,0.0009793398224035152,3.8219266111849036e-05,100.0,clinical_pattern_addback
num__mean_bp_noninvasive_vital_value_range,mean_bp_noninvasive_vital_value_range,lab_vital_hourly,613,0.0009754519279822624,-3.643566495785441e-05,100.0,clinical_pattern_addback
num__prior_discharge_instability_score,prior_discharge_instability_score,prior_utilisation,616,0.0009682928298800591,1.0583498210550482e-05,100.0,clinical_pattern_addback
num__previous_admission_had_safety_order,previous_admission_had_safety_order,prior_utilisation,620,0.0009417523034634383,0.00021916590424240256,100.0,clinical_pattern_addback
num__discharged_to_facility_flag,discharged_to_facility_flag,discharge_aftercare,621,0.0009409218088940163,-2.1099335296901733e-06,100.0,clinical_pattern_addback
num__heart_rate_vital_value_change,heart_rate_vital_value_change,lab_vital_hourly,622,0.0009396151418431744,0.00019444126414877098,100.0,clinical_pattern_addback
num__prior_psych_365d_x_self_harm,prior_psych_365d_x_self_harm,prior_utilisation,624,0.0009358474047508442,0.00028776679921824097,100.0,clinical_pattern_addback
cat__discharge_location_grouped_Home health care,discharge_location_grouped_Home health care,discharge_aftercare,625,0.000930718827184773,-4.344126943205507e-05,100.0,clinical_pattern_addback
num__quiet_medical_frailty_low_psych_history_score,quiet_medical_frailty_low_psych_history_score,psychiatric_history,626,0.0009274738876683328,2.9703152108183305e-05,100.0,clinical_pattern_addback
num__icu_event_interruption_score,icu_event_interruption_score,icu_care,628,0.0009231951688657981,-8.420436180757486e-05,100.0,top_within_family
num__num_datetimeevents,num_datetimeevents,icu_care,630,0.0009209385995821575,-9.836935341410953e-05,100.0,top_within_family
num__previous_discharge_to_facility_flag,previous_discharge_to_facility_flag,prior_utilisation,639,0.0008933327687473452,0.0001576639307922205,100.0,clinical_pattern_addback
num__previous_psych_admissions_30d,previous_psych_admissions_30d,prior_utilisation,640,0.0008851808565852548,-1.2116205434259377e-05,100.0,clinical_pattern_addback
num__weekend_or_friday_discharge_with_no_followup_flag,weekend_or_friday_discharge_with_no_followup_flag,discharge_aftercare,641,0.0008815969361350825,2.514958767718116e-05,83.10108718377587,clinical_pattern_addback
num__systolic_bp_noninvasive_vital_value_range,systolic_bp_noninvasive_vital_value_range,lab_vital_hourly,643,0.0008799766440217315,0.0001246549916837426,0.7793226008781099,clinical_pattern_addback
num__num_cam_delirium_chart_events,num_cam_delirium_chart_events,lab_vital_hourly,644,0.0008781283387887602,0.0001413066599066084,100.0,clinical_pattern_addback
num__previous_nonpsych_admissions_365d,previous_nonpsych_admissions_365d,prior_utilisation,645,0.0008778730905253411,4.5305365480662086e-05,100.0,clinical_pattern_addback
num__late_discharge_admin_orders_last_12h,late_discharge_admin_orders_last_12h,discharge_aftercare,646,0.0008770988869861699,-9.00449480729895e-05,100.0,clinical_pattern_addback
num__emergency_admission_with_recent_psych_history_flag,emergency_admission_with_recent_psych_history_flag,prior_utilisation,647,0.0008639989826166928,0.00016506233670157537,100.0,clinical_pattern_addback
num__gcs_min_score,gcs_min_score,lab_vital_hourly,648,0.0008636961145986617,-6.922616956080366e-06,100.0,clinical_pattern_addback
cat__discharge_location_PSYCH FACILITY,discharge_location_PSYCH FACILITY,psychiatric_history,649,0.0008597970189836161,0.000592546653409194,100.0,clinical_pattern_addback
num__transfer_admission_with_psych_history_flag,transfer_admission_with_psych_history_flag,psychiatric_history,656,0.0008384165090571563,0.00010881537010390187,1.3652519339326783,clinical_pattern_addback
num__late_followup_or_aftercare_orders_last_6h,late_followup_or_aftercare_orders_last_6h,discharge_aftercare,657,0.0008375436719451795,5.051994901944377e-05,100.0,clinical_pattern_addback
num__new_safety_order_last_24h_before_discharge_flag,new_safety_order_last_24h_before_discharge_flag,discharge_aftercare,659,0.0008293117321564446,0.0005294617116296334,100.0,clinical_pattern_addback
num__discontinued_orders_last_24h_before_discharge,discontinued_orders_last_24h_before_discharge,discharge_aftercare,661,0.0008199776999451578,-2.62055609457498e-05,100.0,clinical_pattern_addback
num__late_routine_care_orders_last_12h,late_routine_care_orders_last_12h,poe_late_order_pathway,662,0.0008184146086156613,2.7425464491110948e-05,100.0,clinical_pattern_addback
num__depression_and_previous_psych_365d,depression_and_previous_psych_365d,prior_utilisation,663,0.0008151912467078012,2.1862516844174807e-05,100.0,clinical_pattern_addback
num__late_orders_but_psych_facility_discharge_flag,late_orders_but_psych_facility_discharge_flag,psychiatric_history,665,0.0008135356909740105,-8.310245654048511e-05,100.0,clinical_pattern_addback
num__num_inputevent_rate_changes,num_inputevent_rate_changes,icu_care,666,0.0008007756050913007,-0.00013805674643604764,100.0,top_within_family
num__psychotropic_orders_last_48h_before_discharge,psychotropic_orders_last_48h_before_discharge,psychiatric_history,667,0.0007993862657903336,2.228100538631733e-05,100.0,clinical_pattern_addback
num__psychotropic_orders_last_24h_before_discharge,psychotropic_orders_last_24h_before_discharge,psychiatric_history,672,0.0007871324039617516,-3.503176259401685e-05,100.0,clinical_pattern_addback
num__systolic_bp_noninvasive_vital_value_change,systolic_bp_noninvasive_vital_value_change,lab_vital_hourly,673,0.0007862651095391392,-4.261181893863425e-05,5.774618440309429,clinical_pattern_addback
num__respiratory_rate_vital_value_change,respiratory_rate_vital_value_change,lab_vital_hourly,676,0.0007727654222479755,9.765736897867254e-05,33.89870374242108,clinical_pattern_addback
num__ed_admission_with_self_harm_flag,ed_admission_with_self_harm_flag,psychiatric_history,678,0.0007668282848429952,0.00019726615603377296,100.0,clinical_pattern_addback
num__elixhauser_rheumatoid_collagen,elixhauser_rheumatoid_collagen,medical_comorbidity,679,0.0007658713225762165,-6.511059123149148e-05,100.0,clinical_pattern_addback
num__discharged_to_snf_flag,discharged_to_snf_flag,discharge_aftercare,680,0.0007649990267445468,9.003085779872505e-06,100.0,clinical_pattern_addback
num__spo2_vital_value_change,spo2_vital_value_change,lab_vital_hourly,683,0.0007607545582584909,4.843778095870685e-05,1.7766046414384278,clinical_pattern_addback
num__quiet_prior_psych_low_activity_score,quiet_prior_psych_low_activity_score,prior_utilisation,687,0.0007555627886219637,0.00018289830135991393,100.0,clinical_pattern_addback
num__discharged_home_without_services_flag,discharged_home_without_services_flag,discharge_aftercare,688,0.0007547382727490057,8.616699405282664e-05,100.0,clinical_pattern_addback
num__late_discharge_admin_orders_last_6h,late_discharge_admin_orders_last_6h,discharge_aftercare,689,0.000748727124465299,2.0314587965165984e-05,100.0,clinical_pattern_addback
num__had_outpatient_followup_order,had_outpatient_followup_order,discharge_aftercare,690,0.0007442627165263019,0.00019056915034166937,100.0,clinical_pattern_addback
num__late_consult_order_share_last_12h,late_consult_order_share_last_12h,poe_late_order_pathway,693,0.0007382399036646239,8.118039093537441e-05,100.0,clinical_pattern_addback
num__mean_bp_arterial_vital_value_range,mean_bp_arterial_vital_value_range,lab_vital_hourly,694,0.0007311590854899069,-1.6284959454850898e-05,100.0,clinical_pattern_addback
num__systolic_bp_arterial_vital_first_value,systolic_bp_arterial_vital_first_value,lab_vital_hourly,695,0.0007273025387155971,6.969583943134812e-05,0.0031361070457871626,clinical_pattern_addback
num__respiratory_rate_vital_relative_range,respiratory_rate_vital_relative_range,lab_vital_hourly,696,0.0007250057638816663,-0.00010746270189559875,25.25559272423165,clinical_pattern_addback
cat__psych_diagnosis_burden_category_2 diagnoses,psych_diagnosis_burden_category_2 diagnoses,psychiatric_history,697,0.0007202970699031318,1.1520566403023372e-06,100.0,clinical_pattern_addback
num__self_harm_without_safety_order_flag,self_harm_without_safety_order_flag,psychiatric_history,699,0.000717107223953172,0.00020484383912563396,3.3624294375914703,clinical_pattern_addback
num__late_lab_order_share_last_6h,late_lab_order_share_last_6h,poe_late_order_pathway,702,0.0006987677395115131,-7.907390837860205e-05,100.0,clinical_pattern_addback
cat__discharge_location_ACUTE HOSPITAL,discharge_location_ACUTE HOSPITAL,discharge_aftercare,703,0.000695665280425231,0.00031496891329017623,100.0,clinical_pattern_addback
num__recent_psych_admission_30d,recent_psych_admission_30d,prior_utilisation,711,0.000678494986694863,2.7768693376441396e-05,100.0,clinical_pattern_addback
num__quiet_self_harm_low_activity_score,quiet_self_harm_low_activity_score,psychiatric_history,712,0.0006770991451965281,0.00044944097411957483,100.0,clinical_pattern_addback
num__medical_to_psych_service_transfer,medical_to_psych_service_transfer,psychiatric_history,713,0.0006754045375869946,0.00016372316702594533,100.0,clinical_pattern_addback
num__age_65plus_x_charlson,age_65plus_x_charlson,medical_comorbidity,714,0.0006750635093962488,-8.860816207121187e-05,100.0,clinical_pattern_addback
num__previous_total_admissions_30d,previous_total_admissions_30d,prior_utilisation,716,0.0006726053347797022,7.923043786202456e-05,100.0,clinical_pattern_addback
num__systolic_bp_noninvasive_vital_min_value,systolic_bp_noninvasive_vital_min_value,lab_vital_hourly,717,0.0006704271653544605,-9.408595608354444e-05,4.336713359816015,clinical_pattern_addback
num__prior_psych_90d_x_substance_use,prior_psych_90d_x_substance_use,prior_utilisation,719,0.0006639808907963038,6.0896940125236145e-05,100.0,clinical_pattern_addback
num__prior_instability_score,prior_instability_score,prior_utilisation,720,0.0006609184274832649,8.301435462613839e-05,100.0,clinical_pattern_addback
num__spo2_72h_mean,spo2_72h_mean,lab_vital_hourly,721,0.0006590795255940975,-0.0001087003598440783,0.23259460589588124,clinical_pattern_addback
num__elixhauser_weight_loss,elixhauser_weight_loss,medical_comorbidity,724,0.0006520026772467555,5.1894841533064826e-05,100.0,clinical_pattern_addback
num__heart_rate_vital_value_range,heart_rate_vital_value_range,lab_vital_hourly,725,0.0006499415027623695,-6.117153316313848e-05,100.0,clinical_pattern_addback
num__finer_substance_use_category_count,finer_substance_use_category_count,psychiatric_history,727,0.0006496325977795132,-2.2561807279147908e-05,100.0,clinical_pattern_addback
num__self_harm_no_psych_followup_flag,self_harm_no_psych_followup_flag,psychiatric_history,732,0.0006386698783181679,0.0003231709105836471,0.46884800334518084,clinical_pattern_addback
num__num_oxygen_support_chart_events,num_oxygen_support_chart_events,lab_vital_hourly,733,0.0006362647429068011,4.01733619757456e-05,100.0,clinical_pattern_addback
num__followup_order_first_72h_flag,followup_order_first_72h_flag,discharge_aftercare,734,0.0006348313995622281,-0.00011987835412970669,100.0,clinical_pattern_addback
num__substance_use_home_discharge_no_followup_flag,substance_use_home_discharge_no_followup_flag,psychiatric_history,736,0.0006344245899583859,-6.590369437940201e-05,0.9366506376750994,clinical_pattern_addback
num__had_antipsychotic,had_antipsychotic,psychiatric_history,737,0.0006314162261453312,8.939635540261753e-05,100.0,clinical_pattern_addback
num__late_routine_care_orders_last_6h,late_routine_care_orders_last_6h,poe_late_order_pathway,738,0.000628782108098412,2.8191555947792368e-05,100.0,clinical_pattern_addback
cat__last_icu_careunit_Medical/Surgical Intensive Care Unit (MICU/SICU),last_icu_careunit_Medical/Surgical Intensive Care Unit (MICU/SICU),icu_care,739,0.0006281811303828081,1.1488225925706624e-05,100.0,top_within_family
num__num_gcs_chart_events,num_gcs_chart_events,lab_vital_hourly,740,0.0006257325082011783,0.00012846479813583388,100.0,clinical_pattern_addback
num__bmi_change_recent_filled,bmi_change_recent_filled,prior_utilisation,741,0.0006255916217149369,-2.281492672088745e-05,100.0,clinical_pattern_addback
cat__first_service_PSYCH,first_service_PSYCH,psychiatric_history,742,0.0006246608508883358,2.8551762745879876e-05,100.0,clinical_pattern_addback
num__mean_bp_arterial_vital_relative_range,mean_bp_arterial_vital_relative_range,lab_vital_hourly,749,0.0006015103807436254,0.00013126333148803587,100.0,clinical_pattern_addback
num__heart_rate_vital_mean_value,heart_rate_vital_mean_value,lab_vital_hourly,751,0.0005871032676149541,-4.7300634795915145e-05,100.0,clinical_pattern_addback
num__has_previous_nonpsych_admission,has_previous_nonpsych_admission,prior_utilisation,752,0.0005838759629383368,3.664648278881079e-05,100.0,clinical_pattern_addback
num__systolic_bp_noninvasive_vital_mean_value,systolic_bp_noninvasive_vital_mean_value,lab_vital_hourly,753,0.000582677272099614,-6.284240290967275e-05,4.180430692034288,clinical_pattern_addback
num__current_psych_group_not_seen_previous_flag,current_psych_group_not_seen_previous_flag,prior_utilisation,754,0.0005822831870650851,1.5350044867356948e-05,100.0,clinical_pattern_addback
cat__discharge_location_OTHER FACILITY,discharge_location_OTHER FACILITY,discharge_aftercare,757,0.0005638080814878606,9.109011235646693e-05,100.0,clinical_pattern_addback
num__respiratory_rate_vital_min_value,respiratory_rate_vital_min_value,lab_vital_hourly,759,0.000558914204275423,0.00011024992502570871,3.7303993309638304,clinical_pattern_addback
num__new_antipsychotic_started_flag,new_antipsychotic_started_flag,psychiatric_history,760,0.0005545799735777225,4.1823356782274225e-05,100.0,clinical_pattern_addback
num__psychotropic_change_with_aftercare_plan_flag,psychotropic_change_with_aftercare_plan_flag,psychiatric_history,761,0.0005544448146213888,7.98366744344332e-05,100.0,clinical_pattern_addback
num__num_unique_antipsychotics,num_unique_antipsychotics,psychiatric_history,762,0.000553648307400254,2.5142320003615468e-05,100.0,clinical_pattern_addback
num__self_harm_and_previous_psych_365d,self_harm_and_previous_psych_365d,prior_utilisation,765,0.0005472431579901897,0.00020301952656320808,1.815805979510767,clinical_pattern_addback
num__num_rass_sedation_chart_events,num_rass_sedation_chart_events,lab_vital_hourly,766,0.0005430515225636919,3.5453335385666312e-06,100.0,clinical_pattern_addback
num__mean_bp_arterial_vital_value_change,mean_bp_arterial_vital_value_change,lab_vital_hourly,768,0.0005428750924474749,-6.054156580074453e-05,100.0,clinical_pattern_addback
num__facility_discharge_and_late_orders_flag,facility_discharge_and_late_orders_flag,discharge_aftercare,770,0.0005348888527204078,5.64845861456722e-06,100.0,clinical_pattern_addback
cat__psych_medication_burden_category_1 class,psych_medication_burden_category_1 class,psychiatric_history,774,0.0005303812386082114,2.309336525180399e-05,100.0,clinical_pattern_addback
num__previous_admission_had_late_safety_orders,previous_admission_had_late_safety_orders,prior_utilisation,776,0.0005260696125802167,-6.789071829588131e-05,100.0,clinical_pattern_addback
num__previous_nonpsych_admissions_90d,previous_nonpsych_admissions_90d,prior_utilisation,777,0.0005220669887884047,-4.7746313572110016e-05,100.0,clinical_pattern_addback
num__substance_use_x_benzodiazepine,substance_use_x_benzodiazepine,psychiatric_history,779,0.000515838146572092,-7.777132939564434e-05,83.05665900062722,clinical_pattern_addback
num__previous_nonpsych_admissions_180d,previous_nonpsych_admissions_180d,prior_utilisation,780,0.0005107488420687012,5.280290957681629e-05,100.0,clinical_pattern_addback
num__mean_bp_noninvasive_vital_max_value,mean_bp_noninvasive_vital_max_value,lab_vital_hourly,781,0.0005096141030804264,3.628713790091688e-05,100.0,clinical_pattern_addback
num__vital_abnormality_burden_score,vital_abnormality_burden_score,lab_vital_hourly,782,0.0005070521073293579,5.645495636188654e-05,25.501777127325948,clinical_pattern_addback
num__late_medication_orders_and_psychotropic_change_flag,late_medication_orders_and_psychotropic_change_flag,psychiatric_history,783,0.000505876700400118,0.00011567878165402448,100.0,clinical_pattern_addback
cat__psych_diagnosis_burden_category_3-4 diagnoses,psych_diagnosis_burden_category_3-4 diagnoses,psychiatric_history,784,0.0005045261151036161,4.6007513354833837e-05,100.0,clinical_pattern_addback
num__previous_psych_admissions_14d,previous_psych_admissions_14d,prior_utilisation,785,0.0005032749581992754,-4.6130323108049194e-05,100.0,clinical_pattern_addback
num__elixhauser_hypertension,elixhauser_hypertension,medical_comorbidity,790,0.0004979097883087746,7.097734705530367e-05,100.0,clinical_pattern_addback
num__late_lab_orders_without_psych_safety_orders_flag,late_lab_orders_without_psych_safety_orders_flag,psychiatric_history,791,0.0004965096599295859,-7.260792529703632e-05,100.0,clinical_pattern_addback
num__vital_72h_longest_abnormal_run_hours,vital_72h_longest_abnormal_run_hours,lab_vital_hourly,793,0.0004959722375337078,-0.00011469258545506876,11.121680953376542,clinical_pattern_addback
num__smi_without_followup_order_flag,smi_without_followup_order_flag,psychiatric_history,794,0.0004950764302713097,0.00016199202733234777,92.5987873719423,clinical_pattern_addback
num__respiratory_rate_vital_value_range,respiratory_rate_vital_value_range,lab_vital_hourly,796,0.00048828037959885567,3.0768161455974744e-05,5.450031361070458,clinical_pattern_addback
num__mean_bp_noninvasive_vital_value_change,mean_bp_noninvasive_vital_value_change,lab_vital_hourly,798,0.0004876571031937319,2.3339343249608954e-05,100.0,clinical_pattern_addback
num__elixhauser_hypothyroidism,elixhauser_hypothyroidism,medical_comorbidity,801,0.0004776278661343672,-4.1244235725752245e-05,100.0,clinical_pattern_addback
num__previous_admission_had_home_discharge_no_followup,previous_admission_had_home_discharge_no_followup,prior_utilisation,804,0.0004580048967029745,5.7363048825672054e-05,100.0,clinical_pattern_addback
num__vital_72h_abnormal_window_count,vital_72h_abnormal_window_count,lab_vital_hourly,805,0.0004573769294483082,-0.00010183745073695172,32.675099310056446,clinical_pattern_addback
num__protective_aftercare_present_flag,protective_aftercare_present_flag,discharge_aftercare,808,0.0004447958791934581,-7.853134345349455e-05,100.0,clinical_pattern_addback
cat__last_service_PSYCH,last_service_PSYCH,psychiatric_history,809,0.000444783118354566,8.588089321814448e-05,100.0,clinical_pattern_addback
num__vital_72h_abnormal_window_percentage,vital_72h_abnormal_window_percentage,lab_vital_hourly,814,0.00043511127915401773,-5.58574195616257e-06,47.55279113527075,clinical_pattern_addback
num__has_psychotic_disorder,has_psychotic_disorder,psychiatric_history,815,0.0004335812670829105,3.308851218223898e-05,100.0,clinical_pattern_addback
num__mean_bp_noninvasive_vital_last_value,mean_bp_noninvasive_vital_last_value,lab_vital_hourly,816,0.0004324536395130473,0.0001484843090664879,100.0,clinical_pattern_addback
num__late_psych_safety_order_share_last_12h,late_psych_safety_order_share_last_12h,psychiatric_history,817,0.0004308137987868332,3.3324221558919236e-06,100.0,clinical_pattern_addback
num__late_lab_activity_without_followup_flag,late_lab_activity_without_followup_flag,discharge_aftercare,818,0.0004298624378364244,-3.745810973369359e-05,100.0,clinical_pattern_addback
num__psychotropic_started_after_72h_flag,psychotropic_started_after_72h_flag,psychiatric_history,822,0.0004188824192976103,5.609456209842833e-05,100.0,clinical_pattern_addback
cat__nonpsych_diagnosis_burden_category_6-10,nonpsych_diagnosis_burden_category_6-10,psychiatric_history,823,0.000413451415047347,-4.044425750746275e-05,100.0,clinical_pattern_addback
num__systolic_bp_noninvasive_vital_relative_range,systolic_bp_noninvasive_vital_relative_range,lab_vital_hourly,826,0.000408861913452889,0.00019137589328099283,4.007944804515994,clinical_pattern_addback
num__elixhauser_comorbidity_group_count_simplified,elixhauser_comorbidity_group_count_simplified,medical_comorbidity,827,0.00040515914276795657,3.775846519824421e-05,100.0,clinical_pattern_addback
num__elixhauser_obesity,elixhauser_obesity,medical_comorbidity,829,0.0004041287079902249,-5.503262813062713e-05,100.0,clinical_pattern_addback
cat__discharge_season_summer,discharge_season_summer,discharge_aftercare,830,0.00040323253077907673,-3.1640848150751836e-05,100.0,clinical_pattern_addback
num__substance_use_and_withdrawal_treatment_flag,substance_use_and_withdrawal_treatment_flag,psychiatric_history,832,0.00039977403473810105,-2.3049297771464403e-05,0.0015680535228935813,clinical_pattern_addback
num__depression_and_substance_use_flag,depression_and_substance_use_flag,psychiatric_history,833,0.0003974528595969091,4.134968134491535e-05,100.0,clinical_pattern_addback
num__systolic_bp_arterial_vital_last_value,systolic_bp_arterial_vital_last_value,lab_vital_hourly,834,0.00039171915337644946,-6.363536070455041e-05,4.477838176876437,clinical_pattern_addback
num__followup_order_last_48h_before_discharge,followup_order_last_48h_before_discharge,discharge_aftercare,835,0.0003908338815363783,6.017587741245313e-05,100.0,clinical_pattern_addback
num__psych_diagnosis_group_count_increased_from_previous_flag,psych_diagnosis_group_count_increased_from_previous_flag,prior_utilisation,836,0.0003902465321730357,2.1669905731326723e-05,100.0,clinical_pattern_addback
num__elixhauser_other_neurological,elixhauser_other_neurological,medical_comorbidity,839,0.0003823294536623161,-3.7283067066224185e-05,100.0,clinical_pattern_addback
num__followup_order_last_24h_before_discharge,followup_order_last_24h_before_discharge,discharge_aftercare,840,0.000381699175613406,1.2534043950123342e-05,100.0,clinical_pattern_addback
num__elixhauser_deficiency_anaemia,elixhauser_deficiency_anaemia,medical_comorbidity,846,0.00037257386944668464,3.536891794006526e-05,100.0,clinical_pattern_addback
num__heart_rate_vital_relative_range,heart_rate_vital_relative_range,lab_vital_hourly,849,0.00037040360802784064,3.461203782753631e-05,100.0,clinical_pattern_addback
num__spo2_72h_min,spo2_72h_min,lab_vital_hourly,851,0.00036723016385603065,3.11769073594238e-05,0.13171649592306084,clinical_pattern_addback
num__recent_psych_admission_90d_x_substance_use,recent_psych_admission_90d_x_substance_use,prior_utilisation,853,0.00036410670664568077,-4.053451480703952e-05,100.0,clinical_pattern_addback
cat__time_since_previous_psych_category_0-30 days,time_since_previous_psych_category_0-30 days,prior_utilisation,854,0.000359698623759194,1.2956401048016868e-05,100.0,clinical_pattern_addback
num__older_age_and_no_recent_psych_history,older_age_and_no_recent_psych_history,prior_utilisation,855,0.00035776420412943753,9.052007786639234e-06,100.0,clinical_pattern_addback
num__psychosis_without_followup_order_flag,psychosis_without_followup_order_flag,psychiatric_history,856,0.000357370274336145,0.00013245478600867793,100.0,clinical_pattern_addback
num__num_followup_referral_orders,num_followup_referral_orders,discharge_aftercare,858,0.00034994490893541753,-4.488245729257648e-05,100.0,clinical_pattern_addback
cat__psych_medication_burden_category_2 classes,psych_medication_burden_category_2 classes,psychiatric_history,860,0.00034806030759953696,-2.8704638325953837e-05,100.0,clinical_pattern_addback
num__previous_icu_admissions_365d,previous_icu_admissions_365d,prior_utilisation,861,0.0003475392507205977,1.0032684580501893e-05,100.0,clinical_pattern_addback
num__mean_bp_arterial_vital_rate_of_change_per_day,mean_bp_arterial_vital_rate_of_change_per_day,lab_vital_hourly,866,0.0003439880753452108,-1.9812346428264092e-05,100.0,clinical_pattern_addback
num__previous_weight_kg_before_admission_missing,previous_weight_kg_before_admission_missing,prior_utilisation,868,0.00034253790123622813,-3.783548307476707e-06,100.0,clinical_pattern_addback
num__careunit_change_last_24h_before_discharge_flag,careunit_change_last_24h_before_discharge_flag,discharge_aftercare,870,0.00033977333217121856,-9.032197400270269e-05,100.0,clinical_pattern_addback
num__discharge_planning_and_social_work_flag,discharge_planning_and_social_work_flag,discharge_aftercare,872,0.0003378887956854388,-1.0262605611731791e-05,100.0,clinical_pattern_addback
num__late_medication_change_without_discharge_med_plan_flag,late_medication_change_without_discharge_med_plan_flag,discharge_aftercare,875,0.00033329532898346325,7.638393525267175e-05,100.0,clinical_pattern_addback
num__spo2_72h_observed_hours,spo2_72h_observed_hours,lab_vital_hourly,876,0.00033266474958107265,-9.26561825838736e-06,0.14844240016725904,clinical_pattern_addback
num__psych_service_involved_anytime,psych_service_involved_anytime,psychiatric_history,877,0.000332177027651972,4.816623702430494e-05,100.0,clinical_pattern_addback
num__high_medical_activity_low_psych_activity_flag,high_medical_activity_low_psych_activity_flag,psychiatric_history,878,0.0003302401412748409,3.532523428676569e-05,100.0,clinical_pattern_addback
num__prior_psych_365d_x_smi,prior_psych_365d_x_smi,prior_utilisation,880,0.000320719823837516,2.6852631537514148e-05,100.0,clinical_pattern_addback
num__home_discharge_with_followup_order_flag,home_discharge_with_followup_order_flag,discharge_aftercare,884,0.0003123260375143205,5.6841766197960574e-05,100.0,clinical_pattern_addback
num__late_followup_to_total_late_order_ratio,late_followup_to_total_late_order_ratio,discharge_aftercare,885,0.00030961938235409307,3.572906281426731e-05,100.0,clinical_pattern_addback
num__systolic_bp_arterial_vital_value_range,systolic_bp_arterial_vital_value_range,lab_vital_hourly,886,0.00030892862634615315,9.481558655517018e-05,4.450658582479615,clinical_pattern_addback
num__late_order_severity_x_low_aftercare_score,late_order_severity_x_low_aftercare_score,discharge_aftercare,888,0.00030547010785735674,2.1365978265456417e-05,100.0,clinical_pattern_addback
num__previous_total_admissions_14d,previous_total_admissions_14d,prior_utilisation,891,0.0003013321719975571,5.338424210746433e-05,100.0,clinical_pattern_addback
num__elixhauser_congestive_heart_failure,elixhauser_congestive_heart_failure,lab_vital_hourly,892,0.0002978709921145658,2.218393658742279e-05,100.0,clinical_pattern_addback
num__previous_height_cm_before_admission_missing,previous_height_cm_before_admission_missing,prior_utilisation,893,0.00029719548956597775,1.2456787303582114e-05,100.0,clinical_pattern_addback
num__respiratory_rate_vital_max_value,respiratory_rate_vital_max_value,lab_vital_hourly,894,0.00029664635589035095,3.7672112759830676e-05,20.448985992055196,clinical_pattern_addback
num__previous_admission_had_followup_order,previous_admission_had_followup_order,prior_utilisation,896,0.0002960351465425688,-4.0068476947147124e-05,100.0,clinical_pattern_addback
num__friday_evening_discharge_flag,friday_evening_discharge_flag,discharge_aftercare,897,0.00029460492005521416,1.9196322665838554e-05,100.0,clinical_pattern_addback
num__antidepressant_antipsychotic_combination,antidepressant_antipsychotic_combination,psychiatric_history,899,0.0002915746469530031,-1.3536783279934354e-05,100.0,clinical_pattern_addback
num__home_discharge_with_discharge_planning_order_flag,home_discharge_with_discharge_planning_order_flag,discharge_aftercare,901,0.0002907717494629275,2.0136277041605753e-05,100.0,clinical_pattern_addback
num__older_age_x_no_recent_psych_history,older_age_x_no_recent_psych_history,prior_utilisation,903,0.0002847891254113657,2.031847686981846e-05,100.0,clinical_pattern_addback
num__previous_bmi_before_admission_missing,previous_bmi_before_admission_missing,prior_utilisation,905,0.00028080481570214033,-1.3567339919973165e-05,100.0,clinical_pattern_addback
num__systolic_bp_arterial_vital_mean_value,systolic_bp_arterial_vital_mean_value,lab_vital_hourly,906,0.0002793168576636473,-5.13136093336582e-05,0.2440936650637675,clinical_pattern_addback
num__medical_complexity_late_workup_home_discharge_flag,medical_complexity_late_workup_home_discharge_flag,discharge_aftercare,907,0.0002791977021843195,-2.3928336304379627e-05,100.0,clinical_pattern_addback
num__previous_ed_visits_14d,previous_ed_visits_14d,prior_utilisation,908,0.00027659116825375486,5.198199046939644e-05,100.0,clinical_pattern_addback
num__discharged_to_rehab_flag,discharged_to_rehab_flag,discharge_aftercare,909,0.0002747690573649114,2.8135265769017116e-05,100.0,clinical_pattern_addback
num__previous_icu_admissions_90d,previous_icu_admissions_90d,prior_utilisation,911,0.00027098017577191627,1.652365695707528e-05,100.0,clinical_pattern_addback
num__previous_short_los_flag,previous_short_los_flag,prior_utilisation,914,0.00026554931893705625,3.5796112492046834e-05,100.0,clinical_pattern_addback
num__smi_and_previous_psych_365d,smi_and_previous_psych_365d,prior_utilisation,915,0.0002643370477895523,-6.96980828132045e-06,0.014112481706042231,clinical_pattern_addback
num__self_harm_without_followup_order_flag,self_harm_without_followup_order_flag,psychiatric_history,916,0.0002625913047461528,-0.00010797647482454898,29.31266987246498,clinical_pattern_addback
num__late_followup_order_flag,late_followup_order_flag,discharge_aftercare,925,0.00024370639532300868,-3.694020147327368e-05,100.0,clinical_pattern_addback
num__late_orders_but_supervised_discharge_flag,late_orders_but_supervised_discharge_flag,discharge_aftercare,927,0.00024247474271563195,-1.9347408618757923e-05,100.0,clinical_pattern_addback
num__smi_x_antipsychotic_polypharmacy,smi_x_antipsychotic_polypharmacy,psychiatric_history,928,0.00024227897950627493,9.889215319449965e-06,0.3261551327618649,clinical_pattern_addback
cat__discharge_season_spring,discharge_season_spring,discharge_aftercare,930,0.00024114337406574453,-1.0265173246287527e-05,100.0,clinical_pattern_addback
num__vital_72h_hourly_rows,vital_72h_hourly_rows,lab_vital_hourly,931,0.00024100218014401684,2.944655251866729e-05,2.427346853439264,clinical_pattern_addback
num__had_followup_or_discharge_planning_order,had_followup_or_discharge_planning_order,discharge_aftercare,932,0.00023953332856763154,0.00016182697436306626,100.0,clinical_pattern_addback
num__age_65plus_x_discharge_to_facility,age_65plus_x_discharge_to_facility,discharge_aftercare,935,0.0002347991438902468,-3.2724672155270415e-05,100.0,clinical_pattern_addback
num__late_lab_orders_last_12h,late_lab_orders_last_12h,poe_late_order_pathway,936,0.0002337997283060766,-1.6833276838866297e-05,100.0,clinical_pattern_addback
num__previous_admission_had_late_lab_orders,previous_admission_had_late_lab_orders,prior_utilisation,937,0.00023324203804333868,-2.8034077836692566e-05,100.0,clinical_pattern_addback
num__lab_activity_near_discharge_flag,lab_activity_near_discharge_flag,discharge_aftercare,938,0.00023308516024699916,0.00011734735816573427,100.0,clinical_pattern_addback
num__mean_bp_arterial_vital_first_value,mean_bp_arterial_vital_first_value,lab_vital_hourly,941,0.0002300673768741876,3.129894943127722e-05,100.0,clinical_pattern_addback
cat__discharge_location_REHAB,discharge_location_REHAB,discharge_aftercare,942,0.00022783448253143332,5.0621987253057295e-05,100.0,clinical_pattern_addback
num__friday_discharge,friday_discharge,discharge_aftercare,948,0.0002157060074764424,-6.459972305132608e-06,100.0,clinical_pattern_addback
num__num_prn_antipsychotic_orders,num_prn_antipsychotic_orders,psychiatric_history,950,0.00021495939584331806,5.6405082701724707e-05,100.0,clinical_pattern_addback
cat__psych_medication_burden_category_3+ classes,psych_medication_burden_category_3+ classes,psychiatric_history,951,0.00021298628547351649,-3.792031320310257e-06,100.0,clinical_pattern_addback
num__late_icu_intervention_activity,late_icu_intervention_activity,poe_late_order_pathway,954,0.00021182638777224127,-2.0588008130572645e-05,100.0,clinical_pattern_addback
num__late_psych_safety_orders_last_6h,late_psych_safety_orders_last_6h,psychiatric_history,958,0.00020858744940750198,0.0001600910857906759,100.0,clinical_pattern_addback
num__has_polysubstance_related_disorder,has_polysubstance_related_disorder,psychiatric_history,959,0.00020611131403478023,6.0915076149131396e-06,100.0,clinical_pattern_addback
num__month_end_discharge_flag,month_end_discharge_flag,discharge_aftercare,961,0.0002042914605524551,3.8809924349750426e-06,100.0,clinical_pattern_addback
num__previous_admission_had_facility_discharge,previous_admission_had_facility_discharge,prior_utilisation,962,0.0002041898376860429,2.294445187158516e-05,100.0,clinical_pattern_addback
cat__discharge_location_HOME,discharge_location_HOME,discharge_aftercare,968,0.0002007968117768051,7.172725509906145e-05,100.0,clinical_pattern_addback
num__prior_psych_90d_x_self_harm,prior_psych_90d_x_self_harm,prior_utilisation,971,0.0001977091450041083,2.4491151429649283e-05,100.0,clinical_pattern_addback
num__medical_complexity_no_aftercare_flag,medical_complexity_no_aftercare_flag,discharge_aftercare,972,0.00019490841008048933,3.230559708113484e-05,100.0,clinical_pattern_addback
num__late_lab_orders_last_6h,late_lab_orders_last_6h,poe_late_order_pathway,973,0.00019389895632048091,-6.177194249542089e-06,100.0,clinical_pattern_addback
num__elixhauser_diabetes_uncomplicated,elixhauser_diabetes_uncomplicated,medical_comorbidity,979,0.00018891238605815494,5.623013334364292e-07,100.0,clinical_pattern_addback
num__spo2_vital_min_value,spo2_vital_min_value,lab_vital_hourly,981,0.00018742007747543646,4.163229587551785e-05,0.36796989337236047,clinical_pattern_addback
num__weekend_discharge,weekend_discharge,discharge_aftercare,982,0.00018734863060858623,-1.873846304990113e-05,15.291135270750575,clinical_pattern_addback
num__recent_psych_admission_90d,recent_psych_admission_90d,prior_utilisation,984,0.00018583525396747557,-6.435920247750712e-05,100.0,clinical_pattern_addback
num__new_self_harm_this_admission_flag,new_self_harm_this_admission_flag,psychiatric_history,985,0.00018555179768123262,9.113556714943161e-05,100.0,clinical_pattern_addback
num__medical_complexity_without_prior_psych_flag,medical_complexity_without_prior_psych_flag,prior_utilisation,988,0.0001791097310102037,-2.1040391561683063e-05,100.0,clinical_pattern_addback
num__previous_psych_admissions_7d,previous_psych_admissions_7d,prior_utilisation,989,0.00017659326794107754,-8.366015514250841e-06,100.0,clinical_pattern_addback
num__systolic_bp_arterial_vital_max_value,systolic_bp_arterial_vital_max_value,lab_vital_hourly,990,0.00017558162565752022,5.9124886002786774e-05,0.0015680535228935813,clinical_pattern_addback
num__vital_72h_hours_with_3plus_instability_indicators,vital_72h_hours_with_3plus_instability_indicators,lab_vital_hourly,991,0.00017403261259118767,3.140127841171418e-05,26.900480869747025,clinical_pattern_addback
cat__nonpsych_diagnosis_burden_category_11+,nonpsych_diagnosis_burden_category_11+,psychiatric_history,993,0.00017222412356056007,4.236115267978049e-05,100.0,clinical_pattern_addback
num__previous_nonpsych_admissions_60d,previous_nonpsych_admissions_60d,prior_utilisation,994,0.00017101812132016962,4.3725624957882915e-05,100.0,clinical_pattern_addback
cat__time_since_previous_psych_category_91-180 days,time_since_previous_psych_category_91-180 days,prior_utilisation,997,0.00016887506045187834,1.1292857155232959e-05,100.0,clinical_pattern_addback
num__safety_order_and_self_harm_flag,safety_order_and_self_harm_flag,psychiatric_history,998,0.00016599526861682534,8.517552487319335e-05,0.05592724231653774,clinical_pattern_addback
num__spo2_vital_value_range,spo2_vital_value_range,lab_vital_hourly,1000,0.00016410554456864203,1.919393482629806e-05,0.0005226845076311937,clinical_pattern_addback
num__safety_orders_without_self_harm_flag,safety_orders_without_self_harm_flag,psychiatric_history,1004,0.00016107690212606885,-4.548700393931357e-05,0.5644992682416894,clinical_pattern_addback
cat__discharge_location_SKILLED NURSING FACILITY,discharge_location_SKILLED NURSING FACILITY,discharge_aftercare,1005,0.00015999888428310291,1.0035571326765607e-05,100.0,clinical_pattern_addback
num__icu_complexity_without_psych_history_flag,icu_complexity_without_psych_history_flag,psychiatric_history,1006,0.00015964701284923048,5.803920423417985e-05,100.0,clinical_pattern_addback
num__recent_psych_admission_90d_x_severe_mental_illness,recent_psych_admission_90d_x_severe_mental_illness,prior_utilisation,1007,0.00015951803723561955,3.684640062091617e-05,100.0,clinical_pattern_addback
num__smi_without_psychotropic_continuity_flag,smi_without_psychotropic_continuity_flag,psychiatric_history,1010,0.00015739003916705202,6.030778554731477e-05,0.02979301693497805,clinical_pattern_addback
num__prior_near_30d_readmission_flag,prior_near_30d_readmission_flag,prior_utilisation,1014,0.00015293802096427608,2.222595795688848e-05,100.0,clinical_pattern_addback
num__late_followup_or_aftercare_orders_last_12h,late_followup_or_aftercare_orders_last_12h,discharge_aftercare,1015,0.00015063314868951942,2.0113905859641454e-06,100.0,clinical_pattern_addback
num__weight_change_recent_missing,weight_change_recent_missing,prior_utilisation,1016,0.00015042682638160632,9.311661795882536e-06,13.316955885427555,clinical_pattern_addback
num__mean_bp_arterial_vital_min_value,mean_bp_arterial_vital_min_value,lab_vital_hourly,1017,0.00014866070869659832,-3.1789036600662696e-05,100.0,clinical_pattern_addback
num__holiday_period_discharge_flag,holiday_period_discharge_flag,discharge_aftercare,1019,0.00014715590794663112,-3.886347546267156e-07,100.0,clinical_pattern_addback
num__late_orders_but_discharge_planning_present_flag,late_orders_but_discharge_planning_present_flag,discharge_aftercare,1021,0.00014537225790910098,1.323101357069762e-05,100.0,clinical_pattern_addback
num__icu_or_procedure_without_psych_marker_flag,icu_or_procedure_without_psych_marker_flag,psychiatric_history,1022,0.00014408201125417242,4.9692285650459244e-05,100.0,clinical_pattern_addback
num__num_psych_related_poe_orders,num_psych_related_poe_orders,psychiatric_history,1023,0.00014181514517780684,2.4806089971151768e-05,100.0,clinical_pattern_addback
num__high_utiliser_previous_year,high_utiliser_previous_year,prior_utilisation,1025,0.0001408833343425643,2.5964704028233055e-06,100.0,clinical_pattern_addback
num__safety_orders_last_12h_before_discharge,safety_orders_last_12h_before_discharge,discharge_aftercare,1027,0.0001393819982433378,7.941503796213201e-05,0.9831695588542756,clinical_pattern_addback
num__late_consult_orders_last_12h,late_consult_orders_last_12h,poe_late_order_pathway,1030,0.00013854629579864044,1.2826546253211998e-05,100.0,clinical_pattern_addback
num__num_followup_related_orders,num_followup_related_orders,discharge_aftercare,1031,0.00013814281954869156,-7.209673039333072e-06,100.0,clinical_pattern_addback
num__previous_total_admissions_7d,previous_total_admissions_7d,prior_utilisation,1033,0.00013662150889928617,-1.3080565869922258e-05,100.0,clinical_pattern_addback
num__had_prn_antipsychotic,had_prn_antipsychotic,psychiatric_history,1034,0.0001365516347452856,-1.0474245364608222e-05,100.0,clinical_pattern_addback
num__psychotropic_change_without_aftercare_plan_flag,psychotropic_change_without_aftercare_plan_flag,psychiatric_history,1035,0.00013573097417958276,1.1800639939757655e-06,100.0,clinical_pattern_addback
num__previous_nonpsych_admissions_30d,previous_nonpsych_admissions_30d,prior_utilisation,1036,0.0001326699022716005,1.891117764730394e-05,100.0,clinical_pattern_addback
num__elixhauser_pulmonary_circulation,elixhauser_pulmonary_circulation,medical_comorbidity,1038,0.00013160055416882866,-2.2060907918589034e-05,100.0,clinical_pattern_addback
num__severe_mental_illness_x_antipsychotic,severe_mental_illness_x_antipsychotic,psychiatric_history,1039,0.00013124070021039203,1.1567476345747265e-05,25.12178549027807,clinical_pattern_addback
num__systolic_bp_arterial_vital_value_change,systolic_bp_arterial_vital_value_change,lab_vital_hourly,1040,0.000131231948570917,6.956669108419762e-05,1.9355007317583106,clinical_pattern_addback
num__depression_on_current_and_previous_admission_flag,depression_on_current_and_previous_admission_flag,prior_utilisation,1043,0.00012967240289442827,-1.1351270416144789e-05,100.0,clinical_pattern_addback
num__mixed_psych_medical_readmission_pattern_flag,mixed_psych_medical_readmission_pattern_flag,psychiatric_history,1047,0.00012810481504351416,5.566303786455988e-06,100.0,clinical_pattern_addback
num__height_change_recent_missing,height_change_recent_missing,prior_utilisation,1053,0.00012194370832891754,-9.153709350299472e-06,100.0,clinical_pattern_addback
num__prn_psychotropic_and_self_harm_flag,prn_psychotropic_and_self_harm_flag,psychiatric_history,1056,0.00011919792514466032,-2.3034063263267895e-05,100.0,clinical_pattern_addback
num__late_orders_but_facility_discharge_flag,late_orders_but_facility_discharge_flag,discharge_aftercare,1059,0.0001172684590800161,-4.576043851012592e-05,100.0,clinical_pattern_addback
cat__time_since_previous_psych_category_31-90 days,time_since_previous_psych_category_31-90 days,prior_utilisation,1061,0.00011570116314929129,-1.7506820652611525e-05,100.0,clinical_pattern_addback
num__spo2_72h_max,spo2_72h_max,lab_vital_hourly,1062,0.00011524549930762712,1.777724321790676e-05,0.9115617813088019,clinical_pattern_addback
num__late_orders_and_self_harm_flag,late_orders_and_self_harm_flag,psychiatric_history,1064,0.00011209622623678316,-1.138779828330959e-05,100.0,clinical_pattern_addback
num__self_harm_and_substance_use_flag,self_harm_and_substance_use_flag,psychiatric_history,1066,0.00011006296270524864,2.53038677330625e-06,17.29040351243989,clinical_pattern_addback
num__elixhauser_metastatic_cancer,elixhauser_metastatic_cancer,medical_comorbidity,1067,0.00010998178888482833,-3.0375545409356675e-06,100.0,clinical_pattern_addback
num__abnormal_labs_last_12h_before_discharge,abnormal_labs_last_12h_before_discharge,discharge_aftercare,1068,0.0001094515117781882,-2.134632943904815e-05,100.0,clinical_pattern_addback
num__vital_instability_near_discharge_score,vital_instability_near_discharge_score,discharge_aftercare,1069,0.00010903681420368705,3.030769847027638e-05,4.980660673217646,clinical_pattern_addback
num__vital_72h_max_instability_score,vital_72h_max_instability_score,lab_vital_hourly,1072,0.00010528922800851733,1.9647702495847003e-05,1.6171858666109138,clinical_pattern_addback
num__safety_orders_last_6h_before_discharge,safety_orders_last_6h_before_discharge,discharge_aftercare,1074,0.00010436157967157575,2.608682669838862e-05,1.6171858666109138,clinical_pattern_addback
num__elixhauser_coagulopathy,elixhauser_coagulopathy,medical_comorbidity,1075,0.00010367825272961014,2.1455274566693654e-06,100.0,clinical_pattern_addback
cat__nonpsych_diagnosis_burden_category_1-5,nonpsych_diagnosis_burden_category_1-5,psychiatric_history,1076,0.00010167941185645713,2.7019708142871595e-05,100.0,clinical_pattern_addback
num__psychosis_and_substance_use_flag,psychosis_and_substance_use_flag,psychiatric_history,1079,9.777186812431634e-05,2.4684771750861828e-05,100.0,clinical_pattern_addback
num__late_safety_to_total_late_order_ratio,late_safety_to_total_late_order_ratio,poe_late_order_pathway,1080,9.760689026174681e-05,1.4743609706873601e-05,100.0,clinical_pattern_addback
num__late_imaging_orders_last_12h,late_imaging_orders_last_12h,poe_late_order_pathway,1081,9.584078182570692e-05,2.4799460995898265e-06,100.0,clinical_pattern_addback
num__late_lab_activity_without_facility_discharge_flag,late_lab_activity_without_facility_discharge_flag,discharge_aftercare,1084,9.416460730952842e-05,8.417035641147083e-07,100.0,clinical_pattern_addback
num__late_orders_but_followup_present_flag,late_orders_but_followup_present_flag,discharge_aftercare,1088,9.131081607749436e-05,-2.948089023701278e-05,100.0,clinical_pattern_addback
num__antipsychotic_plus_mood_stabiliser,antipsychotic_plus_mood_stabiliser,psychiatric_history,1090,8.979234214825206e-05,-7.311423232225132e-06,100.0,clinical_pattern_addback
num__bmi_change_recent_missing,bmi_change_recent_missing,prior_utilisation,1091,8.855973365307974e-05,-2.1384034287847254e-05,100.0,clinical_pattern_addback
num__home_discharge_without_discharge_planning_order_flag,home_discharge_without_discharge_planning_order_flag,discharge_aftercare,1092,8.809690916677937e-05,3.965214636991732e-05,100.0,clinical_pattern_addback
num__had_therapy_or_counselling_followup_order,had_therapy_or_counselling_followup_order,discharge_aftercare,1093,8.77859661938452e-05,1.5603940992136665e-05,100.0,clinical_pattern_addback
num__had_followup_or_outpatient_referral_order,had_followup_or_outpatient_referral_order,discharge_aftercare,1095,8.670449575495678e-05,-7.680160671221398e-06,100.0,clinical_pattern_addback
num__antipsychotic_polypharmacy_2plus,antipsychotic_polypharmacy_2plus,psychiatric_history,1096,8.548018377041444e-05,-3.1775853130966425e-05,100.0,clinical_pattern_addback
num__has_previous_icu_admission,has_previous_icu_admission,prior_utilisation,1101,8.171487823288519e-05,2.2357783029262954e-06,100.0,clinical_pattern_addback
num__had_psych_consult_order,had_psych_consult_order,psychiatric_history,1102,8.150608130456135e-05,4.213220560925435e-06,100.0,clinical_pattern_addback
num__internal_transfer_from_psych_flag,internal_transfer_from_psych_flag,psychiatric_history,1103,8.025592822841379e-05,8.675007577065839e-06,100.0,clinical_pattern_addback
num__previous_icu_admissions_7d,previous_icu_admissions_7d,prior_utilisation,1105,7.637646451517062e-05,3.196062295546804e-06,100.0,clinical_pattern_addback
cat__discharge_location_CHRONIC/LONG TERM ACUTE CARE,discharge_location_CHRONIC/LONG TERM ACUTE CARE,discharge_aftercare,1106,7.530610309913754e-05,1.907388104882557e-05,100.0,clinical_pattern_addback
num__mean_bp_arterial_vital_mean_value,mean_bp_arterial_vital_mean_value,lab_vital_hourly,1108,7.341974262584382e-05,8.074374254019923e-06,100.0,clinical_pattern_addback
num__hypotension_last_24h_before_discharge_flag,hypotension_last_24h_before_discharge_flag,discharge_aftercare,1110,7.19931922503747e-05,-4.086891294718953e-06,100.0,clinical_pattern_addback
num__late_consult_orders_last_6h,late_consult_orders_last_6h,poe_late_order_pathway,1111,7.136403705662433e-05,-6.3630828356928e-06,100.0,clinical_pattern_addback
num__quiet_home_discharge_psych_risk_flag,quiet_home_discharge_psych_risk_flag,psychiatric_history,1112,7.055846636042971e-05,4.958235871808105e-05,100.0,clinical_pattern_addback
num__low_order_activity_with_recent_psych_admission_flag,low_order_activity_with_recent_psych_admission_flag,prior_utilisation,1115,6.786279399516109e-05,7.76118336516022e-06,100.0,clinical_pattern_addback
num__spo2_vital_max_value,spo2_vital_max_value,lab_vital_hourly,1116,6.780306773029373e-05,-4.6728052099846454e-06,0.10610495504913234,clinical_pattern_addback
num__new_psychosis_this_admission_flag,new_psychosis_this_admission_flag,psychiatric_history,1118,6.736907380400226e-05,1.4834511603112333e-05,100.0,clinical_pattern_addback
num__ed_admission_with_psychosis_flag,ed_admission_with_psychosis_flag,psychiatric_history,1119,6.69225692480415e-05,-1.1477671160138397e-05,100.0,clinical_pattern_addback
num__previous_3plus_psych_admissions,previous_3plus_psych_admissions,prior_utilisation,1120,6.622924542840497e-05,1.1162750075734945e-05,100.0,clinical_pattern_addback
num__has_previous_psych_admission,has_previous_psych_admission,prior_utilisation,1121,6.492067041108385e-05,-9.453354323341046e-06,100.0,clinical_pattern_addback
num__recent_icu_admission_90d_flag,recent_icu_admission_90d_flag,prior_utilisation,1123,6.454146372571953e-05,-2.404257634687371e-07,100.0,clinical_pattern_addback
num__previous_long_los_flag,previous_long_los_flag,prior_utilisation,1126,6.321556965239662e-05,-3.269807125702811e-06,100.0,clinical_pattern_addback
num__systolic_bp_arterial_vital_min_value,systolic_bp_arterial_vital_min_value,lab_vital_hourly,1127,6.13800141257042e-05,-3.245790034285308e-06,0.018293957767091786,clinical_pattern_addback
num__previous_icu_admissions_60d,previous_icu_admissions_60d,prior_utilisation,1128,6.110483829851489e-05,-2.4513863664383406e-06,100.0,clinical_pattern_addback
num__smi_home_discharge_no_followup_flag,smi_home_discharge_no_followup_flag,psychiatric_history,1130,6.045118994843325e-05,2.075874164279025e-05,0.007317583106836714,clinical_pattern_addback
num__late_order_type_diversity_x_low_aftercare_flag,late_order_type_diversity_x_low_aftercare_flag,discharge_aftercare,1134,5.7666588543331596e-05,1.098941362880153e-05,100.0,clinical_pattern_addback
num__discharged_to_residential_care_flag,discharged_to_residential_care_flag,discharge_aftercare,1136,5.542826693272218e-05,9.618383955967147e-06,100.0,clinical_pattern_addback
num__psychosis_and_previous_psych_365d,psychosis_and_previous_psych_365d,prior_utilisation,1141,5.207611693916596e-05,5.936266607773222e-06,100.0,clinical_pattern_addback
num__no_psychotropic_discharge_med_in_psychosis_flag,no_psychotropic_discharge_med_in_psychosis_flag,psychiatric_history,1143,5.1923125283792615e-05,-6.2116537264955696e-06,100.0,clinical_pattern_addback
num__mood_stabiliser_antipsychotic_combination,mood_stabiliser_antipsychotic_combination,psychiatric_history,1146,5.070397968456483e-05,-3.793354515255475e-07,100.0,clinical_pattern_addback
num__previous_ed_visits_7d,previous_ed_visits_7d,prior_utilisation,1147,5.0473809985903215e-05,-3.142773944341311e-07,100.0,clinical_pattern_addback
num__psych_and_medical_comorbidity_flag,psych_and_medical_comorbidity_flag,psychiatric_history,1148,5.0103313697036356e-05,1.1212623576284386e-05,100.0,clinical_pattern_addback
num__num_vital_types_measured,num_vital_types_measured,lab_vital_hourly,1149,4.969310975866392e-05,-2.3419874196406454e-05,100.0,clinical_pattern_addback
num__high_care_team_touchpoints_near_discharge_flag,high_care_team_touchpoints_near_discharge_flag,discharge_aftercare,1150,4.8436120706074817e-05,-9.172739209232857e-06,100.0,clinical_pattern_addback
num__late_psychotropic_change_flag,late_psychotropic_change_flag,psychiatric_history,1154,4.6369547971994416e-05,1.3669229632452721e-06,100.0,clinical_pattern_addback
num__late_psych_safety_without_followup_flag,late_psych_safety_without_followup_flag,psychiatric_history,1155,4.600223110173829e-05,-4.07586298933893e-07,100.0,clinical_pattern_addback
num__previous_3plus_total_admissions_365d,previous_3plus_total_admissions_365d,prior_utilisation,1157,4.451571184047852e-05,1.878817542144754e-05,100.0,clinical_pattern_addback
num__systolic_bp_arterial_vital_relative_range,systolic_bp_arterial_vital_relative_range,lab_vital_hourly,1158,4.356902116578841e-05,-1.2117725750339079e-05,2.208342044741794,clinical_pattern_addback
num__self_harm_and_previous_psych_90d,self_harm_and_previous_psych_90d,prior_utilisation,1159,4.302025748273442e-05,3.0755476949340165e-06,0.009931005644992682,clinical_pattern_addback
num__late_imaging_orders_last_6h,late_imaging_orders_last_6h,poe_late_order_pathway,1162,4.131184323341586e-05,-6.844504696346121e-06,100.0,clinical_pattern_addback
num__psychosis_with_late_safety_order_flag,psychosis_with_late_safety_order_flag,psychiatric_history,1163,4.08620978368462e-05,3.5524728975746135e-05,100.0,clinical_pattern_addback
num__older_medical_complexity_home_discharge_flag,older_medical_complexity_home_discharge_flag,discharge_aftercare,1164,4.011330518820551e-05,-2.1593611275617427e-06,100.0,clinical_pattern_addback
num__home_discharge_and_late_orders_flag,home_discharge_and_late_orders_flag,discharge_aftercare,1167,3.809541158261709e-05,1.241921927430667e-05,100.0,clinical_pattern_addback
num__has_any_psych_medication,has_any_psych_medication,psychiatric_history,1171,3.665678377728909e-05,-6.354428023769287e-06,100.0,clinical_pattern_addback
cat__admission_location_grouped_Internal transfer involving psych,admission_location_grouped_Internal transfer involving psych,psychiatric_history,1172,3.6544480189439834e-05,6.6021046333997776e-06,100.0,clinical_pattern_addback
num__elixhauser_diabetes_complicated,elixhauser_diabetes_complicated,medical_comorbidity,1174,3.509756788844243e-05,6.72965398962333e-08,100.0,clinical_pattern_addback
num__previous_admission_within_27_33d_flag,previous_admission_within_27_33d_flag,prior_utilisation,1177,3.2253993679186464e-05,1.021448867991887e-05,100.0,clinical_pattern_addback
num__previous_icu_admissions_30d,previous_icu_admissions_30d,prior_utilisation,1178,3.1178454718171766e-05,3.1683132835895106e-06,100.0,clinical_pattern_addback
num__safety_orders_without_prior_readmission_history_flag,safety_orders_without_prior_readmission_history_flag,prior_utilisation,1179,3.0501570676424124e-05,-6.355661216576573e-06,8.592933305456826,clinical_pattern_addback
num__previous_icu_admissions_14d,previous_icu_admissions_14d,prior_utilisation,1184,2.828167453117203e-05,1.3666271115653217e-05,100.0,clinical_pattern_addback
num__elixhauser_renal_failure,elixhauser_renal_failure,medical_comorbidity,1185,2.8196438506711274e-05,4.4717476157529745e-06,100.0,clinical_pattern_addback
num__low_order_activity_with_prior_psych_365d_flag,low_order_activity_with_prior_psych_365d_flag,prior_utilisation,1194,2.3685235646553338e-05,-6.703302233290742e-07,100.0,clinical_pattern_addback
num__psychosis_on_current_and_previous_admission_flag,psychosis_on_current_and_previous_admission_flag,prior_utilisation,1195,2.3534480025170568e-05,6.681933030268285e-06,100.0,clinical_pattern_addback
num__recent_icu_admission_365d_flag,recent_icu_admission_365d_flag,prior_utilisation,1197,2.293961006216705e-05,-1.7304910215898417e-06,100.0,clinical_pattern_addback
num__late_medication_change_without_followup_flag,late_medication_change_without_followup_flag,discharge_aftercare,1198,2.241160473204218e-05,-1.3997805581311695e-06,100.0,clinical_pattern_addback
num__psychosis_home_discharge_no_followup_flag,psychosis_home_discharge_no_followup_flag,psychiatric_history,1201,2.0472250039904864e-05,-1.7883073761496078e-06,100.0,clinical_pattern_addback
num__previous_admission_had_late_orders,previous_admission_had_late_orders,prior_utilisation,1203,1.9436136426520534e-05,4.103299033886287e-06,100.0,clinical_pattern_addback
num__days_since_previous_icu_admission_missing,days_since_previous_icu_admission_missing,prior_utilisation,1206,1.7364047904790918e-05,3.546045865850201e-06,100.0,clinical_pattern_addback
num__previous_icu_admissions_180d,previous_icu_admissions_180d,prior_utilisation,1208,1.5571511539747007e-05,6.272547580010723e-06,100.0,clinical_pattern_addback
num__medical_complexity_without_psych_history_flag,medical_complexity_without_psych_history_flag,psychiatric_history,1213,1.2834682820539456e-05,4.794836172550276e-07,100.0,clinical_pattern_addback
num__recent_icu_admission_60d_flag,recent_icu_admission_60d_flag,prior_utilisation,1214,1.2664072528423276e-05,-3.5787609249382513e-06,100.0,clinical_pattern_addback
cat__psych_diagnosis_burden_category_5+ diagnoses,psych_diagnosis_burden_category_5+ diagnoses,psychiatric_history,1217,1.1786059985752217e-05,-2.641417893300968e-07,100.0,clinical_pattern_addback
num__antipsychotic_polypharmacy_3plus,antipsychotic_polypharmacy_3plus,psychiatric_history,1218,1.1337882824591361e-05,-7.0623354986310005e-06,100.0,clinical_pattern_addback
num__smi_and_high_charlson_flag,smi_and_high_charlson_flag,psychiatric_history,1220,1.0793956255240761e-05,-2.222437442224419e-06,0.0846748902362534,clinical_pattern_addback
num__late_order_activity_x_high_poe_orders,late_order_activity_x_high_poe_orders,poe_late_order_pathway,1225,8.235407221945934e-06,1.8794117977449787e-06,100.0,clinical_pattern_addback
num__previous_2plus_total_admissions_365d,previous_2plus_total_admissions_365d,prior_utilisation,1227,6.5520180214662105e-06,1.6340247839252697e-06,100.0,clinical_pattern_addback
num__recent_icu_admission_30d_flag,recent_icu_admission_30d_flag,prior_utilisation,1228,5.032639112219025e-06,3.016147256941655e-06,100.0,clinical_pattern_addback
num__no_late_orders_but_recent_psych_admission_flag,no_late_orders_but_recent_psych_admission_flag,prior_utilisation,1229,4.335608889688767e-06,7.269793829638512e-07,100.0,clinical_pattern_addback
num__had_long_acting_injectable_antipsychotic,had_long_acting_injectable_antipsychotic,psychiatric_history,1230,4.230324950563345e-06,-3.883719959542514e-06,100.0,clinical_pattern_addback
